Research Class,DTC Code,DTC Definition,Mapping Strength,Interpretation for This Class,Common Symptoms,Likely Diagnosis / Hypothesis,Toyota Examples,Nissan Examples,Volvo Examples,0
IGNITION_SYSTEM,P0300,Random/Multiple Cylinder Misfire Detected,Direct/Strong,"Strong evidence for the named subsystem/fault family; confirm the failed component using live data, electrical/mechanical tests and OEM procedure.",Check-engine light; rough idle; hesitation; engine shake; loss of power; hard start/no-start; flashing MIL if severe misfire.,"Ignition/misfire system fault; confirm whether spark plug, coil, injector, wiring, compression, timing or air/fuel issue is responsible.","Corolla, Axio, Vitz/Yaris, Allion/Premio","March/Micra, Note, Sunny/Almera, X-Trail","S40/V40, S60, V60, XC60","Misfire DTC identifies the affected cylinder/system, not automatically the failed ignition component."
IGNITION_SYSTEM,P0301,Cylinder 1 Misfire Detected,Direct/Strong,"Strong evidence for the named subsystem/fault family; confirm the failed component using live data, electrical/mechanical tests and OEM procedure.",Check-engine light; rough idle; hesitation; engine shake; loss of power; hard start/no-start; flashing MIL if severe misfire.,"Ignition/misfire system fault; confirm whether spark plug, coil, injector, wiring, compression, timing or air/fuel issue is responsible.","Corolla, Axio, Vitz/Yaris, Allion/Premio","March/Micra, Note, Sunny/Almera, X-Trail","S40/V40, S60, V60, XC60","Misfire DTC identifies the affected cylinder/system, not automatically the failed ignition component."
IGNITION_SYSTEM,P0302,Cylinder 2 Misfire Detected,Direct/Strong,"Strong evidence for the named subsystem/fault family; confirm the failed component using live data, electrical/mechanical tests and OEM procedure.",Check-engine light; rough idle; hesitation; engine shake; loss of power; hard start/no-start; flashing MIL if severe misfire.,"Ignition/misfire system fault; confirm whether spark plug, coil, injector, wiring, compression, timing or air/fuel issue is responsible.","Corolla, Axio, Vitz/Yaris, Allion/Premio","March/Micra, Note, Sunny/Almera, X-Trail","S40/V40, S60, V60, XC60","Misfire DTC identifies the affected cylinder/system, not automatically the failed ignition component."
IGNITION_SYSTEM,P0303,Cylinder 3 Misfire Detected,Direct/Strong,"Strong evidence for the named subsystem/fault family; confirm the failed component using live data, electrical/mechanical tests and OEM procedure.",Check-engine light; rough idle; hesitation; engine shake; loss of power; hard start/no-start; flashing MIL if severe misfire.,"Ignition/misfire system fault; confirm whether spark plug, coil, injector, wiring, compression, timing or air/fuel issue is responsible.","Corolla, Axio, Vitz/Yaris, Allion/Premio","March/Micra, Note, Sunny/Almera, X-Trail","S40/V40, S60, V60, XC60","Misfire DTC identifies the affected cylinder/system, not automatically the failed ignition component."
IGNITION_SYSTEM,P0304,Cylinder 4 Misfire Detected,Direct/Strong,"Strong evidence for the named subsystem/fault family; confirm the failed component using live data, electrical/mechanical tests and OEM procedure.",Check-engine light; rough idle; hesitation; engine shake; loss of power; hard start/no-start; flashing MIL if severe misfire.,"Ignition/misfire system fault; confirm whether spark plug, coil, injector, wiring, compression, timing or air/fuel issue is responsible.","Corolla, Axio, Vitz/Yaris, Allion/Premio","March/Micra, Note, Sunny/Almera, X-Trail","S40/V40, S60, V60, XC60","Misfire DTC identifies the affected cylinder/system, not automatically the failed ignition component."
IGNITION_SYSTEM,P0305,Cylinder 5 Misfire Detected,Direct/Strong,"Strong evidence for the named subsystem/fault family; confirm the failed component using live data, electrical/mechanical tests and OEM procedure.",Check-engine light; rough idle; hesitation; engine shake; loss of power; hard start/no-start; flashing MIL if severe misfire.,"Ignition/misfire system fault; confirm whether spark plug, coil, injector, wiring, compression, timing or air/fuel issue is responsible.","Corolla, Axio, Vitz/Yaris, Allion/Premio","March/Micra, Note, Sunny/Almera, X-Trail","S40/V40, S60, V60, XC60","Misfire DTC identifies the affected cylinder/system, not automatically the failed ignition component."
IGNITION_SYSTEM,P0306,Cylinder 6 Misfire Detected,Direct/Strong,"Strong evidence for the named subsystem/fault family; confirm the failed component using live data, electrical/mechanical tests and OEM procedure.",Check-engine light; rough idle; hesitation; engine shake; loss of power; hard start/no-start; flashing MIL if severe misfire.,"Ignition/misfire system fault; confirm whether spark plug, coil, injector, wiring, compression, timing or air/fuel issue is responsible.","Corolla, Axio, Vitz/Yaris, Allion/Premio","March/Micra, Note, Sunny/Almera, X-Trail","S40/V40, S60, V60, XC60","Misfire DTC identifies the affected cylinder/system, not automatically the failed ignition component."
IGNITION_SYSTEM,P0307,Cylinder 7 Misfire Detected,Direct/Strong,"Strong evidence for the named subsystem/fault family; confirm the failed component using live data, electrical/mechanical tests and OEM procedure.",Check-engine light; rough idle; hesitation; engine shake; loss of power; hard start/no-start; flashing MIL if severe misfire.,"Ignition/misfire system fault; confirm whether spark plug, coil, injector, wiring, compression, timing or air/fuel issue is responsible.","Corolla, Axio, Vitz/Yaris, Allion/Premio","March/Micra, Note, Sunny/Almera, X-Trail","S40/V40, S60, V60, XC60","Misfire DTC identifies the affected cylinder/system, not automatically the failed ignition component."
IGNITION_SYSTEM,P0308,Cylinder 8 Misfire Detected,Direct/Strong,"Strong evidence for the named subsystem/fault family; confirm the failed component using live data, electrical/mechanical tests and OEM procedure.",Check-engine light; rough idle; hesitation; engine shake; loss of power; hard start/no-start; flashing MIL if severe misfire.,"Ignition/misfire system fault; confirm whether spark plug, coil, injector, wiring, compression, timing or air/fuel issue is responsible.","Corolla, Axio, Vitz/Yaris, Allion/Premio","March/Micra, Note, Sunny/Almera, X-Trail","S40/V40, S60, V60, XC60","Misfire DTC identifies the affected cylinder/system, not automatically the failed ignition component."
IGNITION_SYSTEM,P0309,Cylinder 9 Misfire Detected,Direct/Strong,"Strong evidence for the named subsystem/fault family; confirm the failed component using live data, electrical/mechanical tests and OEM procedure.",Check-engine light; rough idle; hesitation; engine shake; loss of power; hard start/no-start; flashing MIL if severe misfire.,"Ignition/misfire system fault; confirm whether spark plug, coil, injector, wiring, compression, timing or air/fuel issue is responsible.","Corolla, Axio, Vitz/Yaris, Allion/Premio","March/Micra, Note, Sunny/Almera, X-Trail","S40/V40, S60, V60, XC60","Misfire DTC identifies the affected cylinder/system, not automatically the failed ignition component."
IGNITION_SYSTEM,P0310,Cylinder 10 Misfire Detected,Direct/Strong,"Strong evidence for the named subsystem/fault family; confirm the failed component using live data, electrical/mechanical tests and OEM procedure.",Check-engine light; rough idle; hesitation; engine shake; loss of power; hard start/no-start; flashing MIL if severe misfire.,"Ignition/misfire system fault; confirm whether spark plug, coil, injector, wiring, compression, timing or air/fuel issue is responsible.","Corolla, Axio, Vitz/Yaris, Allion/Premio","March/Micra, Note, Sunny/Almera, X-Trail","S40/V40, S60, V60, XC60","Misfire DTC identifies the affected cylinder/system, not automatically the failed ignition component."
IGNITION_SYSTEM,P0311,Cylinder 11 Misfire Detected,Direct/Strong,"Strong evidence for the named subsystem/fault family; confirm the failed component using live data, electrical/mechanical tests and OEM procedure.",Check-engine light; rough idle; hesitation; engine shake; loss of power; hard start/no-start; flashing MIL if severe misfire.,"Ignition/misfire system fault; confirm whether spark plug, coil, injector, wiring, compression, timing or air/fuel issue is responsible.","Corolla, Axio, Vitz/Yaris, Allion/Premio","March/Micra, Note, Sunny/Almera, X-Trail","S40/V40, S60, V60, XC60","Misfire DTC identifies the affected cylinder/system, not automatically the failed ignition component."
IGNITION_SYSTEM,P0312,Cylinder 12 Misfire Detected,Direct/Strong,"Strong evidence for the named subsystem/fault family; confirm the failed component using live data, electrical/mechanical tests and OEM procedure.",Check-engine light; rough idle; hesitation; engine shake; loss of power; hard start/no-start; flashing MIL if severe misfire.,"Ignition/misfire system fault; confirm whether spark plug, coil, injector, wiring, compression, timing or air/fuel issue is responsible.","Corolla, Axio, Vitz/Yaris, Allion/Premio","March/Micra, Note, Sunny/Almera, X-Trail","S40/V40, S60, V60, XC60","Misfire DTC identifies the affected cylinder/system, not automatically the failed ignition component."
IGNITION_SYSTEM,P0350,Ignition Coil Primary/Secondary Circuit Malfunction,Direct/Strong,"Strong evidence for the named subsystem/fault family; confirm the failed component using live data, electrical/mechanical tests and OEM procedure.",Check-engine light; rough idle; hesitation; engine shake; loss of power; hard start/no-start; flashing MIL if severe misfire.,"Ignition/misfire system fault; confirm whether spark plug, coil, injector, wiring, compression, timing or air/fuel issue is responsible.","Corolla, Axio, Vitz/Yaris, Allion/Premio","March/Micra, Note, Sunny/Almera, X-Trail","S40/V40, S60, V60, XC60","Misfire DTC identifies the affected cylinder/system, not automatically the failed ignition component."
IGNITION_SYSTEM,P0351,Ignition Coil A Primary/Secondary Circuit Malfunction,Direct/Strong,"Strong evidence for the named subsystem/fault family; confirm the failed component using live data, electrical/mechanical tests and OEM procedure.",Check-engine light; rough idle; hesitation; engine shake; loss of power; hard start/no-start; flashing MIL if severe misfire.,"Ignition/misfire system fault; confirm whether spark plug, coil, injector, wiring, compression, timing or air/fuel issue is responsible.","Corolla, Axio, Vitz/Yaris, Allion/Premio","March/Micra, Note, Sunny/Almera, X-Trail","S40/V40, S60, V60, XC60","Misfire DTC identifies the affected cylinder/system, not automatically the failed ignition component."
IGNITION_SYSTEM,P0352,Ignition Coil B Primary/Secondary Circuit Malfunction,Direct/Strong,"Strong evidence for the named subsystem/fault family; confirm the failed component using live data, electrical/mechanical tests and OEM procedure.",Check-engine light; rough idle; hesitation; engine shake; loss of power; hard start/no-start; flashing MIL if severe misfire.,"Ignition/misfire system fault; confirm whether spark plug, coil, injector, wiring, compression, timing or air/fuel issue is responsible.","Corolla, Axio, Vitz/Yaris, Allion/Premio","March/Micra, Note, Sunny/Almera, X-Trail","S40/V40, S60, V60, XC60","Misfire DTC identifies the affected cylinder/system, not automatically the failed ignition component."
IGNITION_SYSTEM,P0353,Ignition Coil C Primary/Secondary Circuit Malfunction,Direct/Strong,"Strong evidence for the named subsystem/fault family; confirm the failed component using live data, electrical/mechanical tests and OEM procedure.",Check-engine light; rough idle; hesitation; engine shake; loss of power; hard start/no-start; flashing MIL if severe misfire.,"Ignition/misfire system fault; confirm whether spark plug, coil, injector, wiring, compression, timing or air/fuel issue is responsible.","Corolla, Axio, Vitz/Yaris, Allion/Premio","March/Micra, Note, Sunny/Almera, X-Trail","S40/V40, S60, V60, XC60","Misfire DTC identifies the affected cylinder/system, not automatically the failed ignition component."
IGNITION_SYSTEM,P0354,Ignition Coil D Primary/Secondary Circuit Malfunction,Direct/Strong,"Strong evidence for the named subsystem/fault family; confirm the failed component using live data, electrical/mechanical tests and OEM procedure.",Check-engine light; rough idle; hesitation; engine shake; loss of power; hard start/no-start; flashing MIL if severe misfire.,"Ignition/misfire system fault; confirm whether spark plug, coil, injector, wiring, compression, timing or air/fuel issue is responsible.","Corolla, Axio, Vitz/Yaris, Allion/Premio","March/Micra, Note, Sunny/Almera, X-Trail","S40/V40, S60, V60, XC60","Misfire DTC identifies the affected cylinder/system, not automatically the failed ignition component."
IGNITION_SYSTEM,P0355,Ignition Coil E Primary/Secondary Circuit Malfunction,Direct/Strong,"Strong evidence for the named subsystem/fault family; confirm the failed component using live data, electrical/mechanical tests and OEM procedure.",Check-engine light; rough idle; hesitation; engine shake; loss of power; hard start/no-start; flashing MIL if severe misfire.,"Ignition/misfire system fault; confirm whether spark plug, coil, injector, wiring, compression, timing or air/fuel issue is responsible.","Corolla, Axio, Vitz/Yaris, Allion/Premio","March/Micra, Note, Sunny/Almera, X-Trail","S40/V40, S60, V60, XC60","Misfire DTC identifies the affected cylinder/system, not automatically the failed ignition component."
IGNITION_SYSTEM,P0356,Ignition Coil F Primary/Secondary Circuit Malfunction,Direct/Strong,"Strong evidence for the named subsystem/fault family; confirm the failed component using live data, electrical/mechanical tests and OEM procedure.",Check-engine light; rough idle; hesitation; engine shake; loss of power; hard start/no-start; flashing MIL if severe misfire.,"Ignition/misfire system fault; confirm whether spark plug, coil, injector, wiring, compression, timing or air/fuel issue is responsible.","Corolla, Axio, Vitz/Yaris, Allion/Premio","March/Micra, Note, Sunny/Almera, X-Trail","S40/V40, S60, V60, XC60","Misfire DTC identifies the affected cylinder/system, not automatically the failed ignition component."
IGNITION_SYSTEM,P0357,Ignition Coil G Primary/Secondary Circuit Malfunction,Direct/Strong,"Strong evidence for the named subsystem/fault family; confirm the failed component using live data, electrical/mechanical tests and OEM procedure.",Check-engine light; rough idle; hesitation; engine shake; loss of power; hard start/no-start; flashing MIL if severe misfire.,"Ignition/misfire system fault; confirm whether spark plug, coil, injector, wiring, compression, timing or air/fuel issue is responsible.","Corolla, Axio, Vitz/Yaris, Allion/Premio","March/Micra, Note, Sunny/Almera, X-Trail","S40/V40, S60, V60, XC60","Misfire DTC identifies the affected cylinder/system, not automatically the failed ignition component."
IGNITION_SYSTEM,P0358,Ignition Coil H Primary/Secondary Circuit Malfunction,Direct/Strong,"Strong evidence for the named subsystem/fault family; confirm the failed component using live data, electrical/mechanical tests and OEM procedure.",Check-engine light; rough idle; hesitation; engine shake; loss of power; hard start/no-start; flashing MIL if severe misfire.,"Ignition/misfire system fault; confirm whether spark plug, coil, injector, wiring, compression, timing or air/fuel issue is responsible.","Corolla, Axio, Vitz/Yaris, Allion/Premio","March/Micra, Note, Sunny/Almera, X-Trail","S40/V40, S60, V60, XC60","Misfire DTC identifies the affected cylinder/system, not automatically the failed ignition component."
IGNITION_SYSTEM,P0359,Ignition Coil I Primary/Secondary Circuit Malfunction,Direct/Strong,"Strong evidence for the named subsystem/fault family; confirm the failed component using live data, electrical/mechanical tests and OEM procedure.",Check-engine light; rough idle; hesitation; engine shake; loss of power; hard start/no-start; flashing MIL if severe misfire.,"Ignition/misfire system fault; confirm whether spark plug, coil, injector, wiring, compression, timing or air/fuel issue is responsible.","Corolla, Axio, Vitz/Yaris, Allion/Premio","March/Micra, Note, Sunny/Almera, X-Trail","S40/V40, S60, V60, XC60","Misfire DTC identifies the affected cylinder/system, not automatically the failed ignition component."
IGNITION_SYSTEM,P0360,Ignition Coil J Primary/Secondary Circuit Malfunction,Direct/Strong,"Strong evidence for the named subsystem/fault family; confirm the failed component using live data, electrical/mechanical tests and OEM procedure.",Check-engine light; rough idle; hesitation; engine shake; loss of power; hard start/no-start; flashing MIL if severe misfire.,"Ignition/misfire system fault; confirm whether spark plug, coil, injector, wiring, compression, timing or air/fuel issue is responsible.","Corolla, Axio, Vitz/Yaris, Allion/Premio","March/Micra, Note, Sunny/Almera, X-Trail","S40/V40, S60, V60, XC60","Misfire DTC identifies the affected cylinder/system, not automatically the failed ignition component."
IGNITION_SYSTEM,P0361,Ignition Coil K Primary/Secondary Circuit Malfunction,Direct/Strong,"Strong evidence for the named subsystem/fault family; confirm the failed component using live data, electrical/mechanical tests and OEM procedure.",Check-engine light; rough idle; hesitation; engine shake; loss of power; hard start/no-start; flashing MIL if severe misfire.,"Ignition/misfire system fault; confirm whether spark plug, coil, injector, wiring, compression, timing or air/fuel issue is responsible.","Corolla, Axio, Vitz/Yaris, Allion/Premio","March/Micra, Note, Sunny/Almera, X-Trail","S40/V40, S60, V60, XC60","Misfire DTC identifies the affected cylinder/system, not automatically the failed ignition component."
IGNITION_SYSTEM,P0362,Ignition Coil L Primary/Secondary Circuit Malfunction,Direct/Strong,"Strong evidence for the named subsystem/fault family; confirm the failed component using live data, electrical/mechanical tests and OEM procedure.",Check-engine light; rough idle; hesitation; engine shake; loss of power; hard start/no-start; flashing MIL if severe misfire.,"Ignition/misfire system fault; confirm whether spark plug, coil, injector, wiring, compression, timing or air/fuel issue is responsible.","Corolla, Axio, Vitz/Yaris, Allion/Premio","March/Micra, Note, Sunny/Almera, X-Trail","S40/V40, S60, V60, XC60","Misfire DTC identifies the affected cylinder/system, not automatically the failed ignition component."
ALTERNATOR_ISSUE,P0560,System Voltage Malfunction,Strong,"Strong evidence for the named subsystem/fault family; confirm the failed component using live data, electrical/mechanical tests and OEM procedure.",Battery/charging warning; dim or fluctuating lights; low or unstable system voltage; electrical resets; stalling or no-start after battery discharges.,"Charging-system fault; alternator/generator, regulator, field-control circuit, belt drive, battery cable or ground may be responsible.","Corolla, Axio, Vitz/Yaris, Hilux (ICE)","March, Note, Sunny, X-Trail, Navara","S40, S60, V60, XC60 (ICE)",P056x can also be caused by battery/cable faults. Toyota hybrids normally use DC/DC conversion rather than a conventional alternator.
ALTERNATOR_ISSUE,P0561,System Voltage Unstable,Strong,"Strong evidence for the named subsystem/fault family; confirm the failed component using live data, electrical/mechanical tests and OEM procedure.",Battery/charging warning; dim or fluctuating lights; low or unstable system voltage; electrical resets; stalling or no-start after battery discharges.,"Charging-system fault; alternator/generator, regulator, field-control circuit, belt drive, battery cable or ground may be responsible.","Corolla, Axio, Vitz/Yaris, Hilux (ICE)","March, Note, Sunny, X-Trail, Navara","S40, S60, V60, XC60 (ICE)",P056x can also be caused by battery/cable faults. Toyota hybrids normally use DC/DC conversion rather than a conventional alternator.
ALTERNATOR_ISSUE,P0562,System Voltage Low,Strong,"Strong evidence for the named subsystem/fault family; confirm the failed component using live data, electrical/mechanical tests and OEM procedure.",Battery/charging warning; dim or fluctuating lights; low or unstable system voltage; electrical resets; stalling or no-start after battery discharges.,"Charging-system fault; alternator/generator, regulator, field-control circuit, belt drive, battery cable or ground may be responsible.","Corolla, Axio, Vitz/Yaris, Hilux (ICE)","March, Note, Sunny, X-Trail, Navara","S40, S60, V60, XC60 (ICE)",P056x can also be caused by battery/cable faults. Toyota hybrids normally use DC/DC conversion rather than a conventional alternator.
ALTERNATOR_ISSUE,P0563,System Voltage High,Strong,"Strong evidence for the named subsystem/fault family; confirm the failed component using live data, electrical/mechanical tests and OEM procedure.",Battery/charging warning; dim or fluctuating lights; low or unstable system voltage; electrical resets; stalling or no-start after battery discharges.,"Charging-system fault; alternator/generator, regulator, field-control circuit, belt drive, battery cable or ground may be responsible.","Corolla, Axio, Vitz/Yaris, Hilux (ICE)","March, Note, Sunny, X-Trail, Navara","S40, S60, V60, XC60 (ICE)",P056x can also be caused by battery/cable faults. Toyota hybrids normally use DC/DC conversion rather than a conventional alternator.
ALTERNATOR_ISSUE,P0620,Generator Control Circuit Malfunction,Strong,"Strong evidence for the named subsystem/fault family; confirm the failed component using live data, electrical/mechanical tests and OEM procedure.",Battery/charging warning; dim or fluctuating lights; low or unstable system voltage; electrical resets; stalling or no-start after battery discharges.,"Charging-system fault; alternator/generator, regulator, field-control circuit, belt drive, battery cable or ground may be responsible.","Corolla, Axio, Vitz/Yaris, Hilux (ICE)","March, Note, Sunny, X-Trail, Navara","S40, S60, V60, XC60 (ICE)",P056x can also be caused by battery/cable faults. Toyota hybrids normally use DC/DC conversion rather than a conventional alternator.
ALTERNATOR_ISSUE,P0621,Generator Lamp L Control Circuit Malfunction,Strong,"Strong evidence for the named subsystem/fault family; confirm the failed component using live data, electrical/mechanical tests and OEM procedure.",Battery/charging warning; dim or fluctuating lights; low or unstable system voltage; electrical resets; stalling or no-start after battery discharges.,"Charging-system fault; alternator/generator, regulator, field-control circuit, belt drive, battery cable or ground may be responsible.","Corolla, Axio, Vitz/Yaris, Hilux (ICE)","March, Note, Sunny, X-Trail, Navara","S40, S60, V60, XC60 (ICE)",P056x can also be caused by battery/cable faults. Toyota hybrids normally use DC/DC conversion rather than a conventional alternator.
ALTERNATOR_ISSUE,P0622,Generator Field F Control Circuit Malfunction,Strong,"Strong evidence for the named subsystem/fault family; confirm the failed component using live data, electrical/mechanical tests and OEM procedure.",Battery/charging warning; dim or fluctuating lights; low or unstable system voltage; electrical resets; stalling or no-start after battery discharges.,"Charging-system fault; alternator/generator, regulator, field-control circuit, belt drive, battery cable or ground may be responsible.","Corolla, Axio, Vitz/Yaris, Hilux (ICE)","March, Note, Sunny, X-Trail, Navara","S40, S60, V60, XC60 (ICE)",P056x can also be caused by battery/cable faults. Toyota hybrids normally use DC/DC conversion rather than a conventional alternator.
ALTERNATOR_ISSUE,P0623,Generator Lamp Control Circuit,Strong,"Strong evidence for the named subsystem/fault family; confirm the failed component using live data, electrical/mechanical tests and OEM procedure.",Battery/charging warning; dim or fluctuating lights; low or unstable system voltage; electrical resets; stalling or no-start after battery discharges.,"Charging-system fault; alternator/generator, regulator, field-control circuit, belt drive, battery cable or ground may be responsible.","Corolla, Axio, Vitz/Yaris, Hilux (ICE)","March, Note, Sunny, X-Trail, Navara","S40, S60, V60, XC60 (ICE)",P056x can also be caused by battery/cable faults. Toyota hybrids normally use DC/DC conversion rather than a conventional alternator.
ALTERNATOR_ISSUE,P0625,Generator Field Terminal Circuit Low,Strong,"Strong evidence for the named subsystem/fault family; confirm the failed component using live data, electrical/mechanical tests and OEM procedure.",Battery/charging warning; dim or fluctuating lights; low or unstable system voltage; electrical resets; stalling or no-start after battery discharges.,"Charging-system fault; alternator/generator, regulator, field-control circuit, belt drive, battery cable or ground may be responsible.","Corolla, Axio, Vitz/Yaris, Hilux (ICE)","March, Note, Sunny, X-Trail, Navara","S40, S60, V60, XC60 (ICE)",P056x can also be caused by battery/cable faults. Toyota hybrids normally use DC/DC conversion rather than a conventional alternator.
ALTERNATOR_ISSUE,P0626,Generator Field Terminal Circuit High,Strong,"Strong evidence for the named subsystem/fault family; confirm the failed component using live data, electrical/mechanical tests and OEM procedure.",Battery/charging warning; dim or fluctuating lights; low or unstable system voltage; electrical resets; stalling or no-start after battery discharges.,"Charging-system fault; alternator/generator, regulator, field-control circuit, belt drive, battery cable or ground may be responsible.","Corolla, Axio, Vitz/Yaris, Hilux (ICE)","March, Note, Sunny, X-Trail, Navara","S40, S60, V60, XC60 (ICE)",P056x can also be caused by battery/cable faults. Toyota hybrids normally use DC/DC conversion rather than a conventional alternator.
TRANSMISSION_ISSUE,P0700,Transmission Control System Malfunction,Direct/Strong,Summary/MIL-request code only. Retrieve TCM codes before assigning a transmission root cause.,Harsh/delayed shifting; slipping; incorrect gear; limp mode; poor acceleration; transmission warning; high RPM without matching road speed.,"Transmission control, range/speed sensor, torque converter, hydraulic-pressure or shift-solenoid fault; internal transmission wear remains possible.","Corolla/Axio, Allion/Premio, RAV4","Note, Sunny/Almera, X-Trail, Qashqai","S60, V60, XC60, XC90",P0700 is only a request/summary code; retrieve the TCM-specific code before assigning the root cause.
TRANSMISSION_ISSUE,P0701,Transmission Control System Range/Performance,Direct/Strong,"Strong evidence for the named subsystem/fault family; confirm the failed component using live data, electrical/mechanical tests and OEM procedure.",Harsh/delayed shifting; slipping; incorrect gear; limp mode; poor acceleration; transmission warning; high RPM without matching road speed.,"Transmission control, range/speed sensor, torque converter, hydraulic-pressure or shift-solenoid fault; internal transmission wear remains possible.","Corolla/Axio, Allion/Premio, RAV4","Note, Sunny/Almera, X-Trail, Qashqai","S60, V60, XC60, XC90",P0700 is only a request/summary code; retrieve the TCM-specific code before assigning the root cause.
TRANSMISSION_ISSUE,P0702,Transmission Control System Electrical,Direct/Strong,"Strong evidence for the named subsystem/fault family; confirm the failed component using live data, electrical/mechanical tests and OEM procedure.",Harsh/delayed shifting; slipping; incorrect gear; limp mode; poor acceleration; transmission warning; high RPM without matching road speed.,"Transmission control, range/speed sensor, torque converter, hydraulic-pressure or shift-solenoid fault; internal transmission wear remains possible.","Corolla/Axio, Allion/Premio, RAV4","Note, Sunny/Almera, X-Trail, Qashqai","S60, V60, XC60, XC90",P0700 is only a request/summary code; retrieve the TCM-specific code before assigning the root cause.
TRANSMISSION_ISSUE,P0705,Transmission Range Sensor Circuit Malfunction (PRNDL Input),Direct/Strong,"Strong evidence for the named subsystem/fault family; confirm the failed component using live data, electrical/mechanical tests and OEM procedure.",Harsh/delayed shifting; slipping; incorrect gear; limp mode; poor acceleration; transmission warning; high RPM without matching road speed.,"Transmission control, range/speed sensor, torque converter, hydraulic-pressure or shift-solenoid fault; internal transmission wear remains possible.","Corolla/Axio, Allion/Premio, RAV4","Note, Sunny/Almera, X-Trail, Qashqai","S60, V60, XC60, XC90",P0700 is only a request/summary code; retrieve the TCM-specific code before assigning the root cause.
TRANSMISSION_ISSUE,P0706,Transmission Range Sensor Circuit Range/Performance,Direct/Strong,"Strong evidence for the named subsystem/fault family; confirm the failed component using live data, electrical/mechanical tests and OEM procedure.",Harsh/delayed shifting; slipping; incorrect gear; limp mode; poor acceleration; transmission warning; high RPM without matching road speed.,"Transmission control, range/speed sensor, torque converter, hydraulic-pressure or shift-solenoid fault; internal transmission wear remains possible.","Corolla/Axio, Allion/Premio, RAV4","Note, Sunny/Almera, X-Trail, Qashqai","S60, V60, XC60, XC90",P0700 is only a request/summary code; retrieve the TCM-specific code before assigning the root cause.
TRANSMISSION_ISSUE,P0707,Transmission Range Sensor Circuit Low Input,Direct/Strong,"Strong evidence for the named subsystem/fault family; confirm the failed component using live data, electrical/mechanical tests and OEM procedure.",Harsh/delayed shifting; slipping; incorrect gear; limp mode; poor acceleration; transmission warning; high RPM without matching road speed.,"Transmission control, range/speed sensor, torque converter, hydraulic-pressure or shift-solenoid fault; internal transmission wear remains possible.","Corolla/Axio, Allion/Premio, RAV4","Note, Sunny/Almera, X-Trail, Qashqai","S60, V60, XC60, XC90",P0700 is only a request/summary code; retrieve the TCM-specific code before assigning the root cause.
TRANSMISSION_ISSUE,P0708,Transmission Range Sensor Circuit High Input,Direct/Strong,"Strong evidence for the named subsystem/fault family; confirm the failed component using live data, electrical/mechanical tests and OEM procedure.",Harsh/delayed shifting; slipping; incorrect gear; limp mode; poor acceleration; transmission warning; high RPM without matching road speed.,"Transmission control, range/speed sensor, torque converter, hydraulic-pressure or shift-solenoid fault; internal transmission wear remains possible.","Corolla/Axio, Allion/Premio, RAV4","Note, Sunny/Almera, X-Trail, Qashqai","S60, V60, XC60, XC90",P0700 is only a request/summary code; retrieve the TCM-specific code before assigning the root cause.
TRANSMISSION_ISSUE,P0709,Transmission Range Sensor Circuit Intermittent,Direct/Strong,"Strong evidence for the named subsystem/fault family; confirm the failed component using live data, electrical/mechanical tests and OEM procedure.",Harsh/delayed shifting; slipping; incorrect gear; limp mode; poor acceleration; transmission warning; high RPM without matching road speed.,"Transmission control, range/speed sensor, torque converter, hydraulic-pressure or shift-solenoid fault; internal transmission wear remains possible.","Corolla/Axio, Allion/Premio, RAV4","Note, Sunny/Almera, X-Trail, Qashqai","S60, V60, XC60, XC90",P0700 is only a request/summary code; retrieve the TCM-specific code before assigning the root cause.
TRANSMISSION_ISSUE,P0710,Transmission Fluid Temperature Sensor Circuit Malfunction,Direct/Strong,"Strong evidence for the named subsystem/fault family; confirm the failed component using live data, electrical/mechanical tests and OEM procedure.",Harsh/delayed shifting; slipping; incorrect gear; limp mode; poor acceleration; transmission warning; high RPM without matching road speed.,"Transmission control, range/speed sensor, torque converter, hydraulic-pressure or shift-solenoid fault; internal transmission wear remains possible.","Corolla/Axio, Allion/Premio, RAV4","Note, Sunny/Almera, X-Trail, Qashqai","S60, V60, XC60, XC90",P0700 is only a request/summary code; retrieve the TCM-specific code before assigning the root cause.
TRANSMISSION_ISSUE,P0711,Transmission Fluid Temperature Sensor Circuit Range/Performance,Direct/Strong,"Strong evidence for the named subsystem/fault family; confirm the failed component using live data, electrical/mechanical tests and OEM procedure.",Harsh/delayed shifting; slipping; incorrect gear; limp mode; poor acceleration; transmission warning; high RPM without matching road speed.,"Transmission control, range/speed sensor, torque converter, hydraulic-pressure or shift-solenoid fault; internal transmission wear remains possible.","Corolla/Axio, Allion/Premio, RAV4","Note, Sunny/Almera, X-Trail, Qashqai","S60, V60, XC60, XC90",P0700 is only a request/summary code; retrieve the TCM-specific code before assigning the root cause.
TRANSMISSION_ISSUE,P0712,Transmission Fluid Temperature Sensor Circuit Low Input,Direct/Strong,"Strong evidence for the named subsystem/fault family; confirm the failed component using live data, electrical/mechanical tests and OEM procedure.",Harsh/delayed shifting; slipping; incorrect gear; limp mode; poor acceleration; transmission warning; high RPM without matching road speed.,"Transmission control, range/speed sensor, torque converter, hydraulic-pressure or shift-solenoid fault; internal transmission wear remains possible.","Corolla/Axio, Allion/Premio, RAV4","Note, Sunny/Almera, X-Trail, Qashqai","S60, V60, XC60, XC90",P0700 is only a request/summary code; retrieve the TCM-specific code before assigning the root cause.
TRANSMISSION_ISSUE,P0713,Transmission Fluid Temperature Sensor Circuit High Input,Direct/Strong,"Strong evidence for the named subsystem/fault family; confirm the failed component using live data, electrical/mechanical tests and OEM procedure.",Harsh/delayed shifting; slipping; incorrect gear; limp mode; poor acceleration; transmission warning; high RPM without matching road speed.,"Transmission control, range/speed sensor, torque converter, hydraulic-pressure or shift-solenoid fault; internal transmission wear remains possible.","Corolla/Axio, Allion/Premio, RAV4","Note, Sunny/Almera, X-Trail, Qashqai","S60, V60, XC60, XC90",P0700 is only a request/summary code; retrieve the TCM-specific code before assigning the root cause.
TRANSMISSION_ISSUE,P0714,Transmission Fluid Temperature Sensor Circuit Intermittent,Direct/Strong,"Strong evidence for the named subsystem/fault family; confirm the failed component using live data, electrical/mechanical tests and OEM procedure.",Harsh/delayed shifting; slipping; incorrect gear; limp mode; poor acceleration; transmission warning; high RPM without matching road speed.,"Transmission control, range/speed sensor, torque converter, hydraulic-pressure or shift-solenoid fault; internal transmission wear remains possible.","Corolla/Axio, Allion/Premio, RAV4","Note, Sunny/Almera, X-Trail, Qashqai","S60, V60, XC60, XC90",P0700 is only a request/summary code; retrieve the TCM-specific code before assigning the root cause.
TRANSMISSION_ISSUE,P0715,Input/Turbine Speed Sensor Circuit Malfunction,Direct/Strong,"Strong evidence for the named subsystem/fault family; confirm the failed component using live data, electrical/mechanical tests and OEM procedure.",Harsh/delayed shifting; slipping; incorrect gear; limp mode; poor acceleration; transmission warning; high RPM without matching road speed.,"Transmission control, range/speed sensor, torque converter, hydraulic-pressure or shift-solenoid fault; internal transmission wear remains possible.","Corolla/Axio, Allion/Premio, RAV4","Note, Sunny/Almera, X-Trail, Qashqai","S60, V60, XC60, XC90",P0700 is only a request/summary code; retrieve the TCM-specific code before assigning the root cause.
TRANSMISSION_ISSUE,P0716,Input/Turbine Speed Sensor Circuit Range/Performance,Direct/Strong,"Strong evidence for the named subsystem/fault family; confirm the failed component using live data, electrical/mechanical tests and OEM procedure.",Harsh/delayed shifting; slipping; incorrect gear; limp mode; poor acceleration; transmission warning; high RPM without matching road speed.,"Transmission control, range/speed sensor, torque converter, hydraulic-pressure or shift-solenoid fault; internal transmission wear remains possible.","Corolla/Axio, Allion/Premio, RAV4","Note, Sunny/Almera, X-Trail, Qashqai","S60, V60, XC60, XC90",P0700 is only a request/summary code; retrieve the TCM-specific code before assigning the root cause.
TRANSMISSION_ISSUE,P0717,Input/Turbine Speed Sensor Circuit No Signal,Direct/Strong,"Strong evidence for the named subsystem/fault family; confirm the failed component using live data, electrical/mechanical tests and OEM procedure.",Harsh/delayed shifting; slipping; incorrect gear; limp mode; poor acceleration; transmission warning; high RPM without matching road speed.,"Transmission control, range/speed sensor, torque converter, hydraulic-pressure or shift-solenoid fault; internal transmission wear remains possible.","Corolla/Axio, Allion/Premio, RAV4","Note, Sunny/Almera, X-Trail, Qashqai","S60, V60, XC60, XC90",P0700 is only a request/summary code; retrieve the TCM-specific code before assigning the root cause.
TRANSMISSION_ISSUE,P0718,Input/Turbine Speed Sensor Circuit Intermittent,Direct/Strong,"Strong evidence for the named subsystem/fault family; confirm the failed component using live data, electrical/mechanical tests and OEM procedure.",Harsh/delayed shifting; slipping; incorrect gear; limp mode; poor acceleration; transmission warning; high RPM without matching road speed.,"Transmission control, range/speed sensor, torque converter, hydraulic-pressure or shift-solenoid fault; internal transmission wear remains possible.","Corolla/Axio, Allion/Premio, RAV4","Note, Sunny/Almera, X-Trail, Qashqai","S60, V60, XC60, XC90",P0700 is only a request/summary code; retrieve the TCM-specific code before assigning the root cause.
TRANSMISSION_ISSUE,P0720,Output Speed Sensor Circuit Malfunction,Direct/Strong,"Strong evidence for the named subsystem/fault family; confirm the failed component using live data, electrical/mechanical tests and OEM procedure.",Harsh/delayed shifting; slipping; incorrect gear; limp mode; poor acceleration; transmission warning; high RPM without matching road speed.,"Transmission control, range/speed sensor, torque converter, hydraulic-pressure or shift-solenoid fault; internal transmission wear remains possible.","Corolla/Axio, Allion/Premio, RAV4","Note, Sunny/Almera, X-Trail, Qashqai","S60, V60, XC60, XC90",P0700 is only a request/summary code; retrieve the TCM-specific code before assigning the root cause.
TRANSMISSION_ISSUE,P0721,Output Speed Sensor Circuit Range/Performance,Direct/Strong,"Strong evidence for the named subsystem/fault family; confirm the failed component using live data, electrical/mechanical tests and OEM procedure.",Harsh/delayed shifting; slipping; incorrect gear; limp mode; poor acceleration; transmission warning; high RPM without matching road speed.,"Transmission control, range/speed sensor, torque converter, hydraulic-pressure or shift-solenoid fault; internal transmission wear remains possible.","Corolla/Axio, Allion/Premio, RAV4","Note, Sunny/Almera, X-Trail, Qashqai","S60, V60, XC60, XC90",P0700 is only a request/summary code; retrieve the TCM-specific code before assigning the root cause.
TRANSMISSION_ISSUE,P0722,Output Speed Sensor Circuit No Signal,Direct/Strong,"Strong evidence for the named subsystem/fault family; confirm the failed component using live data, electrical/mechanical tests and OEM procedure.",Harsh/delayed shifting; slipping; incorrect gear; limp mode; poor acceleration; transmission warning; high RPM without matching road speed.,"Transmission control, range/speed sensor, torque converter, hydraulic-pressure or shift-solenoid fault; internal transmission wear remains possible.","Corolla/Axio, Allion/Premio, RAV4","Note, Sunny/Almera, X-Trail, Qashqai","S60, V60, XC60, XC90",P0700 is only a request/summary code; retrieve the TCM-specific code before assigning the root cause.
TRANSMISSION_ISSUE,P0723,Output Speed Sensor Circuit Intermittent,Direct/Strong,"Strong evidence for the named subsystem/fault family; confirm the failed component using live data, electrical/mechanical tests and OEM procedure.",Harsh/delayed shifting; slipping; incorrect gear; limp mode; poor acceleration; transmission warning; high RPM without matching road speed.,"Transmission control, range/speed sensor, torque converter, hydraulic-pressure or shift-solenoid fault; internal transmission wear remains possible.","Corolla/Axio, Allion/Premio, RAV4","Note, Sunny/Almera, X-Trail, Qashqai","S60, V60, XC60, XC90",P0700 is only a request/summary code; retrieve the TCM-specific code before assigning the root cause.
TRANSMISSION_ISSUE,P0729,Gear 6 Incorrect Ratio,Direct/Strong,"Strong evidence for the named subsystem/fault family; confirm the failed component using live data, electrical/mechanical tests and OEM procedure.",Harsh/delayed shifting; slipping; incorrect gear; limp mode; poor acceleration; transmission warning; high RPM without matching road speed.,"Transmission control, range/speed sensor, torque converter, hydraulic-pressure or shift-solenoid fault; internal transmission wear remains possible.","Corolla/Axio, Allion/Premio, RAV4","Note, Sunny/Almera, X-Trail, Qashqai","S60, V60, XC60, XC90",P0700 is only a request/summary code; retrieve the TCM-specific code before assigning the root cause.
TRANSMISSION_ISSUE,P0730,Incorrect Gear Ratio,Direct/Strong,"Strong evidence for the named subsystem/fault family; confirm the failed component using live data, electrical/mechanical tests and OEM procedure.",Harsh/delayed shifting; slipping; incorrect gear; limp mode; poor acceleration; transmission warning; high RPM without matching road speed.,"Transmission control, range/speed sensor, torque converter, hydraulic-pressure or shift-solenoid fault; internal transmission wear remains possible.","Corolla/Axio, Allion/Premio, RAV4","Note, Sunny/Almera, X-Trail, Qashqai","S60, V60, XC60, XC90",P0700 is only a request/summary code; retrieve the TCM-specific code before assigning the root cause.
TRANSMISSION_ISSUE,P0731,Gear 1 Incorrect Ratio,Direct/Strong,"Strong evidence for the named subsystem/fault family; confirm the failed component using live data, electrical/mechanical tests and OEM procedure.",Harsh/delayed shifting; slipping; incorrect gear; limp mode; poor acceleration; transmission warning; high RPM without matching road speed.,"Transmission control, range/speed sensor, torque converter, hydraulic-pressure or shift-solenoid fault; internal transmission wear remains possible.","Corolla/Axio, Allion/Premio, RAV4","Note, Sunny/Almera, X-Trail, Qashqai","S60, V60, XC60, XC90",P0700 is only a request/summary code; retrieve the TCM-specific code before assigning the root cause.
TRANSMISSION_ISSUE,P0732,Gear 2 Incorrect Ratio,Direct/Strong,"Strong evidence for the named subsystem/fault family; confirm the failed component using live data, electrical/mechanical tests and OEM procedure.",Harsh/delayed shifting; slipping; incorrect gear; limp mode; poor acceleration; transmission warning; high RPM without matching road speed.,"Transmission control, range/speed sensor, torque converter, hydraulic-pressure or shift-solenoid fault; internal transmission wear remains possible.","Corolla/Axio, Allion/Premio, RAV4","Note, Sunny/Almera, X-Trail, Qashqai","S60, V60, XC60, XC90",P0700 is only a request/summary code; retrieve the TCM-specific code before assigning the root cause.
TRANSMISSION_ISSUE,P0733,Gear 3 Incorrect Ratio,Direct/Strong,"Strong evidence for the named subsystem/fault family; confirm the failed component using live data, electrical/mechanical tests and OEM procedure.",Harsh/delayed shifting; slipping; incorrect gear; limp mode; poor acceleration; transmission warning; high RPM without matching road speed.,"Transmission control, range/speed sensor, torque converter, hydraulic-pressure or shift-solenoid fault; internal transmission wear remains possible.","Corolla/Axio, Allion/Premio, RAV4","Note, Sunny/Almera, X-Trail, Qashqai","S60, V60, XC60, XC90",P0700 is only a request/summary code; retrieve the TCM-specific code before assigning the root cause.
TRANSMISSION_ISSUE,P0734,Gear 4 Incorrect Ratio,Direct/Strong,"Strong evidence for the named subsystem/fault family; confirm the failed component using live data, electrical/mechanical tests and OEM procedure.",Harsh/delayed shifting; slipping; incorrect gear; limp mode; poor acceleration; transmission warning; high RPM without matching road speed.,"Transmission control, range/speed sensor, torque converter, hydraulic-pressure or shift-solenoid fault; internal transmission wear remains possible.","Corolla/Axio, Allion/Premio, RAV4","Note, Sunny/Almera, X-Trail, Qashqai","S60, V60, XC60, XC90",P0700 is only a request/summary code; retrieve the TCM-specific code before assigning the root cause.
TRANSMISSION_ISSUE,P0735,Gear 5 Incorrect Ratio,Direct/Strong,"Strong evidence for the named subsystem/fault family; confirm the failed component using live data, electrical/mechanical tests and OEM procedure.",Harsh/delayed shifting; slipping; incorrect gear; limp mode; poor acceleration; transmission warning; high RPM without matching road speed.,"Transmission control, range/speed sensor, torque converter, hydraulic-pressure or shift-solenoid fault; internal transmission wear remains possible.","Corolla/Axio, Allion/Premio, RAV4","Note, Sunny/Almera, X-Trail, Qashqai","S60, V60, XC60, XC90",P0700 is only a request/summary code; retrieve the TCM-specific code before assigning the root cause.
TRANSMISSION_ISSUE,P0736,Reverse Incorrect Ratio,Direct/Strong,"Strong evidence for the named subsystem/fault family; confirm the failed component using live data, electrical/mechanical tests and OEM procedure.",Harsh/delayed shifting; slipping; incorrect gear; limp mode; poor acceleration; transmission warning; high RPM without matching road speed.,"Transmission control, range/speed sensor, torque converter, hydraulic-pressure or shift-solenoid fault; internal transmission wear remains possible.","Corolla/Axio, Allion/Premio, RAV4","Note, Sunny/Almera, X-Trail, Qashqai","S60, V60, XC60, XC90",P0700 is only a request/summary code; retrieve the TCM-specific code before assigning the root cause.
TRANSMISSION_ISSUE,P0740,Torque Converter Clutch Circuit Malfunction,Direct/Strong,"Strong evidence for the named subsystem/fault family; confirm the failed component using live data, electrical/mechanical tests and OEM procedure.",Harsh/delayed shifting; slipping; incorrect gear; limp mode; poor acceleration; transmission warning; high RPM without matching road speed.,"Transmission control, range/speed sensor, torque converter, hydraulic-pressure or shift-solenoid fault; internal transmission wear remains possible.","Corolla/Axio, Allion/Premio, RAV4","Note, Sunny/Almera, X-Trail, Qashqai","S60, V60, XC60, XC90",P0700 is only a request/summary code; retrieve the TCM-specific code before assigning the root cause.
TRANSMISSION_ISSUE,P0741,Torque Converter Clutch Circuit Performance or Stuck Off,Direct/Strong,"Strong evidence for the named subsystem/fault family; confirm the failed component using live data, electrical/mechanical tests and OEM procedure.",Harsh/delayed shifting; slipping; incorrect gear; limp mode; poor acceleration; transmission warning; high RPM without matching road speed.,"Transmission control, range/speed sensor, torque converter, hydraulic-pressure or shift-solenoid fault; internal transmission wear remains possible.","Corolla/Axio, Allion/Premio, RAV4","Note, Sunny/Almera, X-Trail, Qashqai","S60, V60, XC60, XC90",P0700 is only a request/summary code; retrieve the TCM-specific code before assigning the root cause.
TRANSMISSION_ISSUE,P0742,Torque Converter Clutch Circuit Stuck On,Direct/Strong,"Strong evidence for the named subsystem/fault family; confirm the failed component using live data, electrical/mechanical tests and OEM procedure.",Harsh/delayed shifting; slipping; incorrect gear; limp mode; poor acceleration; transmission warning; high RPM without matching road speed.,"Transmission control, range/speed sensor, torque converter, hydraulic-pressure or shift-solenoid fault; internal transmission wear remains possible.","Corolla/Axio, Allion/Premio, RAV4","Note, Sunny/Almera, X-Trail, Qashqai","S60, V60, XC60, XC90",P0700 is only a request/summary code; retrieve the TCM-specific code before assigning the root cause.
TRANSMISSION_ISSUE,P0743,Torque Converter Clutch Circuit Electrical,Direct/Strong,"Strong evidence for the named subsystem/fault family; confirm the failed component using live data, electrical/mechanical tests and OEM procedure.",Harsh/delayed shifting; slipping; incorrect gear; limp mode; poor acceleration; transmission warning; high RPM without matching road speed.,"Transmission control, range/speed sensor, torque converter, hydraulic-pressure or shift-solenoid fault; internal transmission wear remains possible.","Corolla/Axio, Allion/Premio, RAV4","Note, Sunny/Almera, X-Trail, Qashqai","S60, V60, XC60, XC90",P0700 is only a request/summary code; retrieve the TCM-specific code before assigning the root cause.
TRANSMISSION_ISSUE,P0744,Torque Converter Clutch Circuit Intermittent,Direct/Strong,"Strong evidence for the named subsystem/fault family; confirm the failed component using live data, electrical/mechanical tests and OEM procedure.",Harsh/delayed shifting; slipping; incorrect gear; limp mode; poor acceleration; transmission warning; high RPM without matching road speed.,"Transmission control, range/speed sensor, torque converter, hydraulic-pressure or shift-solenoid fault; internal transmission wear remains possible.","Corolla/Axio, Allion/Premio, RAV4","Note, Sunny/Almera, X-Trail, Qashqai","S60, V60, XC60, XC90",P0700 is only a request/summary code; retrieve the TCM-specific code before assigning the root cause.
TRANSMISSION_ISSUE,P0745,Pressure Control Solenoid Malfunction,Direct/Strong,"Strong evidence for the named subsystem/fault family; confirm the failed component using live data, electrical/mechanical tests and OEM procedure.",Harsh/delayed shifting; slipping; incorrect gear; limp mode; poor acceleration; transmission warning; high RPM without matching road speed.,"Transmission control, range/speed sensor, torque converter, hydraulic-pressure or shift-solenoid fault; internal transmission wear remains possible.","Corolla/Axio, Allion/Premio, RAV4","Note, Sunny/Almera, X-Trail, Qashqai","S60, V60, XC60, XC90",P0700 is only a request/summary code; retrieve the TCM-specific code before assigning the root cause.
TRANSMISSION_ISSUE,P0746,Pressure Control Solenoid Performance or Stuck Off,Direct/Strong,"Strong evidence for the named subsystem/fault family; confirm the failed component using live data, electrical/mechanical tests and OEM procedure.",Harsh/delayed shifting; slipping; incorrect gear; limp mode; poor acceleration; transmission warning; high RPM without matching road speed.,"Transmission control, range/speed sensor, torque converter, hydraulic-pressure or shift-solenoid fault; internal transmission wear remains possible.","Corolla/Axio, Allion/Premio, RAV4","Note, Sunny/Almera, X-Trail, Qashqai","S60, V60, XC60, XC90",P0700 is only a request/summary code; retrieve the TCM-specific code before assigning the root cause.
TRANSMISSION_ISSUE,P0747,Pressure Control Solenoid Stuck On,Direct/Strong,"Strong evidence for the named subsystem/fault family; confirm the failed component using live data, electrical/mechanical tests and OEM procedure.",Harsh/delayed shifting; slipping; incorrect gear; limp mode; poor acceleration; transmission warning; high RPM without matching road speed.,"Transmission control, range/speed sensor, torque converter, hydraulic-pressure or shift-solenoid fault; internal transmission wear remains possible.","Corolla/Axio, Allion/Premio, RAV4","Note, Sunny/Almera, X-Trail, Qashqai","S60, V60, XC60, XC90",P0700 is only a request/summary code; retrieve the TCM-specific code before assigning the root cause.
TRANSMISSION_ISSUE,P0748,Pressure Control Solenoid Electrical,Direct/Strong,"Strong evidence for the named subsystem/fault family; confirm the failed component using live data, electrical/mechanical tests and OEM procedure.",Harsh/delayed shifting; slipping; incorrect gear; limp mode; poor acceleration; transmission warning; high RPM without matching road speed.,"Transmission control, range/speed sensor, torque converter, hydraulic-pressure or shift-solenoid fault; internal transmission wear remains possible.","Corolla/Axio, Allion/Premio, RAV4","Note, Sunny/Almera, X-Trail, Qashqai","S60, V60, XC60, XC90",P0700 is only a request/summary code; retrieve the TCM-specific code before assigning the root cause.
TRANSMISSION_ISSUE,P0749,Pressure Control Solenoid Intermittent,Direct/Strong,"Strong evidence for the named subsystem/fault family; confirm the failed component using live data, electrical/mechanical tests and OEM procedure.",Harsh/delayed shifting; slipping; incorrect gear; limp mode; poor acceleration; transmission warning; high RPM without matching road speed.,"Transmission control, range/speed sensor, torque converter, hydraulic-pressure or shift-solenoid fault; internal transmission wear remains possible.","Corolla/Axio, Allion/Premio, RAV4","Note, Sunny/Almera, X-Trail, Qashqai","S60, V60, XC60, XC90",P0700 is only a request/summary code; retrieve the TCM-specific code before assigning the root cause.
TRANSMISSION_ISSUE,P0750,Shift Solenoid A Malfunction,Direct/Strong,"Strong evidence for the named subsystem/fault family; confirm the failed component using live data, electrical/mechanical tests and OEM procedure.",Harsh/delayed shifting; slipping; incorrect gear; limp mode; poor acceleration; transmission warning; high RPM without matching road speed.,"Transmission control, range/speed sensor, torque converter, hydraulic-pressure or shift-solenoid fault; internal transmission wear remains possible.","Corolla/Axio, Allion/Premio, RAV4","Note, Sunny/Almera, X-Trail, Qashqai","S60, V60, XC60, XC90",P0700 is only a request/summary code; retrieve the TCM-specific code before assigning the root cause.
TRANSMISSION_ISSUE,P0751,Shift Solenoid A Performance or Stuck Off,Direct/Strong,"Strong evidence for the named subsystem/fault family; confirm the failed component using live data, electrical/mechanical tests and OEM procedure.",Harsh/delayed shifting; slipping; incorrect gear; limp mode; poor acceleration; transmission warning; high RPM without matching road speed.,"Transmission control, range/speed sensor, torque converter, hydraulic-pressure or shift-solenoid fault; internal transmission wear remains possible.","Corolla/Axio, Allion/Premio, RAV4","Note, Sunny/Almera, X-Trail, Qashqai","S60, V60, XC60, XC90",P0700 is only a request/summary code; retrieve the TCM-specific code before assigning the root cause.
TRANSMISSION_ISSUE,P0752,Shift Solenoid A Stuck On,Direct/Strong,"Strong evidence for the named subsystem/fault family; confirm the failed component using live data, electrical/mechanical tests and OEM procedure.",Harsh/delayed shifting; slipping; incorrect gear; limp mode; poor acceleration; transmission warning; high RPM without matching road speed.,"Transmission control, range/speed sensor, torque converter, hydraulic-pressure or shift-solenoid fault; internal transmission wear remains possible.","Corolla/Axio, Allion/Premio, RAV4","Note, Sunny/Almera, X-Trail, Qashqai","S60, V60, XC60, XC90",P0700 is only a request/summary code; retrieve the TCM-specific code before assigning the root cause.
TRANSMISSION_ISSUE,P0753,Shift Solenoid A Electrical/1-2 Shift Solenoid Circuit Electrical,Direct/Strong,"Strong evidence for the named subsystem/fault family; confirm the failed component using live data, electrical/mechanical tests and OEM procedure.",Harsh/delayed shifting; slipping; incorrect gear; limp mode; poor acceleration; transmission warning; high RPM without matching road speed.,"Transmission control, range/speed sensor, torque converter, hydraulic-pressure or shift-solenoid fault; internal transmission wear remains possible.","Corolla/Axio, Allion/Premio, RAV4","Note, Sunny/Almera, X-Trail, Qashqai","S60, V60, XC60, XC90",P0700 is only a request/summary code; retrieve the TCM-specific code before assigning the root cause.
TRANSMISSION_ISSUE,P0754,Shift Solenoid A Intermittent,Direct/Strong,"Strong evidence for the named subsystem/fault family; confirm the failed component using live data, electrical/mechanical tests and OEM procedure.",Harsh/delayed shifting; slipping; incorrect gear; limp mode; poor acceleration; transmission warning; high RPM without matching road speed.,"Transmission control, range/speed sensor, torque converter, hydraulic-pressure or shift-solenoid fault; internal transmission wear remains possible.","Corolla/Axio, Allion/Premio, RAV4","Note, Sunny/Almera, X-Trail, Qashqai","S60, V60, XC60, XC90",P0700 is only a request/summary code; retrieve the TCM-specific code before assigning the root cause.
TRANSMISSION_ISSUE,P0755,Shift Solenoid B Malfunction,Direct/Strong,"Strong evidence for the named subsystem/fault family; confirm the failed component using live data, electrical/mechanical tests and OEM procedure.",Harsh/delayed shifting; slipping; incorrect gear; limp mode; poor acceleration; transmission warning; high RPM without matching road speed.,"Transmission control, range/speed sensor, torque converter, hydraulic-pressure or shift-solenoid fault; internal transmission wear remains possible.","Corolla/Axio, Allion/Premio, RAV4","Note, Sunny/Almera, X-Trail, Qashqai","S60, V60, XC60, XC90",P0700 is only a request/summary code; retrieve the TCM-specific code before assigning the root cause.
TRANSMISSION_ISSUE,P0756,Shift Solenoid B Performance or Stuck Off,Direct/Strong,"Strong evidence for the named subsystem/fault family; confirm the failed component using live data, electrical/mechanical tests and OEM procedure.",Harsh/delayed shifting; slipping; incorrect gear; limp mode; poor acceleration; transmission warning; high RPM without matching road speed.,"Transmission control, range/speed sensor, torque converter, hydraulic-pressure or shift-solenoid fault; internal transmission wear remains possible.","Corolla/Axio, Allion/Premio, RAV4","Note, Sunny/Almera, X-Trail, Qashqai","S60, V60, XC60, XC90",P0700 is only a request/summary code; retrieve the TCM-specific code before assigning the root cause.
TRANSMISSION_ISSUE,P0757,Shift Solenoid B Stuck On,Direct/Strong,"Strong evidence for the named subsystem/fault family; confirm the failed component using live data, electrical/mechanical tests and OEM procedure.",Harsh/delayed shifting; slipping; incorrect gear; limp mode; poor acceleration; transmission warning; high RPM without matching road speed.,"Transmission control, range/speed sensor, torque converter, hydraulic-pressure or shift-solenoid fault; internal transmission wear remains possible.","Corolla/Axio, Allion/Premio, RAV4","Note, Sunny/Almera, X-Trail, Qashqai","S60, V60, XC60, XC90",P0700 is only a request/summary code; retrieve the TCM-specific code before assigning the root cause.
TRANSMISSION_ISSUE,P0758,Shift Solenoid B Electrical,Direct/Strong,"Strong evidence for the named subsystem/fault family; confirm the failed component using live data, electrical/mechanical tests and OEM procedure.",Harsh/delayed shifting; slipping; incorrect gear; limp mode; poor acceleration; transmission warning; high RPM without matching road speed.,"Transmission control, range/speed sensor, torque converter, hydraulic-pressure or shift-solenoid fault; internal transmission wear remains possible.","Corolla/Axio, Allion/Premio, RAV4","Note, Sunny/Almera, X-Trail, Qashqai","S60, V60, XC60, XC90",P0700 is only a request/summary code; retrieve the TCM-specific code before assigning the root cause.
TRANSMISSION_ISSUE,P0759,Shift Solenoid B Intermittent,Direct/Strong,"Strong evidence for the named subsystem/fault family; confirm the failed component using live data, electrical/mechanical tests and OEM procedure.",Harsh/delayed shifting; slipping; incorrect gear; limp mode; poor acceleration; transmission warning; high RPM without matching road speed.,"Transmission control, range/speed sensor, torque converter, hydraulic-pressure or shift-solenoid fault; internal transmission wear remains possible.","Corolla/Axio, Allion/Premio, RAV4","Note, Sunny/Almera, X-Trail, Qashqai","S60, V60, XC60, XC90",P0700 is only a request/summary code; retrieve the TCM-specific code before assigning the root cause.
TRANSMISSION_ISSUE,P0760,Shift Solenoid C Malfunction,Direct/Strong,"Strong evidence for the named subsystem/fault family; confirm the failed component using live data, electrical/mechanical tests and OEM procedure.",Harsh/delayed shifting; slipping; incorrect gear; limp mode; poor acceleration; transmission warning; high RPM without matching road speed.,"Transmission control, range/speed sensor, torque converter, hydraulic-pressure or shift-solenoid fault; internal transmission wear remains possible.","Corolla/Axio, Allion/Premio, RAV4","Note, Sunny/Almera, X-Trail, Qashqai","S60, V60, XC60, XC90",P0700 is only a request/summary code; retrieve the TCM-specific code before assigning the root cause.
TRANSMISSION_ISSUE,P0761,Shift Solenoid C Performance or Stuck Off,Direct/Strong,"Strong evidence for the named subsystem/fault family; confirm the failed component using live data, electrical/mechanical tests and OEM procedure.",Harsh/delayed shifting; slipping; incorrect gear; limp mode; poor acceleration; transmission warning; high RPM without matching road speed.,"Transmission control, range/speed sensor, torque converter, hydraulic-pressure or shift-solenoid fault; internal transmission wear remains possible.","Corolla/Axio, Allion/Premio, RAV4","Note, Sunny/Almera, X-Trail, Qashqai","S60, V60, XC60, XC90",P0700 is only a request/summary code; retrieve the TCM-specific code before assigning the root cause.
TRANSMISSION_ISSUE,P0762,Shift Solenoid C Stuck On,Direct/Strong,"Strong evidence for the named subsystem/fault family; confirm the failed component using live data, electrical/mechanical tests and OEM procedure.",Harsh/delayed shifting; slipping; incorrect gear; limp mode; poor acceleration; transmission warning; high RPM without matching road speed.,"Transmission control, range/speed sensor, torque converter, hydraulic-pressure or shift-solenoid fault; internal transmission wear remains possible.","Corolla/Axio, Allion/Premio, RAV4","Note, Sunny/Almera, X-Trail, Qashqai","S60, V60, XC60, XC90",P0700 is only a request/summary code; retrieve the TCM-specific code before assigning the root cause.
TRANSMISSION_ISSUE,P0763,Shift Solenoid C Electrical,Direct/Strong,"Strong evidence for the named subsystem/fault family; confirm the failed component using live data, electrical/mechanical tests and OEM procedure.",Harsh/delayed shifting; slipping; incorrect gear; limp mode; poor acceleration; transmission warning; high RPM without matching road speed.,"Transmission control, range/speed sensor, torque converter, hydraulic-pressure or shift-solenoid fault; internal transmission wear remains possible.","Corolla/Axio, Allion/Premio, RAV4","Note, Sunny/Almera, X-Trail, Qashqai","S60, V60, XC60, XC90",P0700 is only a request/summary code; retrieve the TCM-specific code before assigning the root cause.
TRANSMISSION_ISSUE,P0764,Shift Solenoid C Intermittent,Direct/Strong,"Strong evidence for the named subsystem/fault family; confirm the failed component using live data, electrical/mechanical tests and OEM procedure.",Harsh/delayed shifting; slipping; incorrect gear; limp mode; poor acceleration; transmission warning; high RPM without matching road speed.,"Transmission control, range/speed sensor, torque converter, hydraulic-pressure or shift-solenoid fault; internal transmission wear remains possible.","Corolla/Axio, Allion/Premio, RAV4","Note, Sunny/Almera, X-Trail, Qashqai","S60, V60, XC60, XC90",P0700 is only a request/summary code; retrieve the TCM-specific code before assigning the root cause.
TRANSMISSION_ISSUE,P0765,Shift Solenoid D Malfunction,Direct/Strong,"Strong evidence for the named subsystem/fault family; confirm the failed component using live data, electrical/mechanical tests and OEM procedure.",Harsh/delayed shifting; slipping; incorrect gear; limp mode; poor acceleration; transmission warning; high RPM without matching road speed.,"Transmission control, range/speed sensor, torque converter, hydraulic-pressure or shift-solenoid fault; internal transmission wear remains possible.","Corolla/Axio, Allion/Premio, RAV4","Note, Sunny/Almera, X-Trail, Qashqai","S60, V60, XC60, XC90",P0700 is only a request/summary code; retrieve the TCM-specific code before assigning the root cause.
TRANSMISSION_ISSUE,P0766,Shift Solenoid D Performance or Stuck Off,Direct/Strong,"Strong evidence for the named subsystem/fault family; confirm the failed component using live data, electrical/mechanical tests and OEM procedure.",Harsh/delayed shifting; slipping; incorrect gear; limp mode; poor acceleration; transmission warning; high RPM without matching road speed.,"Transmission control, range/speed sensor, torque converter, hydraulic-pressure or shift-solenoid fault; internal transmission wear remains possible.","Corolla/Axio, Allion/Premio, RAV4","Note, Sunny/Almera, X-Trail, Qashqai","S60, V60, XC60, XC90",P0700 is only a request/summary code; retrieve the TCM-specific code before assigning the root cause.
TRANSMISSION_ISSUE,P0767,Shift Solenoid D Stuck On,Direct/Strong,"Strong evidence for the named subsystem/fault family; confirm the failed component using live data, electrical/mechanical tests and OEM procedure.",Harsh/delayed shifting; slipping; incorrect gear; limp mode; poor acceleration; transmission warning; high RPM without matching road speed.,"Transmission control, range/speed sensor, torque converter, hydraulic-pressure or shift-solenoid fault; internal transmission wear remains possible.","Corolla/Axio, Allion/Premio, RAV4","Note, Sunny/Almera, X-Trail, Qashqai","S60, V60, XC60, XC90",P0700 is only a request/summary code; retrieve the TCM-specific code before assigning the root cause.
TRANSMISSION_ISSUE,P0768,Shift Solenoid D Electrical,Direct/Strong,"Strong evidence for the named subsystem/fault family; confirm the failed component using live data, electrical/mechanical tests and OEM procedure.",Harsh/delayed shifting; slipping; incorrect gear; limp mode; poor acceleration; transmission warning; high RPM without matching road speed.,"Transmission control, range/speed sensor, torque converter, hydraulic-pressure or shift-solenoid fault; internal transmission wear remains possible.","Corolla/Axio, Allion/Premio, RAV4","Note, Sunny/Almera, X-Trail, Qashqai","S60, V60, XC60, XC90",P0700 is only a request/summary code; retrieve the TCM-specific code before assigning the root cause.
TRANSMISSION_ISSUE,P0769,Shift Solenoid D Intermittent,Direct/Strong,"Strong evidence for the named subsystem/fault family; confirm the failed component using live data, electrical/mechanical tests and OEM procedure.",Harsh/delayed shifting; slipping; incorrect gear; limp mode; poor acceleration; transmission warning; high RPM without matching road speed.,"Transmission control, range/speed sensor, torque converter, hydraulic-pressure or shift-solenoid fault; internal transmission wear remains possible.","Corolla/Axio, Allion/Premio, RAV4","Note, Sunny/Almera, X-Trail, Qashqai","S60, V60, XC60, XC90",P0700 is only a request/summary code; retrieve the TCM-specific code before assigning the root cause.
TRANSMISSION_ISSUE,P0770,Shift Solenoid E Malfunction,Direct/Strong,"Strong evidence for the named subsystem/fault family; confirm the failed component using live data, electrical/mechanical tests and OEM procedure.",Harsh/delayed shifting; slipping; incorrect gear; limp mode; poor acceleration; transmission warning; high RPM without matching road speed.,"Transmission control, range/speed sensor, torque converter, hydraulic-pressure or shift-solenoid fault; internal transmission wear remains possible.","Corolla/Axio, Allion/Premio, RAV4","Note, Sunny/Almera, X-Trail, Qashqai","S60, V60, XC60, XC90",P0700 is only a request/summary code; retrieve the TCM-specific code before assigning the root cause.
TRANSMISSION_ISSUE,P0771,Shift Solenoid E Performance or Stuck Off,Direct/Strong,"Strong evidence for the named subsystem/fault family; confirm the failed component using live data, electrical/mechanical tests and OEM procedure.",Harsh/delayed shifting; slipping; incorrect gear; limp mode; poor acceleration; transmission warning; high RPM without matching road speed.,"Transmission control, range/speed sensor, torque converter, hydraulic-pressure or shift-solenoid fault; internal transmission wear remains possible.","Corolla/Axio, Allion/Premio, RAV4","Note, Sunny/Almera, X-Trail, Qashqai","S60, V60, XC60, XC90",P0700 is only a request/summary code; retrieve the TCM-specific code before assigning the root cause.
TRANSMISSION_ISSUE,P0772,Shift Solenoid E Stuck On,Direct/Strong,"Strong evidence for the named subsystem/fault family; confirm the failed component using live data, electrical/mechanical tests and OEM procedure.",Harsh/delayed shifting; slipping; incorrect gear; limp mode; poor acceleration; transmission warning; high RPM without matching road speed.,"Transmission control, range/speed sensor, torque converter, hydraulic-pressure or shift-solenoid fault; internal transmission wear remains possible.","Corolla/Axio, Allion/Premio, RAV4","Note, Sunny/Almera, X-Trail, Qashqai","S60, V60, XC60, XC90",P0700 is only a request/summary code; retrieve the TCM-specific code before assigning the root cause.
TRANSMISSION_ISSUE,P0773,Shift Solenoid E Electrical,Direct/Strong,"Strong evidence for the named subsystem/fault family; confirm the failed component using live data, electrical/mechanical tests and OEM procedure.",Harsh/delayed shifting; slipping; incorrect gear; limp mode; poor acceleration; transmission warning; high RPM without matching road speed.,"Transmission control, range/speed sensor, torque converter, hydraulic-pressure or shift-solenoid fault; internal transmission wear remains possible.","Corolla/Axio, Allion/Premio, RAV4","Note, Sunny/Almera, X-Trail, Qashqai","S60, V60, XC60, XC90",P0700 is only a request/summary code; retrieve the TCM-specific code before assigning the root cause.
TRANSMISSION_ISSUE,P0774,Shift Solenoid E Intermittent,Direct/Strong,"Strong evidence for the named subsystem/fault family; confirm the failed component using live data, electrical/mechanical tests and OEM procedure.",Harsh/delayed shifting; slipping; incorrect gear; limp mode; poor acceleration; transmission warning; high RPM without matching road speed.,"Transmission control, range/speed sensor, torque converter, hydraulic-pressure or shift-solenoid fault; internal transmission wear remains possible.","Corolla/Axio, Allion/Premio, RAV4","Note, Sunny/Almera, X-Trail, Qashqai","S60, V60, XC60, XC90",P0700 is only a request/summary code; retrieve the TCM-specific code before assigning the root cause.
TRANSMISSION_ISSUE,P0775,Pressure Control Solenoid B,Direct/Strong,"Strong evidence for the named subsystem/fault family; confirm the failed component using live data, electrical/mechanical tests and OEM procedure.",Harsh/delayed shifting; slipping; incorrect gear; limp mode; poor acceleration; transmission warning; high RPM without matching road speed.,"Transmission control, range/speed sensor, torque converter, hydraulic-pressure or shift-solenoid fault; internal transmission wear remains possible.","Corolla/Axio, Allion/Premio, RAV4","Note, Sunny/Almera, X-Trail, Qashqai","S60, V60, XC60, XC90",P0700 is only a request/summary code; retrieve the TCM-specific code before assigning the root cause.
TRANSMISSION_ISSUE,P0776,Pressure Control Solenoid B Performance or Stuck off,Direct/Strong,"Strong evidence for the named subsystem/fault family; confirm the failed component using live data, electrical/mechanical tests and OEM procedure.",Harsh/delayed shifting; slipping; incorrect gear; limp mode; poor acceleration; transmission warning; high RPM without matching road speed.,"Transmission control, range/speed sensor, torque converter, hydraulic-pressure or shift-solenoid fault; internal transmission wear remains possible.","Corolla/Axio, Allion/Premio, RAV4","Note, Sunny/Almera, X-Trail, Qashqai","S60, V60, XC60, XC90",P0700 is only a request/summary code; retrieve the TCM-specific code before assigning the root cause.
TRANSMISSION_ISSUE,P0777,Pressure Control Solenoid B Stuck On,Direct/Strong,"Strong evidence for the named subsystem/fault family; confirm the failed component using live data, electrical/mechanical tests and OEM procedure.",Harsh/delayed shifting; slipping; incorrect gear; limp mode; poor acceleration; transmission warning; high RPM without matching road speed.,"Transmission control, range/speed sensor, torque converter, hydraulic-pressure or shift-solenoid fault; internal transmission wear remains possible.","Corolla/Axio, Allion/Premio, RAV4","Note, Sunny/Almera, X-Trail, Qashqai","S60, V60, XC60, XC90",P0700 is only a request/summary code; retrieve the TCM-specific code before assigning the root cause.
TRANSMISSION_ISSUE,P0778,Pressure Control Solenoid B Electrical,Direct/Strong,"Strong evidence for the named subsystem/fault family; confirm the failed component using live data, electrical/mechanical tests and OEM procedure.",Harsh/delayed shifting; slipping; incorrect gear; limp mode; poor acceleration; transmission warning; high RPM without matching road speed.,"Transmission control, range/speed sensor, torque converter, hydraulic-pressure or shift-solenoid fault; internal transmission wear remains possible.","Corolla/Axio, Allion/Premio, RAV4","Note, Sunny/Almera, X-Trail, Qashqai","S60, V60, XC60, XC90",P0700 is only a request/summary code; retrieve the TCM-specific code before assigning the root cause.
TRANSMISSION_ISSUE,P0779,Pressure Control Solenoid B Intermittent,Direct/Strong,"Strong evidence for the named subsystem/fault family; confirm the failed component using live data, electrical/mechanical tests and OEM procedure.",Harsh/delayed shifting; slipping; incorrect gear; limp mode; poor acceleration; transmission warning; high RPM without matching road speed.,"Transmission control, range/speed sensor, torque converter, hydraulic-pressure or shift-solenoid fault; internal transmission wear remains possible.","Corolla/Axio, Allion/Premio, RAV4","Note, Sunny/Almera, X-Trail, Qashqai","S60, V60, XC60, XC90",P0700 is only a request/summary code; retrieve the TCM-specific code before assigning the root cause.
TRANSMISSION_ISSUE,P0841,Transmission Fluid Pressure Sensor/Switch A Circuit Range/Performance,Direct/Strong,"Strong evidence for the named subsystem/fault family; confirm the failed component using live data, electrical/mechanical tests and OEM procedure.",Harsh/delayed shifting; slipping; incorrect gear; limp mode; poor acceleration; transmission warning; high RPM without matching road speed.,"Transmission control, range/speed sensor, torque converter, hydraulic-pressure or shift-solenoid fault; internal transmission wear remains possible.","Corolla/Axio, Allion/Premio, RAV4","Note, Sunny/Almera, X-Trail, Qashqai","S60, V60, XC60, XC90",P0700 is only a request/summary code; retrieve the TCM-specific code before assigning the root cause.
TRANSMISSION_ISSUE,P0842,Transmission Fluid Pressure Sensor/Switch A Circuit Low,Direct/Strong,"Strong evidence for the named subsystem/fault family; confirm the failed component using live data, electrical/mechanical tests and OEM procedure.",Harsh/delayed shifting; slipping; incorrect gear; limp mode; poor acceleration; transmission warning; high RPM without matching road speed.,"Transmission control, range/speed sensor, torque converter, hydraulic-pressure or shift-solenoid fault; internal transmission wear remains possible.","Corolla/Axio, Allion/Premio, RAV4","Note, Sunny/Almera, X-Trail, Qashqai","S60, V60, XC60, XC90",P0700 is only a request/summary code; retrieve the TCM-specific code before assigning the root cause.
TRANSMISSION_ISSUE,P0845,Transmission Fluid Pressure Sensor/Switch B Circuit,Direct/Strong,"Strong evidence for the named subsystem/fault family; confirm the failed component using live data, electrical/mechanical tests and OEM procedure.",Harsh/delayed shifting; slipping; incorrect gear; limp mode; poor acceleration; transmission warning; high RPM without matching road speed.,"Transmission control, range/speed sensor, torque converter, hydraulic-pressure or shift-solenoid fault; internal transmission wear remains possible.","Corolla/Axio, Allion/Premio, RAV4","Note, Sunny/Almera, X-Trail, Qashqai","S60, V60, XC60, XC90",P0700 is only a request/summary code; retrieve the TCM-specific code before assigning the root cause.
TRANSMISSION_ISSUE,P0846,Transmission Fluid Pressure Sensor/Switch B Circuit Range/Performance,Direct/Strong,"Strong evidence for the named subsystem/fault family; confirm the failed component using live data, electrical/mechanical tests and OEM procedure.",Harsh/delayed shifting; slipping; incorrect gear; limp mode; poor acceleration; transmission warning; high RPM without matching road speed.,"Transmission control, range/speed sensor, torque converter, hydraulic-pressure or shift-solenoid fault; internal transmission wear remains possible.","Corolla/Axio, Allion/Premio, RAV4","Note, Sunny/Almera, X-Trail, Qashqai","S60, V60, XC60, XC90",P0700 is only a request/summary code; retrieve the TCM-specific code before assigning the root cause.
TRANSMISSION_ISSUE,P0847,Transmission Fluid Pressure Sensor/Switch B Circuit Low,Direct/Strong,"Strong evidence for the named subsystem/fault family; confirm the failed component using live data, electrical/mechanical tests and OEM procedure.",Harsh/delayed shifting; slipping; incorrect gear; limp mode; poor acceleration; transmission warning; high RPM without matching road speed.,"Transmission control, range/speed sensor, torque converter, hydraulic-pressure or shift-solenoid fault; internal transmission wear remains possible.","Corolla/Axio, Allion/Premio, RAV4","Note, Sunny/Almera, X-Trail, Qashqai","S60, V60, XC60, XC90",P0700 is only a request/summary code; retrieve the TCM-specific code before assigning the root cause.
FUEL_PUMP,P0230,Fuel Pump Primary Circuit Malfunction,Direct/Strong,"Strong evidence for the named subsystem/fault family; confirm the failed component using live data, electrical/mechanical tests and OEM procedure.",Crank-no-start; long crank; stalling; hesitation under load; reduced power; fuel-pressure warning; intermittent loss of power.,"Fuel-pump/control or low-pressure fuel-delivery fault; pump, relay/module, wiring, pressure control, filter restriction or tank supply can be involved.","Corolla, Axio, Vitz, Hilux","March, Note, Sunny, X-Trail, Navara","S40, S60, V60, XC60","Pressure codes can be caused by restrictions/regulators/injectors, so they are supportive rather than proof of pump failure."
FUEL_PUMP,P0231,Fuel Pump Secondary Circuit Low,Direct/Strong,"Strong evidence for the named subsystem/fault family; confirm the failed component using live data, electrical/mechanical tests and OEM procedure.",Crank-no-start; long crank; stalling; hesitation under load; reduced power; fuel-pressure warning; intermittent loss of power.,"Fuel-pump/control or low-pressure fuel-delivery fault; pump, relay/module, wiring, pressure control, filter restriction or tank supply can be involved.","Corolla, Axio, Vitz, Hilux","March, Note, Sunny, X-Trail, Navara","S40, S60, V60, XC60","Pressure codes can be caused by restrictions/regulators/injectors, so they are supportive rather than proof of pump failure."
FUEL_PUMP,P0232,Fuel Pump Secondary Circuit Intermittent,Direct/Strong,"Strong evidence for the named subsystem/fault family; confirm the failed component using live data, electrical/mechanical tests and OEM procedure.",Crank-no-start; long crank; stalling; hesitation under load; reduced power; fuel-pressure warning; intermittent loss of power.,"Fuel-pump/control or low-pressure fuel-delivery fault; pump, relay/module, wiring, pressure control, filter restriction or tank supply can be involved.","Corolla, Axio, Vitz, Hilux","March, Note, Sunny, X-Trail, Navara","S40, S60, V60, XC60","Pressure codes can be caused by restrictions/regulators/injectors, so they are supportive rather than proof of pump failure."
FUEL_PUMP,P0233,Fuel Pump Secondary Circuit Intermittent,Direct/Strong,"Strong evidence for the named subsystem/fault family; confirm the failed component using live data, electrical/mechanical tests and OEM procedure.",Crank-no-start; long crank; stalling; hesitation under load; reduced power; fuel-pressure warning; intermittent loss of power.,"Fuel-pump/control or low-pressure fuel-delivery fault; pump, relay/module, wiring, pressure control, filter restriction or tank supply can be involved.","Corolla, Axio, Vitz, Hilux","March, Note, Sunny, X-Trail, Navara","S40, S60, V60, XC60","Pressure codes can be caused by restrictions/regulators/injectors, so they are supportive rather than proof of pump failure."
FUEL_PUMP,P0627,Fuel Pump A Control Circuit / Open,Direct/Strong,"Strong evidence for the named subsystem/fault family; confirm the failed component using live data, electrical/mechanical tests and OEM procedure.",Crank-no-start; long crank; stalling; hesitation under load; reduced power; fuel-pressure warning; intermittent loss of power.,"Fuel-pump/control or low-pressure fuel-delivery fault; pump, relay/module, wiring, pressure control, filter restriction or tank supply can be involved.","Corolla, Axio, Vitz, Hilux","March, Note, Sunny, X-Trail, Navara","S40, S60, V60, XC60","Pressure codes can be caused by restrictions/regulators/injectors, so they are supportive rather than proof of pump failure."
FUEL_PUMP,P0628,Fuel Pump A Control Circuit Low,Direct/Strong,"Strong evidence for the named subsystem/fault family; confirm the failed component using live data, electrical/mechanical tests and OEM procedure.",Crank-no-start; long crank; stalling; hesitation under load; reduced power; fuel-pressure warning; intermittent loss of power.,"Fuel-pump/control or low-pressure fuel-delivery fault; pump, relay/module, wiring, pressure control, filter restriction or tank supply can be involved.","Corolla, Axio, Vitz, Hilux","March, Note, Sunny, X-Trail, Navara","S40, S60, V60, XC60","Pressure codes can be caused by restrictions/regulators/injectors, so they are supportive rather than proof of pump failure."
FUEL_PUMP,P0629,Fuel Pump A Control Circuit High,Direct/Strong,"Strong evidence for the named subsystem/fault family; confirm the failed component using live data, electrical/mechanical tests and OEM procedure.",Crank-no-start; long crank; stalling; hesitation under load; reduced power; fuel-pressure warning; intermittent loss of power.,"Fuel-pump/control or low-pressure fuel-delivery fault; pump, relay/module, wiring, pressure control, filter restriction or tank supply can be involved.","Corolla, Axio, Vitz, Hilux","March, Note, Sunny, X-Trail, Navara","S40, S60, V60, XC60","Pressure codes can be caused by restrictions/regulators/injectors, so they are supportive rather than proof of pump failure."
FUEL_PUMP,P069E,Fuel Pump Control Module Requested MIL Illumination,Direct/Strong,"Strong evidence for the named subsystem/fault family; confirm the failed component using live data, electrical/mechanical tests and OEM procedure.",Crank-no-start; long crank; stalling; hesitation under load; reduced power; fuel-pressure warning; intermittent loss of power.,"Fuel-pump/control or low-pressure fuel-delivery fault; pump, relay/module, wiring, pressure control, filter restriction or tank supply can be involved.","Corolla, Axio, Vitz, Hilux","March, Note, Sunny, X-Trail, Navara","S40, S60, V60, XC60","Pressure codes can be caused by restrictions/regulators/injectors, so they are supportive rather than proof of pump failure."
FUEL_PUMP,P0087,Fuel Rail/System Pressure - Too Low,Direct/Strong,"Strong evidence for the named subsystem/fault family; confirm the failed component using live data, electrical/mechanical tests and OEM procedure.",Crank-no-start; long crank; stalling; hesitation under load; reduced power; fuel-pressure warning; intermittent loss of power.,"Fuel-pump/control or low-pressure fuel-delivery fault; pump, relay/module, wiring, pressure control, filter restriction or tank supply can be involved.","Corolla, Axio, Vitz, Hilux","March, Note, Sunny, X-Trail, Navara","S40, S60, V60, XC60","Pressure codes can be caused by restrictions/regulators/injectors, so they are supportive rather than proof of pump failure."
FUEL_PUMP,P0089,Fuel Pressure Regulator Performance,Direct/Strong,"Strong evidence for the named subsystem/fault family; confirm the failed component using live data, electrical/mechanical tests and OEM procedure.",Crank-no-start; long crank; stalling; hesitation under load; reduced power; fuel-pressure warning; intermittent loss of power.,"Fuel-pump/control or low-pressure fuel-delivery fault; pump, relay/module, wiring, pressure control, filter restriction or tank supply can be involved.","Corolla, Axio, Vitz, Hilux","March, Note, Sunny, X-Trail, Navara","S40, S60, V60, XC60","Pressure codes can be caused by restrictions/regulators/injectors, so they are supportive rather than proof of pump failure."
FUEL_PUMP,P0190,Fuel Rail Pressure Sensor Circuit Malfunction,Direct/Strong,"Strong evidence for the named subsystem/fault family; confirm the failed component using live data, electrical/mechanical tests and OEM procedure.",Crank-no-start; long crank; stalling; hesitation under load; reduced power; fuel-pressure warning; intermittent loss of power.,"Fuel-pump/control or low-pressure fuel-delivery fault; pump, relay/module, wiring, pressure control, filter restriction or tank supply can be involved.","Corolla, Axio, Vitz, Hilux","March, Note, Sunny, X-Trail, Navara","S40, S60, V60, XC60","Pressure codes can be caused by restrictions/regulators/injectors, so they are supportive rather than proof of pump failure."
FUEL_PUMP,P0191,Fuel Rail Pressure Sensor Circuit Range/Performance,Direct/Strong,"Strong evidence for the named subsystem/fault family; confirm the failed component using live data, electrical/mechanical tests and OEM procedure.",Crank-no-start; long crank; stalling; hesitation under load; reduced power; fuel-pressure warning; intermittent loss of power.,"Fuel-pump/control or low-pressure fuel-delivery fault; pump, relay/module, wiring, pressure control, filter restriction or tank supply can be involved.","Corolla, Axio, Vitz, Hilux","March, Note, Sunny, X-Trail, Navara","S40, S60, V60, XC60","Pressure codes can be caused by restrictions/regulators/injectors, so they are supportive rather than proof of pump failure."
STARTER_MOTOR,P0512,Starter Request Circuit,Strong subsystem / not motor-only,"Identifies starter-request/relay/disable circuitry; starter motor/solenoid failure must be separated from wiring, authorization and battery faults.",No crank; intermittent crank; click/no crank; starter does not respond despite adequate battery voltage.,"Starter request/relay/disable circuit problem; motor/solenoid, relay, wiring, ignition/start authorization or ground may be responsible.","Corolla, Axio, Vitz, Hilux (non-hybrid)","March, Note, Sunny, X-Trail","S40, S60, V60, XC60","Generic DTCs usually identify starter control circuits, not a mechanically failed starter motor."
STARTER_MOTOR,P0615,Starter Relay Circuit,Strong subsystem / not motor-only,"Identifies starter-request/relay/disable circuitry; starter motor/solenoid failure must be separated from wiring, authorization and battery faults.",No crank; intermittent crank; click/no crank; starter does not respond despite adequate battery voltage.,"Starter request/relay/disable circuit problem; motor/solenoid, relay, wiring, ignition/start authorization or ground may be responsible.","Corolla, Axio, Vitz, Hilux (non-hybrid)","March, Note, Sunny, X-Trail","S40, S60, V60, XC60","Generic DTCs usually identify starter control circuits, not a mechanically failed starter motor."
STARTER_MOTOR,P0616,Starter Relay Circuit Low,Strong subsystem / not motor-only,"Identifies starter-request/relay/disable circuitry; starter motor/solenoid failure must be separated from wiring, authorization and battery faults.",No crank; intermittent crank; click/no crank; starter does not respond despite adequate battery voltage.,"Starter request/relay/disable circuit problem; motor/solenoid, relay, wiring, ignition/start authorization or ground may be responsible.","Corolla, Axio, Vitz, Hilux (non-hybrid)","March, Note, Sunny, X-Trail","S40, S60, V60, XC60","Generic DTCs usually identify starter control circuits, not a mechanically failed starter motor."
STARTER_MOTOR,P0617,Starter Relay Circuit High,Strong subsystem / not motor-only,"Identifies starter-request/relay/disable circuitry; starter motor/solenoid failure must be separated from wiring, authorization and battery faults.",No crank; intermittent crank; click/no crank; starter does not respond despite adequate battery voltage.,"Starter request/relay/disable circuit problem; motor/solenoid, relay, wiring, ignition/start authorization or ground may be responsible.","Corolla, Axio, Vitz, Hilux (non-hybrid)","March, Note, Sunny, X-Trail","S40, S60, V60, XC60","Generic DTCs usually identify starter control circuits, not a mechanically failed starter motor."
STARTER_MOTOR,P0817,Starter Disable Circuit,Strong subsystem / not motor-only,"Identifies starter-request/relay/disable circuitry; starter motor/solenoid failure must be separated from wiring, authorization and battery faults.",No crank; intermittent crank; click/no crank; starter does not respond despite adequate battery voltage.,"Starter request/relay/disable circuit problem; motor/solenoid, relay, wiring, ignition/start authorization or ground may be responsible.","Corolla, Axio, Vitz, Hilux (non-hybrid)","March, Note, Sunny, X-Trail","S40, S60, V60, XC60","Generic DTCs usually identify starter control circuits, not a mechanically failed starter motor."
RADIATOR_FAN_ISSUE,P0480,Cooling Fan 1 Control Circuit Malfunction,Direct/Strong,"Strong evidence for the named subsystem/fault family; confirm the failed component using live data, electrical/mechanical tests and OEM procedure.",Overheating at idle/traffic; fan does not run or runs abnormally; A/C performance may drop; temperature rises at low road speed.,"Cooling-fan motor, relay/module, speed sensor, power/ground or ECU control-circuit fault.","Corolla, Axio, Vitz, Prius/Aqua","March, Note, Sunny, X-Trail","S40, S60, V60, XC60","Fan DTC can be the cause of overheating, but cooling-system flow/thermostat/coolant level must still be checked."
RADIATOR_FAN_ISSUE,P0481,Cooling Fan 2 Control Circuit Malfunction,Direct/Strong,"Strong evidence for the named subsystem/fault family; confirm the failed component using live data, electrical/mechanical tests and OEM procedure.",Overheating at idle/traffic; fan does not run or runs abnormally; A/C performance may drop; temperature rises at low road speed.,"Cooling-fan motor, relay/module, speed sensor, power/ground or ECU control-circuit fault.","Corolla, Axio, Vitz, Prius/Aqua","March, Note, Sunny, X-Trail","S40, S60, V60, XC60","Fan DTC can be the cause of overheating, but cooling-system flow/thermostat/coolant level must still be checked."
RADIATOR_FAN_ISSUE,P0482,Cooling Fan 3 Control Circuit Malfunction,Direct/Strong,"Strong evidence for the named subsystem/fault family; confirm the failed component using live data, electrical/mechanical tests and OEM procedure.",Overheating at idle/traffic; fan does not run or runs abnormally; A/C performance may drop; temperature rises at low road speed.,"Cooling-fan motor, relay/module, speed sensor, power/ground or ECU control-circuit fault.","Corolla, Axio, Vitz, Prius/Aqua","March, Note, Sunny, X-Trail","S40, S60, V60, XC60","Fan DTC can be the cause of overheating, but cooling-system flow/thermostat/coolant level must still be checked."
RADIATOR_FAN_ISSUE,P0483,Cooling Fan Rationality Check Malfunction,Direct/Strong,"Strong evidence for the named subsystem/fault family; confirm the failed component using live data, electrical/mechanical tests and OEM procedure.",Overheating at idle/traffic; fan does not run or runs abnormally; A/C performance may drop; temperature rises at low road speed.,"Cooling-fan motor, relay/module, speed sensor, power/ground or ECU control-circuit fault.","Corolla, Axio, Vitz, Prius/Aqua","March, Note, Sunny, X-Trail","S40, S60, V60, XC60","Fan DTC can be the cause of overheating, but cooling-system flow/thermostat/coolant level must still be checked."
RADIATOR_FAN_ISSUE,P0484,Cooling Fan Circuit Over Current,Direct/Strong,"Strong evidence for the named subsystem/fault family; confirm the failed component using live data, electrical/mechanical tests and OEM procedure.",Overheating at idle/traffic; fan does not run or runs abnormally; A/C performance may drop; temperature rises at low road speed.,"Cooling-fan motor, relay/module, speed sensor, power/ground or ECU control-circuit fault.","Corolla, Axio, Vitz, Prius/Aqua","March, Note, Sunny, X-Trail","S40, S60, V60, XC60","Fan DTC can be the cause of overheating, but cooling-system flow/thermostat/coolant level must still be checked."
RADIATOR_FAN_ISSUE,P0485,Cooling Fan Power/Ground Circuit Malfunction,Direct/Strong,"Strong evidence for the named subsystem/fault family; confirm the failed component using live data, electrical/mechanical tests and OEM procedure.",Overheating at idle/traffic; fan does not run or runs abnormally; A/C performance may drop; temperature rises at low road speed.,"Cooling-fan motor, relay/module, speed sensor, power/ground or ECU control-circuit fault.","Corolla, Axio, Vitz, Prius/Aqua","March, Note, Sunny, X-Trail","S40, S60, V60, XC60","Fan DTC can be the cause of overheating, but cooling-system flow/thermostat/coolant level must still be checked."
RADIATOR_FAN_ISSUE,P0526,Fan Speed Sensor Circuit,Direct/Strong,"Strong evidence for the named subsystem/fault family; confirm the failed component using live data, electrical/mechanical tests and OEM procedure.",Overheating at idle/traffic; fan does not run or runs abnormally; A/C performance may drop; temperature rises at low road speed.,"Cooling-fan motor, relay/module, speed sensor, power/ground or ECU control-circuit fault.","Corolla, Axio, Vitz, Prius/Aqua","March, Note, Sunny, X-Trail","S40, S60, V60, XC60","Fan DTC can be the cause of overheating, but cooling-system flow/thermostat/coolant level must still be checked."
RADIATOR_FAN_ISSUE,P0527,Fan Speed Sensor Circuit Range/Performance,Direct/Strong,"Strong evidence for the named subsystem/fault family; confirm the failed component using live data, electrical/mechanical tests and OEM procedure.",Overheating at idle/traffic; fan does not run or runs abnormally; A/C performance may drop; temperature rises at low road speed.,"Cooling-fan motor, relay/module, speed sensor, power/ground or ECU control-circuit fault.","Corolla, Axio, Vitz, Prius/Aqua","March, Note, Sunny, X-Trail","S40, S60, V60, XC60","Fan DTC can be the cause of overheating, but cooling-system flow/thermostat/coolant level must still be checked."
RADIATOR_FAN_ISSUE,P0528,Fan Speed Sensor Circuit No Signal,Direct/Strong,"Strong evidence for the named subsystem/fault family; confirm the failed component using live data, electrical/mechanical tests and OEM procedure.",Overheating at idle/traffic; fan does not run or runs abnormally; A/C performance may drop; temperature rises at low road speed.,"Cooling-fan motor, relay/module, speed sensor, power/ground or ECU control-circuit fault.","Corolla, Axio, Vitz, Prius/Aqua","March, Note, Sunny, X-Trail","S40, S60, V60, XC60","Fan DTC can be the cause of overheating, but cooling-system flow/thermostat/coolant level must still be checked."
RADIATOR_FAN_ISSUE,P0529,Fan Speed Sensor Circuit Intermittent,Direct/Strong,"Strong evidence for the named subsystem/fault family; confirm the failed component using live data, electrical/mechanical tests and OEM procedure.",Overheating at idle/traffic; fan does not run or runs abnormally; A/C performance may drop; temperature rises at low road speed.,"Cooling-fan motor, relay/module, speed sensor, power/ground or ECU control-circuit fault.","Corolla, Axio, Vitz, Prius/Aqua","March, Note, Sunny, X-Trail","S40, S60, V60, XC60","Fan DTC can be the cause of overheating, but cooling-system flow/thermostat/coolant level must still be checked."
RADIATOR_FAN_ISSUE,P0691,Fan 1 Control Circuit Low,Direct/Strong,"Strong evidence for the named subsystem/fault family; confirm the failed component using live data, electrical/mechanical tests and OEM procedure.",Overheating at idle/traffic; fan does not run or runs abnormally; A/C performance may drop; temperature rises at low road speed.,"Cooling-fan motor, relay/module, speed sensor, power/ground or ECU control-circuit fault.","Corolla, Axio, Vitz, Prius/Aqua","March, Note, Sunny, X-Trail","S40, S60, V60, XC60","Fan DTC can be the cause of overheating, but cooling-system flow/thermostat/coolant level must still be checked."
RADIATOR_FAN_ISSUE,P0692,Fan 1 Control Circuit High,Direct/Strong,"Strong evidence for the named subsystem/fault family; confirm the failed component using live data, electrical/mechanical tests and OEM procedure.",Overheating at idle/traffic; fan does not run or runs abnormally; A/C performance may drop; temperature rises at low road speed.,"Cooling-fan motor, relay/module, speed sensor, power/ground or ECU control-circuit fault.","Corolla, Axio, Vitz, Prius/Aqua","March, Note, Sunny, X-Trail","S40, S60, V60, XC60","Fan DTC can be the cause of overheating, but cooling-system flow/thermostat/coolant level must still be checked."
RADIATOR_FAN_ISSUE,P0693,Fan 2 Control Circuit Low,Direct/Strong,"Strong evidence for the named subsystem/fault family; confirm the failed component using live data, electrical/mechanical tests and OEM procedure.",Overheating at idle/traffic; fan does not run or runs abnormally; A/C performance may drop; temperature rises at low road speed.,"Cooling-fan motor, relay/module, speed sensor, power/ground or ECU control-circuit fault.","Corolla, Axio, Vitz, Prius/Aqua","March, Note, Sunny, X-Trail","S40, S60, V60, XC60","Fan DTC can be the cause of overheating, but cooling-system flow/thermostat/coolant level must still be checked."
RADIATOR_FAN_ISSUE,P0694,Fan 2 Control Circuit High,Direct/Strong,"Strong evidence for the named subsystem/fault family; confirm the failed component using live data, electrical/mechanical tests and OEM procedure.",Overheating at idle/traffic; fan does not run or runs abnormally; A/C performance may drop; temperature rises at low road speed.,"Cooling-fan motor, relay/module, speed sensor, power/ground or ECU control-circuit fault.","Corolla, Axio, Vitz, Prius/Aqua","March, Note, Sunny, X-Trail","S40, S60, V60, XC60","Fan DTC can be the cause of overheating, but cooling-system flow/thermostat/coolant level must still be checked."
RADIATOR_FAN_ISSUE,P0695,Fan 3 Control Circuit Low,Direct/Strong,"Strong evidence for the named subsystem/fault family; confirm the failed component using live data, electrical/mechanical tests and OEM procedure.",Overheating at idle/traffic; fan does not run or runs abnormally; A/C performance may drop; temperature rises at low road speed.,"Cooling-fan motor, relay/module, speed sensor, power/ground or ECU control-circuit fault.","Corolla, Axio, Vitz, Prius/Aqua","March, Note, Sunny, X-Trail","S40, S60, V60, XC60","Fan DTC can be the cause of overheating, but cooling-system flow/thermostat/coolant level must still be checked."
RADIATOR_FAN_ISSUE,P0696,Fan 3 Control Circuit High,Direct/Strong,"Strong evidence for the named subsystem/fault family; confirm the failed component using live data, electrical/mechanical tests and OEM procedure.",Overheating at idle/traffic; fan does not run or runs abnormally; A/C performance may drop; temperature rises at low road speed.,"Cooling-fan motor, relay/module, speed sensor, power/ground or ECU control-circuit fault.","Corolla, Axio, Vitz, Prius/Aqua","March, Note, Sunny, X-Trail","S40, S60, V60, XC60","Fan DTC can be the cause of overheating, but cooling-system flow/thermostat/coolant level must still be checked."
COOLANT_LOW,P0125,Insufficient Coolant Temperature for Closed Loop Fuel Control,Indirect,Shows abnormal coolant-temperature behavior/over-temperature; coolant quantity must be checked physically.,Temperature warning; heater output changes; overheating; temperature fluctuation; possible coolant smell or visible leak.,"Cooling-system abnormality consistent with low coolant, thermostat, leak, air pocket or sensor issue.","Corolla, Axio, Vitz, Prius, Hilux","March, Note, Sunny, X-Trail, Navara","S40, S60, V60, XC60, XC90",No universal generic DTC proves 'coolant low'. These codes are evidence only; physical level/leak inspection is required.
COOLANT_LOW,P0126,Insufficient Coolant Temperature for Stable Operation,Indirect,Shows abnormal coolant-temperature behavior/over-temperature; coolant quantity must be checked physically.,Temperature warning; heater output changes; overheating; temperature fluctuation; possible coolant smell or visible leak.,"Cooling-system abnormality consistent with low coolant, thermostat, leak, air pocket or sensor issue.","Corolla, Axio, Vitz, Prius, Hilux","March, Note, Sunny, X-Trail, Navara","S40, S60, V60, XC60, XC90",No universal generic DTC proves 'coolant low'. These codes are evidence only; physical level/leak inspection is required.
COOLANT_LOW,P0128,Coolant Thermostat (Coolant Temp Below Thermostat Regulating Temperature),Indirect,Shows abnormal coolant-temperature behavior/over-temperature; coolant quantity must be checked physically.,Temperature warning; heater output changes; overheating; temperature fluctuation; possible coolant smell or visible leak.,"Cooling-system abnormality consistent with low coolant, thermostat, leak, air pocket or sensor issue.","Corolla, Axio, Vitz, Prius, Hilux","March, Note, Sunny, X-Trail, Navara","S40, S60, V60, XC60, XC90",No universal generic DTC proves 'coolant low'. These codes are evidence only; physical level/leak inspection is required.
COOLANT_LOW,P0217,Engine Overtemp Condition,Indirect,Shows abnormal coolant-temperature behavior/over-temperature; coolant quantity must be checked physically.,Temperature warning; heater output changes; overheating; temperature fluctuation; possible coolant smell or visible leak.,"Cooling-system abnormality consistent with low coolant, thermostat, leak, air pocket or sensor issue.","Corolla, Axio, Vitz, Prius, Hilux","March, Note, Sunny, X-Trail, Navara","S40, S60, V60, XC60, XC90",No universal generic DTC proves 'coolant low'. These codes are evidence only; physical level/leak inspection is required.
FUEL_FILTER_CLOGGED,P0087,Fuel Rail/System Pressure - Too Low,Indirect/Supportive,Shows fuel-pressure/delivery abnormality; restriction from a clogged filter is one hypothesis among pump/regulator/sensor causes.,Power loss under load; long crank; stalling; poor acceleration; rail pressure lower than commanded.,"Fuel-delivery restriction possible, including clogged filter; pump, regulator, supply line, sensor or injector faults can produce the same DTCs.",Hilux/diesel; petrol models if serviceable filter,X-Trail/Navara diesel; petrol models if serviceable filter,Diesel S60/V60/XC60; engine-specific,DTC cannot distinguish a clogged filter from a weak pump or regulator without pressure/flow testing.
FUEL_FILTER_CLOGGED,P0089,Fuel Pressure Regulator Performance,Indirect/Supportive,Shows fuel-pressure/delivery abnormality; restriction from a clogged filter is one hypothesis among pump/regulator/sensor causes.,Power loss under load; long crank; stalling; poor acceleration; rail pressure lower than commanded.,"Fuel-delivery restriction possible, including clogged filter; pump, regulator, supply line, sensor or injector faults can produce the same DTCs.",Hilux/diesel; petrol models if serviceable filter,X-Trail/Navara diesel; petrol models if serviceable filter,Diesel S60/V60/XC60; engine-specific,DTC cannot distinguish a clogged filter from a weak pump or regulator without pressure/flow testing.
FUEL_FILTER_CLOGGED,P0093,Fuel System Leak Detected - Large Leak,Indirect/Supportive,Shows fuel-pressure/delivery abnormality; restriction from a clogged filter is one hypothesis among pump/regulator/sensor causes.,Power loss under load; long crank; stalling; poor acceleration; rail pressure lower than commanded.,"Fuel-delivery restriction possible, including clogged filter; pump, regulator, supply line, sensor or injector faults can produce the same DTCs.",Hilux/diesel; petrol models if serviceable filter,X-Trail/Navara diesel; petrol models if serviceable filter,Diesel S60/V60/XC60; engine-specific,DTC cannot distinguish a clogged filter from a weak pump or regulator without pressure/flow testing.
FUEL_FILTER_CLOGGED,P0191,Fuel Rail Pressure Sensor Circuit Range/Performance,Indirect/Supportive,Shows fuel-pressure/delivery abnormality; restriction from a clogged filter is one hypothesis among pump/regulator/sensor causes.,Power loss under load; long crank; stalling; poor acceleration; rail pressure lower than commanded.,"Fuel-delivery restriction possible, including clogged filter; pump, regulator, supply line, sensor or injector faults can produce the same DTCs.",Hilux/diesel; petrol models if serviceable filter,X-Trail/Navara diesel; petrol models if serviceable filter,Diesel S60/V60/XC60; engine-specific,DTC cannot distinguish a clogged filter from a weak pump or regulator without pressure/flow testing.
FUEL_FILTER_CLOGGED,P0192,Fuel Rail Pressure Sensor Circuit Low Input,Indirect/Supportive,Shows fuel-pressure/delivery abnormality; restriction from a clogged filter is one hypothesis among pump/regulator/sensor causes.,Power loss under load; long crank; stalling; poor acceleration; rail pressure lower than commanded.,"Fuel-delivery restriction possible, including clogged filter; pump, regulator, supply line, sensor or injector faults can produce the same DTCs.",Hilux/diesel; petrol models if serviceable filter,X-Trail/Navara diesel; petrol models if serviceable filter,Diesel S60/V60/XC60; engine-specific,DTC cannot distinguish a clogged filter from a weak pump or regulator without pressure/flow testing.
FUEL_FILTER_CLOGGED,P0193,Fuel Rail Pressure Sensor Circuit High Input,Indirect/Supportive,Shows fuel-pressure/delivery abnormality; restriction from a clogged filter is one hypothesis among pump/regulator/sensor causes.,Power loss under load; long crank; stalling; poor acceleration; rail pressure lower than commanded.,"Fuel-delivery restriction possible, including clogged filter; pump, regulator, supply line, sensor or injector faults can produce the same DTCs.",Hilux/diesel; petrol models if serviceable filter,X-Trail/Navara diesel; petrol models if serviceable filter,Diesel S60/V60/XC60; engine-specific,DTC cannot distinguish a clogged filter from a weak pump or regulator without pressure/flow testing.
ENGINE_OVERHEAT_SEVERE,P0217,Engine Overtemp Condition,Direct for overtemp / supportive for cause,"Direct evidence of an over-temperature event, but not of the underlying cause.",Temperature gauge/warning high; coolant boiling; loss of power; steam; possible limp mode; fan-related overheating.,"Engine over-temperature event; determine coolant loss, thermostat, fan, water pump, radiator restriction or combustion-gas cause.","Corolla, Axio, Vitz, Hilux","March, Note, X-Trail, Navara","S60, V60, XC60, XC90",P0217 indicates an over-temperature condition; it does not identify the root cause.
ENGINE_OVERHEAT_SEVERE,P0480,Cooling Fan 1 Control Circuit Malfunction,Direct for overtemp / supportive for cause,"Strong evidence for the named subsystem/fault family; confirm the failed component using live data, electrical/mechanical tests and OEM procedure.",Temperature gauge/warning high; coolant boiling; loss of power; steam; possible limp mode; fan-related overheating.,"Engine over-temperature event; determine coolant loss, thermostat, fan, water pump, radiator restriction or combustion-gas cause.","Corolla, Axio, Vitz, Hilux","March, Note, X-Trail, Navara","S60, V60, XC60, XC90",P0217 indicates an over-temperature condition; it does not identify the root cause.
ENGINE_OVERHEAT_SEVERE,P0481,Cooling Fan 2 Control Circuit Malfunction,Direct for overtemp / supportive for cause,"Strong evidence for the named subsystem/fault family; confirm the failed component using live data, electrical/mechanical tests and OEM procedure.",Temperature gauge/warning high; coolant boiling; loss of power; steam; possible limp mode; fan-related overheating.,"Engine over-temperature event; determine coolant loss, thermostat, fan, water pump, radiator restriction or combustion-gas cause.","Corolla, Axio, Vitz, Hilux","March, Note, X-Trail, Navara","S60, V60, XC60, XC90",P0217 indicates an over-temperature condition; it does not identify the root cause.
ENGINE_OVERHEAT_SEVERE,P0528,Fan Speed Sensor Circuit No Signal,Direct for overtemp / supportive for cause,"Strong evidence for the named subsystem/fault family; confirm the failed component using live data, electrical/mechanical tests and OEM procedure.",Temperature gauge/warning high; coolant boiling; loss of power; steam; possible limp mode; fan-related overheating.,"Engine over-temperature event; determine coolant loss, thermostat, fan, water pump, radiator restriction or combustion-gas cause.","Corolla, Axio, Vitz, Hilux","March, Note, X-Trail, Navara","S60, V60, XC60, XC90",P0217 indicates an over-temperature condition; it does not identify the root cause.
ENGINE_OVERHEAT_SEVERE,P0691,Fan 1 Control Circuit Low,Direct for overtemp / supportive for cause,"Strong evidence for the named subsystem/fault family; confirm the failed component using live data, electrical/mechanical tests and OEM procedure.",Temperature gauge/warning high; coolant boiling; loss of power; steam; possible limp mode; fan-related overheating.,"Engine over-temperature event; determine coolant loss, thermostat, fan, water pump, radiator restriction or combustion-gas cause.","Corolla, Axio, Vitz, Hilux","March, Note, X-Trail, Navara","S60, V60, XC60, XC90",P0217 indicates an over-temperature condition; it does not identify the root cause.
ENGINE_OVERHEAT_SEVERE,P0693,Fan 2 Control Circuit Low,Direct for overtemp / supportive for cause,"Strong evidence for the named subsystem/fault family; confirm the failed component using live data, electrical/mechanical tests and OEM procedure.",Temperature gauge/warning high; coolant boiling; loss of power; steam; possible limp mode; fan-related overheating.,"Engine over-temperature event; determine coolant loss, thermostat, fan, water pump, radiator restriction or combustion-gas cause.","Corolla, Axio, Vitz, Hilux","March, Note, X-Trail, Navara","S60, V60, XC60, XC90",P0217 indicates an over-temperature condition; it does not identify the root cause.
ABS_SENSOR_RUST_CORROSION,C0035,Left Front Wheel Speed Circuit Malfunction,Strong for ABS sensor/circuit; corrosion cause needs inspection,"Identifies ABS/wheel-speed circuit/communication evidence; rust/corrosion is an inspected root cause, not encoded in the generic DTC.",ABS/traction warning; intermittent wheel-speed dropout; ABS activation at low speed; warnings after wet conditions possible.,"Wheel-speed sensor/tone-ring/wiring/connector fault. Rust, corrosion, water ingress or bearing play are physical causes to inspect.","Corolla, Axio, Vitz, Prius/Aqua","March, Note, Sunny, X-Trail","S40/V40, S60, V60, XC60","Generic DTC can identify the affected wheel-speed circuit, but cannot prove rust/corrosion as the cause."
ABS_SENSOR_RUST_CORROSION,C0040,Right Front Wheel Speed Circuit Malfunction,Strong for ABS sensor/circuit; corrosion cause needs inspection,"Identifies ABS/wheel-speed circuit/communication evidence; rust/corrosion is an inspected root cause, not encoded in the generic DTC.",ABS/traction warning; intermittent wheel-speed dropout; ABS activation at low speed; warnings after wet conditions possible.,"Wheel-speed sensor/tone-ring/wiring/connector fault. Rust, corrosion, water ingress or bearing play are physical causes to inspect.","Corolla, Axio, Vitz, Prius/Aqua","March, Note, Sunny, X-Trail","S40/V40, S60, V60, XC60","Generic DTC can identify the affected wheel-speed circuit, but cannot prove rust/corrosion as the cause."
ABS_SENSOR_RUST_CORROSION,C0041,Right Front Wheel Speed Sensor Circuit Range/Performance (EBCM),Strong for ABS sensor/circuit; corrosion cause needs inspection,"Identifies ABS/wheel-speed circuit/communication evidence; rust/corrosion is an inspected root cause, not encoded in the generic DTC.",ABS/traction warning; intermittent wheel-speed dropout; ABS activation at low speed; warnings after wet conditions possible.,"Wheel-speed sensor/tone-ring/wiring/connector fault. Rust, corrosion, water ingress or bearing play are physical causes to inspect.","Corolla, Axio, Vitz, Prius/Aqua","March, Note, Sunny, X-Trail","S40/V40, S60, V60, XC60","Generic DTC can identify the affected wheel-speed circuit, but cannot prove rust/corrosion as the cause."
ABS_SENSOR_RUST_CORROSION,C0045,Left Rear Wheel Speed Circuit Malfunction,Strong for ABS sensor/circuit; corrosion cause needs inspection,"Identifies ABS/wheel-speed circuit/communication evidence; rust/corrosion is an inspected root cause, not encoded in the generic DTC.",ABS/traction warning; intermittent wheel-speed dropout; ABS activation at low speed; warnings after wet conditions possible.,"Wheel-speed sensor/tone-ring/wiring/connector fault. Rust, corrosion, water ingress or bearing play are physical causes to inspect.","Corolla, Axio, Vitz, Prius/Aqua","March, Note, Sunny, X-Trail","S40/V40, S60, V60, XC60","Generic DTC can identify the affected wheel-speed circuit, but cannot prove rust/corrosion as the cause."
ABS_SENSOR_RUST_CORROSION,C0046,Left Rear Wheel Speed Sensor Circuit Range/Performance (EBCM),Strong for ABS sensor/circuit; corrosion cause needs inspection,"Identifies ABS/wheel-speed circuit/communication evidence; rust/corrosion is an inspected root cause, not encoded in the generic DTC.",ABS/traction warning; intermittent wheel-speed dropout; ABS activation at low speed; warnings after wet conditions possible.,"Wheel-speed sensor/tone-ring/wiring/connector fault. Rust, corrosion, water ingress or bearing play are physical causes to inspect.","Corolla, Axio, Vitz, Prius/Aqua","March, Note, Sunny, X-Trail","S40/V40, S60, V60, XC60","Generic DTC can identify the affected wheel-speed circuit, but cannot prove rust/corrosion as the cause."
ABS_SENSOR_RUST_CORROSION,U0121,Lost Communication With Anti-Lock Brake System (ABS) Control Module,Strong for ABS sensor/circuit; corrosion cause needs inspection,"Identifies ABS/wheel-speed circuit/communication evidence; rust/corrosion is an inspected root cause, not encoded in the generic DTC.",ABS/traction warning; intermittent wheel-speed dropout; ABS activation at low speed; warnings after wet conditions possible.,"Wheel-speed sensor/tone-ring/wiring/connector fault. Rust, corrosion, water ingress or bearing play are physical causes to inspect.","Corolla, Axio, Vitz, Prius/Aqua","March, Note, Sunny, X-Trail","S40/V40, S60, V60, XC60","Generic DTC can identify the affected wheel-speed circuit, but cannot prove rust/corrosion as the cause."
BATTERY_JUMP,P0560,System Voltage Malfunction,Supportive,Supports a low-voltage/no-start event; does not prove that jump-starting is the correct final repair.,Slow/no crank; dim lights; modules resetting; low-voltage warnings; vehicle may start after jump assistance.,"Low system voltage event. Battery discharge is plausible but alternator, cable/ground, parasitic draw or connection fault must be excluded.","Corolla, Axio, Vitz, Hilux","March, Note, Sunny, X-Trail","S40, S60, V60, XC60","'Jump-start' is an action, not a DTC diagnosis. Use DTC only as supporting evidence."
BATTERY_JUMP,P0561,System Voltage Unstable,Supportive,Supports a low-voltage/no-start event; does not prove that jump-starting is the correct final repair.,Slow/no crank; dim lights; modules resetting; low-voltage warnings; vehicle may start after jump assistance.,"Low system voltage event. Battery discharge is plausible but alternator, cable/ground, parasitic draw or connection fault must be excluded.","Corolla, Axio, Vitz, Hilux","March, Note, Sunny, X-Trail","S40, S60, V60, XC60","'Jump-start' is an action, not a DTC diagnosis. Use DTC only as supporting evidence."
BATTERY_JUMP,P0562,System Voltage Low,Supportive,Supports a low-voltage/no-start event; does not prove that jump-starting is the correct final repair.,Slow/no crank; dim lights; modules resetting; low-voltage warnings; vehicle may start after jump assistance.,"Low system voltage event. Battery discharge is plausible but alternator, cable/ground, parasitic draw or connection fault must be excluded.","Corolla, Axio, Vitz, Hilux","March, Note, Sunny, X-Trail","S40, S60, V60, XC60","'Jump-start' is an action, not a DTC diagnosis. Use DTC only as supporting evidence."
BATTERY_JUMP,U0100,"Lost Communication With ECM/PCM ""A""",Supportive,Supports a low-voltage/no-start event; does not prove that jump-starting is the correct final repair.,Slow/no crank; dim lights; modules resetting; low-voltage warnings; vehicle may start after jump assistance.,"Low system voltage event. Battery discharge is plausible but alternator, cable/ground, parasitic draw or connection fault must be excluded.","Corolla, Axio, Vitz, Hilux","March, Note, Sunny, X-Trail","S40, S60, V60, XC60","'Jump-start' is an action, not a DTC diagnosis. Use DTC only as supporting evidence."
BATTERY_REPLACE,P0560,System Voltage Malfunction,Supportive only,Supports low-voltage history only; 12-V battery replacement requires a capacity/conductance/load test.,Repeated no-start/slow crank; low voltage after charging; electrical resets; battery fails capacity test.,Battery replacement candidate only after state-of-health/capacity test confirms battery failure.,"Corolla, Axio, Vitz, Hilux","March, Note, Sunny, X-Trail","S40, S60, V60, XC60","No generic OBD DTC says 'replace 12-V battery'. P056x is voltage evidence, not replacement proof."
BATTERY_REPLACE,P0561,System Voltage Unstable,Supportive only,Supports low-voltage history only; 12-V battery replacement requires a capacity/conductance/load test.,Repeated no-start/slow crank; low voltage after charging; electrical resets; battery fails capacity test.,Battery replacement candidate only after state-of-health/capacity test confirms battery failure.,"Corolla, Axio, Vitz, Hilux","March, Note, Sunny, X-Trail","S40, S60, V60, XC60","No generic OBD DTC says 'replace 12-V battery'. P056x is voltage evidence, not replacement proof."
BATTERY_REPLACE,P0562,System Voltage Low,Supportive only,Supports low-voltage history only; 12-V battery replacement requires a capacity/conductance/load test.,Repeated no-start/slow crank; low voltage after charging; electrical resets; battery fails capacity test.,Battery replacement candidate only after state-of-health/capacity test confirms battery failure.,"Corolla, Axio, Vitz, Hilux","March, Note, Sunny, X-Trail","S40, S60, V60, XC60","No generic OBD DTC says 'replace 12-V battery'. P056x is voltage evidence, not replacement proof."
BATTERY_REPLACE,P0603,Internal Control Module Keep Alive Memory (KAM) Error,Supportive only,Supports low-voltage history only; 12-V battery replacement requires a capacity/conductance/load test.,Repeated no-start/slow crank; low voltage after charging; electrical resets; battery fails capacity test.,Battery replacement candidate only after state-of-health/capacity test confirms battery failure.,"Corolla, Axio, Vitz, Hilux","March, Note, Sunny, X-Trail","S40, S60, V60, XC60","No generic OBD DTC says 'replace 12-V battery'. P056x is voltage evidence, not replacement proof."
BATTERY_TERMINAL_CLEAN,P0560,System Voltage Malfunction,Weak/Context,Supports voltage/network instability only; dirty/corroded terminals require visual inspection and voltage-drop testing.,Intermittent no-crank; voltage drop; flickering/resetting electronics; multiple low-voltage/network faults.,"High-resistance battery terminal/ground connection is possible, especially with visible corrosion or voltage drop.","Corolla, Axio, Vitz, Hilux","March, Note, Sunny, X-Trail","S40, S60, V60, XC60",The DTC does not identify dirty terminals; physical inspection/voltage-drop testing is decisive.
BATTERY_TERMINAL_CLEAN,P0561,System Voltage Unstable,Weak/Context,Supports voltage/network instability only; dirty/corroded terminals require visual inspection and voltage-drop testing.,Intermittent no-crank; voltage drop; flickering/resetting electronics; multiple low-voltage/network faults.,"High-resistance battery terminal/ground connection is possible, especially with visible corrosion or voltage drop.","Corolla, Axio, Vitz, Hilux","March, Note, Sunny, X-Trail","S40, S60, V60, XC60",The DTC does not identify dirty terminals; physical inspection/voltage-drop testing is decisive.
BATTERY_TERMINAL_CLEAN,P0562,System Voltage Low,Weak/Context,Supports voltage/network instability only; dirty/corroded terminals require visual inspection and voltage-drop testing.,Intermittent no-crank; voltage drop; flickering/resetting electronics; multiple low-voltage/network faults.,"High-resistance battery terminal/ground connection is possible, especially with visible corrosion or voltage drop.","Corolla, Axio, Vitz, Hilux","March, Note, Sunny, X-Trail","S40, S60, V60, XC60",The DTC does not identify dirty terminals; physical inspection/voltage-drop testing is decisive.
BATTERY_TERMINAL_CLEAN,U0073,Control Module Communication Bus Off,Weak/Context,Supports voltage/network instability only; dirty/corroded terminals require visual inspection and voltage-drop testing.,Intermittent no-crank; voltage drop; flickering/resetting electronics; multiple low-voltage/network faults.,"High-resistance battery terminal/ground connection is possible, especially with visible corrosion or voltage drop.","Corolla, Axio, Vitz, Hilux","March, Note, Sunny, X-Trail","S40, S60, V60, XC60",The DTC does not identify dirty terminals; physical inspection/voltage-drop testing is decisive.
CLUTCH_WORN,P0810,Clutch Position Control Error,P0811 strong for slippage; others subsystem-only,P0811 directly supports excessive clutch slip; actuator codes indicate clutch-system control faults but do not prove friction-disc wear.,Engine RPM rises without proportional vehicle speed; poor take-off; burning-clutch smell; clutch/gear engagement warning on automated systems.,Excessive clutch slip or clutch-actuator/control fault. Friction-disc wear must be confirmed physically/through slip testing.,Manual/AMT variants only,Manual/AMT variants only,Manual/automated-manual variants; exact platform dependent,P0811 is useful evidence of excessive clutch slippage; it still does not prove the friction disc alone is worn.
CLUTCH_WORN,P0811,Excessive Clutch Slippage,P0811 strong for slippage; others subsystem-only,P0811 directly supports excessive clutch slip; actuator codes indicate clutch-system control faults but do not prove friction-disc wear.,Engine RPM rises without proportional vehicle speed; poor take-off; burning-clutch smell; clutch/gear engagement warning on automated systems.,Excessive clutch slip or clutch-actuator/control fault. Friction-disc wear must be confirmed physically/through slip testing.,Manual/AMT variants only,Manual/AMT variants only,Manual/automated-manual variants; exact platform dependent,P0811 is useful evidence of excessive clutch slippage; it still does not prove the friction disc alone is worn.
CLUTCH_WORN,P0900,Clutch Actuator Circuit / Open,P0811 strong for slippage; others subsystem-only,P0811 directly supports excessive clutch slip; actuator codes indicate clutch-system control faults but do not prove friction-disc wear.,Engine RPM rises without proportional vehicle speed; poor take-off; burning-clutch smell; clutch/gear engagement warning on automated systems.,Excessive clutch slip or clutch-actuator/control fault. Friction-disc wear must be confirmed physically/through slip testing.,Manual/AMT variants only,Manual/AMT variants only,Manual/automated-manual variants; exact platform dependent,P0811 is useful evidence of excessive clutch slippage; it still does not prove the friction disc alone is worn.
CLUTCH_WORN,P0901,Clutch Actuator Circuit Range/Performance,P0811 strong for slippage; others subsystem-only,P0811 directly supports excessive clutch slip; actuator codes indicate clutch-system control faults but do not prove friction-disc wear.,Engine RPM rises without proportional vehicle speed; poor take-off; burning-clutch smell; clutch/gear engagement warning on automated systems.,Excessive clutch slip or clutch-actuator/control fault. Friction-disc wear must be confirmed physically/through slip testing.,Manual/AMT variants only,Manual/AMT variants only,Manual/automated-manual variants; exact platform dependent,P0811 is useful evidence of excessive clutch slippage; it still does not prove the friction disc alone is worn.
CLUTCH_WORN,P0902,Clutch Actuator Circuit Low,P0811 strong for slippage; others subsystem-only,P0811 directly supports excessive clutch slip; actuator codes indicate clutch-system control faults but do not prove friction-disc wear.,Engine RPM rises without proportional vehicle speed; poor take-off; burning-clutch smell; clutch/gear engagement warning on automated systems.,Excessive clutch slip or clutch-actuator/control fault. Friction-disc wear must be confirmed physically/through slip testing.,Manual/AMT variants only,Manual/AMT variants only,Manual/automated-manual variants; exact platform dependent,P0811 is useful evidence of excessive clutch slippage; it still does not prove the friction disc alone is worn.
CLUTCH_WORN,P0903,Clutch Actuator Circuit High,P0811 strong for slippage; others subsystem-only,P0811 directly supports excessive clutch slip; actuator codes indicate clutch-system control faults but do not prove friction-disc wear.,Engine RPM rises without proportional vehicle speed; poor take-off; burning-clutch smell; clutch/gear engagement warning on automated systems.,Excessive clutch slip or clutch-actuator/control fault. Friction-disc wear must be confirmed physically/through slip testing.,Manual/AMT variants only,Manual/AMT variants only,Manual/automated-manual variants; exact platform dependent,P0811 is useful evidence of excessive clutch slippage; it still does not prove the friction disc alone is worn.
