battery_voltage_v,battery_temp_c,battery_charge_percent,battery_health_percent,alternator_output_v,engine_temp_c,coolant_temp_c,engine_rpm,oil_pressure_psi,fuel_level_percent,engine_load_percent,ambient_temp_c,brake_fluid_level_psi,brake_pad_wear_mm,brake_temp_c,service_type,detected_dtc,source
10.22262718,24.05438177,96.65831733,96.28518604,13.83084514,95.06116446,91.05450587,4004.064172,35.76909433,10.97539818,26.42731663,18.54893384,1010.623532,7.202903519,119.5483414,BATTERY_JUMP,U0100,real_dtc_expert_retrofit
12.54526034,34.43933942,53.78850905,94.16838848,14.16743439,115.3301864,89.05912944,1105.271005,6.374114207,55.12023729,0,29.68056658,860.4565918,7.315401087,26.51672572,SEVERE_MECHANICAL_TOW,NOT_APPLICABLE,real_dtc_expert_retrofit
12.99421143,21.03233859,42.36665628,91.78745399,14.94432568,119.3224707,89.68972545,1583.231458,12.07998446,93.29009392,47.50963839,37.86324141,1048.231935,8.747317731,72.42323288,FUEL_FILTER_CLOGGED,P0089,real_dtc_expert_retrofit
12.36943469,28.97421523,67.19654361,93.65491792,14.30088776,107.6992981,93.97444693,2359.938617,8.298198455,21.45207693,25.51953511,16.41249068,1022.897538,7.743241427,88.21943977,ELECTRICAL_FAULT_RAIN,NOT_APPLICABLE,real_dtc_expert_retrofit
12.99421143,21.03233859,42.36665628,91.78745399,14.94432568,119.3224707,89.68972545,1583.231458,12.07998446,93.29009392,47.50963839,37.86324141,1048.231935,8.747317731,72.42323288,COOLANT_LOW,P0128,real_dtc_expert_retrofit
12.36943469,28.97421523,67.19654361,93.65491792,14.30088776,107.6992981,93.97444693,2359.938617,8.298198455,21.45207693,25.51953511,16.41249068,1022.897538,7.743241427,88.21943977,TRANSMISSION_ISSUE,P0761,real_dtc_expert_retrofit
13.13321027,20.55746411,96.06000557,93.36690508,14.09910912,96.1629783,84.87913368,2143.467421,45.61131069,12.20408015,47.76143682,29.72121792,456.6410244,8.662123664,298.7755896,BRAKE_PAD_WORN,NOT_APPLICABLE,real_dtc_expert_retrofit
12.28387908,30.28931727,90.19038036,98.45131565,14.08087482,108.6451888,93.92400388,1707.592781,5.928049328,93.75842798,37.01380133,30.83551312,891.7197692,7.491967883,39.15051858,FUEL_PUMP,P0629,real_dtc_expert_retrofit
9.06508174,28.7736311,90.40652444,91.99655029,14.37337167,93.09603477,88.27421811,2310.446055,41.03564044,58.21544279,21.84279055,48.90440481,881.7042728,9.690619581,66.90858781,BATTERY_REPLACE,P0603,real_dtc_expert_retrofit
12.36943469,28.97421523,67.19654361,93.65491792,14.30088776,107.6992981,93.97444693,2359.938617,8.298198455,21.45207693,25.51953511,16.41249068,1022.897538,7.743241427,88.21943977,TRANSMISSION_ISSUE,P0740,real_dtc_expert_retrofit
9.854863413,27.03804411,54.22012633,94.73013548,14.524197,90.63422152,90.05770556,1099.625131,62.95133775,13.18559905,55.87771196,37.63309586,793.1526558,8.8378406,130.8136153,ALTERNATOR_ISSUE,P0562,real_dtc_expert_retrofit
13.22599171,21.87890665,55.36935705,94.20963646,13.99878928,97.05824446,94.98240666,2949.17432,37.18662277,15.3493797,57.11880837,34.44389814,433.7843742,7.381420961,267.821446,BRAKE_PAD_WORN,NOT_APPLICABLE,real_dtc_expert_retrofit
12.36943469,28.97421523,67.19654361,93.65491792,14.30088776,107.6992981,93.97444693,2359.938617,8.298198455,21.45207693,25.51953511,16.41249068,1022.897538,7.743241427,88.21943977,BELT_BROKEN,NOT_APPLICABLE,real_dtc_expert_retrofit
12.99421143,21.03233859,42.36665628,91.78745399,14.94432568,119.3224707,89.68972545,1583.231458,12.07998446,93.29009392,47.50963839,37.86324141,1048.231935,8.747317731,72.42323288,FUEL_PUMP,P0231,real_dtc_expert_retrofit
10.55655403,25.68079148,90.35683018,91.81400866,14.35706789,92.49465951,85.55333459,700,45.49478922,82.92813761,41.34083791,10.29321232,1093.079548,8.782814574,80.21136718,BATTERY_JUMP,U0100,real_dtc_expert_retrofit
12.36943469,28.97421523,67.19654361,93.65491792,14.30088776,107.6992981,93.97444693,2359.938617,8.298198455,21.45207693,25.51953511,16.41249068,1022.897538,7.743241427,88.21943977,CLUTCH_WORN,P0902,real_dtc_expert_retrofit
12.28387908,30.28931727,90.19038036,98.45131565,14.08087482,108.6451888,93.92400388,1707.592781,5.928049328,93.75842798,37.01380133,30.83551312,891.7197692,7.491967883,39.15051858,TRANSMISSION_ISSUE,P0753,real_dtc_expert_retrofit
12.36943469,28.97421523,67.19654361,93.65491792,14.30088776,107.6992981,93.97444693,2359.938617,8.298198455,21.45207693,25.51953511,16.41249068,1022.897538,7.743241427,88.21943977,BELT_BROKEN,NOT_APPLICABLE,real_dtc_expert_retrofit
12.99421143,21.03233859,42.36665628,91.78745399,14.94432568,119.3224707,89.68972545,1583.231458,12.07998446,93.29009392,47.50963839,37.86324141,1048.231935,8.747317731,72.42323288,FUEL_FILTER_CLOGGED,P0093,real_dtc_expert_retrofit
9.867297907,27.11228036,54.72120631,93.60084595,14.13522214,96.00931402,91.7897245,872.8526872,42.91440826,85.66587659,35.93174635,16.72779487,883.3105205,7.494422038,77.87988025,BATTERY_REPLACE,P0561,real_dtc_expert_retrofit
12.11783061,25.49663744,53.06896454,90.99003046,14.01191003,107.2824494,89.94877182,1449.656077,13.02178224,63.95875208,29.76837042,44.04827606,950.2886283,6.804021645,136.8068271,RADIATOR_HOSE_LEAK,NOT_APPLICABLE,real_dtc_expert_retrofit
9.06508174,28.7736311,90.40652444,91.99655029,14.37337167,93.09603477,88.27421811,2310.446055,41.03564044,58.21544279,21.84279055,48.90440481,881.7042728,9.690619581,66.90858781,STARTER_MOTOR,P0817,real_dtc_expert_retrofit
9.854863413,27.03804411,54.22012633,94.73013548,14.524197,90.63422152,90.05770556,1099.625131,62.95133775,13.18559905,55.87771196,37.63309586,793.1526558,8.8378406,130.8136153,STARTER_MOTOR,P0617,real_dtc_expert_retrofit
12.36943469,28.97421523,67.19654361,93.65491792,14.30088776,107.6992981,93.97444693,2359.938617,8.298198455,21.45207693,25.51953511,16.41249068,1022.897538,7.743241427,88.21943977,CLUTCH_WORN,P0903,real_dtc_expert_retrofit
10.01620326,27.12871194,54.68471327,90.29097604,13.914573,94.15220795,91.2544444,2932.261558,33.86586464,77.19722436,64.58705826,30.1909344,1140.578055,8.971950715,-9.881104159,ALTERNATOR_ISSUE,P0625,real_dtc_expert_retrofit
12.83935888,26.91662452,71.22347754,91.41174785,14.42203255,109.0448565,89.25763438,1300.34719,13.81014746,98.00225252,29.63722775,33.29281544,1080.13722,9.168202316,144.198733,RADIATOR_FAN_ISSUE,P0693,real_dtc_expert_retrofit
12.28387908,30.28931727,90.19038036,98.45131565,14.08087482,108.6451888,93.92400388,1707.592781,5.928049328,93.75842798,37.01380133,30.83551312,891.7197692,7.491967883,39.15051858,COOLANT_LOW,P0128,real_dtc_expert_retrofit
12.73451877,23.41671306,52.07585986,91.53412848,14.23749573,91.29501022,86.71154802,2573.088143,45.03943105,19.55049268,7.000672275,13.0927706,555.2556563,8.413742821,350.067913,BRAKE_FAILURE,NOT_APPLICABLE,real_dtc_expert_retrofit
12.19928631,25.62835147,84.35902898,91.26559891,14.59602309,98.3567636,92.242857,1735.08844,66.30512352,66.48822117,53.38750007,26.29851138,553.1275482,7.75594966,399.3553595,BRAKE_FAILURE,NOT_APPLICABLE,real_dtc_expert_retrofit
12.54526034,34.43933942,53.78850905,94.16838848,14.16743439,115.3301864,89.05912944,1105.271005,6.374114207,55.12023729,0,29.68056658,860.4565918,7.315401087,26.51672572,RADIATOR_HOSE_LEAK,NOT_APPLICABLE,real_dtc_expert_retrofit
12.28387908,30.28931727,90.19038036,98.45131565,14.08087482,108.6451888,93.92400388,1707.592781,5.928049328,93.75842798,37.01380133,30.83551312,891.7197692,7.491967883,39.15051858,SEVERE_MECHANICAL_TOW,NOT_APPLICABLE,real_dtc_expert_retrofit
12.54526034,34.43933942,53.78850905,94.16838848,14.16743439,115.3301864,89.05912944,1105.271005,6.374114207,55.12023729,0,29.68056658,860.4565918,7.315401087,26.51672572,FUEL_FILTER_CLOGGED,P0089,real_dtc_expert_retrofit
12.83935888,26.91662452,71.22347754,91.41174785,14.42203255,109.0448565,89.25763438,1300.34719,13.81014746,98.00225252,29.63722775,33.29281544,1080.13722,9.168202316,144.198733,FUEL_PUMP,P069E,real_dtc_expert_retrofit
10.22262718,24.05438177,96.65831733,96.28518604,13.83084514,95.06116446,91.05450587,4004.064172,35.76909433,10.97539818,26.42731663,18.54893384,1010.623532,7.202903519,119.5483414,ALTERNATOR_ISSUE,P0623,real_dtc_expert_retrofit
12.11783061,25.49663744,53.06896454,90.99003046,14.01191003,107.2824494,89.94877182,1449.656077,13.02178224,63.95875208,29.76837042,44.04827606,950.2886283,6.804021645,136.8068271,COOLANT_LOW,P0128,real_dtc_expert_retrofit
12.28387908,30.28931727,90.19038036,98.45131565,14.08087482,108.6451888,93.92400388,1707.592781,5.928049328,93.75842798,37.01380133,30.83551312,891.7197692,7.491967883,39.15051858,ELECTRICAL_FAULT_RAIN,NOT_APPLICABLE,real_dtc_expert_retrofit
10.55655403,25.68079148,90.35683018,91.81400866,14.35706789,92.49465951,85.55333459,700,45.49478922,82.92813761,41.34083791,10.29321232,1093.079548,8.782814574,80.21136718,STARTER_MOTOR,P0512,real_dtc_expert_retrofit
12.83935888,26.91662452,71.22347754,91.41174785,14.42203255,109.0448565,89.25763438,1300.34719,13.81014746,98.00225252,29.63722775,33.29281544,1080.13722,9.168202316,144.198733,COOLANT_LOW,P0217,real_dtc_expert_retrofit
12.20550052,35.05601308,55.25474121,93.62795292,14.07731276,108.1424542,92.75917376,733.9052181,6.174339001,23.13400219,47.72865499,33.13575434,837.2451345,7.680294416,95.32392876,FUEL_PUMP,P0089,real_dtc_expert_retrofit
12.36943469,28.97421523,67.19654361,93.65491792,14.30088776,107.6992981,93.97444693,2359.938617,8.298198455,21.45207693,25.51953511,16.41249068,1022.897538,7.743241427,88.21943977,IGNITION_SYSTEM,P0309,real_dtc_expert_retrofit
10.46988854,22.04592302,49.97156294,93.38368377,14.32078243,85.83227328,89.56426986,2082.625966,63.87878902,68.22564557,30.53103147,46.79858665,1027.665337,8.695411856,154.8245363,BATTERY_REPLACE,P0561,real_dtc_expert_retrofit
10.46988854,22.04592302,49.97156294,93.38368377,14.32078243,85.83227328,89.56426986,2082.625966,63.87878902,68.22564557,30.53103147,46.79858665,1027.665337,8.695411856,154.8245363,BATTERY_TERMINAL_CLEAN,P0560,real_dtc_expert_retrofit
9.06508174,28.7736311,90.40652444,91.99655029,14.37337167,93.09603477,88.27421811,2310.446055,41.03564044,58.21544279,21.84279055,48.90440481,881.7042728,9.690619581,66.90858781,BATTERY_TERMINAL_CLEAN,U0073,real_dtc_expert_retrofit
12.83935888,26.91662452,71.22347754,91.41174785,14.42203255,109.0448565,89.25763438,1300.34719,13.81014746,98.00225252,29.63722775,33.29281544,1080.13722,9.168202316,144.198733,ENGINE_OVERHEAT_SEVERE,P0480,real_dtc_expert_retrofit
9.439753084,20.38971459,40.27121218,94.87558911,14.23301394,98.77171829,93.90196018,1019.831674,45.78348956,60.94497943,40.78979628,27.49032665,960.6043652,6.228996657,70.70493055,STARTER_MOTOR,P0615,real_dtc_expert_retrofit
12.11783061,25.49663744,53.06896454,90.99003046,14.01191003,107.2824494,89.94877182,1449.656077,13.02178224,63.95875208,29.76837042,44.04827606,950.2886283,6.804021645,136.8068271,ELECTRICAL_FAULT_RAIN,NOT_APPLICABLE,real_dtc_expert_retrofit
12.20550052,35.05601308,55.25474121,93.62795292,14.07731276,108.1424542,92.75917376,733.9052181,6.174339001,23.13400219,47.72865499,33.13575434,837.2451345,7.680294416,95.32392876,CLUTCH_WORN,P0900,real_dtc_expert_retrofit
12.99421143,21.03233859,42.36665628,91.78745399,14.94432568,119.3224707,89.68972545,1583.231458,12.07998446,93.29009392,47.50963839,37.86324141,1048.231935,8.747317731,72.42323288,SEVERE_MECHANICAL_TOW,NOT_APPLICABLE,real_dtc_expert_retrofit
12.11783061,25.49663744,53.06896454,90.99003046,14.01191003,107.2824494,89.94877182,1449.656077,13.02178224,63.95875208,29.76837042,44.04827606,950.2886283,6.804021645,136.8068271,RADIATOR_FAN_ISSUE,P0484,real_dtc_expert_retrofit
12.20550052,35.05601308,55.25474121,93.62795292,14.07731276,108.1424542,92.75917376,733.9052181,6.174339001,23.13400219,47.72865499,33.13575434,837.2451345,7.680294416,95.32392876,ELECTRICAL_FAULT_RAIN,NOT_APPLICABLE,real_dtc_expert_retrofit
12.73451877,23.41671306,52.07585986,91.53412848,14.23749573,91.29501022,86.71154802,2573.088143,45.03943105,19.55049268,7.000672275,13.0927706,555.2556563,8.413742821,350.067913,BRAKE_PAD_WORN,NOT_APPLICABLE,real_dtc_expert_retrofit
12.11783061,25.49663744,53.06896454,90.99003046,14.01191003,107.2824494,89.94877182,1449.656077,13.02178224,63.95875208,29.76837042,44.04827606,950.2886283,6.804021645,136.8068271,FUEL_PUMP,P069E,real_dtc_expert_retrofit
12.83935888,26.91662452,71.22347754,91.41174785,14.42203255,109.0448565,89.25763438,1300.34719,13.81014746,98.00225252,29.63722775,33.29281544,1080.13722,9.168202316,144.198733,RADIATOR_FAN_ISSUE,P0696,real_dtc_expert_retrofit
9.439753084,20.38971459,40.27121218,94.87558911,14.23301394,98.77171829,93.90196018,1019.831674,45.78348956,60.94497943,40.78979628,27.49032665,960.6043652,6.228996657,70.70493055,BATTERY_JUMP,U0100,real_dtc_expert_retrofit
12.99421143,21.03233859,42.36665628,91.78745399,14.94432568,119.3224707,89.68972545,1583.231458,12.07998446,93.29009392,47.50963839,37.86324141,1048.231935,8.747317731,72.42323288,ENGINE_OVERHEAT_SEVERE,P0528,real_dtc_expert_retrofit
12.73451877,23.41671306,52.07585986,91.53412848,14.23749573,91.29501022,86.71154802,2573.088143,45.03943105,19.55049268,7.000672275,13.0927706,555.2556563,8.413742821,350.067913,BRAKE_PAD_WORN,NOT_APPLICABLE,real_dtc_expert_retrofit
12.82393187,22.69353785,75.46121572,93.94590604,14.09709354,90.11520142,90.35798631,2772.8972,61.97653793,73.94640629,14.08569387,40.08343241,685.5053774,7.352685008,387.6485348,BRAKE_FAILURE,NOT_APPLICABLE,real_dtc_expert_retrofit
13.13946328,33.95963931,70.12070793,99.37920601,14.11443677,97.39366982,87.85876944,1298.277431,54.69275854,26.00328405,44.71627925,49.52345778,430.532343,7.935814828,207.6408167,BRAKE_PAD_WORN,NOT_APPLICABLE,real_dtc_expert_retrofit
10.55655403,25.68079148,90.35683018,91.81400866,14.35706789,92.49465951,85.55333459,700,45.49478922,82.92813761,41.34083791,10.29321232,1093.079548,8.782814574,80.21136718,BATTERY_TERMINAL_CLEAN,P0560,real_dtc_expert_retrofit
12.54526034,34.43933942,53.78850905,94.16838848,14.16743439,115.3301864,89.05912944,1105.271005,6.374114207,55.12023729,0,29.68056658,860.4565918,7.315401087,26.51672572,COOLANT_LOW,P0217,real_dtc_expert_retrofit
12.54526034,34.43933942,53.78850905,94.16838848,14.16743439,115.3301864,89.05912944,1105.271005,6.374114207,55.12023729,0,29.68056658,860.4565918,7.315401087,26.51672572,BELT_BROKEN,NOT_APPLICABLE,real_dtc_expert_retrofit
12.11783061,25.49663744,53.06896454,90.99003046,14.01191003,107.2824494,89.94877182,1449.656077,13.02178224,63.95875208,29.76837042,44.04827606,950.2886283,6.804021645,136.8068271,BELT_BROKEN,NOT_APPLICABLE,real_dtc_expert_retrofit
12.82393187,22.69353785,75.46121572,93.94590604,14.09709354,90.11520142,90.35798631,2772.8972,61.97653793,73.94640629,14.08569387,40.08343241,685.5053774,7.352685008,387.6485348,BRAKE_PAD_WORN,NOT_APPLICABLE,real_dtc_expert_retrofit
10.55655403,25.68079148,90.35683018,91.81400866,14.35706789,92.49465951,85.55333459,700,45.49478922,82.92813761,41.34083791,10.29321232,1093.079548,8.782814574,80.21136718,BATTERY_TERMINAL_CLEAN,P0561,real_dtc_expert_retrofit
12.99421143,21.03233859,42.36665628,91.78745399,14.94432568,119.3224707,89.68972545,1583.231458,12.07998446,93.29009392,47.50963839,37.86324141,1048.231935,8.747317731,72.42323288,FUEL_PUMP,P0190,real_dtc_expert_retrofit
12.11783061,25.49663744,53.06896454,90.99003046,14.01191003,107.2824494,89.94877182,1449.656077,13.02178224,63.95875208,29.76837042,44.04827606,950.2886283,6.804021645,136.8068271,BELT_BROKEN,NOT_APPLICABLE,real_dtc_expert_retrofit
10.01620326,27.12871194,54.68471327,90.29097604,13.914573,94.15220795,91.2544444,2932.261558,33.86586464,77.19722436,64.58705826,30.1909344,1140.578055,8.971950715,-9.881104159,BATTERY_TERMINAL_CLEAN,P0561,real_dtc_expert_retrofit
10.46988854,22.04592302,49.97156294,93.38368377,14.32078243,85.83227328,89.56426986,2082.625966,63.87878902,68.22564557,30.53103147,46.79858665,1027.665337,8.695411856,154.8245363,BATTERY_JUMP,P0562,real_dtc_expert_retrofit
12.36943469,28.97421523,67.19654361,93.65491792,14.30088776,107.6992981,93.97444693,2359.938617,8.298198455,21.45207693,25.51953511,16.41249068,1022.897538,7.743241427,88.21943977,RADIATOR_FAN_ISSUE,P0526,real_dtc_expert_retrofit
10.22262718,24.05438177,96.65831733,96.28518604,13.83084514,95.06116446,91.05450587,4004.064172,35.76909433,10.97539818,26.42731663,18.54893384,1010.623532,7.202903519,119.5483414,BATTERY_REPLACE,P0561,real_dtc_expert_retrofit
10.26808131,23.5475836,74.14212362,99.09119326,14.16663454,111.7185637,94.14583484,2154.562453,59.62497374,95.02985955,66.82073282,44.38902824,930.8482166,9.591423016,70.51754859,BATTERY_TERMINAL_CLEAN,P0560,real_dtc_expert_retrofit
12.20550052,35.05601308,55.25474121,93.62795292,14.07731276,108.1424542,92.75917376,733.9052181,6.174339001,23.13400219,47.72865499,33.13575434,837.2451345,7.680294416,95.32392876,RADIATOR_HOSE_LEAK,NOT_APPLICABLE,real_dtc_expert_retrofit
12.82393187,22.69353785,75.46121572,93.94590604,14.09709354,90.11520142,90.35798631,2772.8972,61.97653793,73.94640629,14.08569387,40.08343241,685.5053774,7.352685008,387.6485348,BRAKE_FAILURE,NOT_APPLICABLE,real_dtc_expert_retrofit
9.661014812,25.06218767,90.82861421,91.0769208,14.2258788,90.43697909,94.46385281,1794.073353,37.53749024,30.33012687,66.64717505,26.01243878,931.8869818,9.060023986,99.1628258,STARTER_MOTOR,P0616,real_dtc_expert_retrofit
12.28387908,30.28931727,90.19038036,98.45131565,14.08087482,108.6451888,93.92400388,1707.592781,5.928049328,93.75842798,37.01380133,30.83551312,891.7197692,7.491967883,39.15051858,RADIATOR_HOSE_LEAK,NOT_APPLICABLE,real_dtc_expert_retrofit
12.28387908,30.28931727,90.19038036,98.45131565,14.08087482,108.6451888,93.92400388,1707.592781,5.928049328,93.75842798,37.01380133,30.83551312,891.7197692,7.491967883,39.15051858,CLUTCH_WORN,P0900,real_dtc_expert_retrofit
12.11783061,25.49663744,53.06896454,90.99003046,14.01191003,107.2824494,89.94877182,1449.656077,13.02178224,63.95875208,29.76837042,44.04827606,950.2886283,6.804021645,136.8068271,FUEL_FILTER_CLOGGED,P0193,real_dtc_expert_retrofit
12.83935888,26.91662452,71.22347754,91.41174785,14.42203255,109.0448565,89.25763438,1300.34719,13.81014746,98.00225252,29.63722775,33.29281544,1080.13722,9.168202316,144.198733,RADIATOR_HOSE_LEAK,NOT_APPLICABLE,real_dtc_expert_retrofit
12.99421143,21.03233859,42.36665628,91.78745399,14.94432568,119.3224707,89.68972545,1583.231458,12.07998446,93.29009392,47.50963839,37.86324141,1048.231935,8.747317731,72.42323288,ELECTRICAL_FAULT_RAIN,NOT_APPLICABLE,real_dtc_expert_retrofit
12.83935888,26.91662452,71.22347754,91.41174785,14.42203255,109.0448565,89.25763438,1300.34719,13.81014746,98.00225252,29.63722775,33.29281544,1080.13722,9.168202316,144.198733,TRANSMISSION_ISSUE,P0746,real_dtc_expert_retrofit
10.22262718,24.05438177,96.65831733,96.28518604,13.83084514,95.06116446,91.05450587,4004.064172,35.76909433,10.97539818,26.42731663,18.54893384,1010.623532,7.202903519,119.5483414,BATTERY_TERMINAL_CLEAN,U0073,real_dtc_expert_retrofit
12.54526034,34.43933942,53.78850905,94.16838848,14.16743439,115.3301864,89.05912944,1105.271005,6.374114207,55.12023729,0,29.68056658,860.4565918,7.315401087,26.51672572,ENGINE_OVERHEAT_SEVERE,P0480,real_dtc_expert_retrofit
12.99421143,21.03233859,42.36665628,91.78745399,14.94432568,119.3224707,89.68972545,1583.231458,12.07998446,93.29009392,47.50963839,37.86324141,1048.231935,8.747317731,72.42323288,CLUTCH_WORN,P0811,real_dtc_expert_retrofit
12.20550052,35.05601308,55.25474121,93.62795292,14.07731276,108.1424542,92.75917376,733.9052181,6.174339001,23.13400219,47.72865499,33.13575434,837.2451345,7.680294416,95.32392876,COOLANT_LOW,P0125,real_dtc_expert_retrofit
12.83935888,26.91662452,71.22347754,91.41174785,14.42203255,109.0448565,89.25763438,1300.34719,13.81014746,98.00225252,29.63722775,33.29281544,1080.13722,9.168202316,144.198733,FUEL_FILTER_CLOGGED,P0192,real_dtc_expert_retrofit
12.82393187,22.69353785,75.46121572,93.94590604,14.09709354,90.11520142,90.35798631,2772.8972,61.97653793,73.94640629,14.08569387,40.08343241,685.5053774,7.352685008,387.6485348,BRAKE_FAILURE,NOT_APPLICABLE,real_dtc_expert_retrofit
12.20550052,35.05601308,55.25474121,93.62795292,14.07731276,108.1424542,92.75917376,733.9052181,6.174339001,23.13400219,47.72865499,33.13575434,837.2451345,7.680294416,95.32392876,IGNITION_SYSTEM,P0301,real_dtc_expert_retrofit
10.01620326,27.12871194,54.68471327,90.29097604,13.914573,94.15220795,91.2544444,2932.261558,33.86586464,77.19722436,64.58705826,30.1909344,1140.578055,8.971950715,-9.881104159,ALTERNATOR_ISSUE,P0562,real_dtc_expert_retrofit
12.83935888,26.91662452,71.22347754,91.41174785,14.42203255,109.0448565,89.25763438,1300.34719,13.81014746,98.00225252,29.63722775,33.29281544,1080.13722,9.168202316,144.198733,RADIATOR_HOSE_LEAK,NOT_APPLICABLE,real_dtc_expert_retrofit
12.36943469,28.97421523,67.19654361,93.65491792,14.30088776,107.6992981,93.97444693,2359.938617,8.298198455,21.45207693,25.51953511,16.41249068,1022.897538,7.743241427,88.21943977,CLUTCH_WORN,P0903,real_dtc_expert_retrofit
10.26808131,23.5475836,74.14212362,99.09119326,14.16663454,111.7185637,94.14583484,2154.562453,59.62497374,95.02985955,66.82073282,44.38902824,930.8482166,9.591423016,70.51754859,BATTERY_REPLACE,P0562,real_dtc_expert_retrofit
12.20550052,35.05601308,55.25474121,93.62795292,14.07731276,108.1424542,92.75917376,733.9052181,6.174339001,23.13400219,47.72865499,33.13575434,837.2451345,7.680294416,95.32392876,TRANSMISSION_ISSUE,P0752,real_dtc_expert_retrofit
12.11783061,25.49663744,53.06896454,90.99003046,14.01191003,107.2824494,89.94877182,1449.656077,13.02178224,63.95875208,29.76837042,44.04827606,950.2886283,6.804021645,136.8068271,RADIATOR_FAN_ISSUE,P0693,real_dtc_expert_retrofit
9.439753084,20.38971459,40.27121218,94.87558911,14.23301394,98.77171829,93.90196018,1019.831674,45.78348956,60.94497943,40.78979628,27.49032665,960.6043652,6.228996657,70.70493055,ALTERNATOR_ISSUE,P0623,real_dtc_expert_retrofit
12.4307701,21.23508896,81.0173875,94.29174285,14.01413859,98.25749327,88.16174833,1375.035319,50.262765,96.44629978,71.86443352,41.14086794,463.1698359,7.524954794,367.2196436,BRAKE_FAILURE,NOT_APPLICABLE,real_dtc_expert_retrofit
12.83935888,26.91662452,71.22347754,91.41174785,14.42203255,109.0448565,89.25763438,1300.34719,13.81014746,98.00225252,29.63722775,33.29281544,1080.13722,9.168202316,144.198733,BELT_BROKEN,NOT_APPLICABLE,real_dtc_expert_retrofit
12.20550052,35.05601308,55.25474121,93.62795292,14.07731276,108.1424542,92.75917376,733.9052181,6.174339001,23.13400219,47.72865499,33.13575434,837.2451345,7.680294416,95.32392876,ELECTRICAL_FAULT_RAIN,NOT_APPLICABLE,real_dtc_expert_retrofit
12.28387908,30.28931727,90.19038036,98.45131565,14.08087482,108.6451888,93.92400388,1707.592781,5.928049328,93.75842798,37.01380133,30.83551312,891.7197692,7.491967883,39.15051858,BELT_BROKEN,NOT_APPLICABLE,real_dtc_expert_retrofit
9.439753084,20.38971459,40.27121218,94.87558911,14.23301394,98.77171829,93.90196018,1019.831674,45.78348956,60.94497943,40.78979628,27.49032665,960.6043652,6.228996657,70.70493055,BATTERY_REPLACE,P0603,real_dtc_expert_retrofit
11.82202332,17.05733759,41.4485325,94.79364182,13.74082949,83.72986568,93.06470559,2644.233236,43.40027742,9.728658355,10.94028171,39.53984123,584.1726187,8.958992264,285.8881426,BRAKE_PAD_WORN,NOT_APPLICABLE,real_dtc_expert_retrofit
12.83935888,26.91662452,71.22347754,91.41174785,14.42203255,109.0448565,89.25763438,1300.34719,13.81014746,98.00225252,29.63722775,33.29281544,1080.13722,9.168202316,144.198733,COOLANT_LOW,P0128,real_dtc_expert_retrofit
12.54526034,34.43933942,53.78850905,94.16838848,14.16743439,115.3301864,89.05912944,1105.271005,6.374114207,55.12023729,0,29.68056658,860.4565918,7.315401087,26.51672572,TRANSMISSION_ISSUE,P0744,real_dtc_expert_retrofit
12.39956317,23.23137489,84.93753904,91.01677719,14.23573218,86.68437297,92.56461044,2398.013965,35.30633709,11.91477269,46.10833103,30.56947169,542.9876989,8.952550487,356.1185981,BRAKE_PAD_WORN,NOT_APPLICABLE,real_dtc_expert_retrofit
12.28387908,30.28931727,90.19038036,98.45131565,14.08087482,108.6451888,93.92400388,1707.592781,5.928049328,93.75842798,37.01380133,30.83551312,891.7197692,7.491967883,39.15051858,SEVERE_MECHANICAL_TOW,NOT_APPLICABLE,real_dtc_expert_retrofit
12.28387908,30.28931727,90.19038036,98.45131565,14.08087482,108.6451888,93.92400388,1707.592781,5.928049328,93.75842798,37.01380133,30.83551312,891.7197692,7.491967883,39.15051858,RADIATOR_HOSE_LEAK,NOT_APPLICABLE,real_dtc_expert_retrofit
12.83935888,26.91662452,71.22347754,91.41174785,14.42203255,109.0448565,89.25763438,1300.34719,13.81014746,98.00225252,29.63722775,33.29281544,1080.13722,9.168202316,144.198733,FUEL_PUMP,P0231,real_dtc_expert_retrofit
12.83935888,26.91662452,71.22347754,91.41174785,14.42203255,109.0448565,89.25763438,1300.34719,13.81014746,98.00225252,29.63722775,33.29281544,1080.13722,9.168202316,144.198733,RADIATOR_HOSE_LEAK,NOT_APPLICABLE,real_dtc_expert_retrofit
12.70938979,32.41008687,90.88082285,92.04996285,14.17984737,102.9275026,92.70623152,1672.065708,34.65556422,17.83256046,55.81782508,32.25647664,672.6988295,9.777237433,266.3008136,BRAKE_FAILURE,NOT_APPLICABLE,real_dtc_expert_retrofit
12.20550052,35.05601308,55.25474121,93.62795292,14.07731276,108.1424542,92.75917376,733.9052181,6.174339001,23.13400219,47.72865499,33.13575434,837.2451345,7.680294416,95.32392876,RADIATOR_HOSE_LEAK,NOT_APPLICABLE,real_dtc_expert_retrofit
12.36943469,28.97421523,67.19654361,93.65491792,14.30088776,107.6992981,93.97444693,2359.938617,8.298198455,21.45207693,25.51953511,16.41249068,1022.897538,7.743241427,88.21943977,FUEL_PUMP,P0627,real_dtc_expert_retrofit
9.854863413,27.03804411,54.22012633,94.73013548,14.524197,90.63422152,90.05770556,1099.625131,62.95133775,13.18559905,55.87771196,37.63309586,793.1526558,8.8378406,130.8136153,STARTER_MOTOR,P0617,real_dtc_expert_retrofit
12.20550052,35.05601308,55.25474121,93.62795292,14.07731276,108.1424542,92.75917376,733.9052181,6.174339001,23.13400219,47.72865499,33.13575434,837.2451345,7.680294416,95.32392876,ENGINE_OVERHEAT_SEVERE,P0480,real_dtc_expert_retrofit
10.26808131,23.5475836,74.14212362,99.09119326,14.16663454,111.7185637,94.14583484,2154.562453,59.62497374,95.02985955,66.82073282,44.38902824,930.8482166,9.591423016,70.51754859,BATTERY_JUMP,P0562,real_dtc_expert_retrofit
12.99421143,21.03233859,42.36665628,91.78745399,14.94432568,119.3224707,89.68972545,1583.231458,12.07998446,93.29009392,47.50963839,37.86324141,1048.231935,8.747317731,72.42323288,RADIATOR_FAN_ISSUE,P0482,real_dtc_expert_retrofit
12.83935888,26.91662452,71.22347754,91.41174785,14.42203255,109.0448565,89.25763438,1300.34719,13.81014746,98.00225252,29.63722775,33.29281544,1080.13722,9.168202316,144.198733,COOLANT_LOW,P0125,real_dtc_expert_retrofit
12.54526034,34.43933942,53.78850905,94.16838848,14.16743439,115.3301864,89.05912944,1105.271005,6.374114207,55.12023729,0,29.68056658,860.4565918,7.315401087,26.51672572,RADIATOR_HOSE_LEAK,NOT_APPLICABLE,real_dtc_expert_retrofit
12.28387908,30.28931727,90.19038036,98.45131565,14.08087482,108.6451888,93.92400388,1707.592781,5.928049328,93.75842798,37.01380133,30.83551312,891.7197692,7.491967883,39.15051858,ENGINE_OVERHEAT_SEVERE,P0481,real_dtc_expert_retrofit
12.54526034,34.43933942,53.78850905,94.16838848,14.16743439,115.3301864,89.05912944,1105.271005,6.374114207,55.12023729,0,29.68056658,860.4565918,7.315401087,26.51672572,FUEL_FILTER_CLOGGED,P0089,real_dtc_expert_retrofit
12.28387908,30.28931727,90.19038036,98.45131565,14.08087482,108.6451888,93.92400388,1707.592781,5.928049328,93.75842798,37.01380133,30.83551312,891.7197692,7.491967883,39.15051858,FUEL_FILTER_CLOGGED,P0193,real_dtc_expert_retrofit
12.54526034,34.43933942,53.78850905,94.16838848,14.16743439,115.3301864,89.05912944,1105.271005,6.374114207,55.12023729,0,29.68056658,860.4565918,7.315401087,26.51672572,RADIATOR_FAN_ISSUE,P0526,real_dtc_expert_retrofit
12.83935888,26.91662452,71.22347754,91.41174785,14.42203255,109.0448565,89.25763438,1300.34719,13.81014746,98.00225252,29.63722775,33.29281544,1080.13722,9.168202316,144.198733,ENGINE_OVERHEAT_SEVERE,P0481,real_dtc_expert_retrofit
12.99421143,21.03233859,42.36665628,91.78745399,14.94432568,119.3224707,89.68972545,1583.231458,12.07998446,93.29009392,47.50963839,37.86324141,1048.231935,8.747317731,72.42323288,IGNITION_SYSTEM,P0310,real_dtc_expert_retrofit
12.83935888,26.91662452,71.22347754,91.41174785,14.42203255,109.0448565,89.25763438,1300.34719,13.81014746,98.00225252,29.63722775,33.29281544,1080.13722,9.168202316,144.198733,CLUTCH_WORN,P0811,real_dtc_expert_retrofit
12.73451877,23.41671306,52.07585986,91.53412848,14.23749573,91.29501022,86.71154802,2573.088143,45.03943105,19.55049268,7.000672275,13.0927706,555.2556563,8.413742821,350.067913,BRAKE_PAD_WORN,NOT_APPLICABLE,real_dtc_expert_retrofit
12.11783061,25.49663744,53.06896454,90.99003046,14.01191003,107.2824494,89.94877182,1449.656077,13.02178224,63.95875208,29.76837042,44.04827606,950.2886283,6.804021645,136.8068271,RADIATOR_HOSE_LEAK,NOT_APPLICABLE,real_dtc_expert_retrofit
13.35287423,18.14001453,72.84548641,97.98365256,13.85405608,92.1226654,86.17288379,2538.344652,51.74785973,18.76840129,19.51640289,47.39389222,560.9996051,7.442294725,326.5862458,BRAKE_FAILURE,NOT_APPLICABLE,real_dtc_expert_retrofit
10.95129401,29.94037789,92.94782598,96.41355739,14.52287299,97.87914245,88.23116541,2136.562199,56.78776908,40.29558568,45.71543323,27.23643663,1052.588635,7.76846304,39.22880175,STARTER_MOTOR,P0817,real_dtc_expert_retrofit
12.99421143,21.03233859,42.36665628,91.78745399,14.94432568,119.3224707,89.68972545,1583.231458,12.07998446,93.29009392,47.50963839,37.86324141,1048.231935,8.747317731,72.42323288,IGNITION_SYSTEM,P0356,real_dtc_expert_retrofit
10.95129401,29.94037789,92.94782598,96.41355739,14.52287299,97.87914245,88.23116541,2136.562199,56.78776908,40.29558568,45.71543323,27.23643663,1052.588635,7.76846304,39.22880175,BATTERY_TERMINAL_CLEAN,P0560,real_dtc_expert_retrofit
12.36943469,28.97421523,67.19654361,93.65491792,14.30088776,107.6992981,93.97444693,2359.938617,8.298198455,21.45207693,25.51953511,16.41249068,1022.897538,7.743241427,88.21943977,TRANSMISSION_ISSUE,P0717,real_dtc_expert_retrofit
12.83935888,26.91662452,71.22347754,91.41174785,14.42203255,109.0448565,89.25763438,1300.34719,13.81014746,98.00225252,29.63722775,33.29281544,1080.13722,9.168202316,144.198733,CLUTCH_WORN,P0810,real_dtc_expert_retrofit
12.11783061,25.49663744,53.06896454,90.99003046,14.01191003,107.2824494,89.94877182,1449.656077,13.02178224,63.95875208,29.76837042,44.04827606,950.2886283,6.804021645,136.8068271,RADIATOR_HOSE_LEAK,NOT_APPLICABLE,real_dtc_expert_retrofit
12.54526034,34.43933942,53.78850905,94.16838848,14.16743439,115.3301864,89.05912944,1105.271005,6.374114207,55.12023729,0,29.68056658,860.4565918,7.315401087,26.51672572,FUEL_PUMP,P0233,real_dtc_expert_retrofit
12.36943469,28.97421523,67.19654361,93.65491792,14.30088776,107.6992981,93.97444693,2359.938617,8.298198455,21.45207693,25.51953511,16.41249068,1022.897538,7.743241427,88.21943977,IGNITION_SYSTEM,P0354,real_dtc_expert_retrofit
12.54526034,34.43933942,53.78850905,94.16838848,14.16743439,115.3301864,89.05912944,1105.271005,6.374114207,55.12023729,0,29.68056658,860.4565918,7.315401087,26.51672572,CLUTCH_WORN,P0903,real_dtc_expert_retrofit
12.83935888,26.91662452,71.22347754,91.41174785,14.42203255,109.0448565,89.25763438,1300.34719,13.81014746,98.00225252,29.63722775,33.29281544,1080.13722,9.168202316,144.198733,SEVERE_MECHANICAL_TOW,NOT_APPLICABLE,real_dtc_expert_retrofit
12.36943469,28.97421523,67.19654361,93.65491792,14.30088776,107.6992981,93.97444693,2359.938617,8.298198455,21.45207693,25.51953511,16.41249068,1022.897538,7.743241427,88.21943977,IGNITION_SYSTEM,P0312,real_dtc_expert_retrofit
9.944045109,19.74096377,75.28679939,95.03200577,13.89127514,96.08999502,86.965005,2561.239534,58.01526269,85.80846279,54.85588471,30.67915374,999.4218317,8.211273616,142.6697112,STARTER_MOTOR,P0512,real_dtc_expert_retrofit
12.54526034,34.43933942,53.78850905,94.16838848,14.16743439,115.3301864,89.05912944,1105.271005,6.374114207,55.12023729,0,29.68056658,860.4565918,7.315401087,26.51672572,TRANSMISSION_ISSUE,P0705,real_dtc_expert_retrofit
12.11783061,25.49663744,53.06896454,90.99003046,14.01191003,107.2824494,89.94877182,1449.656077,13.02178224,63.95875208,29.76837042,44.04827606,950.2886283,6.804021645,136.8068271,COOLANT_LOW,P0126,real_dtc_expert_retrofit
12.11783061,25.49663744,53.06896454,90.99003046,14.01191003,107.2824494,89.94877182,1449.656077,13.02178224,63.95875208,29.76837042,44.04827606,950.2886283,6.804021645,136.8068271,ELECTRICAL_FAULT_RAIN,NOT_APPLICABLE,real_dtc_expert_retrofit
9.06508174,28.7736311,90.40652444,91.99655029,14.37337167,93.09603477,88.27421811,2310.446055,41.03564044,58.21544279,21.84279055,48.90440481,881.7042728,9.690619581,66.90858781,BATTERY_JUMP,P0561,real_dtc_expert_retrofit
10.22262718,24.05438177,96.65831733,96.28518604,13.83084514,95.06116446,91.05450587,4004.064172,35.76909433,10.97539818,26.42731663,18.54893384,1010.623532,7.202903519,119.5483414,BATTERY_REPLACE,P0562,real_dtc_expert_retrofit
10.95129401,29.94037789,92.94782598,96.41355739,14.52287299,97.87914245,88.23116541,2136.562199,56.78776908,40.29558568,45.71543323,27.23643663,1052.588635,7.76846304,39.22880175,BATTERY_TERMINAL_CLEAN,P0560,real_dtc_expert_retrofit
12.36943469,28.97421523,67.19654361,93.65491792,14.30088776,107.6992981,93.97444693,2359.938617,8.298198455,21.45207693,25.51953511,16.41249068,1022.897538,7.743241427,88.21943977,BELT_BROKEN,NOT_APPLICABLE,real_dtc_expert_retrofit
12.54526034,34.43933942,53.78850905,94.16838848,14.16743439,115.3301864,89.05912944,1105.271005,6.374114207,55.12023729,0,29.68056658,860.4565918,7.315401087,26.51672572,CLUTCH_WORN,P0811,real_dtc_expert_retrofit
12.54526034,34.43933942,53.78850905,94.16838848,14.16743439,115.3301864,89.05912944,1105.271005,6.374114207,55.12023729,0,29.68056658,860.4565918,7.315401087,26.51672572,BELT_BROKEN,NOT_APPLICABLE,real_dtc_expert_retrofit
9.854863413,27.03804411,54.22012633,94.73013548,14.524197,90.63422152,90.05770556,1099.625131,62.95133775,13.18559905,55.87771196,37.63309586,793.1526558,8.8378406,130.8136153,ALTERNATOR_ISSUE,P0621,real_dtc_expert_retrofit
12.83935888,26.91662452,71.22347754,91.41174785,14.42203255,109.0448565,89.25763438,1300.34719,13.81014746,98.00225252,29.63722775,33.29281544,1080.13722,9.168202316,144.198733,RADIATOR_FAN_ISSUE,P0484,real_dtc_expert_retrofit
12.99421143,21.03233859,42.36665628,91.78745399,14.94432568,119.3224707,89.68972545,1583.231458,12.07998446,93.29009392,47.50963839,37.86324141,1048.231935,8.747317731,72.42323288,IGNITION_SYSTEM,P0309,real_dtc_expert_retrofit
12.28387908,30.28931727,90.19038036,98.45131565,14.08087482,108.6451888,93.92400388,1707.592781,5.928049328,93.75842798,37.01380133,30.83551312,891.7197692,7.491967883,39.15051858,ELECTRICAL_FAULT_RAIN,NOT_APPLICABLE,real_dtc_expert_retrofit
10.55655403,25.68079148,90.35683018,91.81400866,14.35706789,92.49465951,85.55333459,700,45.49478922,82.92813761,41.34083791,10.29321232,1093.079548,8.782814574,80.21136718,BATTERY_REPLACE,P0560,real_dtc_expert_retrofit
12.54526034,34.43933942,53.78850905,94.16838848,14.16743439,115.3301864,89.05912944,1105.271005,6.374114207,55.12023729,0,29.68056658,860.4565918,7.315401087,26.51672572,TRANSMISSION_ISSUE,P0705,real_dtc_expert_retrofit
12.20550052,35.05601308,55.25474121,93.62795292,14.07731276,108.1424542,92.75917376,733.9052181,6.174339001,23.13400219,47.72865499,33.13575434,837.2451345,7.680294416,95.32392876,IGNITION_SYSTEM,P0308,real_dtc_expert_retrofit
12.54526034,34.43933942,53.78850905,94.16838848,14.16743439,115.3301864,89.05912944,1105.271005,6.374114207,55.12023729,0,29.68056658,860.4565918,7.315401087,26.51672572,BELT_BROKEN,NOT_APPLICABLE,real_dtc_expert_retrofit
10.22262718,24.05438177,96.65831733,96.28518604,13.83084514,95.06116446,91.05450587,4004.064172,35.76909433,10.97539818,26.42731663,18.54893384,1010.623532,7.202903519,119.5483414,BATTERY_TERMINAL_CLEAN,P0561,real_dtc_expert_retrofit
13.22599171,21.87890665,55.36935705,94.20963646,13.99878928,97.05824446,94.98240666,2949.17432,37.18662277,15.3493797,57.11880837,34.44389814,433.7843742,7.381420961,267.821446,BRAKE_FAILURE,NOT_APPLICABLE,real_dtc_expert_retrofit
12.11783061,25.49663744,53.06896454,90.99003046,14.01191003,107.2824494,89.94877182,1449.656077,13.02178224,63.95875208,29.76837042,44.04827606,950.2886283,6.804021645,136.8068271,BELT_BROKEN,NOT_APPLICABLE,real_dtc_expert_retrofit
12.83935888,26.91662452,71.22347754,91.41174785,14.42203255,109.0448565,89.25763438,1300.34719,13.81014746,98.00225252,29.63722775,33.29281544,1080.13722,9.168202316,144.198733,FUEL_PUMP,P0190,real_dtc_expert_retrofit
10.95129401,29.94037789,92.94782598,96.41355739,14.52287299,97.87914245,88.23116541,2136.562199,56.78776908,40.29558568,45.71543323,27.23643663,1052.588635,7.76846304,39.22880175,BATTERY_JUMP,U0100,real_dtc_expert_retrofit
12.36943469,28.97421523,67.19654361,93.65491792,14.30088776,107.6992981,93.97444693,2359.938617,8.298198455,21.45207693,25.51953511,16.41249068,1022.897538,7.743241427,88.21943977,SEVERE_MECHANICAL_TOW,NOT_APPLICABLE,real_dtc_expert_retrofit
12.28387908,30.28931727,90.19038036,98.45131565,14.08087482,108.6451888,93.92400388,1707.592781,5.928049328,93.75842798,37.01380133,30.83551312,891.7197692,7.491967883,39.15051858,RADIATOR_FAN_ISSUE,P0526,real_dtc_expert_retrofit
13.35287423,18.14001453,72.84548641,97.98365256,13.85405608,92.1226654,86.17288379,2538.344652,51.74785973,18.76840129,19.51640289,47.39389222,560.9996051,7.442294725,326.5862458,BRAKE_PAD_WORN,NOT_APPLICABLE,real_dtc_expert_retrofit
12.36943469,28.97421523,67.19654361,93.65491792,14.30088776,107.6992981,93.97444693,2359.938617,8.298198455,21.45207693,25.51953511,16.41249068,1022.897538,7.743241427,88.21943977,CLUTCH_WORN,P0811,real_dtc_expert_retrofit
12.36943469,28.97421523,67.19654361,93.65491792,14.30088776,107.6992981,93.97444693,2359.938617,8.298198455,21.45207693,25.51953511,16.41249068,1022.897538,7.743241427,88.21943977,RADIATOR_FAN_ISSUE,P0526,real_dtc_expert_retrofit
10.01620326,27.12871194,54.68471327,90.29097604,13.914573,94.15220795,91.2544444,2932.261558,33.86586464,77.19722436,64.58705826,30.1909344,1140.578055,8.971950715,-9.881104159,BATTERY_REPLACE,P0562,real_dtc_expert_retrofit
9.867297907,27.11228036,54.72120631,93.60084595,14.13522214,96.00931402,91.7897245,872.8526872,42.91440826,85.66587659,35.93174635,16.72779487,883.3105205,7.494422038,77.87988025,STARTER_MOTOR,P0615,real_dtc_expert_retrofit
12.11783061,25.49663744,53.06896454,90.99003046,14.01191003,107.2824494,89.94877182,1449.656077,13.02178224,63.95875208,29.76837042,44.04827606,950.2886283,6.804021645,136.8068271,FUEL_FILTER_CLOGGED,P0192,real_dtc_expert_retrofit
12.20550052,35.05601308,55.25474121,93.62795292,14.07731276,108.1424542,92.75917376,733.9052181,6.174339001,23.13400219,47.72865499,33.13575434,837.2451345,7.680294416,95.32392876,ELECTRICAL_FAULT_RAIN,NOT_APPLICABLE,real_dtc_expert_retrofit
12.28387908,30.28931727,90.19038036,98.45131565,14.08087482,108.6451888,93.92400388,1707.592781,5.928049328,93.75842798,37.01380133,30.83551312,891.7197692,7.491967883,39.15051858,FUEL_PUMP,P0191,real_dtc_expert_retrofit
12.28387908,30.28931727,90.19038036,98.45131565,14.08087482,108.6451888,93.92400388,1707.592781,5.928049328,93.75842798,37.01380133,30.83551312,891.7197692,7.491967883,39.15051858,CLUTCH_WORN,P0900,real_dtc_expert_retrofit
9.854863413,27.03804411,54.22012633,94.73013548,14.524197,90.63422152,90.05770556,1099.625131,62.95133775,13.18559905,55.87771196,37.63309586,793.1526558,8.8378406,130.8136153,BATTERY_JUMP,P0560,real_dtc_expert_retrofit
13.22599171,21.87890665,55.36935705,94.20963646,13.99878928,97.05824446,94.98240666,2949.17432,37.18662277,15.3493797,57.11880837,34.44389814,433.7843742,7.381420961,267.821446,BRAKE_FAILURE,NOT_APPLICABLE,real_dtc_expert_retrofit
12.36943469,28.97421523,67.19654361,93.65491792,14.30088776,107.6992981,93.97444693,2359.938617,8.298198455,21.45207693,25.51953511,16.41249068,1022.897538,7.743241427,88.21943977,SEVERE_MECHANICAL_TOW,NOT_APPLICABLE,real_dtc_expert_retrofit
9.06508174,28.7736311,90.40652444,91.99655029,14.37337167,93.09603477,88.27421811,2310.446055,41.03564044,58.21544279,21.84279055,48.90440481,881.7042728,9.690619581,66.90858781,BATTERY_TERMINAL_CLEAN,P0560,real_dtc_expert_retrofit
12.99421143,21.03233859,42.36665628,91.78745399,14.94432568,119.3224707,89.68972545,1583.231458,12.07998446,93.29009392,47.50963839,37.86324141,1048.231935,8.747317731,72.42323288,ELECTRICAL_FAULT_RAIN,NOT_APPLICABLE,real_dtc_expert_retrofit
9.854863413,27.03804411,54.22012633,94.73013548,14.524197,90.63422152,90.05770556,1099.625131,62.95133775,13.18559905,55.87771196,37.63309586,793.1526558,8.8378406,130.8136153,BATTERY_JUMP,U0100,real_dtc_expert_retrofit
12.54526034,34.43933942,53.78850905,94.16838848,14.16743439,115.3301864,89.05912944,1105.271005,6.374114207,55.12023729,0,29.68056658,860.4565918,7.315401087,26.51672572,ENGINE_OVERHEAT_SEVERE,P0481,real_dtc_expert_retrofit
9.06508174,28.7736311,90.40652444,91.99655029,14.37337167,93.09603477,88.27421811,2310.446055,41.03564044,58.21544279,21.84279055,48.90440481,881.7042728,9.690619581,66.90858781,BATTERY_REPLACE,P0561,real_dtc_expert_retrofit
12.83935888,26.91662452,71.22347754,91.41174785,14.42203255,109.0448565,89.25763438,1300.34719,13.81014746,98.00225252,29.63722775,33.29281544,1080.13722,9.168202316,144.198733,IGNITION_SYSTEM,P0353,real_dtc_expert_retrofit
12.99421143,21.03233859,42.36665628,91.78745399,14.94432568,119.3224707,89.68972545,1583.231458,12.07998446,93.29009392,47.50963839,37.86324141,1048.231935,8.747317731,72.42323288,FUEL_FILTER_CLOGGED,P0193,real_dtc_expert_retrofit
12.11783061,25.49663744,53.06896454,90.99003046,14.01191003,107.2824494,89.94877182,1449.656077,13.02178224,63.95875208,29.76837042,44.04827606,950.2886283,6.804021645,136.8068271,IGNITION_SYSTEM,P0311,real_dtc_expert_retrofit
12.54526034,34.43933942,53.78850905,94.16838848,14.16743439,115.3301864,89.05912944,1105.271005,6.374114207,55.12023729,0,29.68056658,860.4565918,7.315401087,26.51672572,TRANSMISSION_ISSUE,P0731,real_dtc_expert_retrofit
12.20550052,35.05601308,55.25474121,93.62795292,14.07731276,108.1424542,92.75917376,733.9052181,6.174339001,23.13400219,47.72865499,33.13575434,837.2451345,7.680294416,95.32392876,BELT_BROKEN,NOT_APPLICABLE,real_dtc_expert_retrofit
9.06508174,28.7736311,90.40652444,91.99655029,14.37337167,93.09603477,88.27421811,2310.446055,41.03564044,58.21544279,21.84279055,48.90440481,881.7042728,9.690619581,66.90858781,STARTER_MOTOR,P0817,real_dtc_expert_retrofit
12.20550052,35.05601308,55.25474121,93.62795292,14.07731276,108.1424542,92.75917376,733.9052181,6.174339001,23.13400219,47.72865499,33.13575434,837.2451345,7.680294416,95.32392876,BELT_BROKEN,NOT_APPLICABLE,real_dtc_expert_retrofit
12.28387908,30.28931727,90.19038036,98.45131565,14.08087482,108.6451888,93.92400388,1707.592781,5.928049328,93.75842798,37.01380133,30.83551312,891.7197692,7.491967883,39.15051858,ENGINE_OVERHEAT_SEVERE,P0217,real_dtc_expert_retrofit
13.35287423,18.14001453,72.84548641,97.98365256,13.85405608,92.1226654,86.17288379,2538.344652,51.74785973,18.76840129,19.51640289,47.39389222,560.9996051,7.442294725,326.5862458,BRAKE_FAILURE,NOT_APPLICABLE,real_dtc_expert_retrofit
12.54526034,34.43933942,53.78850905,94.16838848,14.16743439,115.3301864,89.05912944,1105.271005,6.374114207,55.12023729,0,29.68056658,860.4565918,7.315401087,26.51672572,SEVERE_MECHANICAL_TOW,NOT_APPLICABLE,real_dtc_expert_retrofit
10.22262718,24.05438177,96.65831733,96.28518604,13.83084514,95.06116446,91.05450587,4004.064172,35.76909433,10.97539818,26.42731663,18.54893384,1010.623532,7.202903519,119.5483414,STARTER_MOTOR,P0817,real_dtc_expert_retrofit
12.36943469,28.97421523,67.19654361,93.65491792,14.30088776,107.6992981,93.97444693,2359.938617,8.298198455,21.45207693,25.51953511,16.41249068,1022.897538,7.743241427,88.21943977,SEVERE_MECHANICAL_TOW,NOT_APPLICABLE,real_dtc_expert_retrofit
10.01620326,27.12871194,54.68471327,90.29097604,13.914573,94.15220795,91.2544444,2932.261558,33.86586464,77.19722436,64.58705826,30.1909344,1140.578055,8.971950715,-9.881104159,STARTER_MOTOR,P0616,real_dtc_expert_retrofit
10.01620326,27.12871194,54.68471327,90.29097604,13.914573,94.15220795,91.2544444,2932.261558,33.86586464,77.19722436,64.58705826,30.1909344,1140.578055,8.971950715,-9.881104159,BATTERY_REPLACE,P0560,real_dtc_expert_retrofit
12.99421143,21.03233859,42.36665628,91.78745399,14.94432568,119.3224707,89.68972545,1583.231458,12.07998446,93.29009392,47.50963839,37.86324141,1048.231935,8.747317731,72.42323288,ELECTRICAL_FAULT_RAIN,NOT_APPLICABLE,real_dtc_expert_retrofit
12.54526034,34.43933942,53.78850905,94.16838848,14.16743439,115.3301864,89.05912944,1105.271005,6.374114207,55.12023729,0,29.68056658,860.4565918,7.315401087,26.51672572,FUEL_FILTER_CLOGGED,P0089,real_dtc_expert_retrofit
9.944045109,19.74096377,75.28679939,95.03200577,13.89127514,96.08999502,86.965005,2561.239534,58.01526269,85.80846279,54.85588471,30.67915374,999.4218317,8.211273616,142.6697112,BATTERY_REPLACE,P0562,real_dtc_expert_retrofit
12.36943469,28.97421523,67.19654361,93.65491792,14.30088776,107.6992981,93.97444693,2359.938617,8.298198455,21.45207693,25.51953511,16.41249068,1022.897538,7.743241427,88.21943977,ENGINE_OVERHEAT_SEVERE,P0691,real_dtc_expert_retrofit
12.54526034,34.43933942,53.78850905,94.16838848,14.16743439,115.3301864,89.05912944,1105.271005,6.374114207,55.12023729,0,29.68056658,860.4565918,7.315401087,26.51672572,TRANSMISSION_ISSUE,P0716,real_dtc_expert_retrofit
12.54526034,34.43933942,53.78850905,94.16838848,14.16743439,115.3301864,89.05912944,1105.271005,6.374114207,55.12023729,0,29.68056658,860.4565918,7.315401087,26.51672572,FUEL_FILTER_CLOGGED,P0191,real_dtc_expert_retrofit
10.95129401,29.94037789,92.94782598,96.41355739,14.52287299,97.87914245,88.23116541,2136.562199,56.78776908,40.29558568,45.71543323,27.23643663,1052.588635,7.76846304,39.22880175,BATTERY_TERMINAL_CLEAN,U0073,real_dtc_expert_retrofit
12.54526034,34.43933942,53.78850905,94.16838848,14.16743439,115.3301864,89.05912944,1105.271005,6.374114207,55.12023729,0,29.68056658,860.4565918,7.315401087,26.51672572,TRANSMISSION_ISSUE,P0761,real_dtc_expert_retrofit
12.11783061,25.49663744,53.06896454,90.99003046,14.01191003,107.2824494,89.94877182,1449.656077,13.02178224,63.95875208,29.76837042,44.04827606,950.2886283,6.804021645,136.8068271,TRANSMISSION_ISSUE,P0762,real_dtc_expert_retrofit
12.83935888,26.91662452,71.22347754,91.41174785,14.42203255,109.0448565,89.25763438,1300.34719,13.81014746,98.00225252,29.63722775,33.29281544,1080.13722,9.168202316,144.198733,COOLANT_LOW,P0125,real_dtc_expert_retrofit
10.46988854,22.04592302,49.97156294,93.38368377,14.32078243,85.83227328,89.56426986,2082.625966,63.87878902,68.22564557,30.53103147,46.79858665,1027.665337,8.695411856,154.8245363,BATTERY_REPLACE,P0562,real_dtc_expert_retrofit
12.54526034,34.43933942,53.78850905,94.16838848,14.16743439,115.3301864,89.05912944,1105.271005,6.374114207,55.12023729,0,29.68056658,860.4565918,7.315401087,26.51672572,CLUTCH_WORN,P0902,real_dtc_expert_retrofit
12.28387908,30.28931727,90.19038036,98.45131565,14.08087482,108.6451888,93.92400388,1707.592781,5.928049328,93.75842798,37.01380133,30.83551312,891.7197692,7.491967883,39.15051858,ELECTRICAL_FAULT_RAIN,NOT_APPLICABLE,real_dtc_expert_retrofit
10.01620326,27.12871194,54.68471327,90.29097604,13.914573,94.15220795,91.2544444,2932.261558,33.86586464,77.19722436,64.58705826,30.1909344,1140.578055,8.971950715,-9.881104159,BATTERY_JUMP,P0560,real_dtc_expert_retrofit
9.661014812,25.06218767,90.82861421,91.0769208,14.2258788,90.43697909,94.46385281,1794.073353,37.53749024,30.33012687,66.64717505,26.01243878,931.8869818,9.060023986,99.1628258,ALTERNATOR_ISSUE,P0563,real_dtc_expert_retrofit
12.28387908,30.28931727,90.19038036,98.45131565,14.08087482,108.6451888,93.92400388,1707.592781,5.928049328,93.75842798,37.01380133,30.83551312,891.7197692,7.491967883,39.15051858,RADIATOR_FAN_ISSUE,P0695,real_dtc_expert_retrofit
12.11783061,25.49663744,53.06896454,90.99003046,14.01191003,107.2824494,89.94877182,1449.656077,13.02178224,63.95875208,29.76837042,44.04827606,950.2886283,6.804021645,136.8068271,SEVERE_MECHANICAL_TOW,NOT_APPLICABLE,real_dtc_expert_retrofit
12.62988213,27.08285918,75.4397808,92.79522588,14.00243464,95.08156792,92.4608913,1551.684411,37.23734552,15.2634977,25.23853628,63.34846174,618.7795814,9.279881227,331.388808,BRAKE_PAD_WORN,NOT_APPLICABLE,real_dtc_expert_retrofit
12.28387908,30.28931727,90.19038036,98.45131565,14.08087482,108.6451888,93.92400388,1707.592781,5.928049328,93.75842798,37.01380133,30.83551312,891.7197692,7.491967883,39.15051858,ELECTRICAL_FAULT_RAIN,NOT_APPLICABLE,real_dtc_expert_retrofit
12.83935888,26.91662452,71.22347754,91.41174785,14.42203255,109.0448565,89.25763438,1300.34719,13.81014746,98.00225252,29.63722775,33.29281544,1080.13722,9.168202316,144.198733,FUEL_FILTER_CLOGGED,P0193,real_dtc_expert_retrofit
10.22262718,24.05438177,96.65831733,96.28518604,13.83084514,95.06116446,91.05450587,4004.064172,35.76909433,10.97539818,26.42731663,18.54893384,1010.623532,7.202903519,119.5483414,BATTERY_REPLACE,P0560,real_dtc_expert_retrofit
12.54526034,34.43933942,53.78850905,94.16838848,14.16743439,115.3301864,89.05912944,1105.271005,6.374114207,55.12023729,0,29.68056658,860.4565918,7.315401087,26.51672572,BELT_BROKEN,NOT_APPLICABLE,real_dtc_expert_retrofit
12.11783061,25.49663744,53.06896454,90.99003046,14.01191003,107.2824494,89.94877182,1449.656077,13.02178224,63.95875208,29.76837042,44.04827606,950.2886283,6.804021645,136.8068271,IGNITION_SYSTEM,P0356,real_dtc_expert_retrofit
12.20550052,35.05601308,55.25474121,93.62795292,14.07731276,108.1424542,92.75917376,733.9052181,6.174339001,23.13400219,47.72865499,33.13575434,837.2451345,7.680294416,95.32392876,CLUTCH_WORN,P0901,real_dtc_expert_retrofit
10.95129401,29.94037789,92.94782598,96.41355739,14.52287299,97.87914245,88.23116541,2136.562199,56.78776908,40.29558568,45.71543323,27.23643663,1052.588635,7.76846304,39.22880175,BATTERY_JUMP,P0562,real_dtc_expert_retrofit
12.54526034,34.43933942,53.78850905,94.16838848,14.16743439,115.3301864,89.05912944,1105.271005,6.374114207,55.12023729,0,29.68056658,860.4565918,7.315401087,26.51672572,RADIATOR_HOSE_LEAK,NOT_APPLICABLE,real_dtc_expert_retrofit
10.22262718,24.05438177,96.65831733,96.28518604,13.83084514,95.06116446,91.05450587,4004.064172,35.76909433,10.97539818,26.42731663,18.54893384,1010.623532,7.202903519,119.5483414,ALTERNATOR_ISSUE,P0621,real_dtc_expert_retrofit
12.20550052,35.05601308,55.25474121,93.62795292,14.07731276,108.1424542,92.75917376,733.9052181,6.174339001,23.13400219,47.72865499,33.13575434,837.2451345,7.680294416,95.32392876,ENGINE_OVERHEAT_SEVERE,P0693,real_dtc_expert_retrofit
9.867297907,27.11228036,54.72120631,93.60084595,14.13522214,96.00931402,91.7897245,872.8526872,42.91440826,85.66587659,35.93174635,16.72779487,883.3105205,7.494422038,77.87988025,BATTERY_JUMP,P0561,real_dtc_expert_retrofit
12.11783061,25.49663744,53.06896454,90.99003046,14.01191003,107.2824494,89.94877182,1449.656077,13.02178224,63.95875208,29.76837042,44.04827606,950.2886283,6.804021645,136.8068271,SEVERE_MECHANICAL_TOW,NOT_APPLICABLE,real_dtc_expert_retrofit
12.83935888,26.91662452,71.22347754,91.41174785,14.42203255,109.0448565,89.25763438,1300.34719,13.81014746,98.00225252,29.63722775,33.29281544,1080.13722,9.168202316,144.198733,RADIATOR_FAN_ISSUE,P0529,real_dtc_expert_retrofit
10.55655403,25.68079148,90.35683018,91.81400866,14.35706789,92.49465951,85.55333459,700,45.49478922,82.92813761,41.34083791,10.29321232,1093.079548,8.782814574,80.21136718,ALTERNATOR_ISSUE,P0622,real_dtc_expert_retrofit
12.36943469,28.97421523,67.19654361,93.65491792,14.30088776,107.6992981,93.97444693,2359.938617,8.298198455,21.45207693,25.51953511,16.41249068,1022.897538,7.743241427,88.21943977,FUEL_FILTER_CLOGGED,P0191,real_dtc_expert_retrofit
12.83935888,26.91662452,71.22347754,91.41174785,14.42203255,109.0448565,89.25763438,1300.34719,13.81014746,98.00225252,29.63722775,33.29281544,1080.13722,9.168202316,144.198733,COOLANT_LOW,P0217,real_dtc_expert_retrofit
12.20550052,35.05601308,55.25474121,93.62795292,14.07731276,108.1424542,92.75917376,733.9052181,6.174339001,23.13400219,47.72865499,33.13575434,837.2451345,7.680294416,95.32392876,ELECTRICAL_FAULT_RAIN,NOT_APPLICABLE,real_dtc_expert_retrofit
10.95129401,29.94037789,92.94782598,96.41355739,14.52287299,97.87914245,88.23116541,2136.562199,56.78776908,40.29558568,45.71543323,27.23643663,1052.588635,7.76846304,39.22880175,BATTERY_REPLACE,P0560,real_dtc_expert_retrofit
13.13946328,33.95963931,70.12070793,99.37920601,14.11443677,97.39366982,87.85876944,1298.277431,54.69275854,26.00328405,44.71627925,49.52345778,430.532343,7.935814828,207.6408167,BRAKE_PAD_WORN,NOT_APPLICABLE,real_dtc_expert_retrofit
10.01620326,27.12871194,54.68471327,90.29097604,13.914573,94.15220795,91.2544444,2932.261558,33.86586464,77.19722436,64.58705826,30.1909344,1140.578055,8.971950715,-9.881104159,BATTERY_JUMP,U0100,real_dtc_expert_retrofit
12.54526034,34.43933942,53.78850905,94.16838848,14.16743439,115.3301864,89.05912944,1105.271005,6.374114207,55.12023729,0,29.68056658,860.4565918,7.315401087,26.51672572,FUEL_PUMP,P0087,real_dtc_expert_retrofit
12.99421143,21.03233859,42.36665628,91.78745399,14.94432568,119.3224707,89.68972545,1583.231458,12.07998446,93.29009392,47.50963839,37.86324141,1048.231935,8.747317731,72.42323288,ELECTRICAL_FAULT_RAIN,NOT_APPLICABLE,real_dtc_expert_retrofit
12.62988213,27.08285918,75.4397808,92.79522588,14.00243464,95.08156792,92.4608913,1551.684411,37.23734552,15.2634977,25.23853628,63.34846174,618.7795814,9.279881227,331.388808,BRAKE_PAD_WORN,NOT_APPLICABLE,real_dtc_expert_retrofit
12.11783061,25.49663744,53.06896454,90.99003046,14.01191003,107.2824494,89.94877182,1449.656077,13.02178224,63.95875208,29.76837042,44.04827606,950.2886283,6.804021645,136.8068271,RADIATOR_HOSE_LEAK,NOT_APPLICABLE,real_dtc_expert_retrofit
12.99421143,21.03233859,42.36665628,91.78745399,14.94432568,119.3224707,89.68972545,1583.231458,12.07998446,93.29009392,47.50963839,37.86324141,1048.231935,8.747317731,72.42323288,RADIATOR_FAN_ISSUE,P0696,real_dtc_expert_retrofit
12.83935888,26.91662452,71.22347754,91.41174785,14.42203255,109.0448565,89.25763438,1300.34719,13.81014746,98.00225252,29.63722775,33.29281544,1080.13722,9.168202316,144.198733,COOLANT_LOW,P0126,real_dtc_expert_retrofit
12.11783061,25.49663744,53.06896454,90.99003046,14.01191003,107.2824494,89.94877182,1449.656077,13.02178224,63.95875208,29.76837042,44.04827606,950.2886283,6.804021645,136.8068271,ENGINE_OVERHEAT_SEVERE,P0481,real_dtc_expert_retrofit
10.95129401,29.94037789,92.94782598,96.41355739,14.52287299,97.87914245,88.23116541,2136.562199,56.78776908,40.29558568,45.71543323,27.23643663,1052.588635,7.76846304,39.22880175,ALTERNATOR_ISSUE,P0560,real_dtc_expert_retrofit
12.36943469,28.97421523,67.19654361,93.65491792,14.30088776,107.6992981,93.97444693,2359.938617,8.298198455,21.45207693,25.51953511,16.41249068,1022.897538,7.743241427,88.21943977,COOLANT_LOW,P0217,real_dtc_expert_retrofit
9.06508174,28.7736311,90.40652444,91.99655029,14.37337167,93.09603477,88.27421811,2310.446055,41.03564044,58.21544279,21.84279055,48.90440481,881.7042728,9.690619581,66.90858781,BATTERY_JUMP,U0100,real_dtc_expert_retrofit
12.83935888,26.91662452,71.22347754,91.41174785,14.42203255,109.0448565,89.25763438,1300.34719,13.81014746,98.00225252,29.63722775,33.29281544,1080.13722,9.168202316,144.198733,SEVERE_MECHANICAL_TOW,NOT_APPLICABLE,real_dtc_expert_retrofit
9.944045109,19.74096377,75.28679939,95.03200577,13.89127514,96.08999502,86.965005,2561.239534,58.01526269,85.80846279,54.85588471,30.67915374,999.4218317,8.211273616,142.6697112,BATTERY_JUMP,P0561,real_dtc_expert_retrofit
10.95129401,29.94037789,92.94782598,96.41355739,14.52287299,97.87914245,88.23116541,2136.562199,56.78776908,40.29558568,45.71543323,27.23643663,1052.588635,7.76846304,39.22880175,ALTERNATOR_ISSUE,P0560,real_dtc_expert_retrofit
12.54526034,34.43933942,53.78850905,94.16838848,14.16743439,115.3301864,89.05912944,1105.271005,6.374114207,55.12023729,0,29.68056658,860.4565918,7.315401087,26.51672572,COOLANT_LOW,P0128,real_dtc_expert_retrofit
12.36943469,28.97421523,67.19654361,93.65491792,14.30088776,107.6992981,93.97444693,2359.938617,8.298198455,21.45207693,25.51953511,16.41249068,1022.897538,7.743241427,88.21943977,ENGINE_OVERHEAT_SEVERE,P0691,real_dtc_expert_retrofit
10.46988854,22.04592302,49.97156294,93.38368377,14.32078243,85.83227328,89.56426986,2082.625966,63.87878902,68.22564557,30.53103147,46.79858665,1027.665337,8.695411856,154.8245363,BATTERY_TERMINAL_CLEAN,P0562,real_dtc_expert_retrofit
12.20550052,35.05601308,55.25474121,93.62795292,14.07731276,108.1424542,92.75917376,733.9052181,6.174339001,23.13400219,47.72865499,33.13575434,837.2451345,7.680294416,95.32392876,FUEL_PUMP,P0231,real_dtc_expert_retrofit
9.439753084,20.38971459,40.27121218,94.87558911,14.23301394,98.77171829,93.90196018,1019.831674,45.78348956,60.94497943,40.78979628,27.49032665,960.6043652,6.228996657,70.70493055,STARTER_MOTOR,P0817,real_dtc_expert_retrofit
12.62988213,27.08285918,75.4397808,92.79522588,14.00243464,95.08156792,92.4608913,1551.684411,37.23734552,15.2634977,25.23853628,63.34846174,618.7795814,9.279881227,331.388808,BRAKE_FAILURE,NOT_APPLICABLE,real_dtc_expert_retrofit
12.36943469,28.97421523,67.19654361,93.65491792,14.30088776,107.6992981,93.97444693,2359.938617,8.298198455,21.45207693,25.51953511,16.41249068,1022.897538,7.743241427,88.21943977,ENGINE_OVERHEAT_SEVERE,P0481,real_dtc_expert_retrofit
13.58090613,27.33800205,48.71518863,91.985731,14.13811094,106.0171684,91.23719882,2712.045388,50.84618366,17.7443134,38.45295877,23.56438602,649.810999,9.680200834,361.8902048,BRAKE_PAD_WORN,NOT_APPLICABLE,real_dtc_expert_retrofit
12.54526034,34.43933942,53.78850905,94.16838848,14.16743439,115.3301864,89.05912944,1105.271005,6.374114207,55.12023729,0,29.68056658,860.4565918,7.315401087,26.51672572,TRANSMISSION_ISSUE,P0764,real_dtc_expert_retrofit
12.61165994,22.43578478,78.95469504,94.8869774,14.16378219,86.57985253,87.80695793,1370.461534,58.44246679,91.28356929,36.76114218,28.21827095,552.4361732,7.228121042,337.7981387,BRAKE_FAILURE,NOT_APPLICABLE,real_dtc_expert_retrofit
12.28387908,30.28931727,90.19038036,98.45131565,14.08087482,108.6451888,93.92400388,1707.592781,5.928049328,93.75842798,37.01380133,30.83551312,891.7197692,7.491967883,39.15051858,SEVERE_MECHANICAL_TOW,NOT_APPLICABLE,real_dtc_expert_retrofit
9.06508174,28.7736311,90.40652444,91.99655029,14.37337167,93.09603477,88.27421811,2310.446055,41.03564044,58.21544279,21.84279055,48.90440481,881.7042728,9.690619581,66.90858781,STARTER_MOTOR,P0817,real_dtc_expert_retrofit
12.83935888,26.91662452,71.22347754,91.41174785,14.42203255,109.0448565,89.25763438,1300.34719,13.81014746,98.00225252,29.63722775,33.29281544,1080.13722,9.168202316,144.198733,SEVERE_MECHANICAL_TOW,NOT_APPLICABLE,real_dtc_expert_retrofit
10.46988854,22.04592302,49.97156294,93.38368377,14.32078243,85.83227328,89.56426986,2082.625966,63.87878902,68.22564557,30.53103147,46.79858665,1027.665337,8.695411856,154.8245363,ALTERNATOR_ISSUE,P0621,real_dtc_expert_retrofit
10.26808131,23.5475836,74.14212362,99.09119326,14.16663454,111.7185637,94.14583484,2154.562453,59.62497374,95.02985955,66.82073282,44.38902824,930.8482166,9.591423016,70.51754859,ALTERNATOR_ISSUE,P0560,real_dtc_expert_retrofit
12.20550052,35.05601308,55.25474121,93.62795292,14.07731276,108.1424542,92.75917376,733.9052181,6.174339001,23.13400219,47.72865499,33.13575434,837.2451345,7.680294416,95.32392876,FUEL_PUMP,P0190,real_dtc_expert_retrofit
12.20550052,35.05601308,55.25474121,93.62795292,14.07731276,108.1424542,92.75917376,733.9052181,6.174339001,23.13400219,47.72865499,33.13575434,837.2451345,7.680294416,95.32392876,IGNITION_SYSTEM,P0354,real_dtc_expert_retrofit
12.28387908,30.28931727,90.19038036,98.45131565,14.08087482,108.6451888,93.92400388,1707.592781,5.928049328,93.75842798,37.01380133,30.83551312,891.7197692,7.491967883,39.15051858,IGNITION_SYSTEM,P0360,real_dtc_expert_retrofit
12.83935888,26.91662452,71.22347754,91.41174785,14.42203255,109.0448565,89.25763438,1300.34719,13.81014746,98.00225252,29.63722775,33.29281544,1080.13722,9.168202316,144.198733,FUEL_PUMP,P069E,real_dtc_expert_retrofit
9.06508174,28.7736311,90.40652444,91.99655029,14.37337167,93.09603477,88.27421811,2310.446055,41.03564044,58.21544279,21.84279055,48.90440481,881.7042728,9.690619581,66.90858781,ALTERNATOR_ISSUE,P0626,real_dtc_expert_retrofit
9.867297907,27.11228036,54.72120631,93.60084595,14.13522214,96.00931402,91.7897245,872.8526872,42.91440826,85.66587659,35.93174635,16.72779487,883.3105205,7.494422038,77.87988025,ALTERNATOR_ISSUE,P0625,real_dtc_expert_retrofit
12.28387908,30.28931727,90.19038036,98.45131565,14.08087482,108.6451888,93.92400388,1707.592781,5.928049328,93.75842798,37.01380133,30.83551312,891.7197692,7.491967883,39.15051858,TRANSMISSION_ISSUE,P0717,real_dtc_expert_retrofit
12.54526034,34.43933942,53.78850905,94.16838848,14.16743439,115.3301864,89.05912944,1105.271005,6.374114207,55.12023729,0,29.68056658,860.4565918,7.315401087,26.51672572,SEVERE_MECHANICAL_TOW,NOT_APPLICABLE,real_dtc_expert_retrofit
9.439753084,20.38971459,40.27121218,94.87558911,14.23301394,98.77171829,93.90196018,1019.831674,45.78348956,60.94497943,40.78979628,27.49032665,960.6043652,6.228996657,70.70493055,BATTERY_TERMINAL_CLEAN,P0560,real_dtc_expert_retrofit
12.54526034,34.43933942,53.78850905,94.16838848,14.16743439,115.3301864,89.05912944,1105.271005,6.374114207,55.12023729,0,29.68056658,860.4565918,7.315401087,26.51672572,FUEL_FILTER_CLOGGED,P0087,real_dtc_expert_retrofit
12.36943469,28.97421523,67.19654361,93.65491792,14.30088776,107.6992981,93.97444693,2359.938617,8.298198455,21.45207693,25.51953511,16.41249068,1022.897538,7.743241427,88.21943977,IGNITION_SYSTEM,P0357,real_dtc_expert_retrofit
13.35287423,18.14001453,72.84548641,97.98365256,13.85405608,92.1226654,86.17288379,2538.344652,51.74785973,18.76840129,19.51640289,47.39389222,560.9996051,7.442294725,326.5862458,BRAKE_PAD_WORN,NOT_APPLICABLE,real_dtc_expert_retrofit
12.83935888,26.91662452,71.22347754,91.41174785,14.42203255,109.0448565,89.25763438,1300.34719,13.81014746,98.00225252,29.63722775,33.29281544,1080.13722,9.168202316,144.198733,BELT_BROKEN,NOT_APPLICABLE,real_dtc_expert_retrofit
12.28387908,30.28931727,90.19038036,98.45131565,14.08087482,108.6451888,93.92400388,1707.592781,5.928049328,93.75842798,37.01380133,30.83551312,891.7197692,7.491967883,39.15051858,ENGINE_OVERHEAT_SEVERE,P0480,real_dtc_expert_retrofit
12.36943469,28.97421523,67.19654361,93.65491792,14.30088776,107.6992981,93.97444693,2359.938617,8.298198455,21.45207693,25.51953511,16.41249068,1022.897538,7.743241427,88.21943977,FUEL_FILTER_CLOGGED,P0093,real_dtc_expert_retrofit
12.28387908,30.28931727,90.19038036,98.45131565,14.08087482,108.6451888,93.92400388,1707.592781,5.928049328,93.75842798,37.01380133,30.83551312,891.7197692,7.491967883,39.15051858,RADIATOR_FAN_ISSUE,P0693,real_dtc_expert_retrofit
12.99421143,21.03233859,42.36665628,91.78745399,14.94432568,119.3224707,89.68972545,1583.231458,12.07998446,93.29009392,47.50963839,37.86324141,1048.231935,8.747317731,72.42323288,COOLANT_LOW,P0126,real_dtc_expert_retrofit
12.99421143,21.03233859,42.36665628,91.78745399,14.94432568,119.3224707,89.68972545,1583.231458,12.07998446,93.29009392,47.50963839,37.86324141,1048.231935,8.747317731,72.42323288,CLUTCH_WORN,P0810,real_dtc_expert_retrofit
12.99421143,21.03233859,42.36665628,91.78745399,14.94432568,119.3224707,89.68972545,1583.231458,12.07998446,93.29009392,47.50963839,37.86324141,1048.231935,8.747317731,72.42323288,ENGINE_OVERHEAT_SEVERE,P0481,real_dtc_expert_retrofit
13.13321027,20.55746411,96.06000557,93.36690508,14.09910912,96.1629783,84.87913368,2143.467421,45.61131069,12.20408015,47.76143682,29.72121792,456.6410244,8.662123664,298.7755896,BRAKE_FAILURE,NOT_APPLICABLE,real_dtc_expert_retrofit
10.55655403,25.68079148,90.35683018,91.81400866,14.35706789,92.49465951,85.55333459,700,45.49478922,82.92813761,41.34083791,10.29321232,1093.079548,8.782814574,80.21136718,BATTERY_TERMINAL_CLEAN,P0560,real_dtc_expert_retrofit
12.99421143,21.03233859,42.36665628,91.78745399,14.94432568,119.3224707,89.68972545,1583.231458,12.07998446,93.29009392,47.50963839,37.86324141,1048.231935,8.747317731,72.42323288,IGNITION_SYSTEM,P0310,real_dtc_expert_retrofit
9.06508174,28.7736311,90.40652444,91.99655029,14.37337167,93.09603477,88.27421811,2310.446055,41.03564044,58.21544279,21.84279055,48.90440481,881.7042728,9.690619581,66.90858781,STARTER_MOTOR,P0617,real_dtc_expert_retrofit
12.36943469,28.97421523,67.19654361,93.65491792,14.30088776,107.6992981,93.97444693,2359.938617,8.298198455,21.45207693,25.51953511,16.41249068,1022.897538,7.743241427,88.21943977,RADIATOR_HOSE_LEAK,NOT_APPLICABLE,real_dtc_expert_retrofit
13.13321027,20.55746411,96.06000557,93.36690508,14.09910912,96.1629783,84.87913368,2143.467421,45.61131069,12.20408015,47.76143682,29.72121792,456.6410244,8.662123664,298.7755896,BRAKE_FAILURE,NOT_APPLICABLE,real_dtc_expert_retrofit
12.11783061,25.49663744,53.06896454,90.99003046,14.01191003,107.2824494,89.94877182,1449.656077,13.02178224,63.95875208,29.76837042,44.04827606,950.2886283,6.804021645,136.8068271,RADIATOR_FAN_ISSUE,P0528,real_dtc_expert_retrofit
9.614,22.843,55.753,93.919,14.304,95.186,88.896,2935.307,55.381,46.649,36.67,35.494,999.004,7.04,75.624,ALTERNATOR_ISSUE,P0620,synthetic_distribution_fit
9.676,26.4,45.079,97.22,14.514,93.61,91.398,-190.309,35.605,43.013,30.717,37.201,1180.012,7.284,41.463,ALTERNATOR_ISSUE,P0562,synthetic_distribution_fit
10.204,29.924,49.462,94.669,14.647,86.348,87.754,1685.298,42.237,73.004,49.373,11.606,1031.762,7.822,135.22,ALTERNATOR_ISSUE,P0562,synthetic_distribution_fit
9.798,27.271,86.902,95.136,13.838,97.713,88.301,2307.457,32.816,63.075,34.487,16.668,1051.611,8.557,51.385,ALTERNATOR_ISSUE,P0621,synthetic_distribution_fit
10.77,24.836,73.12,94.716,14.083,97.366,89.411,1696.599,61.883,22.769,11.679,46.419,1235.239,7.976,-7.343,ALTERNATOR_ISSUE,P0620,synthetic_distribution_fit
9.961,25.458,51.518,95.445,14.347,87.165,92.142,4023.572,49.462,41.833,43.925,36.182,807.059,8.488,61.307,ALTERNATOR_ISSUE,P0563,synthetic_distribution_fit
10.954,25.497,103.969,91.496,14.362,96.579,88.667,2252.803,60.317,42.199,21.915,29.675,889.919,8.033,75.02,ALTERNATOR_ISSUE,P0563,synthetic_distribution_fit
9.343,27.124,62.657,88.068,14.408,96.334,89.011,841.859,56.387,60.446,79.775,34.176,1018.986,8.191,114.902,ALTERNATOR_ISSUE,P0562,synthetic_distribution_fit
10.385,29.033,62.683,93.064,14.116,99.025,93.913,1652.028,43.237,59.49,42.451,39.644,754.927,7.598,43.907,ALTERNATOR_ISSUE,P0560,synthetic_distribution_fit
9.646,23.66,68.722,96.696,14.17,89.571,90.466,3075.992,37.487,26.293,53.873,27.578,1044.975,8.328,109.792,ALTERNATOR_ISSUE,P0562,synthetic_distribution_fit
9.613,25.899,68.541,91.233,13.866,98.48,89.815,1119.992,46.665,81.554,13.554,14.468,887.872,9.652,91.187,ALTERNATOR_ISSUE,P0562,synthetic_distribution_fit
9.564,23.153,80.96,94.222,14.353,93.947,91.209,2234.601,55.781,72.852,22.939,6.75,1080.416,9.407,33.332,ALTERNATOR_ISSUE,P0626,synthetic_distribution_fit
9.229,26.175,90.069,98.302,14.346,92.992,88.614,2096.108,44.546,23.461,75.034,48.21,1093.852,7.514,116.6,ALTERNATOR_ISSUE,P0621,synthetic_distribution_fit
10.3,29.028,84.497,95.821,14.373,96.69,86.641,2164.255,41.866,16.284,69.824,47.633,1116.178,8.57,138.602,ALTERNATOR_ISSUE,P0623,synthetic_distribution_fit
10.1,26.432,51.893,95.017,14.24,88.16,90.479,2010.009,66.42,75.216,46.104,32.414,984.622,8.158,30.588,ALTERNATOR_ISSUE,P0561,synthetic_distribution_fit
9.747,22.828,82.156,95.003,13.814,94.284,92.799,3085.482,58.369,52.031,33.941,18.713,1014.674,8.681,135.792,ALTERNATOR_ISSUE,P0562,synthetic_distribution_fit
10.606,25.601,49.051,93.337,14.277,93.872,89.312,2324.085,42.411,33.951,50.364,25.722,1004.62,8.586,28.058,ALTERNATOR_ISSUE,P0562,synthetic_distribution_fit
10.763,23.047,32.597,89.717,14.233,95.081,90.332,3231.811,19.785,61.709,68.114,18.26,942.202,7.664,38.938,ALTERNATOR_ISSUE,P0561,synthetic_distribution_fit
9.943,29.469,107.165,93.297,14.666,95.106,94.478,1997.196,49.035,60.883,91.082,38.608,909.443,9.211,62.579,ALTERNATOR_ISSUE,P0621,synthetic_distribution_fit
10.517,26.006,77.768,94.118,14.304,97.126,86.301,2714.715,37.424,11.88,45.112,30.719,910.819,9.087,19.057,ALTERNATOR_ISSUE,P0620,synthetic_distribution_fit
9.905,24.479,71.636,94.739,13.994,98.68,90.732,298.797,27.236,50.643,42.803,28.792,977.4,8.543,120.712,ALTERNATOR_ISSUE,P0622,synthetic_distribution_fit
9.549,23.218,77.963,97.006,14.127,81.937,86.817,1298.688,41.85,39.906,46.489,26.65,1085.177,7.733,40.36,ALTERNATOR_ISSUE,P0626,synthetic_distribution_fit
10.317,22.121,79.864,94.326,14.192,103.164,89.214,4030.761,45.316,16.36,46.934,18.79,904.992,8.697,103.307,ALTERNATOR_ISSUE,P0561,synthetic_distribution_fit
10.554,28.799,99.601,95.327,14.541,85.159,89.888,1266.612,48.912,35.486,43.582,49.208,963.22,8.712,68.33,ALTERNATOR_ISSUE,P0562,synthetic_distribution_fit
10.13,25.944,80.969,96.819,14.607,96.528,91.899,998.574,46.751,76.465,58.238,32.031,1068.876,8.781,131.929,ALTERNATOR_ISSUE,P0626,synthetic_distribution_fit
9.929,26.762,17.248,94.983,13.385,85.976,91.594,2536.209,35.542,31.673,65.403,24.879,1204.585,8.339,96.757,ALTERNATOR_ISSUE,P0620,synthetic_distribution_fit
10.847,26.254,53.612,93.828,14.218,87.838,90.026,1384.469,57.311,51.915,41.925,28.764,1002.521,8.894,34.26,ALTERNATOR_ISSUE,P0620,synthetic_distribution_fit
10.608,24.906,45.795,95.126,14.333,86.976,91.101,2779.88,51.573,68.108,26,33.259,949.924,7.907,117.29,ALTERNATOR_ISSUE,P0623,synthetic_distribution_fit
10.783,30.379,97.31,93.828,14.308,98.901,90.861,2208.771,56.261,49.37,35.585,25.594,1043.617,8.343,93.745,ALTERNATOR_ISSUE,P0563,synthetic_distribution_fit
9.92,27.804,79.659,91.188,14.559,92.322,86.925,1098.497,37.016,52.391,42.053,26.392,1042.195,8.646,92.673,ALTERNATOR_ISSUE,P0622,synthetic_distribution_fit
10.285,27.457,32.762,93.23,13.723,95.108,90.582,3072.553,60.057,56.473,38.836,34.844,927.385,8.339,122.421,ALTERNATOR_ISSUE,P0563,synthetic_distribution_fit
10.469,27.609,54.509,96.37,14.388,95.45,88.904,1273.977,42.059,65.685,32.371,34.354,855.971,8.157,83.51,ALTERNATOR_ISSUE,P0620,synthetic_distribution_fit
11.232,22.514,100.275,94.437,14.321,95.535,91.578,1940.175,62.836,38.603,62.019,23.23,974.171,7.378,98.842,ALTERNATOR_ISSUE,P0561,synthetic_distribution_fit
10.059,25.441,51.495,93.547,13.859,90.183,91.095,3330.792,76.973,35.076,66.323,32.362,965.068,8.729,81.391,ALTERNATOR_ISSUE,P0625,synthetic_distribution_fit
10.146,24.916,46.148,90.464,14.377,93.485,89.272,2093.326,55.96,55.866,36.625,42.464,1138.184,8.784,121.867,ALTERNATOR_ISSUE,P0563,synthetic_distribution_fit
10.617,27.688,81.759,95.225,13.991,98.739,86.97,1365.19,62.477,79.247,65.458,29.293,858.668,8.235,82.703,BATTERY_JUMP,P0561,synthetic_distribution_fit
10.077,29.211,64.603,94.85,14.015,97.463,89.914,1402.296,47.016,53.128,41.106,51.084,966.073,8.232,-17.959,BATTERY_JUMP,P0561,synthetic_distribution_fit
9.901,23.879,95.765,93.694,14.533,95.481,89.988,1949.961,49.422,101.648,12.71,10.842,920.746,8.463,109.616,BATTERY_JUMP,U0100,synthetic_distribution_fit
10.279,24.763,89.281,96.368,14.282,100.075,90.498,1558.331,56.393,60.645,44.868,47.901,726.311,7.184,23.706,BATTERY_JUMP,P0561,synthetic_distribution_fit
9.905,21.472,53.448,92.137,14.799,104.352,89.015,1722.295,37.842,9.173,43.23,21.547,967.459,7.021,43.161,BATTERY_JUMP,P0562,synthetic_distribution_fit
10.113,26.962,78.526,91.109,14.435,91.087,91.279,2014.717,35.56,49.762,49.912,38.728,961.737,9.818,124.143,BATTERY_JUMP,U0100,synthetic_distribution_fit
10.422,31.555,106.113,91.316,14.03,102.737,87.614,927.779,44.501,68.539,43.431,25.252,907.39,7.814,37.781,BATTERY_JUMP,U0100,synthetic_distribution_fit
11.209,26.761,86.916,92.969,14.198,91.529,84.162,881.823,31.199,0.462,28.287,46.322,971.578,9.602,96.842,BATTERY_JUMP,P0560,synthetic_distribution_fit
9.573,27.424,84.09,92.773,14.368,98.053,88.717,1093.295,37.491,60.03,49.38,23.737,978.816,8.959,106.325,BATTERY_JUMP,U0100,synthetic_distribution_fit
10.834,29.63,53.16,97.829,14.12,100.494,90.055,1682.057,31.228,53.45,23.244,42.508,1130.7,7.738,91.853,BATTERY_JUMP,P0561,synthetic_distribution_fit
9.713,28.158,70.373,97.955,14.131,100.262,90.118,2682.849,44.893,56.561,43.249,23.273,1043.587,9.03,105.198,BATTERY_JUMP,P0562,synthetic_distribution_fit
10.826,30.135,64.358,94.898,14.098,95.286,88.608,3365.792,53.037,52.265,61.388,9.039,770.827,9.16,80.8,BATTERY_JUMP,P0562,synthetic_distribution_fit
9.354,25.821,106.882,95.907,14.279,92.928,89.052,259.448,51.972,79.382,23.019,25.136,858.137,7.588,80.481,BATTERY_JUMP,U0100,synthetic_distribution_fit
8.965,27.689,84.54,93.501,13.676,90.087,92.579,-278.093,45.894,27.738,55.997,24.99,1017.278,8.955,162.07,BATTERY_JUMP,P0560,synthetic_distribution_fit
10.23,21.538,92.345,92.362,14.113,95.053,86.521,2213.072,59.101,65.293,22.835,30.87,1051.735,6.773,28.845,BATTERY_JUMP,P0560,synthetic_distribution_fit
10.487,26.68,78.427,98.223,14.347,98.521,95.781,1846.39,41.37,68.732,50.932,26.572,870.884,10.513,92.991,BATTERY_JUMP,P0560,synthetic_distribution_fit
10.507,25.569,66.541,95.321,13.946,96.964,94.052,2409.769,45.606,44.895,39.164,29.482,937.6,9.268,-1.289,BATTERY_JUMP,P0562,synthetic_distribution_fit
10.479,24.776,77.801,91.542,14.543,101.517,91.986,768.526,57.712,68.147,22.608,31.931,1013.26,8.946,86.146,BATTERY_JUMP,U0100,synthetic_distribution_fit
10.794,29.481,19.802,93.353,14.203,86.234,90.111,3058.152,38.471,66.402,32.16,25.024,1126.684,7.965,99.187,BATTERY_JUMP,U0100,synthetic_distribution_fit
9.074,31.345,81.836,93.655,14.371,87.979,92.47,1755.103,47.334,45.289,36.804,39.6,1002.189,9.032,77.631,BATTERY_JUMP,U0100,synthetic_distribution_fit
9.821,32.422,43.029,96.884,14.552,90.822,94.737,2848.315,59.138,58.539,41.84,29.957,1015.91,9.701,86.331,BATTERY_JUMP,P0560,synthetic_distribution_fit
9.568,28.304,87.531,95.527,14.41,93.785,87.894,1304.215,32.958,63.866,43.693,27.498,674.867,7.336,129.329,BATTERY_JUMP,U0100,synthetic_distribution_fit
10.222,21.814,96.784,93.741,14.306,107.024,93.193,1769.535,43.426,49.524,51.914,31.068,935.823,9.76,72.806,BATTERY_JUMP,P0561,synthetic_distribution_fit
11.218,26.155,102.981,94.862,14.459,91.473,88.057,2404.407,59.313,58.851,27.026,17.682,830.651,6.871,83.044,BATTERY_JUMP,P0561,synthetic_distribution_fit
10.029,19.266,67.651,93.699,14.717,87.738,89.061,3436.864,53.904,72.187,46.437,35.71,1055.362,7.727,118.218,BATTERY_JUMP,P0560,synthetic_distribution_fit
9.33,26.851,74.257,92.684,14.235,91.993,87.585,1730.554,38.296,66.055,28.915,39.784,855.689,7.944,49.447,BATTERY_JUMP,P0561,synthetic_distribution_fit
10.206,25.268,79.978,89.349,14.231,105.35,90.194,2079.799,54.889,80.66,17.174,14.247,997.54,7.811,138.079,BATTERY_JUMP,P0561,synthetic_distribution_fit
9.874,20.221,48.391,87.912,14.187,94.206,88.988,2917.404,61.422,53.48,15.272,38.774,1032.71,8.726,122.951,BATTERY_JUMP,P0562,synthetic_distribution_fit
11.069,23.078,84.457,90.288,14.029,102.897,89.342,2719.424,51.764,55.148,63.746,29.666,794.612,7.732,103.259,BATTERY_JUMP,U0100,synthetic_distribution_fit
10.24,21.297,58.111,92.762,14.157,88.152,88.546,1419.863,57.133,78.454,42.829,28.009,990.368,7.72,25.547,BATTERY_JUMP,P0561,synthetic_distribution_fit
9.71,22.48,73.959,95.695,13.879,95.295,89.431,2306.478,49.254,20.762,27.359,32.504,1080.961,6.472,93.856,BATTERY_JUMP,P0560,synthetic_distribution_fit
10.648,25.441,80.899,92.49,14.213,86.903,84.828,2804.631,39.491,46.21,25.64,17.152,958.389,7.798,95.331,BATTERY_JUMP,P0560,synthetic_distribution_fit
10.201,26.588,99.27,91.675,14.228,100.941,92.647,845.571,46.247,92.452,51.889,34.273,953.92,8.107,91.224,BATTERY_JUMP,P0561,synthetic_distribution_fit
9.906,25.764,72.467,92.546,14.361,110.024,86.057,2291.982,41.749,72.546,45.495,40.316,1095.916,8.622,129.843,BATTERY_JUMP,P0560,synthetic_distribution_fit
10.854,26.988,90.332,91.334,14.051,95.911,89.87,2258.059,60.277,12.817,58.342,32.279,955.337,7.136,101.056,BATTERY_JUMP,U0100,synthetic_distribution_fit
8.904,26.797,45.786,94.191,14.108,101.164,89.744,1743.836,41.131,92.089,47.642,26.363,985.404,6.794,102.426,BATTERY_REPLACE,P0561,synthetic_distribution_fit
10.411,25.328,118.759,91.552,14.112,104.502,92.697,1741.854,48.488,59.443,43.975,22.64,996.627,6.764,90.564,BATTERY_REPLACE,P0603,synthetic_distribution_fit
10.267,24.322,43.473,96.329,14.214,91.099,89.524,973.07,35.907,45.577,57.619,23.344,1052.28,7.778,95.847,BATTERY_REPLACE,P0603,synthetic_distribution_fit
10.469,23.453,44.273,90.908,14.018,88.322,91.013,1962.08,70.143,14.754,42.846,17.534,965.802,8.429,-24.64,BATTERY_REPLACE,P0561,synthetic_distribution_fit
10.166,30.342,65.325,94.663,14.359,94.083,88.877,232.372,52.687,56.485,25.312,32.456,958.915,7.788,112.625,BATTERY_REPLACE,P0561,synthetic_distribution_fit
10.552,21.015,61.388,98.466,14.381,95.472,88.102,1901.391,46.97,60.356,38.601,30.583,987.088,6.914,60.054,BATTERY_REPLACE,P0560,synthetic_distribution_fit
10.489,21.098,70.289,92.193,14.159,92.89,93.314,2891.313,33.023,76.634,28.743,24.087,1027.381,7.823,126.042,BATTERY_REPLACE,P0561,synthetic_distribution_fit
9.758,23.11,63.214,96.582,14.272,104.033,95.017,1422.183,46.942,29.178,28.701,23.456,922.796,7.287,77.482,BATTERY_REPLACE,P0562,synthetic_distribution_fit
9.474,27.344,56.59,100.494,14.036,95.336,87.337,4037.631,57.505,67.019,20.495,33.456,917.892,9.693,122.125,BATTERY_REPLACE,P0561,synthetic_distribution_fit
8.893,22.186,86.793,96.842,14.377,86.501,90.779,3377.677,29.534,59.189,43.858,27.373,862.148,7.982,68.912,BATTERY_REPLACE,P0562,synthetic_distribution_fit
9.983,23.373,65.521,93.978,14.231,93.337,89.246,2495.453,26.89,71.645,39.902,31.422,1076.732,6.425,-8.181,BATTERY_REPLACE,P0562,synthetic_distribution_fit
10.05,25.446,65.162,95.588,14.338,97.524,89.567,392.967,53.978,90.775,49.202,20.488,1054.842,9.117,157.224,BATTERY_REPLACE,P0561,synthetic_distribution_fit
9.636,24.325,87.913,94.2,13.89,97.155,91.376,2491.256,48.444,52.746,61.221,20.237,958.637,8.304,125.391,BATTERY_REPLACE,P0562,synthetic_distribution_fit
9.429,19.207,74.47,91.511,14.05,98.466,88.746,2628.22,43.218,76.657,46.76,22.72,990.576,9.292,102.656,BATTERY_REPLACE,P0603,synthetic_distribution_fit
9.388,26.817,53.451,97.299,14.358,96.493,90.468,2207.431,53.065,49.867,43.307,41.321,960.583,7.704,28.315,BATTERY_REPLACE,P0603,synthetic_distribution_fit
9.183,27.027,107.884,97.328,13.779,98.803,93.194,1970.641,47.254,7.814,43.756,18.3,1018.671,6.8,109.655,BATTERY_REPLACE,P0603,synthetic_distribution_fit
10.541,22.752,52.467,89.137,14.076,91.866,86.786,2840.124,41.702,31.759,31.916,43.692,1049.437,8.169,113.225,BATTERY_REPLACE,P0562,synthetic_distribution_fit
10.069,25.381,65.017,95.064,13.964,97.661,91.319,-380.608,58.218,-18.894,31.03,43.145,979.237,6.891,33.027,BATTERY_REPLACE,P0603,synthetic_distribution_fit
10.542,19.535,95.094,93.942,13.874,91.858,87.937,3235.007,53.608,15.231,34.092,20.684,1102.118,7.002,159.35,BATTERY_REPLACE,P0562,synthetic_distribution_fit
9.5,23.051,58.775,91.153,14.155,88.434,85.429,2044.354,28.079,40.071,26.805,20.588,1156.086,8.347,95.726,BATTERY_REPLACE,P0561,synthetic_distribution_fit
9.207,23.117,77.905,91.725,14.333,88.568,89.512,1847.13,47.887,42.939,36.005,28.142,947.418,8.758,95.399,BATTERY_REPLACE,P0561,synthetic_distribution_fit
9.848,27.216,69.419,93.367,14.157,103.962,87.24,3142.912,27.169,64.973,62.617,36.762,1016.458,7.757,85.691,BATTERY_REPLACE,P0560,synthetic_distribution_fit
9.933,22.744,68.402,94.522,13.967,90.673,87.197,2780.593,51.724,65.342,53.824,31.995,1033.346,8.584,79.951,BATTERY_REPLACE,P0561,synthetic_distribution_fit
11.107,23.688,61.329,95.061,14.19,87.495,92.549,2317.176,35.046,89.928,48.93,15.91,1139.015,8.924,83.76,BATTERY_REPLACE,P0603,synthetic_distribution_fit
10.81,25.415,73.327,92.558,14.262,97.484,90.161,1652.238,47.541,57.599,20.687,13.445,1046.554,5.804,93.855,BATTERY_REPLACE,P0561,synthetic_distribution_fit
10.676,23.57,86.261,93.161,14.159,98.866,89.132,3359.558,36.227,66.959,53.211,38.8,1149.639,7.563,19.663,BATTERY_REPLACE,P0562,synthetic_distribution_fit
9.58,26.831,83.222,94.302,13.889,99.026,87.489,3514.751,75.005,68.805,48.317,25.088,865.348,7.717,33.066,BATTERY_REPLACE,P0562,synthetic_distribution_fit
10.873,25.736,80.998,93.362,14.097,100.075,90.059,2914.355,44.259,50.603,19.628,7.427,983.488,8.348,24.019,BATTERY_REPLACE,P0603,synthetic_distribution_fit
10.037,25.117,33.296,91.975,14.223,97.009,87.642,2558.616,56.528,79.353,38.537,25.384,955.431,8.741,93.372,BATTERY_REPLACE,P0562,synthetic_distribution_fit
10.116,27.278,75.635,95.863,14.325,90.682,86.232,3882.242,48.817,15.351,29.62,40.131,982.106,7.804,149.829,BATTERY_REPLACE,P0603,synthetic_distribution_fit
9.555,22.709,77.832,94.961,14.243,99.792,90.557,2874.877,43.622,61.002,41.461,33.508,1062.375,8.825,86.308,BATTERY_REPLACE,P0560,synthetic_distribution_fit
10.085,24.886,77.489,99.115,14.02,97.196,92.432,2500.85,69.773,49.681,44.583,21.449,976.625,8.532,123.863,BATTERY_REPLACE,P0561,synthetic_distribution_fit
10.205,28.523,72.069,93.309,14.726,97.047,88.578,1743.716,36.74,83.45,34.658,32.465,998.596,8.993,44.592,BATTERY_REPLACE,P0561,synthetic_distribution_fit
10.16,26.663,80.111,92.217,14.283,91.004,89.005,1505.099,59.334,75.663,48.632,45.784,1218.006,6.658,49.665,BATTERY_REPLACE,P0603,synthetic_distribution_fit
9.76,22.561,53.584,93.383,13.868,96.733,90.241,2866.892,51.345,74.881,34.527,56.178,1021.325,6.511,37.305,BATTERY_REPLACE,P0603,synthetic_distribution_fit
10.261,25.499,71.07,98.769,14.382,98.874,86.964,1160.585,48.841,62.499,16.501,27.193,1021.581,8.178,45.493,BATTERY_TERMINAL_CLEAN,P0562,synthetic_distribution_fit
9.95,25.343,81.181,95.54,14.494,93.312,88.119,2502.923,54.165,48.505,49.147,42.319,1110.522,10.001,43.364,BATTERY_TERMINAL_CLEAN,P0560,synthetic_distribution_fit
10.257,25.567,67.8,90.74,14.286,90.729,89.439,1352.202,38.299,63.912,41.259,37.099,1172.77,8.629,97.623,BATTERY_TERMINAL_CLEAN,P0560,synthetic_distribution_fit
9.65,22.189,108.157,92.031,14.047,94.703,89.01,1250.87,45.67,86.846,29.456,11.369,1086.22,8.825,53.236,BATTERY_TERMINAL_CLEAN,P0560,synthetic_distribution_fit
9.836,25.69,100.615,91.771,14.249,98.596,83.435,3059.86,37.531,66.163,42.441,43.689,1058.954,6.201,46.641,BATTERY_TERMINAL_CLEAN,P0562,synthetic_distribution_fit
10.328,25.291,88.174,95.964,14.395,93.748,84.737,1668.506,52.361,33.38,47.184,41.391,1029.433,5.573,26.836,BATTERY_TERMINAL_CLEAN,P0560,synthetic_distribution_fit
9.946,20.208,101.873,94.182,14.499,96.426,90.345,2433.184,54.969,111.001,51.375,8.934,1051.696,9.419,126.434,BATTERY_TERMINAL_CLEAN,P0560,synthetic_distribution_fit
10.013,29.155,96.313,100.059,14.109,92.151,88.485,1636.049,40.244,-5.161,34.036,34.361,986.266,10.145,78.685,BATTERY_TERMINAL_CLEAN,U0073,synthetic_distribution_fit
10.397,28.193,84.588,97.295,14.279,97.62,90.121,1824.709,52.256,110.008,36.063,35.015,1108.162,9.418,78.619,BATTERY_TERMINAL_CLEAN,U0073,synthetic_distribution_fit
8.922,27.313,39.41,97.527,14.303,100.365,87.034,643.604,50.918,57.737,33.335,30.648,1213.256,9.138,120.283,BATTERY_TERMINAL_CLEAN,P0560,synthetic_distribution_fit
11.076,25.305,42.388,93.718,14.438,89.631,88.8,1447.752,62.432,75.785,47.434,37.651,1018.008,8.556,30.566,BATTERY_TERMINAL_CLEAN,P0560,synthetic_distribution_fit
9.032,26.272,85.397,96.928,14.598,103.473,86.801,1764.936,52.955,116.865,57.654,44.143,993.606,7.567,109.821,BATTERY_TERMINAL_CLEAN,U0073,synthetic_distribution_fit
10.118,25.519,108.339,93.337,13.754,97.665,87.528,2133.869,47.695,52.204,49.146,9.553,984.61,9.001,53.494,BATTERY_TERMINAL_CLEAN,P0560,synthetic_distribution_fit
9.354,27.745,99.845,94.048,13.854,98.764,85.19,2382.538,40.268,31.781,33.947,27.154,975.755,8.913,60.24,BATTERY_TERMINAL_CLEAN,P0562,synthetic_distribution_fit
10.408,23.863,63.882,90.368,14.328,92.984,83.457,1593.547,40.142,94.827,18.395,10.747,1097.872,9.616,48.239,BATTERY_TERMINAL_CLEAN,P0562,synthetic_distribution_fit
9.898,27.596,37.464,89.877,14.208,103.363,88.169,2188.342,59.016,107.07,32.283,29.325,1147.444,6.983,119.403,BATTERY_TERMINAL_CLEAN,P0560,synthetic_distribution_fit
10.308,25.156,62.218,91.894,14.325,100.342,88.914,2159.545,53.797,36.118,48.522,40.23,1201.853,8.031,59.757,BATTERY_TERMINAL_CLEAN,U0073,synthetic_distribution_fit
10.68,28.172,69.864,93.226,14.381,90.406,88.23,2177.743,57.737,44.577,16.673,4.549,932.927,7.174,71.941,BATTERY_TERMINAL_CLEAN,P0560,synthetic_distribution_fit
9.859,23.646,71.574,97.188,14.406,95.004,88.108,1689.291,51.539,71.975,28.203,30.02,879.17,8.569,108.747,BATTERY_TERMINAL_CLEAN,P0560,synthetic_distribution_fit
10.095,31.006,63.606,94.651,14.259,94.37,88.951,2194.104,56.365,90.265,39.37,40.177,971.748,9.075,47.556,BATTERY_TERMINAL_CLEAN,P0562,synthetic_distribution_fit
11.484,25.498,39.897,92.893,14.526,97.931,89.835,3036.394,52.993,86.577,50.739,49.389,1045.579,9.203,65.818,BATTERY_TERMINAL_CLEAN,P0562,synthetic_distribution_fit
9.915,30.694,83.448,96,14.293,91.72,89.256,3435.625,53.649,19.067,36.743,52.788,1005.718,6.728,154.15,BATTERY_TERMINAL_CLEAN,P0562,synthetic_distribution_fit
10.212,24.79,99.108,92.907,14.509,97.871,89.825,2229.989,46.876,82.611,28.724,8.392,1063.376,8.952,97.429,BATTERY_TERMINAL_CLEAN,P0560,synthetic_distribution_fit
10.478,24.934,93.777,94.047,14.164,93.216,94.146,473.132,53.135,19.813,38.063,23.889,875.452,8.731,62.891,BATTERY_TERMINAL_CLEAN,P0560,synthetic_distribution_fit
10.719,29.922,106.481,94.976,14.277,102.155,93.323,3153.083,39.766,63.152,44.819,5.944,1053.276,10.454,103.84,BATTERY_TERMINAL_CLEAN,P0561,synthetic_distribution_fit
11.073,26.365,78.215,95.027,14.095,89.663,92.311,3376.158,39.306,80.822,38.325,33.976,1052.64,9.284,81.469,BATTERY_TERMINAL_CLEAN,P0561,synthetic_distribution_fit
10.423,27.619,64.473,99.108,14.366,98.802,85.316,1325.428,59.981,65.124,15.792,43.085,982.746,9.666,74.622,BATTERY_TERMINAL_CLEAN,P0562,synthetic_distribution_fit
10.365,29.195,63.312,91.871,14.226,99.424,85.991,535.672,56.14,44.615,34.56,5.329,973.334,8.368,115.501,BATTERY_TERMINAL_CLEAN,U0073,synthetic_distribution_fit
11.175,23.9,67.188,97.682,14.311,91.908,88.852,3358.156,62.099,39.687,38.875,30.72,951.944,8.324,78.362,BATTERY_TERMINAL_CLEAN,U0073,synthetic_distribution_fit
10.887,29.276,73.587,93.66,14.407,91.727,90.662,2011.914,39.508,36.459,57.247,27.504,1134.795,7.905,89.84,BATTERY_TERMINAL_CLEAN,U0073,synthetic_distribution_fit
9.661,20.453,102.801,92.253,14.263,91.723,89.882,1205.998,46.83,68.879,26.961,20.414,996.418,7.068,61.183,BATTERY_TERMINAL_CLEAN,U0073,synthetic_distribution_fit
10.317,24.71,74.632,94.106,14.129,98.683,92.724,1660.191,53,52.989,43.906,49.964,1056.012,6.753,96.375,BATTERY_TERMINAL_CLEAN,P0562,synthetic_distribution_fit
10.127,28.674,67.061,90.74,14.297,85.343,88.646,3296.279,30.785,29.023,26.668,28.718,995.142,9.655,116.463,BATTERY_TERMINAL_CLEAN,P0560,synthetic_distribution_fit
10.527,26.259,86.649,92.172,14.447,88.855,91.262,3202.2,50.455,54.45,44.336,-7.774,1041.643,8.271,76.116,BATTERY_TERMINAL_CLEAN,P0560,synthetic_distribution_fit
10.209,22.606,76.982,94.307,14.291,95.799,91.759,1079.408,50.129,88.241,18.002,31.887,979.85,8.036,41.822,BATTERY_TERMINAL_CLEAN,P0560,synthetic_distribution_fit
12.365,36.795,48.964,91.222,14.014,115.244,90.163,1429.251,7.84,30.533,20.368,51.194,1049.718,7.055,114.07,BELT_BROKEN,NOT_APPLICABLE,synthetic_distribution_fit
12.222,24.152,71.198,95.313,14.312,108.513,90.739,1806.68,10.174,44.326,-0.069,31.859,1024.862,6.832,113.696,BELT_BROKEN,NOT_APPLICABLE,synthetic_distribution_fit
12.472,32.982,69.762,92.057,13.974,108.318,92.797,1177.91,6.984,8.573,49.723,37.73,1000.319,8.232,111.066,BELT_BROKEN,NOT_APPLICABLE,synthetic_distribution_fit
12.348,29.788,57.111,97.902,14.25,108.532,91.972,949.69,13.445,37.629,31.241,39.712,969.741,7.667,87.081,BELT_BROKEN,NOT_APPLICABLE,synthetic_distribution_fit
12.389,28.345,56.898,95.874,14.165,107.545,90.058,1977.337,11.009,68.215,20.038,35.649,888.094,7.438,127.727,BELT_BROKEN,NOT_APPLICABLE,synthetic_distribution_fit
12.589,26.929,52.945,93.467,14.398,104.084,91.607,771.941,7.16,45.057,17.631,26.517,939.764,7.26,24.638,BELT_BROKEN,NOT_APPLICABLE,synthetic_distribution_fit
12.569,32.991,69.481,90.571,14.217,112.023,89.054,1446.196,8.682,100.314,52.261,17.193,1137.203,7.014,128.188,BELT_BROKEN,NOT_APPLICABLE,synthetic_distribution_fit
12.61,26.881,66.075,93.087,14.249,110.659,93.396,1478.432,8.53,81.63,32.412,36.955,886.425,6.93,62.56,BELT_BROKEN,NOT_APPLICABLE,synthetic_distribution_fit
12.267,33.108,70.774,93.004,14.36,114.145,91.539,1041.675,13.653,52.655,25.704,28.119,868.544,6.656,113.446,BELT_BROKEN,NOT_APPLICABLE,synthetic_distribution_fit
12.232,41.053,50.7,91.068,14.244,114.637,91.19,1720.27,3.606,37.217,7.986,15.29,948.479,6.156,30.583,BELT_BROKEN,NOT_APPLICABLE,synthetic_distribution_fit
12.285,27.455,65.132,93.812,14.292,112.257,93.288,1440.797,9.915,66.992,25.933,27.644,912.796,7.077,104.493,BELT_BROKEN,NOT_APPLICABLE,synthetic_distribution_fit
12.381,28.043,54.826,91.151,14.303,110.193,89.382,1835.292,7.377,18.962,38.922,26.49,906.726,7.633,135.05,BELT_BROKEN,NOT_APPLICABLE,synthetic_distribution_fit
12.405,26.17,66.568,92.424,14.418,109.949,86.708,1615.679,14.738,93.647,50.88,22.509,1011.614,7.139,96.129,BELT_BROKEN,NOT_APPLICABLE,synthetic_distribution_fit
12.127,28.108,54.69,94.854,14.281,110.8,88.432,1290.04,6.831,75.961,41.24,39.632,879.229,5.834,11.732,BELT_BROKEN,NOT_APPLICABLE,synthetic_distribution_fit
12.707,28.958,53.965,96.16,14.339,110.027,90.492,1377.431,9.691,94.251,30.08,36.908,1032.028,6.85,118.617,BELT_BROKEN,NOT_APPLICABLE,synthetic_distribution_fit
12.338,21.567,40.556,91.488,14.246,110.301,91.424,2391.354,5.294,53.496,28.336,24.847,941.44,6.571,146.38,BELT_BROKEN,NOT_APPLICABLE,synthetic_distribution_fit
12.254,37.46,60.957,95.081,14.172,109.858,89.926,1499.715,9.958,34.544,21.994,25.888,1121.779,7.548,152.116,BELT_BROKEN,NOT_APPLICABLE,synthetic_distribution_fit
12.359,31.266,48.41,92.491,14.206,114.811,91.497,2115.258,10.906,94.936,22.969,50.633,900.652,7.11,35.336,BELT_BROKEN,NOT_APPLICABLE,synthetic_distribution_fit
12.903,33.224,58.021,95.469,14.266,115.976,88.047,1312.567,7.664,4.758,39.499,28.69,997.916,9.132,71.651,BELT_BROKEN,NOT_APPLICABLE,synthetic_distribution_fit
12.31,30.775,70.884,92.281,14.099,113.191,91.802,446.458,5.423,91.777,29.776,24.634,925.661,7.615,117.806,BELT_BROKEN,NOT_APPLICABLE,synthetic_distribution_fit
12.109,27.421,63.93,93.101,14.252,106.186,91.76,1973.06,10.454,57.667,22.425,24.034,933.475,8.421,81.578,BELT_BROKEN,NOT_APPLICABLE,synthetic_distribution_fit
12.21,28.64,63.228,92.62,14.241,111.554,92.797,2134.65,11.95,30.788,10.497,30.295,903.369,6.87,67.902,BELT_BROKEN,NOT_APPLICABLE,synthetic_distribution_fit
12.299,28.012,58.199,95.345,14.204,117.525,91.397,1300.541,9.036,60.606,30.268,48.048,872.075,8.162,95.428,BELT_BROKEN,NOT_APPLICABLE,synthetic_distribution_fit
12.063,33.054,73.613,91.771,14.178,104.667,88.61,1951.86,7.653,26.416,27.229,26.611,901.809,8.084,37.384,BELT_BROKEN,NOT_APPLICABLE,synthetic_distribution_fit
12.206,30.899,70.71,95.45,14.095,112.824,89.536,2330.64,5.692,87.451,14.146,47.524,986.141,6.949,64.488,BELT_BROKEN,NOT_APPLICABLE,synthetic_distribution_fit
12.569,34.039,60.585,93.354,14.275,110.356,88.543,1046.015,9.714,84.621,47.705,37.349,962.001,8.09,58.363,BELT_BROKEN,NOT_APPLICABLE,synthetic_distribution_fit
12.368,27.48,49.117,93.862,14.203,112.059,92.129,1559.838,10.659,53.114,29.938,24.931,968.545,8.038,58.239,BELT_BROKEN,NOT_APPLICABLE,synthetic_distribution_fit
12.412,28.181,56.148,91.301,14.34,113.217,92.112,2401.699,8.467,130.104,20.481,33.025,907.609,7.847,122.039,BELT_BROKEN,NOT_APPLICABLE,synthetic_distribution_fit
12.377,36.57,63.601,93.751,14.064,111.234,90.803,1145.67,6.742,121.089,19.95,18.903,883.754,7.573,109.793,BELT_BROKEN,NOT_APPLICABLE,synthetic_distribution_fit
12.521,32.725,54.996,93.874,14.068,108.054,89.275,863.282,12.151,71.427,38.264,31.244,1000.868,6.467,123.204,BELT_BROKEN,NOT_APPLICABLE,synthetic_distribution_fit
12.439,32.552,64.973,91.543,13.989,107.771,92.165,1777.634,5.004,29.614,13.16,27.973,831.048,6.686,51.79,BELT_BROKEN,NOT_APPLICABLE,synthetic_distribution_fit
12.42,26.234,60.146,95.134,14.014,109.32,93.062,1238.139,7.338,83.319,19.319,40.029,973.25,7.384,106.954,BELT_BROKEN,NOT_APPLICABLE,synthetic_distribution_fit
12.47,33.928,55.935,93.348,14.171,112.11,89.066,1936.745,10.394,21.205,41.684,49.346,1018.734,8.529,90.241,BELT_BROKEN,NOT_APPLICABLE,synthetic_distribution_fit
12.043,23.915,63.756,92.237,14.063,109.76,92.264,734.6,7.704,91.993,7.961,38.093,900.705,7.959,133.132,BELT_BROKEN,NOT_APPLICABLE,synthetic_distribution_fit
12.561,33.538,50.063,95.231,14.071,110.747,91.568,1677.865,10.014,33.052,3.906,38.115,953.946,8.349,84.727,BELT_BROKEN,NOT_APPLICABLE,synthetic_distribution_fit
12.443,25.853,71.324,94.58,13.99,100.612,86.831,2080.939,50.819,9.111,42.28,53.224,516.429,8.224,218.468,BRAKE_FAILURE,NOT_APPLICABLE,synthetic_distribution_fit
12.869,21.761,65.855,95.867,14.041,93.547,88.379,1255.897,39.034,69.857,-3.536,28.571,524.18,9.213,365.567,BRAKE_FAILURE,NOT_APPLICABLE,synthetic_distribution_fit
12.707,26.936,66.807,95.741,13.878,98.397,88.29,1719.935,47.733,49.628,26.787,42.257,508.525,8.389,351.92,BRAKE_FAILURE,NOT_APPLICABLE,synthetic_distribution_fit
12.862,21.351,77.694,94.943,14.419,97.878,92.575,3870.587,54.704,55.761,49.291,26.056,520.406,7.563,360.508,BRAKE_FAILURE,NOT_APPLICABLE,synthetic_distribution_fit
12.827,23.205,89.116,95.487,14.067,91.637,93.069,2661.472,34.524,32.159,39.182,44.588,636.059,8.142,357.9,BRAKE_FAILURE,NOT_APPLICABLE,synthetic_distribution_fit
12.901,20.607,72.656,94.018,14.087,86.924,88.317,2286.567,47.122,34.121,45.236,25.331,419.262,7.679,365.379,BRAKE_FAILURE,NOT_APPLICABLE,synthetic_distribution_fit
13.406,25.265,57.925,93.581,14.133,94.924,91.221,1778.157,50.415,53.858,51.575,28.163,528.84,5.95,307.444,BRAKE_FAILURE,NOT_APPLICABLE,synthetic_distribution_fit
12.718,19.501,77.865,93.888,13.735,95.071,86.671,2510.921,37.608,42.311,30.759,39.657,568.973,7.747,269.194,BRAKE_FAILURE,NOT_APPLICABLE,synthetic_distribution_fit
12.421,20.895,75.743,92.927,14.192,93.153,86.557,2111.934,51.945,51.035,71.338,29.581,552.046,8.247,332.45,BRAKE_FAILURE,NOT_APPLICABLE,synthetic_distribution_fit
12.725,17.807,69.61,92.117,13.819,91.15,86.303,2562.165,55.513,14.682,31.189,17.253,516.098,8.227,367.922,BRAKE_FAILURE,NOT_APPLICABLE,synthetic_distribution_fit
12.659,26.128,57.346,91.815,14.205,100.716,91.079,2236.132,28.924,-18.411,38.504,32.803,463.867,7.982,338.243,BRAKE_FAILURE,NOT_APPLICABLE,synthetic_distribution_fit
13.175,23.2,90.836,93.999,14.074,98.363,86.515,3727.421,53.366,52.69,45.932,55.973,626.015,6.756,392.113,BRAKE_FAILURE,NOT_APPLICABLE,synthetic_distribution_fit
12.775,23.106,60.232,94.901,13.99,94.624,88.668,3262.797,68.647,42.799,37.276,32.644,652.792,7.693,315.812,BRAKE_FAILURE,NOT_APPLICABLE,synthetic_distribution_fit
13.185,21.041,75.383,91.234,14.204,101.762,91.785,3020.822,41.752,48.415,18.369,34.154,624.281,8.009,274.363,BRAKE_FAILURE,NOT_APPLICABLE,synthetic_distribution_fit
12.471,18.345,81.842,97.576,14.308,86.883,93.955,2746.364,35.103,32.453,56.641,42.221,446.505,8.382,244.055,BRAKE_FAILURE,NOT_APPLICABLE,synthetic_distribution_fit
12.811,26.403,76.069,93.117,14.233,98.015,93.61,2713.946,60.08,63.106,41.06,37.443,538.057,7.044,293.485,BRAKE_FAILURE,NOT_APPLICABLE,synthetic_distribution_fit
12.793,23.535,93.428,93.913,14.251,98.421,88.831,2567.861,47.482,80.538,48.011,24.175,572.119,9.143,325.852,BRAKE_FAILURE,NOT_APPLICABLE,synthetic_distribution_fit
13.02,24.509,63.193,94.874,13.872,91.809,92.884,2443.569,46.902,54.632,34.947,36.645,614.425,7.4,335.116,BRAKE_FAILURE,NOT_APPLICABLE,synthetic_distribution_fit
12.784,17.691,64.611,96.714,14.153,89.103,84.773,2198.614,64.643,35.898,60.611,40.163,598.574,6.954,372.63,BRAKE_FAILURE,NOT_APPLICABLE,synthetic_distribution_fit
12.777,25.524,65.908,94.293,14.148,93.638,90.803,2118.045,43.626,88.921,55.767,28.628,606.876,7.389,283.895,BRAKE_FAILURE,NOT_APPLICABLE,synthetic_distribution_fit
13.203,17.312,87.156,93.546,14.059,95.824,91.351,1825.54,56.622,44.777,12.495,34.754,676.305,9.164,363.424,BRAKE_FAILURE,NOT_APPLICABLE,synthetic_distribution_fit
12.51,24.332,86.228,95.248,14.217,95.644,89.324,1939.406,31.75,51.471,39.567,42.295,444.075,8.407,419.336,BRAKE_FAILURE,NOT_APPLICABLE,synthetic_distribution_fit
12.905,22.566,79.615,97.521,13.931,95.023,87.07,1971.461,49.326,81.284,69.885,41.16,526.155,9.763,315.552,BRAKE_FAILURE,NOT_APPLICABLE,synthetic_distribution_fit
12.703,17.085,92.882,95.67,14.475,88.847,94.07,2293.843,57.463,-7.326,63.635,44.668,554.999,8.407,301.422,BRAKE_FAILURE,NOT_APPLICABLE,synthetic_distribution_fit
12.7,21.28,53.233,95.485,14.281,91.516,90.628,2118.492,52.919,22.856,19.49,47.421,552.867,9.418,335.366,BRAKE_FAILURE,NOT_APPLICABLE,synthetic_distribution_fit
12.593,26.688,83.543,95.25,14.281,91.704,89.154,2167.644,37.524,33.625,61.163,38.975,443.348,6.792,403.038,BRAKE_FAILURE,NOT_APPLICABLE,synthetic_distribution_fit
12.853,20.692,72.5,91.415,14.318,92.711,93.788,2284.188,63.391,49.017,52.093,43.969,611.561,8.189,323.693,BRAKE_FAILURE,NOT_APPLICABLE,synthetic_distribution_fit
13.477,19.862,75.897,94.011,14.156,92.57,90.525,2169.006,34.755,41.706,15.414,18.537,570.013,8.292,355.452,BRAKE_FAILURE,NOT_APPLICABLE,synthetic_distribution_fit
13.057,16.581,59.234,97.419,13.927,96.604,87.419,2298.825,43.776,58.036,38.642,31.868,468.621,8.13,282.722,BRAKE_FAILURE,NOT_APPLICABLE,synthetic_distribution_fit
13.014,31.164,92.322,95.235,14.079,86.717,85.449,2927.313,42.288,20.736,32.965,25.506,453.537,7.897,296.152,BRAKE_FAILURE,NOT_APPLICABLE,synthetic_distribution_fit
12.65,20.264,82.219,93.582,14.064,96.55,89.109,2111.851,54.271,61.192,33.314,37.35,491.545,7.302,365.59,BRAKE_FAILURE,NOT_APPLICABLE,synthetic_distribution_fit
13.019,24.219,79.272,94.066,14.203,97.862,92.374,2204.561,62.987,48.182,47.946,39.439,579.42,7.394,362.755,BRAKE_FAILURE,NOT_APPLICABLE,synthetic_distribution_fit
13.766,21.564,76.711,93.209,14.015,100.225,87.462,2009.555,34.702,19.009,4.003,43.064,797.46,7.665,263.738,BRAKE_FAILURE,NOT_APPLICABLE,synthetic_distribution_fit
13.161,20.438,91.702,93.495,13.993,93.545,91.898,2138.406,45.074,35.541,12.198,40.63,405.708,7.608,365.182,BRAKE_FAILURE,NOT_APPLICABLE,synthetic_distribution_fit
12.975,24.651,75.05,96.021,14.239,95.965,92.425,2649.213,45.619,1.664,43.966,42.176,651.466,7.247,295.529,BRAKE_FAILURE,NOT_APPLICABLE,synthetic_distribution_fit
13.081,23.764,40.468,95.286,13.806,89.071,93.266,3197.402,37.938,16.781,28.292,64.04,513.703,8.04,390.51,BRAKE_PAD_WORN,NOT_APPLICABLE,synthetic_distribution_fit
12.745,27.41,46.073,93.825,13.832,88.552,91.78,2249.139,44.218,11.019,24.188,41.722,620.248,6.555,275.94,BRAKE_PAD_WORN,NOT_APPLICABLE,synthetic_distribution_fit
12.96,23.637,71.869,94.998,14.022,91.042,88.635,2855.413,41.326,20.444,30.485,60.71,527.605,9.033,375.266,BRAKE_PAD_WORN,NOT_APPLICABLE,synthetic_distribution_fit
12.87,23.123,61.822,93.598,14.184,94.611,90.029,1705.244,39.676,50.761,24.856,25.5,652.605,8.564,343.798,BRAKE_PAD_WORN,NOT_APPLICABLE,synthetic_distribution_fit
12.84,22.627,64.009,90.585,14.052,94.918,94.712,2317.879,30.102,20.016,70.328,50.246,490.744,8.778,280.26,BRAKE_PAD_WORN,NOT_APPLICABLE,synthetic_distribution_fit
12.351,22.491,67.591,89.276,13.904,93.572,88.164,2474.076,37.945,31.12,9.176,61.952,425.417,7.614,336.06,BRAKE_PAD_WORN,NOT_APPLICABLE,synthetic_distribution_fit
13.565,25.539,74.056,94.329,13.921,91.214,85.833,1627.61,49.268,5.874,32.608,17.553,570.684,8.032,383.671,BRAKE_PAD_WORN,NOT_APPLICABLE,synthetic_distribution_fit
13.026,29.77,55.97,94.433,13.927,91.575,88.587,1907.242,37.939,1.884,-8.842,21.254,594.588,7.265,250.125,BRAKE_PAD_WORN,NOT_APPLICABLE,synthetic_distribution_fit
13.616,21.167,70.739,96,14.157,86.353,88.677,1455.883,63.59,-0.608,11.295,21.491,441.235,9.305,432.562,BRAKE_PAD_WORN,NOT_APPLICABLE,synthetic_distribution_fit
12.704,18.024,35.651,93.63,14.02,90.455,89.989,2474.259,48.717,16.963,10.457,47.222,550.19,8.984,353.997,BRAKE_PAD_WORN,NOT_APPLICABLE,synthetic_distribution_fit
12.324,17.501,55.972,91.458,14.17,95.178,92.534,2474.923,47.915,37.793,34.949,38.209,656.168,8.449,301.324,BRAKE_PAD_WORN,NOT_APPLICABLE,synthetic_distribution_fit
12.559,27.322,83.304,94.147,14.247,84.244,89.186,2254.101,41.361,54.064,26.596,31.034,551.16,6.985,279.4,BRAKE_PAD_WORN,NOT_APPLICABLE,synthetic_distribution_fit
13.291,21.201,54.966,97.784,14.251,95.958,88.027,2153.256,40.82,7.638,11.348,27.863,474.584,7.289,326.531,BRAKE_PAD_WORN,NOT_APPLICABLE,synthetic_distribution_fit
12.99,31.907,57.168,95.074,14.108,92.328,91.505,2666.491,48.747,17.795,22.055,16.558,491.103,7.94,261.876,BRAKE_PAD_WORN,NOT_APPLICABLE,synthetic_distribution_fit
13.072,29.59,53.879,95.04,13.92,92.087,87.346,2578.819,41.699,35.209,23.797,27.387,458.804,8.545,359.058,BRAKE_PAD_WORN,NOT_APPLICABLE,synthetic_distribution_fit
13.005,34.379,85.948,93.46,14.02,95.736,86.917,2864.288,48.986,24.831,38.335,63.16,561.628,8.292,388.585,BRAKE_PAD_WORN,NOT_APPLICABLE,synthetic_distribution_fit
13.285,22.616,66.407,94.805,14.115,87.133,84.875,1825.54,39.695,12.46,37.521,34.635,563.465,7.523,293.753,BRAKE_PAD_WORN,NOT_APPLICABLE,synthetic_distribution_fit
13.132,26.825,56.396,94.715,14.371,93.44,87.337,2186.492,47.099,19.23,27.139,15.417,479.789,8.266,308.018,BRAKE_PAD_WORN,NOT_APPLICABLE,synthetic_distribution_fit
12.668,23.278,67.172,96.661,14.05,95.403,87.777,2563.746,49.085,33.205,38.748,46.059,542.181,8.539,367.157,BRAKE_PAD_WORN,NOT_APPLICABLE,synthetic_distribution_fit
12.633,21.204,68.824,95.393,13.949,93.171,89.075,1153.894,44.915,19.146,25.129,58.532,461.511,7.8,190.249,BRAKE_PAD_WORN,NOT_APPLICABLE,synthetic_distribution_fit
12.702,22.273,59.34,97.244,14.184,93.89,88.272,2793.426,46.315,10.063,0.877,30.528,603.768,9.943,318.937,BRAKE_PAD_WORN,NOT_APPLICABLE,synthetic_distribution_fit
12.588,18.646,73.907,89.564,14.141,97.375,90.612,2163.276,50.411,23.656,15.499,65.084,523.897,8.906,199.566,BRAKE_PAD_WORN,NOT_APPLICABLE,synthetic_distribution_fit
13.409,30.841,66.745,95.777,14.142,90.495,90.933,1865.376,42.189,36.793,42.819,26.531,496.325,7.923,351.233,BRAKE_PAD_WORN,NOT_APPLICABLE,synthetic_distribution_fit
12.493,25.731,76.58,94.047,14.205,92.09,88.727,1780.091,53.579,10.774,33.079,36.107,473.28,7.949,382.528,BRAKE_PAD_WORN,NOT_APPLICABLE,synthetic_distribution_fit
12.977,19.454,70.524,93.892,14.547,94.866,88.243,2992.629,33.557,22.603,58.714,35.43,424.15,8.096,385.976,BRAKE_PAD_WORN,NOT_APPLICABLE,synthetic_distribution_fit
13.047,20.237,56.936,92.786,14.115,99.827,92.398,2505.031,37.125,3.06,35.939,16.894,533.001,8.58,261.221,BRAKE_PAD_WORN,NOT_APPLICABLE,synthetic_distribution_fit
12.484,23.659,73.244,97.121,14.149,93.87,87.184,1732.717,42.875,26.94,32.874,5.519,492.564,9.202,319.784,BRAKE_PAD_WORN,NOT_APPLICABLE,synthetic_distribution_fit
12.326,34.917,65.938,95.31,14.12,91.792,87.238,3347.522,53.481,32.602,36.61,22.054,641.518,7.787,329.606,BRAKE_PAD_WORN,NOT_APPLICABLE,synthetic_distribution_fit
12.236,14.713,70.701,92.119,13.786,96.07,95.494,2977.219,44.651,21.429,41.464,54.102,524.485,8.393,330.44,BRAKE_PAD_WORN,NOT_APPLICABLE,synthetic_distribution_fit
13.118,23.48,64.688,97.972,14.233,95.772,94.331,2078.917,57.822,28.762,78.612,19.201,499.519,8.659,335.09,BRAKE_PAD_WORN,NOT_APPLICABLE,synthetic_distribution_fit
13.68,21.02,78.748,97.391,14.163,88.997,93.429,2896.172,50.654,24.115,31.152,35.995,595.548,8.391,275.133,BRAKE_PAD_WORN,NOT_APPLICABLE,synthetic_distribution_fit
12.474,20.636,69.382,94.21,14.094,95.882,87.528,3015.71,44.578,15.352,35.146,9.49,492.213,9.048,232.351,BRAKE_PAD_WORN,NOT_APPLICABLE,synthetic_distribution_fit
13.345,31.035,61.268,95.063,14.221,91.324,91.863,1934.914,43.108,10.324,32.968,54.643,535.994,7.491,263.862,BRAKE_PAD_WORN,NOT_APPLICABLE,synthetic_distribution_fit
13.054,32.565,71.736,93.248,14.171,92.395,88.25,1789.593,56.32,-13.584,40.064,30.19,519.662,9.54,281.601,BRAKE_PAD_WORN,NOT_APPLICABLE,synthetic_distribution_fit
12.622,23.492,72.012,93.101,13.844,89.445,93.062,2312.203,49.613,17.715,17.348,62.477,535.7,8.063,368.728,BRAKE_PAD_WORN,NOT_APPLICABLE,synthetic_distribution_fit
12.339,27.27,63.348,93.846,14.383,119.455,92.317,317.103,9.412,58.99,29.058,30.068,956.693,7.908,96.873,CLUTCH_WORN,P0901,synthetic_distribution_fit
12.283,42.177,53.927,94.037,13.939,111.603,89.696,1329.051,11.304,72.218,37.126,15.812,1118.138,7.227,128.58,CLUTCH_WORN,P0811,synthetic_distribution_fit
12.77,32.099,52.122,94.136,14.198,111.255,91.107,494.568,11.506,55.365,20.94,24.37,990.196,7.405,-2.463,CLUTCH_WORN,P0901,synthetic_distribution_fit
12.646,28.898,48.321,94.016,13.947,107.056,90.073,2001.604,7.599,44.189,58.43,30.821,988.511,7.719,54.987,CLUTCH_WORN,P0901,synthetic_distribution_fit
11.977,33.711,69.032,93.503,14.282,114.066,88.413,1251.983,5.562,111.815,41.847,12.762,828.176,7.86,59.279,CLUTCH_WORN,P0902,synthetic_distribution_fit
12.998,31.008,69.375,92.521,14.5,109.628,91.037,1879.821,4.265,106.498,31.193,37.383,866.11,7.388,35.401,CLUTCH_WORN,P0811,synthetic_distribution_fit
12.579,29.992,57.189,91.905,13.997,110.947,90.661,1201.937,12.626,55.327,47.908,24.561,980.358,7.906,16.847,CLUTCH_WORN,P0901,synthetic_distribution_fit
12.484,32.795,53.457,93.53,14.098,116.053,92.265,1752.282,12.128,93.07,40.152,18.282,898.972,7.339,100.838,CLUTCH_WORN,P0810,synthetic_distribution_fit
12.559,23.992,60.766,90.986,14.304,104.559,92.714,1757.985,13.575,83.671,21.891,34.112,838.223,7.364,87.179,CLUTCH_WORN,P0902,synthetic_distribution_fit
12.508,25.517,64.529,91.783,14.424,111.217,94.514,1563.902,6.53,50.313,7.733,31.2,1010.22,9.416,54.105,CLUTCH_WORN,P0903,synthetic_distribution_fit
12.451,27.348,65.967,94.576,14.304,115.458,90.349,2075.967,9.971,57.469,23.551,45.48,888.472,8.118,49.659,CLUTCH_WORN,P0903,synthetic_distribution_fit
12.736,26.926,69.866,94.339,14.186,114.154,92.426,1673.152,8.443,70.97,31.916,28.747,903.703,8.953,39.262,CLUTCH_WORN,P0810,synthetic_distribution_fit
12.623,28.401,86.044,92.116,14.131,107.285,92.29,842.532,7.294,-7.748,32.085,24.794,830.401,8.589,30.353,CLUTCH_WORN,P0902,synthetic_distribution_fit
12.344,36.318,72.94,91.916,14.085,113.547,91.081,1471.847,11.902,35.023,29.793,35.077,1029.195,7.844,65.636,CLUTCH_WORN,P0810,synthetic_distribution_fit
12.088,25.369,67.345,93.582,14.336,115.271,89.171,1436.903,9.05,36.38,50.389,34.751,984.283,9.013,23.73,CLUTCH_WORN,P0810,synthetic_distribution_fit
12.608,25.953,67.117,91.728,14.491,115.345,92.185,591.714,6.009,75.043,28.716,9.29,1066.728,8.021,47.274,CLUTCH_WORN,P0810,synthetic_distribution_fit
12.763,26.929,54.282,94.531,14.767,117.594,92.365,1802.123,10.637,19.535,38.29,23.142,986.736,7.804,93,CLUTCH_WORN,P0902,synthetic_distribution_fit
11.758,30.457,71.547,94.699,14.291,117.668,92.265,1789.203,11.303,68.884,14.59,11.097,917.886,8.395,63.413,CLUTCH_WORN,P0810,synthetic_distribution_fit
12.715,30.333,79.927,93.28,14.435,113.151,94.723,668.128,7.347,83.691,52.147,30.026,933.845,8.392,105.727,CLUTCH_WORN,P0900,synthetic_distribution_fit
12.599,34.583,87.743,95.267,14.328,110.925,92.773,1499.906,9.053,25.602,48.323,20.271,921.781,7.998,144.596,CLUTCH_WORN,P0903,synthetic_distribution_fit
12.413,26.977,56.068,97.02,13.606,107.154,97.261,1869.303,5.642,56.559,29.427,34.31,1118.363,8.172,56.947,CLUTCH_WORN,P0901,synthetic_distribution_fit
12.345,25.463,40.38,90.85,14.09,106.458,92.269,933.318,0.279,26.027,21.139,24.051,1090.673,7.573,106.151,CLUTCH_WORN,P0810,synthetic_distribution_fit
12.513,29.546,52.376,93.733,14.124,111.816,91.135,1066.517,11.164,70.842,21.505,29.358,951.921,7.421,78.083,CLUTCH_WORN,P0902,synthetic_distribution_fit
12.284,23.035,58.562,94.93,14.141,121.16,93.451,2242.303,10.647,114.293,16.296,10.231,920.568,8.273,80.889,CLUTCH_WORN,P0810,synthetic_distribution_fit
12.585,35.162,68.172,95.374,14.08,106.785,94.955,1613.134,6.913,38.902,18.415,23.319,848.133,7.042,68.888,CLUTCH_WORN,P0902,synthetic_distribution_fit
12.791,30.928,66.657,92.423,14.286,112.575,93.101,1511.293,11.394,58.079,40.575,24.868,802.316,8.1,100.762,CLUTCH_WORN,P0901,synthetic_distribution_fit
12.659,31.459,58.692,92.302,14.456,112.835,90.464,2140.403,6.229,40.056,53.539,34.469,928.194,8.112,81.002,CLUTCH_WORN,P0902,synthetic_distribution_fit
12.293,29.511,58.588,94.318,14.602,109.862,89.439,1730.218,7.694,53.081,23.907,44.174,765.268,7.707,75.514,CLUTCH_WORN,P0810,synthetic_distribution_fit
12.324,33.427,73.767,93.754,14.249,110.695,91.406,1519.407,8.058,65.528,39.966,19.635,868.252,6.894,105.648,CLUTCH_WORN,P0903,synthetic_distribution_fit
12.642,23.832,86.374,92.68,14.36,114.536,89.585,1274.756,9.025,144.904,33.018,39.683,1063.513,8.16,41.382,CLUTCH_WORN,P0901,synthetic_distribution_fit
12.779,23.549,83.986,94.228,13.647,109.786,92.973,1436.462,10.435,31.935,8.321,27.825,961.907,7.731,118.146,CLUTCH_WORN,P0901,synthetic_distribution_fit
12.595,30,43.017,91.321,14.32,119.016,92.818,658.196,0.366,80.172,26.912,36.396,882.959,8.149,104.947,CLUTCH_WORN,P0811,synthetic_distribution_fit
12.407,27.965,63.543,94.884,14.313,115.012,90.669,865.878,13.757,39.412,19.655,27.865,964.989,7.708,75.038,CLUTCH_WORN,P0900,synthetic_distribution_fit
12.56,20.009,87.619,93.564,14.464,105.662,90.65,1208.886,12.422,39.986,40.04,23.733,920.006,7.793,120.105,CLUTCH_WORN,P0901,synthetic_distribution_fit
12.05,24.3,37.949,91.764,14.112,104.722,90.107,507.061,5.874,94.413,34.593,29.655,872.396,7.021,36.189,CLUTCH_WORN,P0900,synthetic_distribution_fit
12.864,31.318,70.052,91.209,14.356,109.618,89.922,2042.825,5.772,70.889,44.916,24.996,941.822,7.792,94.597,COOLANT_LOW,P0125,synthetic_distribution_fit
12.155,30.138,70.476,93.457,14.122,111.171,88.818,1285.729,17.569,79.125,14.411,34.608,881.453,7.219,60.31,COOLANT_LOW,P0217,synthetic_distribution_fit
12.884,30.073,68.774,90.557,14.208,111.878,89.246,1303.055,12.411,68.045,32.384,42.854,982.056,9.252,127.41,COOLANT_LOW,P0125,synthetic_distribution_fit
12.192,23.615,52.661,90.998,14.326,113.183,92.225,1490.447,9.738,24.83,30.407,33.705,1012.306,10.045,155.97,COOLANT_LOW,P0126,synthetic_distribution_fit
12.337,25.879,61.436,91.141,14.48,112.201,88.519,1774.357,11.389,33.634,28.857,35.197,1079.651,7.955,138.67,COOLANT_LOW,P0126,synthetic_distribution_fit
12.668,22.797,45.754,94.565,14.662,112.072,92.605,1729.562,13.141,54.021,51.523,36.686,963.812,7.672,114.724,COOLANT_LOW,P0217,synthetic_distribution_fit
12.815,24.186,66.964,91.599,14.28,107.958,89.985,1995.622,15.254,85.577,29.188,38.484,1093.053,7.534,100.712,COOLANT_LOW,P0128,synthetic_distribution_fit
12.09,32.166,87.089,92.684,13.794,113.161,88.81,1180.057,12.969,83.086,23.303,29.762,1007.438,7.894,57.454,COOLANT_LOW,P0217,synthetic_distribution_fit
12.712,27.166,45.774,94.324,13.633,109.141,89.259,1439.33,12.773,104.83,20.452,36.98,1013.405,6.78,183.638,COOLANT_LOW,P0126,synthetic_distribution_fit
12.2,29.462,67.194,93.037,14.22,113.993,87.773,1370.958,9.382,59.855,34.961,39.846,967.443,8.911,106.044,COOLANT_LOW,P0128,synthetic_distribution_fit
12.54,26.7,54.288,93.313,14.411,104.782,87.628,1527.67,8.624,84.27,39.438,26.134,876.359,9.676,118.698,COOLANT_LOW,P0128,synthetic_distribution_fit
12.493,24.261,56.499,90.392,14.58,107.883,91.969,1263.993,7.937,66.112,-3.855,32.85,982.205,8.949,24.876,COOLANT_LOW,P0217,synthetic_distribution_fit
12.85,32.662,61.936,94.369,13.964,113.558,89.02,864.387,7.694,76.878,19.029,35.751,842.536,6.425,161.495,COOLANT_LOW,P0126,synthetic_distribution_fit
12.874,23.818,62.526,94.379,14.459,111.406,91.972,1158.536,11.175,76.295,26.041,31.279,1002.922,8.273,60.004,COOLANT_LOW,P0126,synthetic_distribution_fit
12.333,27.012,59.055,93.186,13.795,114.236,89.169,1781.752,9.64,75.522,53.842,31.936,1102.336,8.277,121.375,COOLANT_LOW,P0125,synthetic_distribution_fit
12.634,31.109,54.42,90.765,14.182,111.222,89.891,1618.913,15.012,52.412,20.178,25.169,1169.823,8.504,124.074,COOLANT_LOW,P0128,synthetic_distribution_fit
12.614,29.807,59.56,94.48,14.954,107.234,88.624,1111.557,15.92,102.725,27.786,33.768,927.089,9.005,88.031,COOLANT_LOW,P0126,synthetic_distribution_fit
12.539,30.19,60.329,92.116,14.352,113.872,92.844,1579.044,13.501,71.757,20.51,37.373,1011.31,7.027,90.204,COOLANT_LOW,P0125,synthetic_distribution_fit
12.467,33.545,68.261,95.017,14.418,111.152,88.759,1395.8,11.12,42.658,22.65,31.667,1031.963,8.638,79.587,COOLANT_LOW,P0128,synthetic_distribution_fit
12.749,27.151,28.479,91.665,14.631,104.435,90.418,1898.46,8.789,76.793,12.93,43.056,989.604,8.284,160.737,COOLANT_LOW,P0217,synthetic_distribution_fit
12.362,25.363,68.44,91.414,13.796,110.639,87.899,1908.37,11.614,54.174,20.627,22.523,902.967,9.113,197.525,COOLANT_LOW,P0128,synthetic_distribution_fit
12.823,27.497,57.432,90.814,14.888,110.123,93.585,1837.201,5.836,60.138,21.003,33.089,991.567,10.806,58.796,COOLANT_LOW,P0217,synthetic_distribution_fit
12.791,27.844,63.871,90.655,14.377,112.79,90.758,1574.161,15.337,100.098,30.416,26.713,945.552,8.056,114.538,COOLANT_LOW,P0126,synthetic_distribution_fit
12.476,24.254,48.45,89.561,14.288,105.243,88.658,1266.143,7.056,86.207,38.921,30.347,959.448,8.703,74.025,COOLANT_LOW,P0128,synthetic_distribution_fit
12.958,31.248,69.707,94.21,13.832,115.999,90.86,1714.921,12.247,77.959,26.009,35.699,970.129,8.986,37.447,COOLANT_LOW,P0125,synthetic_distribution_fit
12.458,35.708,55.126,92.109,14.118,112.121,89.076,1332.689,13.638,59.32,39.536,38.356,1086.657,8.364,239.847,COOLANT_LOW,P0128,synthetic_distribution_fit
12.707,24.484,61.409,95.113,14.796,116.473,91.482,990.822,12.549,45.792,10.597,34.951,1041.318,9.016,124.801,COOLANT_LOW,P0128,synthetic_distribution_fit
12.767,24.066,61.315,89.821,13.825,113.663,89.049,1670.741,14.42,61.3,37.015,29.695,839.326,8.349,84.217,COOLANT_LOW,P0125,synthetic_distribution_fit
13.182,21.987,67.109,90.745,14.587,111.979,90.84,1090.109,8.774,99.856,52.024,36.359,920.194,8.534,205.729,COOLANT_LOW,P0128,synthetic_distribution_fit
12.643,33.468,53.769,92.464,14.511,112.355,89.028,1133.359,14.059,106.445,48.735,44.088,1008.187,7.978,160.598,COOLANT_LOW,P0126,synthetic_distribution_fit
12.331,23.878,68.405,92.22,14.342,114.928,91.44,1816.867,5.261,83.057,38.342,24.642,940.872,7.525,104.868,COOLANT_LOW,P0125,synthetic_distribution_fit
13.082,35.623,52.891,93.49,14.495,112.318,90.871,1489.031,16.165,104.224,16.03,38.201,1072.795,8.513,151.393,COOLANT_LOW,P0125,synthetic_distribution_fit
12.672,28.316,38.591,92.395,14.174,106.322,92.508,1553.077,10.991,62.659,33.275,39.344,926.201,8.24,140.352,COOLANT_LOW,P0217,synthetic_distribution_fit
12.057,27.629,57.463,92.298,14.218,111.366,93.282,1288.5,11.96,126.468,22.516,44.15,997.163,9.768,135.41,COOLANT_LOW,P0125,synthetic_distribution_fit
12.595,25.452,63.462,94.159,14.346,109.636,89.843,1709.073,14.772,60.108,21.009,35.77,1126.95,9.224,51.475,COOLANT_LOW,P0125,synthetic_distribution_fit
12.352,23.746,57.049,98.258,13.807,103.621,90.538,1547.606,10.501,79.066,49.45,23.617,1028.191,7.618,100.378,ELECTRICAL_FAULT_RAIN,NOT_APPLICABLE,synthetic_distribution_fit
12.014,28.39,65.692,97.088,13.748,111.256,90.098,1641.565,10.946,104.433,37.064,39.649,1041.653,6.833,96.944,ELECTRICAL_FAULT_RAIN,NOT_APPLICABLE,synthetic_distribution_fit
12.742,27.081,40.867,96.533,13.886,110.288,91.889,1732.018,6.958,45.569,41.654,40.12,1113.937,6.913,88.384,ELECTRICAL_FAULT_RAIN,NOT_APPLICABLE,synthetic_distribution_fit
12.089,33.422,45.537,92.314,14.105,110.761,92.511,1632.18,8.722,26.305,46.207,33.808,1026.115,7.385,33.114,ELECTRICAL_FAULT_RAIN,NOT_APPLICABLE,synthetic_distribution_fit
12.425,34.797,64.4,93.553,14.004,119.249,90.193,1111.493,10.357,10.598,50.166,37.843,1005.637,8.131,74.651,ELECTRICAL_FAULT_RAIN,NOT_APPLICABLE,synthetic_distribution_fit
12.097,27.67,44.907,95.341,14.604,117.949,92.595,1822.038,7.894,51.728,44.367,31.82,956.484,7.176,53.885,ELECTRICAL_FAULT_RAIN,NOT_APPLICABLE,synthetic_distribution_fit
12.639,32.766,44.729,95.822,14.125,111.19,94.386,1771.615,10.999,122.991,35.841,28.248,879.149,7.652,11.432,ELECTRICAL_FAULT_RAIN,NOT_APPLICABLE,synthetic_distribution_fit
12.37,25.662,75.085,94.993,14.101,113.844,93.197,1092.911,7.338,-0.428,33.041,29.699,941.27,7.244,64.496,ELECTRICAL_FAULT_RAIN,NOT_APPLICABLE,synthetic_distribution_fit
12.045,29.215,68.942,95.123,14.32,103.981,90.895,1248.475,7.593,68.245,51.259,38.963,858.444,8.202,97.75,ELECTRICAL_FAULT_RAIN,NOT_APPLICABLE,synthetic_distribution_fit
12.179,32.578,58.887,90.396,14.479,112.118,91.567,1407.749,6.696,84.221,40.623,35.115,963.346,7.121,53.52,ELECTRICAL_FAULT_RAIN,NOT_APPLICABLE,synthetic_distribution_fit
11.731,31.168,40.842,94.419,14.448,113.901,89.894,1395.817,13.482,117.185,48.086,36.134,857.072,8.226,74.74,ELECTRICAL_FAULT_RAIN,NOT_APPLICABLE,synthetic_distribution_fit
12.615,25.224,58.672,94.502,14.404,113.399,90.965,845.404,13.353,140.319,44.177,26.233,875.164,8.102,117.948,ELECTRICAL_FAULT_RAIN,NOT_APPLICABLE,synthetic_distribution_fit
12.049,27.748,65,96.328,14.193,103.876,93.022,1908.261,8.503,78.104,37.502,29.083,1015.559,8.031,93.428,ELECTRICAL_FAULT_RAIN,NOT_APPLICABLE,synthetic_distribution_fit
12.915,23.13,52.168,94.485,14.114,114.738,91.636,996.453,8.925,71.092,47.705,36.466,971.46,7.991,73.87,ELECTRICAL_FAULT_RAIN,NOT_APPLICABLE,synthetic_distribution_fit
12.208,29.799,55.924,98.48,14.796,114.043,92.606,1385.999,5.156,59.553,41.672,35.49,972.114,8.345,59.346,ELECTRICAL_FAULT_RAIN,NOT_APPLICABLE,synthetic_distribution_fit
12.218,35.566,74.866,93.054,14.277,110.638,92.012,1627.435,15.938,71.672,45.735,24.073,897.655,8.527,90.89,ELECTRICAL_FAULT_RAIN,NOT_APPLICABLE,synthetic_distribution_fit
11.036,31.711,94.547,88.868,14.859,98.284,93.565,1420.153,2.063,79.325,49.27,36.292,981.109,7.559,25.646,ELECTRICAL_FAULT_RAIN,NOT_APPLICABLE,synthetic_distribution_fit
12.657,37.05,81.018,88.889,13.774,107.198,89.228,1442.908,9.856,23.309,46.564,37.705,892.72,7.7,23.098,ELECTRICAL_FAULT_RAIN,NOT_APPLICABLE,synthetic_distribution_fit
12.33,28.402,64.534,95.062,14.403,109.89,92.448,1855.394,8.467,75.488,39.59,30.269,976.276,7.474,90.424,ELECTRICAL_FAULT_RAIN,NOT_APPLICABLE,synthetic_distribution_fit
12.445,26.857,56.009,92.748,13.727,112.886,92.354,1789.781,7.229,122.59,38.188,28.908,857.963,6.779,123.468,ELECTRICAL_FAULT_RAIN,NOT_APPLICABLE,synthetic_distribution_fit
12.873,31.347,46.265,98.797,14.19,109.869,94.42,1707.632,14.99,73.432,38.063,30.477,791.393,7.638,112.284,ELECTRICAL_FAULT_RAIN,NOT_APPLICABLE,synthetic_distribution_fit
12.627,28.466,44.57,94.665,14.678,113.107,92.243,1080.675,11.201,-27.492,43.71,49.44,817.81,7.66,79.067,ELECTRICAL_FAULT_RAIN,NOT_APPLICABLE,synthetic_distribution_fit
12.288,33.509,69.744,94.471,14.601,111.191,97.406,1489.054,9.293,14.943,37.003,40.96,831.3,6.529,80.226,ELECTRICAL_FAULT_RAIN,NOT_APPLICABLE,synthetic_distribution_fit
12.873,28.576,55.872,89.227,14.477,114.174,88.905,1912.454,10.913,99.81,45.163,38.019,976.108,8.314,26.875,ELECTRICAL_FAULT_RAIN,NOT_APPLICABLE,synthetic_distribution_fit
11.957,24.712,59.412,95.086,14.432,116.284,93.926,1048.193,9.416,40.696,39.575,36.041,669.558,9.224,95.62,ELECTRICAL_FAULT_RAIN,NOT_APPLICABLE,synthetic_distribution_fit
12.246,37.931,55.678,94.419,14.141,118.76,91.778,1488.252,12.157,83.475,40.544,40.74,1133.521,7.989,82.66,ELECTRICAL_FAULT_RAIN,NOT_APPLICABLE,synthetic_distribution_fit
12.49,34.869,51.359,93.348,13.765,105.634,91.07,1399.789,13.763,82.008,34.334,29.785,1042.733,8.467,80.106,ELECTRICAL_FAULT_RAIN,NOT_APPLICABLE,synthetic_distribution_fit
12.295,33.949,44.597,95.096,15.129,112.064,90.629,1600.6,7.403,24.387,46.013,40.784,911.229,7.579,51.581,ELECTRICAL_FAULT_RAIN,NOT_APPLICABLE,synthetic_distribution_fit
12.388,25.574,44.293,99.008,14.483,113.763,93.471,1755.918,7.565,74.143,38.99,36.736,962.141,7.576,40.982,ELECTRICAL_FAULT_RAIN,NOT_APPLICABLE,synthetic_distribution_fit
12.483,27.351,29.207,95.397,14.661,122.816,91.287,1191.886,5.587,72.235,42.402,29.289,921.837,6.635,105.995,ELECTRICAL_FAULT_RAIN,NOT_APPLICABLE,synthetic_distribution_fit
12.19,28.193,37.162,92.555,14.216,111.061,92.78,2043.603,10.819,94.731,51.408,37.518,932.62,8.397,110.221,ELECTRICAL_FAULT_RAIN,NOT_APPLICABLE,synthetic_distribution_fit
12.643,21.145,47.203,93.357,14.595,111.015,93.906,1990.273,12.144,101.996,33.43,36.999,888.089,6.829,71.009,ELECTRICAL_FAULT_RAIN,NOT_APPLICABLE,synthetic_distribution_fit
12.859,30.652,96.257,94.536,15.192,111.935,91.996,872.92,11.893,51.016,36.253,41.758,1025.841,8.47,68.856,ELECTRICAL_FAULT_RAIN,NOT_APPLICABLE,synthetic_distribution_fit
12.42,28.068,75.064,98.125,14.447,120.254,93.495,1322.764,11.092,116.935,55.406,41.196,937.487,7.674,95.898,ELECTRICAL_FAULT_RAIN,NOT_APPLICABLE,synthetic_distribution_fit
12.97,30.518,69.437,94.207,14.198,110.363,92.19,2163.762,8.057,67.577,34.672,38.394,1042.104,8.76,85.156,ELECTRICAL_FAULT_RAIN,NOT_APPLICABLE,synthetic_distribution_fit
12.636,28.588,72.323,94.679,14.307,111.202,92.585,1400.025,8.147,114.548,68.198,21.474,851.41,7.271,75.956,ENGINE_OVERHEAT_SEVERE,P0481,synthetic_distribution_fit
12.641,29.91,72.336,92.354,14.227,110.588,88.499,987.819,5.64,86.205,34.496,34.701,803.037,6.931,103.907,ENGINE_OVERHEAT_SEVERE,P0693,synthetic_distribution_fit
11.742,34.182,38.376,95.903,14.056,114.746,98.117,459.29,10.822,8.915,36.976,28.743,967.239,7.3,108.186,ENGINE_OVERHEAT_SEVERE,P0528,synthetic_distribution_fit
12.814,27.551,44.449,97.64,14.274,118.086,94.13,1160.45,8.596,66.882,52.008,33.437,971.117,7.76,77.879,ENGINE_OVERHEAT_SEVERE,P0693,synthetic_distribution_fit
12.831,29.227,58.997,92.648,14.145,105.213,90.172,2252.129,8.249,84.411,-2.746,34.39,942.966,7.578,86.322,ENGINE_OVERHEAT_SEVERE,P0480,synthetic_distribution_fit
11.917,32.955,68.208,93.228,14.035,104.949,92.128,2306.804,9.418,21.697,34.219,29.86,1028.459,8.281,-29.156,ENGINE_OVERHEAT_SEVERE,P0480,synthetic_distribution_fit
12.629,25.139,44.174,93.518,14.401,104.285,93.092,1902.706,8.972,37.176,17.752,37.724,830.42,8.576,73.699,ENGINE_OVERHEAT_SEVERE,P0693,synthetic_distribution_fit
12.028,28.616,73.558,90.864,14.424,111.013,90.386,1946.122,2.558,73.663,53.281,40.741,988.919,7.694,56.538,ENGINE_OVERHEAT_SEVERE,P0528,synthetic_distribution_fit
12.402,31.419,53.046,95.704,14.859,110.426,88.98,900.623,11.053,61.45,43.129,26.361,1025.672,7.787,53.012,ENGINE_OVERHEAT_SEVERE,P0528,synthetic_distribution_fit
12.164,37.287,63.308,95.443,14.149,106.575,91.209,2063.305,7.353,37.088,33.267,33.885,1093.391,8.117,103.206,ENGINE_OVERHEAT_SEVERE,P0217,synthetic_distribution_fit
12.675,24.532,50.792,91.448,13.938,113.76,92.261,1577.639,1.444,125.008,18.916,45.199,835.588,7.364,-0.605,ENGINE_OVERHEAT_SEVERE,P0693,synthetic_distribution_fit
12.189,24.856,44.885,95.75,14.481,117.714,90.302,1643.867,5.161,53.178,24.048,33.633,1041.213,8.529,48.989,ENGINE_OVERHEAT_SEVERE,P0691,synthetic_distribution_fit
12.749,29.033,60.014,92.316,14.143,117.443,92.295,1622.853,8.091,136.741,48.982,24.995,933.606,7.75,85.042,ENGINE_OVERHEAT_SEVERE,P0481,synthetic_distribution_fit
12.6,35.106,45.735,91.346,14.164,108.967,95.689,2016.016,11.532,55.302,27.227,19.672,1021.596,8.206,126.617,ENGINE_OVERHEAT_SEVERE,P0691,synthetic_distribution_fit
12.427,28.636,67.155,96.015,13.901,113.529,91.637,1036.625,2.893,59.145,50.933,42.451,986.048,9.156,78.157,ENGINE_OVERHEAT_SEVERE,P0217,synthetic_distribution_fit
12.363,27.123,54.919,89.19,14.634,108.171,90.07,978.948,8.256,116.234,59.766,18.148,926.867,7.221,115.763,ENGINE_OVERHEAT_SEVERE,P0691,synthetic_distribution_fit
12.56,26.628,65.748,92.85,14.721,112.794,93.023,272.125,8.648,125.841,49.271,16.791,930.287,7.113,142.119,ENGINE_OVERHEAT_SEVERE,P0480,synthetic_distribution_fit
12.278,29.35,27.057,91.445,14.302,113.956,87.782,1358.668,11.718,19.633,34.274,30.73,1099.355,7.74,73.465,ENGINE_OVERHEAT_SEVERE,P0481,synthetic_distribution_fit
12.711,23.828,61.511,92.9,14.255,113.966,92.791,1183.963,9.228,108.03,19.776,31.307,940.314,7.848,20.26,ENGINE_OVERHEAT_SEVERE,P0693,synthetic_distribution_fit
12.277,33.377,55.729,92.507,14.614,114.532,92.097,1901.666,8.016,62.994,22.096,36.836,898.605,8.848,68.206,ENGINE_OVERHEAT_SEVERE,P0481,synthetic_distribution_fit
12.489,32.291,65.044,93.265,14.284,114.143,90.348,1479.844,8.868,89.224,29.776,43.425,943.367,7.735,73.486,ENGINE_OVERHEAT_SEVERE,P0217,synthetic_distribution_fit
12.207,27.058,81.098,93.877,14.163,115.437,94.792,2136.6,6.406,48.365,55.937,32.006,934.105,8.353,116.454,ENGINE_OVERHEAT_SEVERE,P0528,synthetic_distribution_fit
12.331,30.102,78.077,91.271,14.295,106.332,89.704,1272.18,10.199,53.57,22.277,30.625,860.791,8.166,120.979,ENGINE_OVERHEAT_SEVERE,P0693,synthetic_distribution_fit
12.429,30.728,35.415,95.194,15.116,110.189,91.439,1893.326,13.531,92.541,1.672,34.354,1170.854,8.291,37.62,ENGINE_OVERHEAT_SEVERE,P0217,synthetic_distribution_fit
12.558,24.013,82.498,91.744,14.312,107.33,90.582,2246.296,9.134,46.443,15.485,16.611,852.093,7.961,115.467,ENGINE_OVERHEAT_SEVERE,P0693,synthetic_distribution_fit
12.902,26.299,61.264,91.458,14.555,118.825,88.142,1375.302,12.446,19.768,38.889,39.149,962.941,8.244,143.935,ENGINE_OVERHEAT_SEVERE,P0480,synthetic_distribution_fit
13.003,28.96,57.014,91.827,14.552,105.331,91.171,1588.665,7.404,71.654,66.201,29.363,920.117,8.544,88.459,ENGINE_OVERHEAT_SEVERE,P0480,synthetic_distribution_fit
12.527,28.203,38.948,90.209,13.804,112.142,88.944,2136.693,8.925,55.908,19.605,34.783,889.344,7.253,123.056,ENGINE_OVERHEAT_SEVERE,P0693,synthetic_distribution_fit
12.578,28.258,73.96,93.974,14.394,107.489,95.834,1264.327,13.276,57.57,42.175,35.599,1052.038,7.346,118.946,ENGINE_OVERHEAT_SEVERE,P0217,synthetic_distribution_fit
12.576,28.162,65.201,92.743,14.2,117.323,89.663,1092.012,13.433,82.012,60.129,26.967,966.948,7.462,84.948,ENGINE_OVERHEAT_SEVERE,P0693,synthetic_distribution_fit
12.01,31.992,69.37,93.82,14.188,107.186,93.139,983.17,10.298,125.578,51.45,19.282,911.668,8.161,77.16,ENGINE_OVERHEAT_SEVERE,P0481,synthetic_distribution_fit
12.586,29.171,92.337,93.368,14.602,105.738,89.615,1882.895,11.929,34.478,31.47,20.183,941.31,8.429,63.862,ENGINE_OVERHEAT_SEVERE,P0693,synthetic_distribution_fit
12.417,24.626,55.339,98.017,14.311,106.768,91.047,780.509,5.946,104.121,29.193,44.025,948.469,7.866,103.093,ENGINE_OVERHEAT_SEVERE,P0693,synthetic_distribution_fit
12.538,29.013,86.154,96.183,13.991,115.498,91.152,1109.916,9.401,57.153,52.174,32.731,973.566,8.47,119.575,ENGINE_OVERHEAT_SEVERE,P0693,synthetic_distribution_fit
12.692,34.973,73.487,94.341,14.621,110.313,91.745,2358.207,13.464,63,24.941,40.91,1023.154,8.093,67.986,ENGINE_OVERHEAT_SEVERE,P0481,synthetic_distribution_fit
12.571,25.482,59.476,93.59,14.236,116.631,92.532,1841.717,8.816,85.529,24.597,23.051,1017.752,7.959,184.334,FUEL_FILTER_CLOGGED,P0089,synthetic_distribution_fit
12.97,31.849,60.899,93.409,14.048,105.295,88.806,1462.451,3.496,54.924,19.152,30.458,909.19,7.594,147.728,FUEL_FILTER_CLOGGED,P0191,synthetic_distribution_fit
12.425,28.241,57.612,91.751,14.118,117.089,89.586,1072.24,9.494,70.515,-9.7,31.727,1033.636,8.187,169.023,FUEL_FILTER_CLOGGED,P0192,synthetic_distribution_fit
12.914,35.264,91.118,94.467,14.397,116.931,89.346,1520.37,7.736,77.105,12.39,27.035,996.66,7.747,-5.972,FUEL_FILTER_CLOGGED,P0087,synthetic_distribution_fit
12.267,24.47,62.857,93.508,14.666,115.983,92.158,1706.985,10.23,93.615,38.67,34.753,1066.429,6.096,62.937,FUEL_FILTER_CLOGGED,P0192,synthetic_distribution_fit
12.494,33.893,76.563,90.537,14.77,107.73,88.343,1392.916,8.694,31.053,34.162,36.955,1048.773,7.525,73.497,FUEL_FILTER_CLOGGED,P0087,synthetic_distribution_fit
13.032,15.438,46.611,93.128,14.024,111.646,90.093,1235.114,9.807,82.523,19.341,28.732,949.538,7.844,1.908,FUEL_FILTER_CLOGGED,P0191,synthetic_distribution_fit
12.701,26.47,72.892,94.17,14.698,108.418,89.67,1017.169,7.569,97.211,48.171,23.687,925.741,7.792,99.814,FUEL_FILTER_CLOGGED,P0093,synthetic_distribution_fit
12.144,30.824,34.858,92.323,14.396,114.537,90.066,1343.917,12.076,74.451,12.472,32.296,994.195,9.134,108.263,FUEL_FILTER_CLOGGED,P0087,synthetic_distribution_fit
12.904,25.731,51.738,92.699,14.305,108.431,92.493,1809.462,8.731,82.842,27.021,37.248,853.659,7.741,72.721,FUEL_FILTER_CLOGGED,P0192,synthetic_distribution_fit
12.407,16.985,45.133,93.009,14.367,119.977,91.315,1510.622,9.526,93.729,13.423,31.004,874.408,8.91,91.685,FUEL_FILTER_CLOGGED,P0093,synthetic_distribution_fit
12.385,28.027,63.985,92.672,14.188,109.948,90.894,1346.788,8.3,36.287,24.591,30.707,936.856,7.998,106.649,FUEL_FILTER_CLOGGED,P0192,synthetic_distribution_fit
12.726,27.443,51.231,91.26,14.171,112.839,88.954,1516.036,6.812,28.638,36.997,28.578,894.928,7.032,92.971,FUEL_FILTER_CLOGGED,P0093,synthetic_distribution_fit
12.947,26.691,55.394,95.025,13.807,121.191,94.524,471.579,9.336,50.814,18.865,28.985,1029.062,7.765,36.821,FUEL_FILTER_CLOGGED,P0193,synthetic_distribution_fit
12.715,23.078,38.445,96.664,14.156,112.165,89.624,1684.508,14.776,81.388,-2.102,21.974,930.566,7.649,2.681,FUEL_FILTER_CLOGGED,P0193,synthetic_distribution_fit
12.798,23.529,75.638,96.358,14.274,114.637,88.186,1712.68,8.171,42.144,18.454,28.641,936.57,8.559,42.107,FUEL_FILTER_CLOGGED,P0093,synthetic_distribution_fit
12.219,36.035,45.905,93.116,14.202,111.28,91.692,2039.223,13.083,58.207,26.375,26.344,882.357,6.993,56.745,FUEL_FILTER_CLOGGED,P0191,synthetic_distribution_fit
12.644,19.708,57.398,95.816,14.683,110.244,87.902,1651.615,2.88,93.869,19.721,45.318,822.529,8.536,70.933,FUEL_FILTER_CLOGGED,P0192,synthetic_distribution_fit
12.207,31.315,65.957,96.294,14.649,110.207,88.579,970.196,13.905,49.419,48.05,35.834,989.862,7.62,102.973,FUEL_FILTER_CLOGGED,P0192,synthetic_distribution_fit
12.572,26.848,66.193,92.862,14.11,115.327,90.2,1662.453,8.3,39.275,52.312,43.251,1034.922,7.56,62.522,FUEL_FILTER_CLOGGED,P0087,synthetic_distribution_fit
12.481,25.629,80.127,93.033,14.876,106.756,91.203,2252.131,9.706,61.523,3.762,39.88,900.371,7.779,23.199,FUEL_FILTER_CLOGGED,P0192,synthetic_distribution_fit
12.997,33.903,57.573,91.064,14.807,111.185,88.405,823.491,7.741,33.496,12.876,37.427,932.483,8.115,44.716,FUEL_FILTER_CLOGGED,P0089,synthetic_distribution_fit
12.441,37.449,53.819,93.802,13.88,119.275,89.487,1871.771,9.262,82.133,34.515,28.738,1051.853,7.282,107.909,FUEL_FILTER_CLOGGED,P0191,synthetic_distribution_fit
12.471,30.175,52.474,93.207,14.027,113.816,90.386,1278.919,9.46,70.891,12.984,31.088,881.218,9.603,119.745,FUEL_FILTER_CLOGGED,P0191,synthetic_distribution_fit
12.893,19.395,27.648,92.407,13.936,111.74,90.665,1823.275,6.309,77.144,23.534,34.545,920.738,8.883,70.807,FUEL_FILTER_CLOGGED,P0093,synthetic_distribution_fit
13.055,24.899,66.747,93.012,14.25,115.467,89.794,488.116,0.711,97.689,43.869,45.724,961.597,6.883,57.502,FUEL_FILTER_CLOGGED,P0192,synthetic_distribution_fit
12.305,36.188,84.477,93.969,14.345,107.2,92.976,1508.675,8.779,79.064,13.497,33.089,845.674,8.662,70.769,FUEL_FILTER_CLOGGED,P0087,synthetic_distribution_fit
12.889,27.626,56.334,90.961,14.575,108.998,89.471,1480.625,9.973,27.577,19.433,37.796,932.244,7.681,82,FUEL_FILTER_CLOGGED,P0087,synthetic_distribution_fit
12.298,28.389,69.724,91.247,14.236,106.828,91.933,1445.813,7.147,69.909,3.163,24.519,844.237,7.052,132.298,FUEL_FILTER_CLOGGED,P0089,synthetic_distribution_fit
12.379,30.715,48.04,94.469,14.042,112.923,90.401,2347.812,11.454,53.781,34.75,47.545,830.447,7.22,65.192,FUEL_FILTER_CLOGGED,P0193,synthetic_distribution_fit
12.487,22.52,74.579,90.586,14.288,117.24,90.258,1115.213,5.697,62.323,10.632,33.512,849.011,8.457,80.027,FUEL_FILTER_CLOGGED,P0192,synthetic_distribution_fit
12.628,35.228,52.761,91.826,14.184,111.929,90.153,1170.633,3.736,54.533,29.311,33.012,1060.611,9.311,107.126,FUEL_FILTER_CLOGGED,P0193,synthetic_distribution_fit
12.783,36.472,79.873,94.81,14.559,111.874,90.239,1354.323,11.427,50.781,20.097,14.924,1103.202,7.685,94.34,FUEL_FILTER_CLOGGED,P0193,synthetic_distribution_fit
12.97,29.947,75.058,90.908,15.064,117.417,90.671,2011.364,6.221,60.943,47.448,18.468,1008.618,8.247,158.055,FUEL_FILTER_CLOGGED,P0093,synthetic_distribution_fit
13.011,25.967,52.652,90.943,14.023,114.485,88.392,1756.14,7.692,39.183,14.465,34.467,940.459,7.875,104.469,FUEL_FILTER_CLOGGED,P0193,synthetic_distribution_fit
12.854,27.904,48.999,93.496,14.435,105.245,89.32,1051.585,8.92,46.51,42.304,24.243,812.424,7.841,83.879,FUEL_PUMP,P069E,synthetic_distribution_fit
12.365,27.508,57.669,93.658,14.13,116.445,91.877,1017.099,9.895,72.367,49.413,29.507,1032.307,8.123,150.822,FUEL_PUMP,P0233,synthetic_distribution_fit
12.914,30.113,59.414,94.417,14.259,117.217,91.117,1174.561,8.108,33.305,40.197,28.357,1063.299,7.122,96.041,FUEL_PUMP,P0232,synthetic_distribution_fit
11.918,38.049,57.243,93.635,14.462,113.58,91.48,1724.846,11.263,120.188,39.718,42.947,1044.836,6.738,195.774,FUEL_PUMP,P0232,synthetic_distribution_fit
12.374,35.772,63.265,95.604,14.123,113.197,90.502,1952.965,11.004,96.087,2.104,32.205,998.881,8.259,129.524,FUEL_PUMP,P069E,synthetic_distribution_fit
12.555,34.402,32.556,94.594,14.218,107.335,91.596,1815.081,12.939,64.797,44.666,37.202,952.234,7.572,65.425,FUEL_PUMP,P0629,synthetic_distribution_fit
12.783,29.072,48.973,89.726,14.532,108.728,91.584,1819.888,5.371,67.425,30.015,34.643,1076.509,7.095,113.81,FUEL_PUMP,P0230,synthetic_distribution_fit
12.487,28.656,68.481,94.071,14.465,112.952,89.151,1722.055,13.351,74.18,11.484,32.052,978.632,7.234,76.471,FUEL_PUMP,P0231,synthetic_distribution_fit
12.133,31.901,65.118,89.81,14.402,110.597,91.929,1180.095,7.006,46.224,24.869,32.752,974.281,7.948,73.934,FUEL_PUMP,P0231,synthetic_distribution_fit
13.266,25.897,55.476,100.383,14.421,105.553,92.534,976.73,12.52,62.581,26.247,41.085,1013.482,8.821,108.395,FUEL_PUMP,P0627,synthetic_distribution_fit
12.412,31.919,79.014,93.621,14.793,114.054,91.365,1432.296,10.032,32.189,31.143,33.812,921.438,8.344,91.787,FUEL_PUMP,P0232,synthetic_distribution_fit
12.732,29.983,44.697,97.166,14.27,110.504,90.337,1142.098,14.567,109.237,38.627,32.09,1018.421,8.147,83.294,FUEL_PUMP,P0230,synthetic_distribution_fit
12.638,27.333,66.268,93.77,14.47,108.452,92.289,978.192,7.744,53.291,17.394,37.975,869.634,7.568,141.339,FUEL_PUMP,P0233,synthetic_distribution_fit
12.486,24.845,74.002,95.145,14.507,112.861,91.108,1127.992,6.963,106.429,43.113,29.021,964.151,7.866,45.631,FUEL_PUMP,P0629,synthetic_distribution_fit
12.592,27.445,50.22,90.167,13.887,109.397,90.814,990.355,11.687,66.829,40.482,31.695,886.678,8.177,40.232,FUEL_PUMP,P0087,synthetic_distribution_fit
12.27,33.256,58.4,95.607,14.006,108.229,91.678,1792.743,14.962,69.952,58.136,31.135,1063.357,7.385,107.804,FUEL_PUMP,P0629,synthetic_distribution_fit
11.863,24.368,69.124,90.523,14.423,114.267,90.042,953.624,8.061,40.528,30.987,33.188,931.751,9.346,62.046,FUEL_PUMP,P0231,synthetic_distribution_fit
12.239,29.572,78.666,95.754,14.195,112.928,91.753,1121.888,11.575,123.157,39.009,35.621,1023.39,6.996,109.411,FUEL_PUMP,P0232,synthetic_distribution_fit
12.247,26.685,91.704,92.791,14.109,115.205,89.214,1158.176,13.616,69.993,10.54,35.504,923.276,9.245,66.592,FUEL_PUMP,P0191,synthetic_distribution_fit
13.054,25.547,60.334,94.165,14.077,111.843,90.555,1237.541,9.748,70.826,34.699,29.516,908.408,8.002,89.134,FUEL_PUMP,P0089,synthetic_distribution_fit
12.414,30.667,38.736,91.769,14.233,107.549,93.993,1341.057,10.16,54.626,32.184,26.286,944.51,7.389,79.793,FUEL_PUMP,P069E,synthetic_distribution_fit
12.214,35.634,73.968,96.156,14.681,113.377,90.132,926.836,13.286,70.63,67.325,30.74,1145.249,7.974,144.577,FUEL_PUMP,P0087,synthetic_distribution_fit
13.031,24.798,56.448,91.122,13.977,113.355,90.607,1354.198,11.383,14.48,50.421,30.824,1010.297,8.557,145.972,FUEL_PUMP,P069E,synthetic_distribution_fit
11.926,29.504,65.581,91.119,14.348,109.436,88.482,1597.024,7.773,56.872,25.928,39.127,956.586,8.151,73.239,FUEL_PUMP,P0629,synthetic_distribution_fit
12.674,35.135,71.537,94.803,14.471,105.552,89.347,1253.261,7.25,37.644,6.191,25.598,936.387,8.039,59.089,FUEL_PUMP,P069E,synthetic_distribution_fit
12.415,34.007,60.755,94.823,14.363,105.468,90.804,849.032,9.241,46.975,37.753,25.62,961.796,8.52,127.374,FUEL_PUMP,P069E,synthetic_distribution_fit
12.32,29.333,65.36,96.644,13.909,107.34,96.172,1226.547,3.494,51.725,-6.364,33.916,1036.283,7.408,72.031,FUEL_PUMP,P0627,synthetic_distribution_fit
12.034,23.497,59.869,91.722,14.229,105.996,91.369,1275.128,11.36,74.599,35.299,25.075,1006.567,7.843,84.242,FUEL_PUMP,P069E,synthetic_distribution_fit
12.844,26.12,80.905,96.424,14.51,107.075,86.918,1756.792,9.949,46.973,48.836,28.139,920.682,8.485,46.218,FUEL_PUMP,P0628,synthetic_distribution_fit
12.855,30.175,79.523,95.759,14.31,101.906,88.921,1633.049,4.593,59.2,37.144,40.353,906.549,7.609,88.826,FUEL_PUMP,P0629,synthetic_distribution_fit
12.642,28.583,76.884,91.622,14.34,112.509,90.23,1663.004,10.07,91.79,35.122,34.625,901.174,7.619,140.094,FUEL_PUMP,P0190,synthetic_distribution_fit
12.245,30.043,31.29,92.104,14.567,110.335,91.19,150.596,8.325,78.627,38.919,37.696,940.721,7.967,37.444,FUEL_PUMP,P069E,synthetic_distribution_fit
12.481,23.758,38.295,91.01,14.714,109.781,91.38,1132.259,3.818,96.092,1.991,29.746,955.303,8.264,61.762,FUEL_PUMP,P0627,synthetic_distribution_fit
12.309,25.993,52.61,95.409,13.981,111.959,91.265,1710.362,9.161,91.857,29.993,34.929,819.617,6.114,106.091,FUEL_PUMP,P0232,synthetic_distribution_fit
12.665,31.327,55.916,96.521,14.184,112.416,92.074,2007.771,8.568,49.661,11.428,40.787,999.899,8.431,216.075,FUEL_PUMP,P0191,synthetic_distribution_fit
12.08,26.661,46.153,92.299,14.248,108.224,89.198,2423.18,10.512,49.488,44.421,35.486,999.568,8.395,95.769,IGNITION_SYSTEM,P0310,synthetic_distribution_fit
12.709,31.013,60.1,92.595,14.895,108.738,92.446,1808.114,8.108,31.284,34.169,26.822,863.378,7.529,99.13,IGNITION_SYSTEM,P0352,synthetic_distribution_fit
12.672,15.64,65.967,92.026,14.534,110.918,91.384,1538.757,9.662,98.562,37.251,41.012,1051.741,8.384,46.98,IGNITION_SYSTEM,P0303,synthetic_distribution_fit
12.852,25.46,66.88,91.328,13.986,120.278,89.993,2190.222,10.034,43.404,37.019,19.547,976.832,7.25,82.321,IGNITION_SYSTEM,P0360,synthetic_distribution_fit
12.576,20.763,68.544,92.954,14.201,114.496,91.43,983.793,14.61,55.996,36.682,27.605,1070.598,7.611,53.118,IGNITION_SYSTEM,P0359,synthetic_distribution_fit
12.279,33.643,68.307,92.537,14.842,114.501,91.249,1505.527,10.592,30.532,37.474,34.024,845.403,7.829,84.668,IGNITION_SYSTEM,P0309,synthetic_distribution_fit
11.907,25.81,52.198,94.584,14.368,119.43,92.939,1378.029,10.355,45.469,45.359,19.267,913.212,8.247,123.506,IGNITION_SYSTEM,P0362,synthetic_distribution_fit
11.793,33.862,56.386,89.792,13.378,103.793,91.698,1557.72,11.396,39.36,27.213,27.534,980.553,8.101,72.319,IGNITION_SYSTEM,P0301,synthetic_distribution_fit
12.297,23.572,51.455,94.778,14.338,107.719,93.42,2710.334,10.276,95.106,46.989,25.802,980.005,7.121,87.161,IGNITION_SYSTEM,P0355,synthetic_distribution_fit
12.296,25.712,48.911,92.483,14.561,110.423,88.341,1202.736,5.701,64.166,42.075,33.556,916.063,8.111,80.424,IGNITION_SYSTEM,P0302,synthetic_distribution_fit
12.732,31.31,69.738,91.941,14.777,108.664,92.924,1325.483,9.129,-19.148,34.648,32.068,945.704,9.089,62.836,IGNITION_SYSTEM,P0308,synthetic_distribution_fit
12.316,23.41,51.192,94.705,14.877,107.689,90.418,988.246,13.177,91.579,36.455,18.692,875.275,8.062,106.322,IGNITION_SYSTEM,P0311,synthetic_distribution_fit
12.393,34.98,55.438,95.477,14.6,105.886,91.202,1524.949,7.201,26.219,51.33,22.459,1062.623,7.669,91.716,IGNITION_SYSTEM,P0359,synthetic_distribution_fit
12.675,24.815,65.067,89.518,14.53,99.377,91.321,2037.909,11.368,15.949,26.645,25.055,992.54,6.635,92.031,IGNITION_SYSTEM,P0356,synthetic_distribution_fit
12.405,29.968,60.848,92.054,13.735,111.612,90,1290.293,10.989,100.842,37.082,36.232,864.45,8.11,90.845,IGNITION_SYSTEM,P0361,synthetic_distribution_fit
12.887,25.081,55.142,94.751,14.352,105.771,96.378,1029.231,9.55,67.374,39.901,29.542,963.4,7.799,64.018,IGNITION_SYSTEM,P0350,synthetic_distribution_fit
12.425,30.297,54.002,92.369,14.23,103.697,91.442,1379.707,12.821,19.128,32.11,23.168,1091.222,7.388,106.652,IGNITION_SYSTEM,P0361,synthetic_distribution_fit
12.805,26.89,41.224,90.668,14.67,105.057,92.448,1651.785,10.719,71.278,28.821,22.475,1034.069,7.544,22.502,IGNITION_SYSTEM,P0308,synthetic_distribution_fit
12.165,29.702,75.181,92.995,14.716,111.708,94.623,1037.834,9.699,77.579,35.676,41.612,943.976,9.292,146.279,IGNITION_SYSTEM,P0362,synthetic_distribution_fit
12.585,30.093,72.715,90.966,13.944,116.892,92.233,1473.905,9.751,-18.05,35.675,24.476,1050.026,8.596,107.017,IGNITION_SYSTEM,P0300,synthetic_distribution_fit
12.018,30.268,65.821,95.065,15.092,103.026,91.027,1204.747,10.178,56.956,35.274,40.491,891.398,7.277,66.348,IGNITION_SYSTEM,P0310,synthetic_distribution_fit
12.38,21.926,57.509,92.688,14.119,115.093,91.626,2146.668,9.205,55.78,32.242,31.186,1033.858,7.685,105.537,IGNITION_SYSTEM,P0362,synthetic_distribution_fit
12.737,24.901,68.547,93.069,14.892,105.558,89.048,1270.528,6.058,13.313,43.165,31.211,940.234,7.701,77.195,IGNITION_SYSTEM,P0305,synthetic_distribution_fit
13.022,24.187,41.895,94.308,14.31,120.571,90.777,2033.599,12.584,40.24,30.581,37.917,1023.07,7.038,63.7,IGNITION_SYSTEM,P0300,synthetic_distribution_fit
12.685,26.359,56.117,90.116,14.015,108.737,90.511,1653.604,11.265,127.484,37.248,41.281,912.719,6.866,83.417,IGNITION_SYSTEM,P0355,synthetic_distribution_fit
11.986,27.627,48.536,89.673,14.964,108.457,88.754,2060.834,7.793,90.615,30.668,26.384,1004.999,8.336,111.89,IGNITION_SYSTEM,P0358,synthetic_distribution_fit
12.664,30.978,60.564,92.726,13.899,113.802,91.811,1376.258,13.102,11.903,52.596,31.049,1002.853,7.696,50.017,IGNITION_SYSTEM,P0306,synthetic_distribution_fit
12.451,29.094,66.395,92.633,13.649,103.736,95.469,1021.954,13.497,27.337,35.75,36.872,913.487,8.983,94.291,IGNITION_SYSTEM,P0310,synthetic_distribution_fit
12.41,30.58,77.461,92.745,14.962,108.109,93.125,1847.361,6.894,63.22,37.501,23.575,1006.033,8.046,90.523,IGNITION_SYSTEM,P0354,synthetic_distribution_fit
12.473,27.147,53.596,93.202,14.167,123.477,89.169,1286.957,8.383,120.322,25.257,35.08,997.424,8.168,123.775,IGNITION_SYSTEM,P0311,synthetic_distribution_fit
12.351,28.449,35.25,93.133,14.117,110.108,88.667,1803.398,5.232,61.172,26.12,23.607,1068.616,8.332,121.561,IGNITION_SYSTEM,P0311,synthetic_distribution_fit
12.993,24.016,76.483,90.497,14.632,108.665,90.041,1912.78,12.221,85.148,39.414,32.436,1019.297,8.148,106.12,IGNITION_SYSTEM,P0311,synthetic_distribution_fit
12.764,20.098,56.495,90.634,14.475,118.705,90.871,1658.518,11.723,-8.1,32.617,34.527,750.356,7.319,120.333,IGNITION_SYSTEM,P0354,synthetic_distribution_fit
12.815,29.276,68.921,93.329,14.569,109.5,91.945,1262.098,13.064,104.1,50.16,27.578,902.994,8.779,106.184,IGNITION_SYSTEM,P0356,synthetic_distribution_fit
12.293,29.511,44.799,94.035,14.844,118.654,93.024,870.882,10.243,123.422,29.421,30.717,1088.943,8.351,155.373,IGNITION_SYSTEM,P0358,synthetic_distribution_fit
12.302,24.173,83.591,90.178,14.254,109.976,93.027,1778.862,11.993,66.829,42.999,63.525,1040.369,8.074,42.729,RADIATOR_FAN_ISSUE,P0693,synthetic_distribution_fit
12.458,25.611,65.606,97.863,14.65,109.626,88.641,2015.724,10.467,34.513,38.035,40.83,813.026,7.297,92.227,RADIATOR_FAN_ISSUE,P0526,synthetic_distribution_fit
12.743,25.67,53.771,95.148,14.18,112.256,88.83,1134.673,12.892,82.814,40.109,29.041,931.964,9.136,33.346,RADIATOR_FAN_ISSUE,P0694,synthetic_distribution_fit
12.919,30.014,55.865,91.158,14.251,105.363,89.123,1788.842,12.573,51.034,37.676,36.507,1100.072,8.469,140.959,RADIATOR_FAN_ISSUE,P0692,synthetic_distribution_fit
12.665,30.392,47.173,92.954,14.298,109.308,91.87,1785.45,11.797,72.332,23.729,41.37,1015.459,7.133,88.757,RADIATOR_FAN_ISSUE,P0694,synthetic_distribution_fit
12.533,26.672,57.508,97.364,13.991,112.873,95.276,1930.525,10.52,48.972,17.542,29.957,939.848,7.385,83.229,RADIATOR_FAN_ISSUE,P0481,synthetic_distribution_fit
12.492,28.83,47.889,91.505,14.265,109.489,94.591,1653.726,5.75,86.857,36.387,32.124,901.457,9.47,52.233,RADIATOR_FAN_ISSUE,P0529,synthetic_distribution_fit
12.582,29.195,90.592,94.72,14.155,114.373,89.769,1631.226,6.716,51.432,31.505,35.855,865.794,8.409,62.673,RADIATOR_FAN_ISSUE,P0529,synthetic_distribution_fit
12.906,26.187,49.544,93.464,14.057,114.984,91.003,1527.966,12.399,52.123,18.262,36.159,909.751,7.065,131.712,RADIATOR_FAN_ISSUE,P0483,synthetic_distribution_fit
12.146,25.344,52.733,97.859,14.557,108.643,92.128,1133.411,8.587,79.21,35.464,32.333,1008.041,8.056,90.012,RADIATOR_FAN_ISSUE,P0484,synthetic_distribution_fit
12.433,25.953,69.203,94.33,14.363,105.8,89.05,1708.309,15.052,80.371,26.93,34.767,907.042,9.092,104.61,RADIATOR_FAN_ISSUE,P0484,synthetic_distribution_fit
12.472,25.634,84.861,92.746,14.351,112.375,89.555,1641.102,11.442,38.721,33.493,32.724,999.431,8.02,107.635,RADIATOR_FAN_ISSUE,P0696,synthetic_distribution_fit
12.924,23.574,60.877,94.991,14.44,111.946,96.383,1778.819,14.025,69.156,21.188,30.693,1041.877,8.333,113.641,RADIATOR_FAN_ISSUE,P0526,synthetic_distribution_fit
12.41,26.731,76.345,95.441,14.032,113.083,89.731,1731.252,10.036,114.867,26.867,34.421,1034.193,7.255,93.794,RADIATOR_FAN_ISSUE,P0693,synthetic_distribution_fit
12.442,25.676,59.462,96.142,14.144,112.348,91.617,1120.048,12.18,42.152,37.202,29.233,990.563,6.901,101.933,RADIATOR_FAN_ISSUE,P0480,synthetic_distribution_fit
12.28,25.381,72.432,94.508,13.641,117.785,92.035,1805.936,10.182,31.368,37.662,28.795,1029.623,7.806,106.754,RADIATOR_FAN_ISSUE,P0528,synthetic_distribution_fit
12.29,30.028,48.605,99.072,14.922,116.349,93.495,1549.955,14.132,74.304,15.65,44.442,1072.28,7.964,45.759,RADIATOR_FAN_ISSUE,P0695,synthetic_distribution_fit
11.976,30.282,42.588,94.01,14.077,104.869,91.468,1468.309,13.142,45.713,23.516,15.008,830.644,9.504,183.687,RADIATOR_FAN_ISSUE,P0528,synthetic_distribution_fit
12.55,24.697,61.511,95.526,14.167,111.114,90.977,1391.327,9.028,83.81,21.347,36.488,955.559,8.098,154.522,RADIATOR_FAN_ISSUE,P0480,synthetic_distribution_fit
12.798,21.64,59.018,93.34,14.836,102.868,90.814,2054.81,8.248,71.456,34.274,34.466,1104.147,8.368,152.18,RADIATOR_FAN_ISSUE,P0482,synthetic_distribution_fit
12.414,24.96,62.566,90.273,14.441,108.774,89.69,1740.993,7.166,95.457,26.272,41.839,961.309,8.522,104.316,RADIATOR_FAN_ISSUE,P0482,synthetic_distribution_fit
12.555,22.047,80.469,93.042,14.525,112.813,89.491,1277.995,12.591,69.25,40.248,31.722,1064.592,8.347,108.836,RADIATOR_FAN_ISSUE,P0692,synthetic_distribution_fit
12.41,28.032,83.138,93.128,14.454,110.396,91.246,2142.178,14.238,78.589,33.115,27.761,977.337,8.251,132.29,RADIATOR_FAN_ISSUE,P0483,synthetic_distribution_fit
12.19,30.383,64.552,90.717,14.675,115.713,91.518,1809.826,12.929,110.717,38.189,23.026,1136.532,8.887,75.591,RADIATOR_FAN_ISSUE,P0480,synthetic_distribution_fit
12.213,28.892,61.804,94.121,14.512,108.097,88.821,1704.03,9.006,80.217,17.727,31.163,1042.096,8.5,63.968,RADIATOR_FAN_ISSUE,P0527,synthetic_distribution_fit
12.527,29.07,71.715,91.945,14.39,115.86,91.403,1042.688,11.227,126.537,18.279,33.295,973.446,8.071,104.929,RADIATOR_FAN_ISSUE,P0482,synthetic_distribution_fit
12.864,27.566,84.362,92.964,14.212,107.711,87.452,1667.986,16.808,87.835,37.781,29.946,972.133,8.819,180.565,RADIATOR_FAN_ISSUE,P0485,synthetic_distribution_fit
12.764,27.409,68.88,91.321,13.911,105.994,91.1,1482.003,6.184,75.74,27.851,24.198,962.955,7.72,71.126,RADIATOR_FAN_ISSUE,P0527,synthetic_distribution_fit
12.8,21.29,37.041,93.277,14.335,111.739,89.949,1276.97,10.593,65.873,46.319,30.618,986.074,10.074,88.713,RADIATOR_FAN_ISSUE,P0481,synthetic_distribution_fit
12.716,29.608,70.037,93.769,14.336,108.061,91.639,2242.163,14.265,84.069,39.451,26.495,970.953,8.788,158.825,RADIATOR_FAN_ISSUE,P0484,synthetic_distribution_fit
12.291,25.772,97.473,93.517,14.808,110.999,91.483,1477.582,13.457,109.79,20.773,30.404,1056.691,7.881,76.264,RADIATOR_FAN_ISSUE,P0481,synthetic_distribution_fit
12.853,25.879,68.919,90.145,14.063,110.688,91.064,1260.935,8.456,50.657,35.492,18.185,916.176,6.423,114.298,RADIATOR_FAN_ISSUE,P0693,synthetic_distribution_fit
11.981,27.399,89.616,97.593,13.813,111.342,89.07,1186.82,10.273,106.63,36.921,27.66,1041.372,6.102,65.444,RADIATOR_FAN_ISSUE,P0529,synthetic_distribution_fit
12.546,26.658,63.788,92.817,14.314,112.249,91.294,1484.506,11.826,96.814,25.504,32.621,1074.693,7.062,172.061,RADIATOR_FAN_ISSUE,P0529,synthetic_distribution_fit
12.121,26.208,52.059,98.923,14.17,108.343,90.278,1608.966,9.624,73.408,-3.867,33.503,991.251,8.864,151.4,RADIATOR_FAN_ISSUE,P0528,synthetic_distribution_fit
12.601,25.786,72.196,91.945,13.996,109.059,93.336,1416.037,14.549,46.137,41.346,29.549,958.306,7.817,124.034,RADIATOR_HOSE_LEAK,NOT_APPLICABLE,synthetic_distribution_fit
12.46,27.078,73.546,97.134,14.08,104.524,91.708,1230.761,9.249,78.482,20.559,32.144,932.229,8.778,95.782,RADIATOR_HOSE_LEAK,NOT_APPLICABLE,synthetic_distribution_fit
12.092,25.449,64.69,90.691,13.943,111.316,92.042,1217.393,10.632,69.359,35.19,38.059,731.455,7.466,117.609,RADIATOR_HOSE_LEAK,NOT_APPLICABLE,synthetic_distribution_fit
12.296,29.844,71.997,93.417,14.374,112.666,90.592,1278.92,0.395,56.603,8.166,35.462,952.5,8.184,156.928,RADIATOR_HOSE_LEAK,NOT_APPLICABLE,synthetic_distribution_fit
12.392,37.848,65.804,90.284,14.083,108.544,91.875,1007.906,8.706,60.704,20.674,39.458,991.638,8.545,79.625,RADIATOR_HOSE_LEAK,NOT_APPLICABLE,synthetic_distribution_fit
12.697,24.849,46.436,90.501,14.164,112.874,89.718,1178.124,8.973,78.895,20.266,30.353,832.448,7.212,147.12,RADIATOR_HOSE_LEAK,NOT_APPLICABLE,synthetic_distribution_fit
12.421,27.076,77.798,91.916,14.361,113.427,90.907,808.481,17.132,74.295,22.39,40.438,996.525,8.656,64.8,RADIATOR_HOSE_LEAK,NOT_APPLICABLE,synthetic_distribution_fit
12.477,25.485,70.989,93.183,14.202,109.166,90.352,1036.49,12.25,101.621,19.174,37.712,974.881,7.657,26.131,RADIATOR_HOSE_LEAK,NOT_APPLICABLE,synthetic_distribution_fit
12.075,26.929,37.466,96.405,14.214,109.486,86.849,690.8,9.669,113.539,17.212,39.812,901.797,7.693,148.786,RADIATOR_HOSE_LEAK,NOT_APPLICABLE,synthetic_distribution_fit
12.312,27.253,79.972,93.337,14.315,107.685,93.347,1449.542,11.092,67.959,19.881,33.953,904.787,8.386,85.351,RADIATOR_HOSE_LEAK,NOT_APPLICABLE,synthetic_distribution_fit
12.027,23.724,42.392,94.626,14.001,110.393,91.052,1327.153,11.104,68.62,-10.578,31.774,974.313,8.909,169.894,RADIATOR_HOSE_LEAK,NOT_APPLICABLE,synthetic_distribution_fit
12.06,28.467,44.312,96.657,14.304,110.532,91.106,1849.985,13.621,93.401,33.177,31.6,1001.719,8.276,85.906,RADIATOR_HOSE_LEAK,NOT_APPLICABLE,synthetic_distribution_fit
12.311,33.757,82.913,91.547,14.125,110.533,91.685,1161.602,15.81,75.158,34.209,45.872,904.269,7.582,38.358,RADIATOR_HOSE_LEAK,NOT_APPLICABLE,synthetic_distribution_fit
12.355,24.404,71.963,94.18,14.123,109.293,92.181,939.702,10.341,82.035,2.238,38.602,806.112,7.56,42.382,RADIATOR_HOSE_LEAK,NOT_APPLICABLE,synthetic_distribution_fit
12.753,25.587,43.307,93.535,14.104,105.433,91.756,630.163,6.302,50.438,37.951,42.735,1028.614,7.533,-14.171,RADIATOR_HOSE_LEAK,NOT_APPLICABLE,synthetic_distribution_fit
12.495,34.96,77.77,94.277,13.995,108.125,94.299,838.078,5.938,88.059,20.908,25.964,1062.684,8.004,77.353,RADIATOR_HOSE_LEAK,NOT_APPLICABLE,synthetic_distribution_fit
12.114,37.017,62.734,96.381,14.288,108.137,89.879,1873.746,14.439,18.173,34.463,33.144,857.453,7.851,34.05,RADIATOR_HOSE_LEAK,NOT_APPLICABLE,synthetic_distribution_fit
12.282,26.867,57.054,93.073,14.02,113.893,91.697,1999.72,9.155,51.093,51.165,30.051,925.965,8.203,39.056,RADIATOR_HOSE_LEAK,NOT_APPLICABLE,synthetic_distribution_fit
12.575,31.795,78.195,95.239,14.345,109.265,89.247,2113.819,4.705,29.337,34.675,44.966,955.439,8.417,5.137,RADIATOR_HOSE_LEAK,NOT_APPLICABLE,synthetic_distribution_fit
12.274,23.031,72.352,89.75,13.983,110.982,92.724,1293.056,11.533,78.026,23.889,26.553,985.514,8.121,134.438,RADIATOR_HOSE_LEAK,NOT_APPLICABLE,synthetic_distribution_fit
12.476,25.547,71.276,93.231,14.095,108.759,89.559,1672.088,5.058,40.07,22.323,44.89,1024.728,6.391,154.9,RADIATOR_HOSE_LEAK,NOT_APPLICABLE,synthetic_distribution_fit
12.733,25.527,32.895,93.072,14.32,113.942,89.233,1984.315,2.421,55.573,21.101,41.766,1044.281,8.382,34.008,RADIATOR_HOSE_LEAK,NOT_APPLICABLE,synthetic_distribution_fit
12.612,31.53,43.056,88.579,14.308,109.074,88.484,1275.258,10.862,62.642,5.42,46.73,1020.716,7.393,81.233,RADIATOR_HOSE_LEAK,NOT_APPLICABLE,synthetic_distribution_fit
12.487,25.685,66.883,90.238,14.152,106.357,88.786,1945.879,9.869,69.837,-0.928,29.923,977.207,7.799,-1.943,RADIATOR_HOSE_LEAK,NOT_APPLICABLE,synthetic_distribution_fit
12.45,31.022,78.367,91.759,13.848,106.829,88.824,1617.055,0.83,53.583,46.568,34.013,1012.071,6.391,22.757,RADIATOR_HOSE_LEAK,NOT_APPLICABLE,synthetic_distribution_fit
12.755,30.076,64.261,90.716,14.176,106.419,92.95,2337.317,11.252,48.957,-8.145,22.561,1064.838,6.861,77.844,RADIATOR_HOSE_LEAK,NOT_APPLICABLE,synthetic_distribution_fit
12.561,35.002,60.642,92.323,14.172,107.843,89.769,1499.553,10.28,117.532,32.93,41.758,854.411,8.053,62.087,RADIATOR_HOSE_LEAK,NOT_APPLICABLE,synthetic_distribution_fit
12.496,32.17,63.623,98.655,14.362,112.804,92.186,1988.433,4.997,98.661,13.169,30.144,985.234,8.596,42.821,RADIATOR_HOSE_LEAK,NOT_APPLICABLE,synthetic_distribution_fit
12.271,30.063,60.8,95.157,14.644,110.721,89.478,881.567,8.617,41.39,33.327,37.025,903.138,9.173,61.53,RADIATOR_HOSE_LEAK,NOT_APPLICABLE,synthetic_distribution_fit
12.369,31.994,73.687,96.111,14.222,112.457,89.604,1682.665,12.622,102.196,3.811,27.823,1006.207,5.616,116.45,RADIATOR_HOSE_LEAK,NOT_APPLICABLE,synthetic_distribution_fit
12.661,27.659,57.886,90.815,14.089,108.215,89.572,1083.716,8.794,57.679,52.764,31.296,967.827,7.208,68.055,RADIATOR_HOSE_LEAK,NOT_APPLICABLE,synthetic_distribution_fit
11.975,24.11,48.603,93.648,14.313,104.658,89.814,856.107,8.816,91.361,20.691,33.643,1056.855,8.002,60.427,RADIATOR_HOSE_LEAK,NOT_APPLICABLE,synthetic_distribution_fit
12.438,26.763,68.051,94.395,13.971,110.05,90.593,1547.591,12.383,76.531,22.676,40.283,870.294,6.637,-48.533,RADIATOR_HOSE_LEAK,NOT_APPLICABLE,synthetic_distribution_fit
12.381,26.784,67.78,88.795,14.071,110.861,88.945,1498.604,7.862,63.883,35.09,40.415,947.662,7.026,73.942,RADIATOR_HOSE_LEAK,NOT_APPLICABLE,synthetic_distribution_fit
12.556,26.072,60.899,92.365,14.148,106.794,87.46,1538.932,12.816,20.273,31.964,41.298,988,7.331,52.221,RADIATOR_HOSE_LEAK,NOT_APPLICABLE,synthetic_distribution_fit
12.51,29.757,67.68,93.35,14.026,111.871,92.202,1674.522,9.76,113.317,17.454,40.393,910.151,8.655,136.216,SEVERE_MECHANICAL_TOW,NOT_APPLICABLE,synthetic_distribution_fit
12.416,34.501,72.742,91.654,14.178,114.338,93.149,1166.418,9.001,73.856,18.972,48.752,985.927,7.788,134.371,SEVERE_MECHANICAL_TOW,NOT_APPLICABLE,synthetic_distribution_fit
12.398,32.307,43.759,92.685,14.484,115.858,89.596,1234.315,11.145,51.754,22.079,37.248,925.023,6.379,26.217,SEVERE_MECHANICAL_TOW,NOT_APPLICABLE,synthetic_distribution_fit
12.492,22.671,62.349,90.401,14.611,117.925,88.999,1697.1,6.51,60.143,49.014,26.817,945.231,7.136,132.433,SEVERE_MECHANICAL_TOW,NOT_APPLICABLE,synthetic_distribution_fit
11.675,27.439,65.758,92.18,14.444,114.579,88.258,2438.444,5.106,102.872,27.518,26.53,935.574,7.809,91.732,SEVERE_MECHANICAL_TOW,NOT_APPLICABLE,synthetic_distribution_fit
12.26,28.14,55.927,90.832,14.083,106.408,90.335,1768.023,9.79,121.207,-3.163,34.086,968.132,8.438,113.782,SEVERE_MECHANICAL_TOW,NOT_APPLICABLE,synthetic_distribution_fit
12.448,29.505,56.288,95.282,13.855,113.102,91.167,1396.877,8.718,64.157,42.434,55.553,1063.152,7.415,110.02,SEVERE_MECHANICAL_TOW,NOT_APPLICABLE,synthetic_distribution_fit
12.658,25.82,49.279,93.634,14.432,104.804,89.706,1824.601,9.55,106.285,7.224,48.708,847.196,6.331,80.129,SEVERE_MECHANICAL_TOW,NOT_APPLICABLE,synthetic_distribution_fit
12.206,28.796,65.38,93.312,14.078,111.906,90.551,2038.93,8.877,42.619,3.632,29.105,868.244,6.834,105.579,SEVERE_MECHANICAL_TOW,NOT_APPLICABLE,synthetic_distribution_fit
12.046,33.666,68.546,93.682,14.037,113.059,91.209,1316.542,10.03,23.416,4.313,21.742,994.999,7.832,128.214,SEVERE_MECHANICAL_TOW,NOT_APPLICABLE,synthetic_distribution_fit
12.26,30.854,64.836,91.494,14.342,110.174,89.898,1610.418,9.031,64.304,20.207,20.307,973.484,7.24,38.402,SEVERE_MECHANICAL_TOW,NOT_APPLICABLE,synthetic_distribution_fit
12.429,31.389,68.898,92.496,14.136,112.612,86.195,1915.3,3.739,30.566,18.886,47.295,1098.981,8.357,98.161,SEVERE_MECHANICAL_TOW,NOT_APPLICABLE,synthetic_distribution_fit
12.025,29.452,58.931,91.801,14.292,108.766,93.036,812.072,9.651,44.907,20.246,32.807,880.138,7.956,73.47,SEVERE_MECHANICAL_TOW,NOT_APPLICABLE,synthetic_distribution_fit
12.325,27.346,64.284,91.92,14.26,109.437,89.935,2235.162,10.683,58.18,27.467,22.467,933.428,7.597,28.573,SEVERE_MECHANICAL_TOW,NOT_APPLICABLE,synthetic_distribution_fit
12.586,27.229,61.559,92.405,14.894,108.101,86.882,947.698,11.727,104.15,16.708,40.374,1025.7,7.694,71.382,SEVERE_MECHANICAL_TOW,NOT_APPLICABLE,synthetic_distribution_fit
12.535,31.871,71.769,92.142,14.221,117.286,91.742,1944.345,11.061,75.723,26.984,37.411,1023.903,8.03,52.576,SEVERE_MECHANICAL_TOW,NOT_APPLICABLE,synthetic_distribution_fit
12.586,28.701,62.199,100.306,13.928,113.733,89.409,1646.42,17.215,42.68,16.161,30.306,901.288,8.489,59.487,SEVERE_MECHANICAL_TOW,NOT_APPLICABLE,synthetic_distribution_fit
12.653,24.464,41.873,93.231,13.922,115.678,88.011,1174.633,10.678,52.734,5.833,46.284,889.196,7.689,73.607,SEVERE_MECHANICAL_TOW,NOT_APPLICABLE,synthetic_distribution_fit
12.667,30.477,55.166,92.996,14.21,113.005,88.768,2408.02,7.121,68.18,10.492,20.36,899.157,7.115,64.707,SEVERE_MECHANICAL_TOW,NOT_APPLICABLE,synthetic_distribution_fit
12.245,31.26,55.76,91.614,14.174,113.852,91.666,1553.229,5.077,37.858,8.952,40.591,1009.175,7.196,58.192,SEVERE_MECHANICAL_TOW,NOT_APPLICABLE,synthetic_distribution_fit
12.284,25.952,72.624,93.089,14.706,114.747,93.958,1864.441,8.142,84.399,21.036,43.102,999.287,8.028,88.201,SEVERE_MECHANICAL_TOW,NOT_APPLICABLE,synthetic_distribution_fit
12.924,24.113,91.314,93.335,13.957,107.79,87.758,1857.296,6.274,72.924,40.314,25.223,946.636,6.869,65.831,SEVERE_MECHANICAL_TOW,NOT_APPLICABLE,synthetic_distribution_fit
13.132,31.537,62.789,92.3,14.25,110.855,90.338,1807.41,6.532,42.787,30.383,21.366,1024.716,7.824,3.352,SEVERE_MECHANICAL_TOW,NOT_APPLICABLE,synthetic_distribution_fit
12.517,23.269,75.785,93.183,14.656,114.125,88.994,777.851,7.133,35.757,49.304,30.361,1040.721,7.623,74.888,SEVERE_MECHANICAL_TOW,NOT_APPLICABLE,synthetic_distribution_fit
12.481,32.64,70.607,91.216,14.607,109.386,90.261,451.415,11.348,71.115,26.869,27.313,922.587,7.56,102.788,SEVERE_MECHANICAL_TOW,NOT_APPLICABLE,synthetic_distribution_fit
12.649,28.15,79.251,93.596,14.151,111.092,88.368,1687.396,4.746,40.932,-0.671,29.082,1093.673,7.747,110.619,SEVERE_MECHANICAL_TOW,NOT_APPLICABLE,synthetic_distribution_fit
13.077,30.282,56.001,92.261,14.259,108.204,90.047,1991.136,12.536,24.376,14.935,26.838,1014.541,8.681,199.956,SEVERE_MECHANICAL_TOW,NOT_APPLICABLE,synthetic_distribution_fit
12.373,27.53,74.363,92.128,14.229,108.961,85.724,1643.206,8.871,102.406,25.642,20.697,947.419,6.286,30.13,SEVERE_MECHANICAL_TOW,NOT_APPLICABLE,synthetic_distribution_fit
12.648,28.095,78.893,89.003,14.207,108.751,93.218,1865.008,11.372,109.631,20.786,40.81,885.862,7.034,115.357,SEVERE_MECHANICAL_TOW,NOT_APPLICABLE,synthetic_distribution_fit
12.114,30.848,67.754,96.396,14.246,110.598,92.282,1326.006,7.282,81.1,25.19,27.278,961.147,9.015,63.459,SEVERE_MECHANICAL_TOW,NOT_APPLICABLE,synthetic_distribution_fit
12.372,23.195,65.806,95.387,14.438,110.779,93.218,1888.607,12.8,94.734,45.979,29.124,863.714,8.326,116.563,SEVERE_MECHANICAL_TOW,NOT_APPLICABLE,synthetic_distribution_fit
12.882,33.226,92.768,95.297,14.308,105.592,91.861,1370.464,10.065,69.871,31.703,29.686,1040.847,5.818,90.932,SEVERE_MECHANICAL_TOW,NOT_APPLICABLE,synthetic_distribution_fit
12.79,35.202,76.308,97.888,14.295,110.413,92.324,1592.177,7.051,54.636,11.114,34.545,968.522,7.567,58.091,SEVERE_MECHANICAL_TOW,NOT_APPLICABLE,synthetic_distribution_fit
12.616,31.545,51.046,90.655,14.464,105.626,92.362,2246.086,14.335,88.144,34.784,47.93,784.834,7.49,119.512,SEVERE_MECHANICAL_TOW,NOT_APPLICABLE,synthetic_distribution_fit
12.405,33.087,65.846,94.109,14.2,108.588,90.07,1702.915,7.074,93.902,34.062,38.98,879.229,6.576,82.505,SEVERE_MECHANICAL_TOW,NOT_APPLICABLE,synthetic_distribution_fit
11.223,29.737,63.152,94.194,14.408,90.765,93.321,1759.299,45.357,53.512,57.546,23.862,786.401,8.774,9.051,STARTER_MOTOR,P0512,synthetic_distribution_fit
9.584,29.497,84.798,95.28,14.386,100.31,88.605,2230.474,42.382,75.353,40.195,51.736,894.34,9.942,102.268,STARTER_MOTOR,P0615,synthetic_distribution_fit
10.016,26.701,80.537,93.084,14.115,93.375,85.967,2600.226,35.557,47.86,50.404,41.828,780.19,8.327,97.552,STARTER_MOTOR,P0817,synthetic_distribution_fit
9.765,29.972,58.046,89.845,14.425,92.865,85.786,1766.724,56.67,23.383,74.687,22.93,951.04,7.112,82.77,STARTER_MOTOR,P0616,synthetic_distribution_fit
8.975,34.448,64.28,92.578,14.458,98.804,92.735,898.059,47.965,8.914,54.053,13.947,869.343,8.422,97.031,STARTER_MOTOR,P0512,synthetic_distribution_fit
9.604,30.5,87.551,94.581,14.007,98.514,88.087,3346.361,63.448,64.956,55.928,-2.364,925.159,9.613,113.983,STARTER_MOTOR,P0512,synthetic_distribution_fit
9.587,18.249,81.626,90.136,14.491,97.209,88.879,2333.068,44.274,58.618,24.576,39.384,792.438,6.454,76.989,STARTER_MOTOR,P0615,synthetic_distribution_fit
9.63,26.734,61.336,96.763,14.292,94.81,90.497,2734.325,51.065,63.302,51.669,11.813,779.07,8.344,74.311,STARTER_MOTOR,P0512,synthetic_distribution_fit
9.748,27.669,49.953,93.429,13.984,95.199,85.497,2188.967,33.555,43.977,53.955,34.932,792.028,7.701,28.222,STARTER_MOTOR,P0512,synthetic_distribution_fit
8.87,26.267,84.439,94.222,14.383,94.191,89.363,1004.79,42.365,22.023,28.922,33.372,932.243,11.728,33.722,STARTER_MOTOR,P0617,synthetic_distribution_fit
9.009,24.74,67.111,94.933,14.167,93.738,88.985,731.542,40.55,44.014,42.143,38.668,921.525,8.154,20.465,STARTER_MOTOR,P0817,synthetic_distribution_fit
10.014,23.809,88.007,95.762,14.22,91.636,89.982,2189.293,43.432,39.751,49.188,37.976,911.275,6.644,97.433,STARTER_MOTOR,P0617,synthetic_distribution_fit
9.848,26.368,37.667,93.59,14.365,95.831,90.305,251.555,57.068,62.577,23.769,23.495,964.275,9.158,64.049,STARTER_MOTOR,P0512,synthetic_distribution_fit
10.161,20.495,53.832,89.818,14.075,98.031,94.979,2094.225,40.667,47.767,47.89,14.76,890.515,9.972,44.331,STARTER_MOTOR,P0615,synthetic_distribution_fit
9.745,26.767,61.804,93.583,14.384,99.176,89.718,1864.378,59.212,40.099,22.028,35.19,1041.818,8.815,77.87,STARTER_MOTOR,P0512,synthetic_distribution_fit
8.996,25.735,97.288,91.278,14.209,93.242,88.341,2105.332,49.929,63.087,27.028,13.825,967.135,7.881,146.288,STARTER_MOTOR,P0616,synthetic_distribution_fit
10.758,23.071,84.612,94.979,14.415,93.326,93.103,1899.179,47.23,16.955,50.357,29.436,985.709,8.679,87.696,STARTER_MOTOR,P0615,synthetic_distribution_fit
9.714,28.288,69.941,90.889,14.376,92.178,86.832,1047.134,48.559,50.695,10.399,28.048,1050.359,7.94,75.449,STARTER_MOTOR,P0617,synthetic_distribution_fit
10.145,28.998,20.794,96.495,14.39,100.439,88.137,429.621,46.195,46.509,50.485,44.481,935.043,8.167,99.779,STARTER_MOTOR,P0512,synthetic_distribution_fit
9.607,24.884,93.545,95.662,14.481,93.796,84.867,1775.31,39.643,49.918,31.426,32.137,847.677,7.046,124.524,STARTER_MOTOR,P0512,synthetic_distribution_fit
9.738,28.795,91.199,94.845,14.321,96.05,93.329,2252.877,30.402,40.582,51.099,25.305,1091.737,8.358,84.313,STARTER_MOTOR,P0617,synthetic_distribution_fit
10.314,25.359,77.106,95.028,13.957,93.501,92.019,1953.436,58.697,16.064,16.768,41.042,1022.512,8.218,95.454,STARTER_MOTOR,P0617,synthetic_distribution_fit
9.321,23.776,77.363,95.037,14.02,93.721,89.434,2246.993,46.059,40.176,59.043,26.295,916.248,6.711,56.071,STARTER_MOTOR,P0817,synthetic_distribution_fit
10.002,26.88,85.188,94.416,14.687,92.332,86.121,1023.549,40.108,30.147,42.428,46.484,1084.354,8.969,156.998,STARTER_MOTOR,P0617,synthetic_distribution_fit
8.902,29.093,38.629,92.12,14.366,93.963,89.562,915.046,46.041,76.45,41.368,23.016,828.564,7.554,95.169,STARTER_MOTOR,P0617,synthetic_distribution_fit
9.914,23.493,31.522,94.186,14.075,95.962,88.201,1075.746,47.445,108.147,51.857,33.905,975.988,6.539,41.622,STARTER_MOTOR,P0616,synthetic_distribution_fit
10.624,30.526,81.241,93.685,13.941,93.667,94.339,2008.268,41.298,11.8,60.938,31.581,781.834,7.43,36.135,STARTER_MOTOR,P0817,synthetic_distribution_fit
9.67,26.538,64.13,94.814,14.275,96.905,89.161,4435.898,41.3,31.809,26.316,29.994,785.248,8.743,13.942,STARTER_MOTOR,P0512,synthetic_distribution_fit
9.046,24.759,85.284,97.498,14.038,93.842,88.278,1174.079,40.011,72.246,34.059,57.713,981.23,7.338,68.336,STARTER_MOTOR,P0615,synthetic_distribution_fit
9.327,28.328,42.445,91.09,14.138,95.946,92.992,3048.938,50.669,51.015,52.513,19.475,773.765,8.896,45.746,STARTER_MOTOR,P0615,synthetic_distribution_fit
9.799,26.661,91.648,94.91,14.299,93.105,90.281,1402.07,44.451,114.244,43.702,37.443,878.311,9.525,108.177,STARTER_MOTOR,P0615,synthetic_distribution_fit
10.131,26.561,93.489,95.683,14.317,93.932,92.177,1145.541,39.986,51.707,16.029,41.695,854.685,7.918,73.759,STARTER_MOTOR,P0617,synthetic_distribution_fit
9.562,25.708,72.601,92.661,14.1,96.953,84.953,1727.398,42.118,62.758,20.159,26.739,933.661,9.579,93.043,STARTER_MOTOR,P0616,synthetic_distribution_fit
9.132,24.439,90.66,91.336,14.243,94.198,89.093,4144.662,42.599,63.484,30.057,38.316,1022.969,7.792,79.366,STARTER_MOTOR,P0512,synthetic_distribution_fit
9.152,29.043,63.16,89.204,14.621,92.195,89.428,3265.852,44.919,49.131,23.412,13.951,927.785,8.817,92.1,STARTER_MOTOR,P0817,synthetic_distribution_fit
12.365,31.796,41.12,95.029,14.199,118.148,91.026,995.158,7.511,47.24,24.045,28.787,824.59,6.782,70.394,TRANSMISSION_ISSUE,P0760,synthetic_distribution_fit
12.457,34.144,74.342,94.683,14.104,112.138,93.562,1702.113,9.309,44.11,13.987,27.83,912.467,8.078,-29.548,TRANSMISSION_ISSUE,P0772,synthetic_distribution_fit
12.449,31.501,46.549,95.408,14.113,110.271,94.918,1932.595,8.918,63.699,14.581,41.737,974.525,7.192,6.716,TRANSMISSION_ISSUE,P0773,synthetic_distribution_fit
12.435,27.507,67.532,93.723,14.235,112.971,89.724,1751.54,6.504,44.799,8.778,36.035,895.8,8.173,128.618,TRANSMISSION_ISSUE,P0768,synthetic_distribution_fit
12.323,23.091,74.711,93.593,14.099,109.488,90.133,2070.485,7.985,84.67,24.984,26.58,887.817,7.798,91.742,TRANSMISSION_ISSUE,P0714,synthetic_distribution_fit
12.401,32.255,69.344,93.517,14.073,108.753,90.5,1765.637,10.459,23.356,7.75,26.26,973.983,7.294,43.872,TRANSMISSION_ISSUE,P0762,synthetic_distribution_fit
12.214,33.167,60.654,93.034,14.158,115.287,88.886,1043.651,10.444,56.614,27.756,31.248,913.631,7.377,92.168,TRANSMISSION_ISSUE,P0764,synthetic_distribution_fit
12.62,28.228,77.746,93.564,14.11,110.906,92.767,1707.19,7.05,74.311,19.39,24.848,864.719,7.728,57.167,TRANSMISSION_ISSUE,P0772,synthetic_distribution_fit
12.219,34.244,56.937,97.057,14.047,110.867,89.53,979.434,6.529,95.981,19.445,23.412,783.242,6.742,39.786,TRANSMISSION_ISSUE,P0707,synthetic_distribution_fit
12.407,25.011,61.467,96.046,14.34,105.076,89.316,1037.615,7.953,26.521,43.741,28.896,907.246,8.275,59.713,TRANSMISSION_ISSUE,P0707,synthetic_distribution_fit
12.509,29.514,46.561,93.112,14.395,113.617,91.59,978.977,9.676,23.317,-7.56,24.941,1058.31,8.416,43.049,TRANSMISSION_ISSUE,P0845,synthetic_distribution_fit
12.176,31.967,64.424,95.619,14.271,110.811,92.186,1111.354,8.834,43.072,24.435,31.095,921.203,7.906,0.196,TRANSMISSION_ISSUE,P0730,synthetic_distribution_fit
12.27,30.937,45.712,93.476,14.147,115.904,91.311,1941.935,8.304,42.411,19.293,33.399,1002.971,7.477,-2.757,TRANSMISSION_ISSUE,P0751,synthetic_distribution_fit
12.39,24.817,83.46,95.274,14.122,107.728,93.184,913.079,5.333,37.062,18.983,32.686,1002.918,8.021,60.357,TRANSMISSION_ISSUE,P0847,synthetic_distribution_fit
12.61,29.75,41.311,93.003,14.105,109.342,88.982,1226.348,9.021,94.696,-10.059,20.155,858.654,7.892,52.48,TRANSMISSION_ISSUE,P0756,synthetic_distribution_fit
12.561,34.567,62.317,92.743,14.209,110.69,90.501,1201.724,9.707,60.658,33.533,37.383,949.572,7.304,100.162,TRANSMISSION_ISSUE,P0710,synthetic_distribution_fit
12.52,39.442,66.151,95.455,14.211,111.143,90.463,1588.983,8.798,81.668,22.058,25.571,892.435,6.927,123.936,TRANSMISSION_ISSUE,P0701,synthetic_distribution_fit
12.601,32.555,66.076,93.995,14.107,108.205,94.664,1502.432,10.158,87.023,10.695,31.39,919.473,7.003,53.225,TRANSMISSION_ISSUE,P0764,synthetic_distribution_fit
12.539,30.259,58.749,93.895,14.387,105.28,92.071,1326.096,6.183,48.399,27.718,33.367,929.725,8.043,108.911,TRANSMISSION_ISSUE,P0764,synthetic_distribution_fit
12.355,33.2,68.355,92.744,14.031,104.642,91.158,1590.805,4.965,79.151,19.585,37.47,943.141,7.045,77.875,TRANSMISSION_ISSUE,P0746,synthetic_distribution_fit
12.553,30.116,45.726,94.385,14.086,115.266,90.149,2275.677,2.844,57.985,39.749,22.765,904.625,7.352,34.145,TRANSMISSION_ISSUE,P0700,synthetic_distribution_fit
12.233,31.408,68.55,93.82,14.086,114.96,92.554,947.861,4.712,32.743,25.79,30.419,973.646,7.387,24.918,TRANSMISSION_ISSUE,P0841,synthetic_distribution_fit
12.593,30.098,64.71,91.429,14.128,114.889,89.496,1838.752,2.379,41.86,14.476,40.05,831.198,7.848,100.798,TRANSMISSION_ISSUE,P0754,synthetic_distribution_fit
12.383,32.156,45.267,93.39,14.307,113.244,90.679,1502.005,8.933,72.796,8.397,38.686,1011.911,7.851,28.05,TRANSMISSION_ISSUE,P0742,synthetic_distribution_fit
12.277,30.77,63.244,91.037,14.231,115.829,92.229,1123.157,5.837,61.819,14.761,31.519,959.951,8.043,16.977,TRANSMISSION_ISSUE,P0749,synthetic_distribution_fit
12.384,31.444,72.612,95.948,14.318,112.916,90.777,1326.317,3.721,85.974,12.099,31.931,965.569,6.963,24.972,TRANSMISSION_ISSUE,P0777,synthetic_distribution_fit
12.696,32.596,55.768,93.979,14.288,114.636,87.911,2232.317,9.8,51.312,-1.634,35.53,950.841,6.864,51.441,TRANSMISSION_ISSUE,P0767,synthetic_distribution_fit
12.446,29.54,50.78,97.379,14.265,116.235,91.535,2049.758,5.716,58.631,21.713,37.686,939.383,7.249,62.78,TRANSMISSION_ISSUE,P0773,synthetic_distribution_fit
12.17,24.867,72.226,93.534,14.158,114.286,93.963,1704.321,11.965,66.531,21.953,30.188,822.732,7.98,-33.311,TRANSMISSION_ISSUE,P0769,synthetic_distribution_fit
12.447,29.399,57.27,97.5,14.29,109.16,90.017,834.649,9.212,49.053,-13.866,29.272,948.118,7.984,57.518,TRANSMISSION_ISSUE,P0770,synthetic_distribution_fit
12.383,37.615,62.613,95.494,14.131,113.81,87.933,1225.888,4.906,40.802,36.924,24.59,968.424,8.24,59.271,TRANSMISSION_ISSUE,P0847,synthetic_distribution_fit
12.53,32.081,71.282,97.501,14.122,108.236,88.858,1925.131,10.167,42.38,-16.543,24.18,956.034,7.507,67.233,TRANSMISSION_ISSUE,P0841,synthetic_distribution_fit
12.358,34.738,66.536,95.256,14.199,113.25,91.979,1002.165,8.465,73.239,35.419,31.342,846.017,7.163,43.665,TRANSMISSION_ISSUE,P0733,synthetic_distribution_fit
12.424,28.411,49.367,90.446,13.881,111.033,95.915,2310.329,5.423,58.336,-5.942,19.995,829.132,7.434,53.341,TRANSMISSION_ISSUE,P0713,synthetic_distribution_fit
12.485,33.699,58.609,94.27,14.077,106.934,87.841,1759.415,6.865,11.391,16.185,20.411,1036.925,7.271,86.422,TRANSMISSION_ISSUE,P0763,synthetic_distribution_fit
