Q1_intent,Q2_engine_start,Q2b_running_issue,Q3_sound,Q3b_electrical,Q4_noise_detail,Q7_overheat_detail,Q8_smoke_color,Q_brake_detail,Q_gear_detail,Q6_smells,Q5_lights,Q9_recent,recent_rain,parked_overnight,last_fueled,vehicle_make,fuel_type,service_type,source
WONT_START,CRANKS_NO_START,NOT_ASKED,NORMAL_CRANKING,NOT_ASKED,NOT_ASKED,NOT_ASKED,NOT_ASKED,NOT_ASKED,NOT_ASKED,FUEL_SMELL,"[""CHECK_ENGINE"", ""NONE""]","[""HARD_START""]",MONSOON,OUTDOOR,WITHIN_WEEK,Suzuki,PETROL,FUEL_PUMP,real
WONT_START,NO_CRANK,NOT_ASKED,NOT_ASKED,DIM_LIGHTS,NOT_ASKED,NOT_ASKED,NOT_ASKED,NOT_ASKED,NOT_ASKED,NO_SMELL,"[""BATTERY""]","[""HARD_START"", ""NO_SIGNS""]",NONE,OUTDOOR,OVER_WEEK,Nissan,PETROL,BATTERY_JUMP,real
ENGINE_PROBLEM,STARTS_NORMAL,NO_POWER,NOT_ASKED,NOT_ASKED,NOT_ASKED,NOT_ASKED,NOT_ASKED,NOT_ASKED,NOT_ASKED,NO_SMELL,"[""BATTERY""]","[""LIGHTS_FLICKER""]",NONE,INDOOR,WITHIN_WEEK,Honda,PETROL,ALTERNATOR_ISSUE,real
WONT_START,CRANKS_NO_START,NOT_ASKED,NORMAL_CRANKING,NOT_ASKED,NOT_ASKED,NOT_ASKED,NOT_ASKED,NOT_ASKED,NOT_ASKED,FUEL_SMELL,"[""CHECK_ENGINE""]","[""HARD_START""]",NONE,INDOOR,WITHIN_WEEK,Hyundai,PETROL,IGNITION_SYSTEM,real
WONT_START,STARTS_BUT_ISSUE,STALLING,NOT_ASKED,NOT_ASKED,NOT_ASKED,NOT_ASKED,NOT_ASKED,NOT_ASKED,NOT_ASKED,NO_SMELL,"[""CHECK_ENGINE""]","[""HARD_START""]",NONE,OUTDOOR,WITHIN_WEEK,Toyota,PETROL,IGNITION_SYSTEM,real
BRAKE_ISSUE,NOT_ASKED,NOT_ASKED,NOT_ASKED,NOT_ASKED,NOT_ASKED,NOT_ASKED,NOT_ASKED,SOFT_PEDAL,NOT_ASKED,BURNING_OIL,"[""CHECK_ENGINE"", ""NONE""]","[""LOSS_OF_POWER"", ""UNUSUAL_NOISE""]",NONE,OUTDOOR,WITHIN_WEEK,Toyota,PETROL,BRAKE_FAILURE,real
WONT_START,STARTS_BUT_ISSUE,NOT_ASKED,NOT_ASKED,NOT_ASKED,NOT_ASKED,NOT_ASKED,NOT_ASKED,NOT_ASKED,NOT_ASKED,NO_SMELL,"[""NONE""]","[""HARD_START""]",NONE,INDOOR,TODAY_NEW_STATION,Mitsubishi,DIESEL,STARTER_MOTOR,real
WEIRD_BEHAVIOR,NO_CRANK,NOT_ASKED,NOT_ASKED,ALL_DEAD_NO_LIGHTS,NOT_ASKED,NOT_ASKED,NOT_ASKED,NOT_ASKED,NOT_ASKED,NO_SMELL,"[""CHECK_ENGINE""]","[""LIGHTS_FLICKER"", ""NO_SIGNS""]",WITHIN_3_DAYS,OUTDOOR,WITHIN_WEEK,Honda,PETROL,ELECTRICAL_FAULT_RAIN,real
WONT_START,CRANKS_NO_START,NOT_ASKED,NORMAL_CRANKING,NOT_ASKED,NOT_ASKED,NOT_ASKED,NOT_ASKED,NOT_ASKED,NOT_ASKED,FUEL_SMELL,"[""CHECK_ENGINE""]","[""UNUSUAL_NOISE""]",NONE,INDOOR,TODAY_USUAL,Nissan,PETROL,IGNITION_SYSTEM,real
ENGINE_PROBLEM,NO_CRANK,NOT_ASKED,NOT_ASKED,SOME_LIGHTS_ON,NOT_ASKED,NOT_ASKED,NOT_ASKED,NOT_ASKED,NOT_ASKED,BURNING_ELECTRICAL,"[""CHECK_ENGINE"", ""OIL""]","[""LOSS_OF_POWER"", ""UNUSUAL_NOISE""]",NONE,OUTDOOR,TODAY_USUAL,Toyota,DIESEL,SEVERE_MECHANICAL_TOW,real
WONT_START,NO_CRANK,NOT_ASKED,NOT_ASKED,ALL_DEAD_NO_LIGHTS,NOT_ASKED,NOT_ASKED,NOT_ASKED,NOT_ASKED,NOT_ASKED,NO_SMELL,"[""NONE""]","[""HARD_START"", ""NO_SIGNS""]",NONE,OUTDOOR,TODAY_NEW_STATION,Suzuki,PETROL,BATTERY_JUMP,real
ENGINE_PROBLEM,STARTS_NORMAL,NOISE,NOT_ASKED,NOT_ASKED,SQUEAL,NOT_ASKED,NOT_ASKED,NOT_ASKED,NOT_ASKED,BURNING_OIL,"[""TEMPERATURE""]","[""NO_SIGNS""]",YESTERDAY,INDOOR,TODAY_NEW_STATION,Mitsubishi,DIESEL,BELT_BROKEN,real
ENGINE_PROBLEM,NO_CRANK,NOT_ASKED,NOT_ASKED,ALL_DEAD_NO_LIGHTS,NOT_ASKED,NOT_ASKED,NOT_ASKED,NOT_ASKED,NOT_ASKED,BURNING_ELECTRICAL,"[""BATTERY"", ""CHECK_ENGINE""]","[""LIGHTS_FLICKER"", ""LOSS_OF_POWER""]",MONSOON,OUTDOOR,TODAY_USUAL,Suzuki,PETROL,ELECTRICAL_FAULT_RAIN,real
WEIRD_BEHAVIOR,NO_CRANK,NOT_ASKED,NOT_ASKED,SOME_LIGHTS_ON,NOT_ASKED,NOT_ASKED,NOT_ASKED,NOT_ASKED,NOT_ASKED,BURNING_OIL,"[""CHECK_ENGINE""]","[""LOSS_OF_POWER"", ""UNUSUAL_NOISE""]",NONE,OUTDOOR,TODAY_USUAL,Mitsubishi,DIESEL,SEVERE_MECHANICAL_TOW,real
WONT_START,NO_CRANK,NOT_ASKED,NOT_ASKED,SOME_LIGHTS_ON,NOT_ASKED,NOT_ASKED,NOT_ASKED,NOT_ASKED,NOT_ASKED,NO_SMELL,"[""BATTERY"", ""CHECK_ENGINE"", ""TEMPERATURE""]","[""LOSS_OF_POWER"", ""OVERHEATING_BEFORE""]",MONSOON,INDOOR,WITHIN_WEEK,Toyota,DIESEL,SEVERE_MECHANICAL_TOW,real
ENGINE_PROBLEM,STARTS_NORMAL,OVERHEATING,NOT_ASKED,NOT_ASKED,NOT_ASKED,ALWAYS,NOT_ASKED,NOT_ASKED,NOT_ASKED,NO_SMELL,"[""TEMPERATURE""]","[""OVERHEATING_BEFORE""]",NONE,OUTDOOR,WITHIN_WEEK,Nissan,DIESEL,RADIATOR_HOSE_LEAK,real
ENGINE_PROBLEM,CRANKS_NO_START,NOT_ASKED,NORMAL_CRANKING,NOT_ASKED,NOT_ASKED,NOT_ASKED,NOT_ASKED,NOT_ASKED,NOT_ASKED,NO_SMELL,"[""CHECK_ENGINE""]","[""HARD_START""]",NONE,INDOOR,WITHIN_WEEK,Mahindra,DIESEL,FUEL_PUMP,real
WONT_START,NO_CRANK,NOT_ASKED,NOT_ASKED,ALL_DEAD_NO_LIGHTS,NOT_ASKED,NOT_ASKED,NOT_ASKED,NOT_ASKED,NOT_ASKED,NO_SMELL,"[""BATTERY""]","[""HARD_START"", ""NO_SIGNS""]",WITHIN_3_DAYS,OUTDOOR,WITHIN_WEEK,Suzuki,PETROL,BATTERY_JUMP,real
GEAR_ISSUE,NOT_ASKED,NOT_ASKED,NOT_ASKED,NOT_ASKED,NOT_ASKED,NOT_ASKED,NOT_ASKED,NOT_ASKED,WONT_ENGAGE,BURNING_OIL,"[""NONE""]","[""LOSS_OF_POWER""]",YESTERDAY,INDOOR,TODAY_NEW_STATION,Suzuki,PETROL,CLUTCH_WORN,real
ENGINE_PROBLEM,NO_CRANK,NOT_ASKED,NOT_ASKED,DIM_LIGHTS,NOT_ASKED,NOT_ASKED,NOT_ASKED,NOT_ASKED,NOT_ASKED,BURNING_ELECTRICAL,"[""CHECK_ENGINE"", ""OIL""]","[""LOSS_OF_POWER"", ""OVERHEATING_BEFORE"", ""UNUSUAL_NOISE""]",YESTERDAY,OUTDOOR,TODAY_USUAL,Nissan,DIESEL,SEVERE_MECHANICAL_TOW,real
WEIRD_BEHAVIOR,STARTS_NORMAL,OVERHEATING,NOT_ASKED,NOT_ASKED,NOT_ASKED,WITH_AC,NOT_ASKED,NOT_ASKED,NOT_ASKED,BURNING_OIL,"[""CHECK_ENGINE""]","[""OVERHEATING_BEFORE""]",NONE,OUTDOOR,TODAY_NEW_STATION,Nissan,DIESEL,COOLANT_LOW,real
WONT_START,NO_CRANK,NOT_ASKED,NOT_ASKED,DIM_LIGHTS,NOT_ASKED,NOT_ASKED,NOT_ASKED,NOT_ASKED,NOT_ASKED,NO_SMELL,"[""BATTERY""]","[""LIGHTS_FLICKER""]",NONE,OUTDOOR,OVER_WEEK,Suzuki,PETROL,BATTERY_TERMINAL_CLEAN,real
ENGINE_PROBLEM,STARTS_BUT_ISSUE,NO_POWER,NOT_ASKED,NOT_ASKED,NOT_ASKED,NOT_ASKED,NOT_ASKED,NOT_ASKED,NOT_ASKED,NO_SMELL,"[""CHECK_ENGINE""]","[""NO_SIGNS""]",WITHIN_3_DAYS,INDOOR,WITHIN_WEEK,Toyota,HYBRID,FUEL_FILTER_CLOGGED,real
GEAR_ISSUE,NOT_ASKED,NOT_ASKED,NOT_ASKED,NOT_ASKED,NOT_ASKED,NOT_ASKED,NOT_ASKED,NOT_ASKED,SLIPPING,NO_SMELL,"[""SERVICE"", ""NONE""]","[""LOSS_OF_POWER"", ""UNUSUAL_NOISE""]",WITHIN_3_DAYS,INDOOR,TODAY_USUAL,Mazda,PETROL,TRANSMISSION_ISSUE,real
ENGINE_PROBLEM,STARTS_NORMAL,NO_POWER,NOT_ASKED,NOT_ASKED,NOT_ASKED,NOT_ASKED,NOT_ASKED,NOT_ASKED,NOT_ASKED,NO_SMELL,"[""CHECK_ENGINE""]","[""LOSS_OF_POWER""]",WITHIN_3_DAYS,INDOOR,TODAY_NEW_STATION,Suzuki,PETROL,FUEL_FILTER_CLOGGED,real
BRAKE_ISSUE,NOT_ASKED,NOT_ASKED,NOT_ASKED,NOT_ASKED,NOT_ASKED,NOT_ASKED,NOT_ASKED,GRINDING,NOT_ASKED,NO_SMELL,"[""NONE""]","[""UNUSUAL_NOISE""]",MONSOON,OUTDOOR,OVER_WEEK,Suzuki,PETROL,BRAKE_PAD_WORN,real
ENGINE_PROBLEM,STARTS_NORMAL,NO_POWER,NOT_ASKED,NOT_ASKED,NOT_ASKED,NOT_ASKED,NOT_ASKED,NOT_ASKED,NOT_ASKED,NO_SMELL,"[""BATTERY""]","[""LIGHTS_FLICKER""]",YESTERDAY,OUTDOOR,OVER_WEEK,Honda,HYBRID,ALTERNATOR_ISSUE,real
WONT_START,NO_CRANK,NOT_ASKED,NOT_ASKED,ALL_DEAD_NO_LIGHTS,NOT_ASKED,NOT_ASKED,NOT_ASKED,NOT_ASKED,NOT_ASKED,NO_SMELL,"[""BATTERY""]","[""HARD_START""]",NONE,OUTDOOR,WITHIN_WEEK,Hyundai,PETROL,BATTERY_JUMP,real
WONT_START,STARTS_BUT_ISSUE,STALLING,NOT_ASKED,NOT_ASKED,NOT_ASKED,NOT_ASKED,NOT_ASKED,NOT_ASKED,NOT_ASKED,NO_SMELL,"[""CHECK_ENGINE""]","[""NO_SIGNS""]",NONE,OUTDOOR,TODAY_NEW_STATION,Mazda,PETROL,FUEL_FILTER_CLOGGED,real
WONT_START,STARTS_BUT_ISSUE,NOISE,NOT_ASKED,NOT_ASKED,NOT_ASKED,NOT_ASKED,NOT_ASKED,NOT_ASKED,NOT_ASKED,BURNING_ELECTRICAL,"[""BATTERY"", ""CHECK_ENGINE"", ""BRAKE""]","[""LOSS_OF_POWER"", ""NO_SIGNS""]",MONSOON,OUTDOOR,WITHIN_WEEK,Mitsubishi,DIESEL,ELECTRICAL_FAULT_RAIN,real
ENGINE_PROBLEM,STARTS_BUT_ISSUE,OVERHEATING,NOT_ASKED,NOT_ASKED,NOT_ASKED,TRAFFIC_ONLY,NOT_ASKED,NOT_ASKED,NOT_ASKED,SWEET,"[""TEMPERATURE""]","[""LOSS_OF_POWER""]",WITHIN_3_DAYS,INDOOR,WITHIN_WEEK,Toyota,PETROL,COOLANT_LOW,real
WONT_START,NO_CRANK,NOT_ASKED,NOT_ASKED,DIM_LIGHTS,NOT_ASKED,NOT_ASKED,NOT_ASKED,NOT_ASKED,NOT_ASKED,NO_SMELL,"[""NONE""]","[""HARD_START""]",NONE,OUTDOOR,WITHIN_WEEK,Suzuki,PETROL,BATTERY_JUMP,real
ENGINE_PROBLEM,CRANKS_NO_START,NOT_ASKED,NORMAL_CRANKING,NOT_ASKED,NOT_ASKED,NOT_ASKED,NOT_ASKED,NOT_ASKED,NOT_ASKED,FUEL_SMELL,"[""CHECK_ENGINE""]","[""LOSS_OF_POWER""]",NONE,OUTDOOR,TODAY_USUAL,Kia,PETROL,IGNITION_SYSTEM,real
GEAR_ISSUE,NOT_ASKED,NOT_ASKED,NOT_ASKED,NOT_ASKED,NOT_ASKED,NOT_ASKED,NOT_ASKED,NOT_ASKED,GRINDING,NO_SMELL,"[""CHECK_ENGINE""]","[""LOSS_OF_POWER"", ""NO_SIGNS""]",NONE,OUTDOOR,OVER_WEEK,Suzuki,PETROL,TRANSMISSION_ISSUE,real
WONT_START,CRANKS_NO_START,NOT_ASKED,WHIRRING,NOT_ASKED,NOT_ASKED,NOT_ASKED,NOT_ASKED,NOT_ASKED,NOT_ASKED,NO_SMELL,"[""CHECK_ENGINE""]","[""HARD_START""]",NONE,INDOOR,WITHIN_WEEK,Suzuki,PETROL,STARTER_MOTOR,real
WONT_START,STARTS_BUT_ISSUE,NOT_ASKED,NOT_ASKED,NOT_ASKED,NOT_ASKED,NOT_ASKED,NOT_ASKED,NOT_ASKED,NOT_ASKED,NO_SMELL,"[""NONE""]","[""LIGHTS_FLICKER""]",YESTERDAY,OUTDOOR,WITHIN_WEEK,Nissan,DIESEL,BATTERY_JUMP,real
WONT_START,NO_CRANK,NOT_ASKED,NOT_ASKED,ALL_DEAD_NO_LIGHTS,NOT_ASKED,NOT_ASKED,NOT_ASKED,NOT_ASKED,NOT_ASKED,NO_SMELL,"[""NONE""]","[""NO_SIGNS""]",NONE,OUTDOOR,TODAY_USUAL,Toyota,HYBRID,BATTERY_JUMP,real
ENGINE_PROBLEM,NOT_ASKED,NOT_ASKED,NOT_ASKED,NOT_ASKED,NOT_ASKED,NOT_ASKED,NOT_ASKED,NOT_ASKED,NOT_ASKED,NO_SMELL,"[""BRAKE""]","[""UNUSUAL_NOISE"", ""NO_SIGNS""]",MONSOON,OUTDOOR,OVER_WEEK,Honda,HYBRID,BRAKE_PAD_WORN,real
ENGINE_PROBLEM,NO_CRANK,NOT_ASKED,NOT_ASKED,ALL_DEAD_NO_LIGHTS,NOT_ASKED,NOT_ASKED,NOT_ASKED,NOT_ASKED,NOT_ASKED,NO_SMELL,"[""BATTERY"", ""NONE""]","[""NO_SIGNS""]",WITHIN_3_DAYS,OUTDOOR,TODAY_NEW_STATION,Suzuki,PETROL,BATTERY_JUMP,real
WONT_START,NO_CRANK,NOT_ASKED,NOT_ASKED,ALL_DEAD_NO_LIGHTS,NOT_ASKED,NOT_ASKED,NOT_ASKED,NOT_ASKED,NOT_ASKED,NO_SMELL,"[""NONE""]","[""HARD_START"", ""NO_SIGNS""]",NONE,OUTDOOR,WITHIN_WEEK,Toyota,HYBRID,BATTERY_JUMP,real
WONT_START,NO_CRANK,NOT_ASKED,NOT_ASKED,SOME_LIGHTS_ON,NOT_ASKED,NOT_ASKED,NOT_ASKED,NOT_ASKED,NOT_ASKED,NO_SMELL,"[""CHECK_ENGINE"", ""NONE""]","[""HARD_START"", ""NO_SIGNS""]",NONE,OUTDOOR,TODAY_USUAL,Toyota,HYBRID,STARTER_MOTOR,real
ENGINE_PROBLEM,NO_CRANK,NOT_ASKED,NOT_ASKED,ALL_DEAD_NO_LIGHTS,NOT_ASKED,NOT_ASKED,NOT_ASKED,NOT_ASKED,NOT_ASKED,BURNING_ELECTRICAL,"[""ABS""]","[""LIGHTS_FLICKER"", ""LOSS_OF_POWER""]",MONSOON,OUTDOOR,WITHIN_WEEK,Honda,HYBRID,ELECTRICAL_FAULT_RAIN,real
WONT_START,STARTS_BUT_ISSUE,NOT_ASKED,NOT_ASKED,NOT_ASKED,NOT_ASKED,NOT_ASKED,NOT_ASKED,NOT_ASKED,NOT_ASKED,NO_SMELL,"[""NONE""]","[""HARD_START"", ""UNUSUAL_NOISE""]",NONE,INDOOR,WITHIN_WEEK,Mitsubishi,DIESEL,STARTER_MOTOR,real
WONT_START,NO_CRANK,NOT_ASKED,NOT_ASKED,DIM_LIGHTS,NOT_ASKED,NOT_ASKED,NOT_ASKED,NOT_ASKED,NOT_ASKED,NO_SMELL,"[""NONE""]","[""HARD_START""]",YESTERDAY,INDOOR,OVER_WEEK,Nissan,PETROL,BATTERY_REPLACE,real
WONT_START,NO_CRANK,NOT_ASKED,NOT_ASKED,DIM_LIGHTS,NOT_ASKED,NOT_ASKED,NOT_ASKED,NOT_ASKED,NOT_ASKED,NO_SMELL,"[""BATTERY"", ""NONE""]","[""NO_SIGNS""]",NONE,OUTDOOR,TODAY_USUAL,Mazda,PETROL,BATTERY_JUMP,real
ENGINE_PROBLEM,NO_CRANK,NOT_ASKED,NOT_ASKED,SOME_LIGHTS_ON,NOT_ASKED,NOT_ASKED,NOT_ASKED,NOT_ASKED,NOT_ASKED,NO_SMELL,"[""BATTERY"", ""CHECK_ENGINE""]","[""UNUSUAL_NOISE""]",YESTERDAY,OUTDOOR,WITHIN_WEEK,Hyundai,PETROL,STARTER_MOTOR,real
WONT_START,NO_CRANK,NOT_ASKED,NOT_ASKED,SOME_LIGHTS_ON,NOT_ASKED,NOT_ASKED,NOT_ASKED,NOT_ASKED,NOT_ASKED,NO_SMELL,"[""BATTERY""]","[""HARD_START"", ""NO_SIGNS""]",YESTERDAY,OUTDOOR,WITHIN_WEEK,Mazda,DIESEL,BATTERY_JUMP,real
WONT_START,NO_CRANK,NOT_ASKED,NOT_ASKED,DIM_LIGHTS,NOT_ASKED,NOT_ASKED,NOT_ASKED,NOT_ASKED,NOT_ASKED,NO_SMELL,"[""CHECK_ENGINE"", ""TEMPERATURE""]","[""OVERHEATING_BEFORE""]",NONE,OUTDOOR,WITHIN_WEEK,Mitsubishi,DIESEL,SEVERE_MECHANICAL_TOW,real
ENGINE_PROBLEM,STARTS_BUT_ISSUE,OVERHEATING,NOT_ASKED,NOT_ASKED,NOT_ASKED,WITH_AC,NOT_ASKED,NOT_ASKED,NOT_ASKED,NO_SMELL,"[""TEMPERATURE"", ""NONE""]","[""OVERHEATING_BEFORE"", ""NO_SIGNS""]",NONE,INDOOR,OVER_WEEK,Kia,PETROL,RADIATOR_FAN_ISSUE,real
ENGINE_PROBLEM,STARTS_BUT_ISSUE,NOISE,NOT_ASKED,NOT_ASKED,SQUEAL,NOT_ASKED,NOT_ASKED,NOT_ASKED,NOT_ASKED,BURNING_OIL,"[""BATTERY"", ""TEMPERATURE""]","[""UNUSUAL_NOISE""]",NONE,INDOOR,OVER_WEEK,Nissan,PETROL,BELT_BROKEN,real
GEAR_ISSUE,NOT_ASKED,NOT_ASKED,NOT_ASKED,NOT_ASKED,NOT_ASKED,NOT_ASKED,NOT_ASKED,NOT_ASKED,WONT_ENGAGE,NO_SMELL,"[""CHECK_ENGINE"", ""SERVICE"", ""NONE""]","[""NO_SIGNS""]",YESTERDAY,INDOOR,WITHIN_WEEK,Toyota,PETROL,TRANSMISSION_ISSUE,real
WONT_START,NO_CRANK,NOT_ASKED,NOT_ASKED,DIM_LIGHTS,NOT_ASKED,NOT_ASKED,NOT_ASKED,NOT_ASKED,NOT_ASKED,NO_SMELL,"[""BATTERY""]","[""LIGHTS_FLICKER""]",NONE,INDOOR,WITHIN_WEEK,Toyota,DIESEL,BATTERY_JUMP,real
BRAKE_ISSUE,NOT_ASKED,NOT_ASKED,NOT_ASKED,NOT_ASKED,NOT_ASKED,NOT_ASKED,NOT_ASKED,SOFT_PEDAL,NOT_ASKED,BURNING_ELECTRICAL,"[""BRAKE"", ""NONE""]","[""UNUSUAL_NOISE"", ""NO_SIGNS""]",NONE,OUTDOOR,WITHIN_WEEK,Mazda,DIESEL,BRAKE_FAILURE,real
WONT_START,NO_CRANK,NOT_ASKED,NOT_ASKED,SOME_LIGHTS_ON,NOT_ASKED,NOT_ASKED,NOT_ASKED,NOT_ASKED,NOT_ASKED,NO_SMELL,"[""BATTERY""]","[""NO_SIGNS""]",MONSOON,OUTDOOR,TODAY_USUAL,Toyota,HYBRID,BATTERY_JUMP,real
ENGINE_PROBLEM,STARTS_NORMAL,OVERHEATING,NOT_ASKED,NOT_ASKED,NOT_ASKED,TRAFFIC_ONLY,NOT_ASKED,NOT_ASKED,NOT_ASKED,NO_SMELL,"[""TEMPERATURE""]","[""OVERHEATING_BEFORE""]",YESTERDAY,INDOOR,WITHIN_WEEK,Nissan,PETROL,COOLANT_LOW,real
ENGINE_PROBLEM,NO_CRANK,NOT_ASKED,NOT_ASKED,NOT_ASKED,NOT_ASKED,NOT_ASKED,NOT_ASKED,NOT_ASKED,NOT_ASKED,FUEL_SMELL,"[""CHECK_ENGINE""]","[""LOSS_OF_POWER"", ""UNUSUAL_NOISE""]",YESTERDAY,OUTDOOR,OVER_WEEK,Toyota,PETROL,IGNITION_SYSTEM,real
WEIRD_BEHAVIOR,STARTS_BUT_ISSUE,STALLING,NOT_ASKED,NOT_ASKED,NOT_ASKED,NOT_ASKED,NOT_ASKED,NOT_ASKED,NOT_ASKED,NO_SMELL,"[""NONE""]","[""LOSS_OF_POWER""]",NONE,OUTDOOR,TODAY_NEW_STATION,Mazda,PETROL,FUEL_PUMP,real
ENGINE_PROBLEM,STARTS_BUT_ISSUE,NOISE,NOT_ASKED,NOT_ASKED,NOT_ASKED,NOT_ASKED,NOT_ASKED,NOT_ASKED,NOT_ASKED,NO_SMELL,"[""NONE""]","[""UNUSUAL_NOISE""]",NONE,INDOOR,WITHIN_WEEK,Toyota,HYBRID,FUEL_FILTER_CLOGGED,real
ENGINE_PROBLEM,STARTS_BUT_ISSUE,OVERHEATING,NOT_ASKED,NOT_ASKED,NOT_ASKED,HILL_CLIMB,NOT_ASKED,NOT_ASKED,NOT_ASKED,SWEET,"[""TEMPERATURE""]","[""NO_SIGNS""]",NONE,OUTDOOR,TODAY_USUAL,Mitsubishi,DIESEL,RADIATOR_HOSE_LEAK,real
ENGINE_PROBLEM,STARTS_BUT_ISSUE,OVERHEATING,NOT_ASKED,NOT_ASKED,NOT_ASKED,ALWAYS,NOT_ASKED,NOT_ASKED,NOT_ASKED,BURNING_ELECTRICAL,"[""OIL"", ""TEMPERATURE""]","[""NO_SIGNS""]",WITHIN_3_DAYS,OUTDOOR,TODAY_NEW_STATION,Honda,HYBRID,ENGINE_OVERHEAT_SEVERE,real
ENGINE_PROBLEM,STARTS_BUT_ISSUE,NOISE,NOT_ASKED,NOT_ASKED,WHINE,NOT_ASKED,NOT_ASKED,NOT_ASKED,NOT_ASKED,NO_SMELL,"[""NONE""]","[""LIGHTS_FLICKER"", ""UNUSUAL_NOISE""]",WITHIN_3_DAYS,OUTDOOR,TODAY_USUAL,Mitsubishi,DIESEL,BELT_BROKEN,real
ENGINE_PROBLEM,CRANKS_NO_START,NOT_ASKED,NORMAL_CRANKING,NOT_ASKED,NOT_ASKED,NOT_ASKED,NOT_ASKED,NOT_ASKED,NOT_ASKED,SWEET,"[""CHECK_ENGINE"", ""TEMPERATURE""]","[""OVERHEATING_BEFORE"", ""SMELL_BEFORE""]",WITHIN_3_DAYS,INDOOR,WITHIN_WEEK,Toyota,DIESEL,ENGINE_OVERHEAT_SEVERE,real
ENGINE_PROBLEM,STARTS_BUT_ISSUE,OVERHEATING,NOT_ASKED,NOT_ASKED,NOT_ASKED,TRAFFIC_ONLY,NOT_ASKED,NOT_ASKED,NOT_ASKED,NO_SMELL,"[""TEMPERATURE"", ""NONE""]","[""OVERHEATING_BEFORE""]",NONE,OUTDOOR,OVER_WEEK,Kia,PETROL,RADIATOR_FAN_ISSUE,real
WONT_START,NO_CRANK,NOT_ASKED,NOT_ASKED,DIM_LIGHTS,NOT_ASKED,NOT_ASKED,NOT_ASKED,NOT_ASKED,NOT_ASKED,NO_SMELL,"[""BATTERY""]","[""HARD_START""]",NONE,INDOOR,OVER_WEEK,Honda,HYBRID,BATTERY_JUMP,real
GEAR_ISSUE,NOT_ASKED,NOT_ASKED,NOT_ASKED,NOT_ASKED,NOT_ASKED,NOT_ASKED,NOT_ASKED,NOT_ASKED,SLIPPING,BURNING_OIL,"[""NONE""]","[""LOSS_OF_POWER"", ""NO_SIGNS""]",NONE,OUTDOOR,WITHIN_WEEK,Kia,PETROL,CLUTCH_WORN,real
GEAR_ISSUE,NOT_ASKED,NOT_ASKED,NOT_ASKED,NOT_ASKED,NOT_ASKED,NOT_ASKED,NOT_ASKED,NOT_ASKED,SLIPPING,BURNING_OIL,"[""CHECK_ENGINE"", ""NONE""]","[""NO_SIGNS""]",WITHIN_3_DAYS,OUTDOOR,TODAY_NEW_STATION,Mitsubishi,DIESEL,CLUTCH_WORN,real
WEIRD_BEHAVIOR,NO_CRANK,NOT_ASKED,NOT_ASKED,ALL_DEAD_NO_LIGHTS,NOT_ASKED,NOT_ASKED,NOT_ASKED,NOT_ASKED,NOT_ASKED,NO_SMELL,"[""BATTERY"", ""CHECK_ENGINE""]","[""HARD_START""]",YESTERDAY,INDOOR,TODAY_USUAL,Toyota,DIESEL,ALTERNATOR_ISSUE,real
GEAR_ISSUE,NOT_ASKED,NOT_ASKED,NOT_ASKED,NOT_ASKED,NOT_ASKED,NOT_ASKED,NOT_ASKED,NOT_ASKED,WONT_ENGAGE,NO_SMELL,"[""CHECK_ENGINE"", ""SERVICE""]","[""LOSS_OF_POWER"", ""UNUSUAL_NOISE""]",YESTERDAY,OUTDOOR,OVER_WEEK,Toyota,PETROL,TRANSMISSION_ISSUE,real
WONT_START,STARTS_BUT_ISSUE,STALLING,NOT_ASKED,NOT_ASKED,NOT_ASKED,NOT_ASKED,NOT_ASKED,NOT_ASKED,NOT_ASKED,NO_SMELL,"[""BATTERY""]","[""LOSS_OF_POWER""]",NONE,OUTDOOR,TODAY_USUAL,Mazda,PETROL,ALTERNATOR_ISSUE,real
WEIRD_BEHAVIOR,STARTS_NORMAL,NOISE,NOT_ASKED,NOT_ASKED,SQUEAL,NOT_ASKED,NOT_ASKED,NOT_ASKED,NOT_ASKED,NO_SMELL,"[""BATTERY""]","[""UNUSUAL_NOISE""]",NONE,OUTDOOR,OVER_WEEK,Mazda,PETROL,BELT_BROKEN,real
WONT_START,NO_CRANK,NOT_ASKED,NOT_ASKED,DIM_LIGHTS,NOT_ASKED,NOT_ASKED,NOT_ASKED,NOT_ASKED,NOT_ASKED,NO_SMELL,"[""NONE""]","[""HARD_START""]",NONE,INDOOR,WITHIN_WEEK,Hyundai,PETROL,STARTER_MOTOR,real
WONT_START,STARTS_BUT_ISSUE,NO_POWER,NOT_ASKED,NOT_ASKED,NOT_ASKED,NOT_ASKED,NOT_ASKED,NOT_ASKED,NOT_ASKED,NO_SMELL,"[""BATTERY""]","[""NO_SIGNS""]",MONSOON,OUTDOOR,TODAY_USUAL,Suzuki,PETROL,ELECTRICAL_FAULT_RAIN,real
WEIRD_BEHAVIOR,STARTS_BUT_ISSUE,NOISE,NOT_ASKED,NOT_ASKED,SQUEAL,NOT_ASKED,NOT_ASKED,NOT_ASKED,NOT_ASKED,BURNING_OIL,"[""BATTERY""]","[""NO_SIGNS""]",NONE,OUTDOOR,TODAY_NEW_STATION,Suzuki,PETROL,BELT_BROKEN,real
ENGINE_PROBLEM,STARTS_BUT_ISSUE,OVERHEATING,NOT_ASKED,NOT_ASKED,NOT_ASKED,TRAFFIC_ONLY,NOT_ASKED,NOT_ASKED,NOT_ASKED,SWEET,"[""TEMPERATURE""]","[""NO_SIGNS""]",NONE,OUTDOOR,WITHIN_WEEK,Honda,HYBRID,RADIATOR_HOSE_LEAK,real
GEAR_ISSUE,NOT_ASKED,NOT_ASKED,NOT_ASKED,NOT_ASKED,NOT_ASKED,NOT_ASKED,NOT_ASKED,NOT_ASKED,SLIPPING,NO_SMELL,"[""CHECK_ENGINE"", ""NONE""]","[""LOSS_OF_POWER"", ""NO_SIGNS""]",NONE,OUTDOOR,TODAY_USUAL,Toyota,PETROL,CLUTCH_WORN,real
WONT_START,CRANKS_NO_START,NOT_ASKED,NORMAL_CRANKING,NOT_ASKED,NOT_ASKED,NOT_ASKED,NOT_ASKED,NOT_ASKED,NOT_ASKED,FUEL_SMELL,"[""NONE""]","[""NO_SIGNS""]",NONE,INDOOR,TODAY_USUAL,Mitsubishi,PETROL,FUEL_PUMP,real
ENGINE_PROBLEM,STARTS_BUT_ISSUE,NOISE,NOT_ASKED,NOT_ASKED,GRIND,NOT_ASKED,NOT_ASKED,NOT_ASKED,NOT_ASKED,BURNING_OIL,"[""CHECK_ENGINE""]","[""UNUSUAL_NOISE""]",YESTERDAY,OUTDOOR,WITHIN_WEEK,Hyundai,PETROL,BELT_BROKEN,real
BRAKE_ISSUE,NOT_ASKED,NOT_ASKED,NOT_ASKED,NOT_ASKED,NOT_ASKED,NOT_ASKED,NOT_ASKED,SQUEALING,NOT_ASKED,BURNING_OIL,"[""NONE""]","[""NO_SIGNS""]",NONE,OUTDOOR,TODAY_USUAL,Suzuki,PETROL,BRAKE_PAD_WORN,real
ENGINE_PROBLEM,STARTS_BUT_ISSUE,NO_POWER,NOT_ASKED,NOT_ASKED,NOT_ASKED,NOT_ASKED,NOT_ASKED,NOT_ASKED,NOT_ASKED,NO_SMELL,"[""NONE""]","[""LOSS_OF_POWER""]",WITHIN_3_DAYS,OUTDOOR,TODAY_NEW_STATION,Toyota,DIESEL,FUEL_FILTER_CLOGGED,real
BRAKE_ISSUE,NOT_ASKED,NOT_ASKED,NOT_ASKED,NOT_ASKED,NOT_ASKED,NOT_ASKED,NOT_ASKED,SQUEALING,NOT_ASKED,NO_SMELL,"[""NONE""]","[""UNUSUAL_NOISE""]",NONE,OUTDOOR,WITHIN_WEEK,Toyota,HYBRID,BRAKE_PAD_WORN,real
WONT_START,NO_CRANK,NOT_ASKED,NOT_ASKED,DIM_LIGHTS,NOT_ASKED,NOT_ASKED,NOT_ASKED,NOT_ASKED,NOT_ASKED,NO_SMELL,"[""BATTERY""]","[""HARD_START"", ""NO_SIGNS""]",YESTERDAY,INDOOR,OVER_WEEK,Honda,PETROL,BATTERY_JUMP,real
ENGINE_PROBLEM,STARTS_BUT_ISSUE,OVERHEATING,NOT_ASKED,NOT_ASKED,NOT_ASKED,ALWAYS,NOT_ASKED,NOT_ASKED,NOT_ASKED,NO_SMELL,"[""TEMPERATURE""]","[""OVERHEATING_BEFORE""]",NONE,OUTDOOR,TODAY_NEW_STATION,Toyota,HYBRID,RADIATOR_FAN_ISSUE,real
BRAKE_ISSUE,NOT_ASKED,NOT_ASKED,NOT_ASKED,NOT_ASKED,NOT_ASKED,NOT_ASKED,NOT_ASKED,SQUEALING,NOT_ASKED,NO_SMELL,"[""NONE""]","[""UNUSUAL_NOISE""]",YESTERDAY,OUTDOOR,TODAY_USUAL,Nissan,DIESEL,BRAKE_PAD_WORN,real
WONT_START,NO_CRANK,NOT_ASKED,NOT_ASKED,ALL_DEAD_NO_LIGHTS,NOT_ASKED,NOT_ASKED,NOT_ASKED,NOT_ASKED,NOT_ASKED,NO_SMELL,"[""NONE""]","[""HARD_START""]",YESTERDAY,INDOOR,WITHIN_WEEK,Toyota,HYBRID,BATTERY_JUMP,real
WONT_START,STARTS_BUT_ISSUE,NO_POWER,NOT_ASKED,NOT_ASKED,NOT_ASKED,NOT_ASKED,NOT_ASKED,NOT_ASKED,NOT_ASKED,NO_SMELL,"[""CHECK_ENGINE"", ""TEMPERATURE""]","[""OVERHEATING_BEFORE"", ""UNUSUAL_NOISE""]",NONE,OUTDOOR,TODAY_USUAL,Mitsubishi,DIESEL,BELT_BROKEN,real
WONT_START,STARTS_BUT_ISSUE,NO_POWER,NOT_ASKED,NOT_ASKED,NOT_ASKED,NOT_ASKED,NOT_ASKED,NOT_ASKED,NOT_ASKED,FUEL_SMELL,"[""CHECK_ENGINE""]","[""LOSS_OF_POWER""]",WITHIN_3_DAYS,OUTDOOR,TODAY_NEW_STATION,Hyundai,PETROL,FUEL_FILTER_CLOGGED,real
WONT_START,NO_CRANK,NOT_ASKED,NOT_ASKED,ALL_DEAD_NO_LIGHTS,NOT_ASKED,NOT_ASKED,NOT_ASKED,NOT_ASKED,NOT_ASKED,NO_SMELL,"[""BATTERY""]","[""NO_SIGNS""]",NONE,OUTDOOR,TODAY_USUAL,Mitsubishi,DIESEL,BATTERY_JUMP,real
ENGINE_PROBLEM,CRANKS_NO_START,NOT_ASKED,NORMAL_CRANKING,NOT_ASKED,NOT_ASKED,NOT_ASKED,NOT_ASKED,NOT_ASKED,NOT_ASKED,SWEET,"[""NONE""]","[""LOSS_OF_POWER"", ""OVERHEATING_BEFORE""]",NONE,INDOOR,OVER_WEEK,Honda,HYBRID,ENGINE_OVERHEAT_SEVERE,real
WEIRD_BEHAVIOR,STARTS_BUT_ISSUE,OVERHEATING,NOT_ASKED,NOT_ASKED,NOT_ASKED,WITH_AC,NOT_ASKED,NOT_ASKED,NOT_ASKED,NO_SMELL,"[""NONE""]","[""OVERHEATING_BEFORE"", ""NO_SIGNS""]",NONE,OUTDOOR,WITHIN_WEEK,Mitsubishi,DIESEL,COOLANT_LOW,real
ENGINE_PROBLEM,STARTS_NORMAL,NO_POWER,NOT_ASKED,NOT_ASKED,NOT_ASKED,NOT_ASKED,NOT_ASKED,NOT_ASKED,NOT_ASKED,NO_SMELL,"[""CHECK_ENGINE"", ""NONE""]","[""HARD_START"", ""UNUSUAL_NOISE""]",YESTERDAY,OUTDOOR,WITHIN_WEEK,Toyota,DIESEL,FUEL_FILTER_CLOGGED,real
WONT_START,NO_CRANK,NOT_ASKED,NOT_ASKED,ALL_DEAD_NO_LIGHTS,NOT_ASKED,NOT_ASKED,NOT_ASKED,NOT_ASKED,NOT_ASKED,NO_SMELL,"[""BATTERY""]","[""HARD_START"", ""LIGHTS_FLICKER""]",NONE,INDOOR,WITHIN_WEEK,Nissan,PETROL,BATTERY_REPLACE,real
WONT_START,NO_CRANK,NOT_ASKED,NOT_ASKED,ALL_DEAD_NO_LIGHTS,NOT_ASKED,NOT_ASKED,NOT_ASKED,NOT_ASKED,NOT_ASKED,NO_SMELL,"[""BATTERY""]","[""HARD_START"", ""NO_SIGNS""]",NONE,OUTDOOR,WITHIN_WEEK,Toyota,PETROL,BATTERY_REPLACE,real
ENGINE_PROBLEM,NOT_ASKED,NOT_ASKED,NOT_ASKED,NOT_ASKED,NOT_ASKED,NOT_ASKED,NOT_ASKED,NOT_ASKED,NOT_ASKED,BURNING_OIL,"[""NONE""]","[""UNUSUAL_NOISE"", ""NO_SIGNS""]",NONE,OUTDOOR,WITHIN_WEEK,Toyota,DIESEL,BRAKE_PAD_WORN,real
ENGINE_PROBLEM,STARTS_BUT_ISSUE,STALLING,NOT_ASKED,NOT_ASKED,NOT_ASKED,NOT_ASKED,NOT_ASKED,NOT_ASKED,NOT_ASKED,NO_SMELL,"[""CHECK_ENGINE"", ""NONE""]","[""LOSS_OF_POWER""]",NONE,INDOOR,WITHIN_WEEK,Nissan,PETROL,FUEL_FILTER_CLOGGED,real
WONT_START,NO_CRANK,NOT_ASKED,NOT_ASKED,ALL_DEAD_NO_LIGHTS,NOT_ASKED,NOT_ASKED,NOT_ASKED,NOT_ASKED,NOT_ASKED,NO_SMELL,"[""BATTERY"", ""NONE""]","[""NO_SIGNS""]",YESTERDAY,INDOOR,TODAY_NEW_STATION,Kia,PETROL,BATTERY_JUMP,real
GEAR_ISSUE,NOT_ASKED,NOT_ASKED,NOT_ASKED,NOT_ASKED,NOT_ASKED,NOT_ASKED,NOT_ASKED,NOT_ASKED,CLUTCH_SOFT,BURNING_OIL,"[""NONE""]","[""LOSS_OF_POWER"", ""UNUSUAL_NOISE""]",WITHIN_3_DAYS,INDOOR,WITHIN_WEEK,Toyota,PETROL,CLUTCH_WORN,real
ENGINE_PROBLEM,STARTS_NORMAL,OVERHEATING,NOT_ASKED,NOT_ASKED,NOT_ASKED,ALWAYS,NOT_ASKED,NOT_ASKED,NOT_ASKED,SWEET,"[""NONE""]","[""OVERHEATING_BEFORE"", ""SMELL_BEFORE""]",NONE,OUTDOOR,WITHIN_WEEK,Suzuki,PETROL,RADIATOR_HOSE_LEAK,real
WEIRD_BEHAVIOR,STARTS_NORMAL,OVERHEATING,NOT_ASKED,NOT_ASKED,NOT_ASKED,ALWAYS,NOT_ASKED,NOT_ASKED,NOT_ASKED,BURNING_ELECTRICAL,"[""TEMPERATURE""]","[""OVERHEATING_BEFORE""]",YESTERDAY,OUTDOOR,WITHIN_WEEK,Mitsubishi,DIESEL,RADIATOR_FAN_ISSUE,real
ENGINE_PROBLEM,STARTS_NORMAL,OVERHEATING,NOT_ASKED,NOT_ASKED,NOT_ASKED,TRAFFIC_ONLY,NOT_ASKED,NOT_ASKED,NOT_ASKED,SWEET,"[""TEMPERATURE""]","[""OVERHEATING_BEFORE"", ""NO_SIGNS""]",NONE,OUTDOOR,OVER_WEEK,Toyota,PETROL,COOLANT_LOW,real
WONT_START,NO_CRANK,NOT_ASKED,NOT_ASKED,DIM_LIGHTS,NOT_ASKED,NOT_ASKED,NOT_ASKED,NOT_ASKED,NOT_ASKED,NO_SMELL,"[""BATTERY""]","[""HARD_START"", ""LIGHTS_FLICKER""]",WITHIN_3_DAYS,OUTDOOR,WITHIN_WEEK,Honda,HYBRID,BATTERY_JUMP,real
ENGINE_PROBLEM,STARTS_NORMAL,OVERHEATING,NOT_ASKED,NOT_ASKED,NOT_ASKED,TRAFFIC_ONLY,NOT_ASKED,NOT_ASKED,NOT_ASKED,SWEET,"[""CHECK_ENGINE"", ""TEMPERATURE""]","[""NO_SIGNS""]",NONE,OUTDOOR,WITHIN_WEEK,Toyota,PETROL,COOLANT_LOW,real
WONT_START,NO_CRANK,NOT_ASKED,NOT_ASKED,DIM_LIGHTS,NOT_ASKED,NOT_ASKED,NOT_ASKED,NOT_ASKED,NOT_ASKED,NO_SMELL,"[""NONE""]","[""UNUSUAL_NOISE"", ""NO_SIGNS""]",NONE,OUTDOOR,WITHIN_WEEK,Nissan,PETROL,STARTER_MOTOR,real
ENGINE_PROBLEM,STARTS_BUT_ISSUE,NO_POWER,NOT_ASKED,NOT_ASKED,NOT_ASKED,NOT_ASKED,NOT_ASKED,NOT_ASKED,NOT_ASKED,BURNING_OIL,"[""BATTERY"", ""CHECK_ENGINE""]","[""OVERHEATING_BEFORE"", ""UNUSUAL_NOISE""]",WITHIN_3_DAYS,OUTDOOR,WITHIN_WEEK,Toyota,PETROL,BELT_BROKEN,real
ENGINE_PROBLEM,STARTS_BUT_ISSUE,OVERHEATING,NOT_ASKED,NOT_ASKED,NOT_ASKED,HILL_CLIMB,NOT_ASKED,NOT_ASKED,NOT_ASKED,NO_SMELL,"[""TEMPERATURE""]","[""OVERHEATING_BEFORE"", ""NO_SIGNS""]",YESTERDAY,OUTDOOR,TODAY_NEW_STATION,Honda,PETROL,COOLANT_LOW,real
WEIRD_BEHAVIOR,STARTS_BUT_ISSUE,OVERHEATING,NOT_ASKED,NOT_ASKED,NOT_ASKED,WITH_AC,NOT_ASKED,NOT_ASKED,NOT_ASKED,BURNING_OIL,"[""CHECK_ENGINE"", ""TEMPERATURE""]","[""OVERHEATING_BEFORE""]",WITHIN_3_DAYS,OUTDOOR,TODAY_USUAL,Toyota,HYBRID,COOLANT_LOW,real
BRAKE_ISSUE,NOT_ASKED,NOT_ASKED,NOT_ASKED,NOT_ASKED,NOT_ASKED,NOT_ASKED,NOT_ASKED,SQUEALING,NOT_ASKED,BURNING_OIL,"[""BRAKE""]","[""NO_SIGNS""]",WITHIN_3_DAYS,INDOOR,WITHIN_WEEK,Suzuki,PETROL,BRAKE_PAD_WORN,real
WONT_START,NO_CRANK,NOT_ASKED,NOT_ASKED,SOME_LIGHTS_ON,NOT_ASKED,NOT_ASKED,NOT_ASKED,NOT_ASKED,NOT_ASKED,NO_SMELL,"[""NONE""]","[""HARD_START""]",YESTERDAY,INDOOR,WITHIN_WEEK,Toyota,DIESEL,STARTER_MOTOR,real
WONT_START,NO_CRANK,NOT_ASKED,NOT_ASKED,DIM_LIGHTS,NOT_ASKED,NOT_ASKED,NOT_ASKED,NOT_ASKED,NOT_ASKED,NO_SMELL,"[""BATTERY""]","[""HARD_START""]",WITHIN_3_DAYS,OUTDOOR,WITHIN_WEEK,Mazda,DIESEL,BATTERY_REPLACE,real
WONT_START,STARTS_BUT_ISSUE,NO_POWER,NOT_ASKED,NOT_ASKED,NOT_ASKED,NOT_ASKED,NOT_ASKED,NOT_ASKED,NOT_ASKED,FUEL_SMELL,"[""CHECK_ENGINE"", ""NONE""]","[""HARD_START"", ""LOSS_OF_POWER"", ""UNUSUAL_NOISE""]",NONE,OUTDOOR,WITHIN_WEEK,Mitsubishi,DIESEL,FUEL_FILTER_CLOGGED,real
WONT_START,NO_CRANK,NOT_ASKED,NOT_ASKED,DIM_LIGHTS,NOT_ASKED,NOT_ASKED,NOT_ASKED,NOT_ASKED,NOT_ASKED,NO_SMELL,"[""BATTERY"", ""CHECK_ENGINE"", ""NONE""]","[""HARD_START"", ""NO_SIGNS""]",YESTERDAY,OUTDOOR,WITHIN_WEEK,Toyota,DIESEL,BATTERY_JUMP,real
WONT_START,NO_CRANK,NOT_ASKED,NOT_ASKED,ALL_DEAD_NO_LIGHTS,NOT_ASKED,NOT_ASKED,NOT_ASKED,NOT_ASKED,NOT_ASKED,NO_SMELL,"[""BATTERY"", ""CHECK_ENGINE""]","[""NO_SIGNS""]",NONE,OUTDOOR,OVER_WEEK,Mitsubishi,PETROL,BATTERY_REPLACE,real
GEAR_ISSUE,NOT_ASKED,NOT_ASKED,NOT_ASKED,NOT_ASKED,NOT_ASKED,NOT_ASKED,NOT_ASKED,NOT_ASKED,GRINDING,NO_SMELL,"[""NONE""]","[""LOSS_OF_POWER""]",NONE,INDOOR,WITHIN_WEEK,Mahindra,DIESEL,CLUTCH_WORN,real
ENGINE_PROBLEM,STARTS_NORMAL,NO_POWER,NOT_ASKED,NOT_ASKED,NOT_ASKED,NOT_ASKED,NOT_ASKED,NOT_ASKED,NOT_ASKED,NO_SMELL,"[""CHECK_ENGINE"", ""TEMPERATURE""]","[""SMELL_BEFORE"", ""NO_SIGNS""]",NONE,OUTDOOR,WITHIN_WEEK,Hyundai,PETROL,RADIATOR_HOSE_LEAK,real
WONT_START,NO_CRANK,NOT_ASKED,NOT_ASKED,DIM_LIGHTS,NOT_ASKED,NOT_ASKED,NOT_ASKED,NOT_ASKED,NOT_ASKED,NO_SMELL,"[""BATTERY""]","[""HARD_START"", ""LIGHTS_FLICKER""]",MONSOON,OUTDOOR,OVER_WEEK,Nissan,PETROL,BATTERY_REPLACE,real
WONT_START,NO_CRANK,NOT_ASKED,NOT_ASKED,ALL_DEAD_NO_LIGHTS,NOT_ASKED,NOT_ASKED,NOT_ASKED,NOT_ASKED,NOT_ASKED,NO_SMELL,"[""BATTERY""]","[""NO_SIGNS""]",MONSOON,OUTDOOR,WITHIN_WEEK,Suzuki,PETROL,BATTERY_JUMP,real
WONT_START,NO_CRANK,NOT_ASKED,NOT_ASKED,SOME_LIGHTS_ON,NOT_ASKED,NOT_ASKED,NOT_ASKED,NOT_ASKED,NOT_ASKED,NO_SMELL,"[""CHECK_ENGINE"", ""NONE""]","[""HARD_START""]",NONE,OUTDOOR,WITHIN_WEEK,Suzuki,PETROL,STARTER_MOTOR,real
ENGINE_PROBLEM,NO_CRANK,NOT_ASKED,NOT_ASKED,DIM_LIGHTS,NOT_ASKED,NOT_ASKED,NOT_ASKED,NOT_ASKED,NOT_ASKED,NO_SMELL,"[""NONE""]","[""NO_SIGNS""]",WITHIN_3_DAYS,OUTDOOR,OVER_WEEK,Honda,HYBRID,BATTERY_JUMP,real
WONT_START,STARTS_BUT_ISSUE,NOT_ASKED,NOT_ASKED,NOT_ASKED,NOT_ASKED,NOT_ASKED,NOT_ASKED,NOT_ASKED,NOT_ASKED,NO_SMELL,"[""BATTERY""]","[""NO_SIGNS""]",MONSOON,INDOOR,OVER_WEEK,Mitsubishi,PETROL,BATTERY_JUMP,real
ENGINE_PROBLEM,STARTS_NORMAL,OVERHEATING,NOT_ASKED,NOT_ASKED,NOT_ASKED,WITH_AC,NOT_ASKED,NOT_ASKED,NOT_ASKED,NO_SMELL,"[""CHECK_ENGINE"", ""TEMPERATURE""]","[""OVERHEATING_BEFORE""]",WITHIN_3_DAYS,INDOOR,TODAY_USUAL,Toyota,DIESEL,RADIATOR_FAN_ISSUE,real
WONT_START,NO_CRANK,NOT_ASKED,NOT_ASKED,ALL_DEAD_NO_LIGHTS,NOT_ASKED,NOT_ASKED,NOT_ASKED,NOT_ASKED,NOT_ASKED,NO_SMELL,"[""BATTERY""]","[""LIGHTS_FLICKER"", ""NO_SIGNS""]",NONE,INDOOR,TODAY_USUAL,Hyundai,PETROL,BATTERY_JUMP,real
ENGINE_PROBLEM,STARTS_BUT_ISSUE,NO_POWER,NOT_ASKED,NOT_ASKED,NOT_ASKED,NOT_ASKED,NOT_ASKED,NOT_ASKED,NOT_ASKED,NO_SMELL,"[""NONE""]","[""OVERHEATING_BEFORE"", ""NO_SIGNS""]",NONE,OUTDOOR,OVER_WEEK,Nissan,PETROL,COOLANT_LOW,real
WEIRD_BEHAVIOR,NOT_ASKED,NOT_ASKED,NOT_ASKED,NOT_ASKED,NOT_ASKED,NOT_ASKED,NOT_ASKED,NOT_ASKED,NOT_ASKED,NO_SMELL,"[""SERVICE""]","[""NO_SIGNS""]",NONE,INDOOR,OVER_WEEK,Toyota,PETROL,TRANSMISSION_ISSUE,real
ENGINE_PROBLEM,STARTS_BUT_ISSUE,OVERHEATING,NOT_ASKED,NOT_ASKED,NOT_ASKED,TRAFFIC_ONLY,NOT_ASKED,NOT_ASKED,NOT_ASKED,NO_SMELL,"[""TEMPERATURE""]","[""OVERHEATING_BEFORE""]",NONE,OUTDOOR,TODAY_USUAL,Toyota,PETROL,RADIATOR_FAN_ISSUE,real
ENGINE_PROBLEM,STARTS_NORMAL,OVERHEATING,NOT_ASKED,NOT_ASKED,NOT_ASKED,ALWAYS,NOT_ASKED,NOT_ASKED,NOT_ASKED,NO_SMELL,"[""TEMPERATURE""]","[""OVERHEATING_BEFORE"", ""NO_SIGNS""]",WITHIN_3_DAYS,OUTDOOR,WITHIN_WEEK,Honda,PETROL,RADIATOR_FAN_ISSUE,real
WONT_START,NO_CRANK,NOT_ASKED,NOT_ASKED,DIM_LIGHTS,NOT_ASKED,NOT_ASKED,NOT_ASKED,NOT_ASKED,NOT_ASKED,NO_SMELL,"[""BATTERY""]","[""HARD_START"", ""LIGHTS_FLICKER""]",WITHIN_3_DAYS,OUTDOOR,WITHIN_WEEK,Honda,PETROL,BATTERY_JUMP,real
ENGINE_PROBLEM,STARTS_BUT_ISSUE,OVERHEATING,NOT_ASKED,NOT_ASKED,NOT_ASKED,TRAFFIC_ONLY,NOT_ASKED,NOT_ASKED,NOT_ASKED,NO_SMELL,"[""TEMPERATURE""]","[""OVERHEATING_BEFORE"", ""NO_SIGNS""]",NONE,OUTDOOR,TODAY_USUAL,Toyota,HYBRID,COOLANT_LOW,real
ENGINE_PROBLEM,STARTS_NORMAL,OVERHEATING,NOT_ASKED,NOT_ASKED,NOT_ASKED,TRAFFIC_ONLY,NOT_ASKED,NOT_ASKED,NOT_ASKED,NO_SMELL,"[""CHECK_ENGINE""]","[""OVERHEATING_BEFORE""]",YESTERDAY,OUTDOOR,WITHIN_WEEK,Mitsubishi,DIESEL,RADIATOR_FAN_ISSUE,real
BRAKE_ISSUE,NOT_ASKED,NOT_ASKED,NOT_ASKED,NOT_ASKED,NOT_ASKED,NOT_ASKED,NOT_ASKED,PULL_ONE_SIDE,NOT_ASKED,BURNING_OIL,"[""NONE""]","[""UNUSUAL_NOISE""]",WITHIN_3_DAYS,INDOOR,OVER_WEEK,Honda,HYBRID,BRAKE_PAD_WORN,real
WONT_START,NO_CRANK,NOT_ASKED,NOT_ASKED,ALL_DEAD_NO_LIGHTS,NOT_ASKED,NOT_ASKED,NOT_ASKED,NOT_ASKED,NOT_ASKED,NO_SMELL,"[""BATTERY""]","[""HARD_START"", ""NO_SIGNS""]",NONE,INDOOR,TODAY_NEW_STATION,Toyota,DIESEL,BATTERY_JUMP,real
WONT_START,STARTS_BUT_ISSUE,NOT_ASKED,NOT_ASKED,NOT_ASKED,NOT_ASKED,NOT_ASKED,NOT_ASKED,NOT_ASKED,NOT_ASKED,NO_SMELL,"[""NONE""]","[""HARD_START"", ""LIGHTS_FLICKER""]",NONE,OUTDOOR,OVER_WEEK,Toyota,PETROL,BATTERY_REPLACE,real
WONT_START,CRANKS_NO_START,NOT_ASKED,NORMAL_CRANKING,NOT_ASKED,NOT_ASKED,NOT_ASKED,NOT_ASKED,NOT_ASKED,NOT_ASKED,NO_SMELL,"[""CHECK_ENGINE""]","[""LIGHTS_FLICKER"", ""NO_SIGNS""]",WITHIN_3_DAYS,INDOOR,TODAY_USUAL,Toyota,HYBRID,BATTERY_JUMP,real
WONT_START,NO_CRANK,NOT_ASKED,NOT_ASKED,DIM_LIGHTS,NOT_ASKED,NOT_ASKED,NOT_ASKED,NOT_ASKED,NOT_ASKED,NO_SMELL,"[""NONE""]","[""LIGHTS_FLICKER"", ""NO_SIGNS""]",NONE,OUTDOOR,TODAY_USUAL,Kia,PETROL,BATTERY_JUMP,real
GEAR_ISSUE,NOT_ASKED,NOT_ASKED,NOT_ASKED,NOT_ASKED,NOT_ASKED,NOT_ASKED,NOT_ASKED,NOT_ASKED,SLIPPING,NO_SMELL,"[""NONE""]","[""UNUSUAL_NOISE"", ""NO_SIGNS""]",MONSOON,INDOOR,OVER_WEEK,Suzuki,PETROL,CLUTCH_WORN,real
WONT_START,STARTS_BUT_ISSUE,NO_POWER,NOT_ASKED,NOT_ASKED,NOT_ASKED,NOT_ASKED,NOT_ASKED,NOT_ASKED,NOT_ASKED,NO_SMELL,"[""CHECK_ENGINE"", ""NONE""]","[""LOSS_OF_POWER""]",WITHIN_3_DAYS,OUTDOOR,TODAY_USUAL,Nissan,DIESEL,FUEL_PUMP,real
ENGINE_PROBLEM,STARTS_NORMAL,OVERHEATING,NOT_ASKED,NOT_ASKED,NOT_ASKED,TRAFFIC_ONLY,NOT_ASKED,NOT_ASKED,NOT_ASKED,NO_SMELL,"[""TEMPERATURE"", ""NONE""]","[""OVERHEATING_BEFORE""]",NONE,INDOOR,TODAY_USUAL,Toyota,PETROL,COOLANT_LOW,real
WONT_START,NO_CRANK,NOT_ASKED,NOT_ASKED,DIM_LIGHTS,NOT_ASKED,NOT_ASKED,NOT_ASKED,NOT_ASKED,NOT_ASKED,NO_SMELL,"[""NONE""]","[""LIGHTS_FLICKER"", ""NO_SIGNS""]",NONE,INDOOR,TODAY_USUAL,Mitsubishi,DIESEL,BATTERY_JUMP,real
WONT_START,STARTS_BUT_ISSUE,NOT_ASKED,NOT_ASKED,NOT_ASKED,NOT_ASKED,NOT_ASKED,NOT_ASKED,NOT_ASKED,NOT_ASKED,NO_SMELL,"[""BATTERY""]","[""LIGHTS_FLICKER""]",NONE,OUTDOOR,TODAY_NEW_STATION,Honda,HYBRID,BATTERY_REPLACE,real
WEIRD_BEHAVIOR,STARTS_BUT_ISSUE,NOISE,NOT_ASKED,NOT_ASKED,SQUEAL,NOT_ASKED,NOT_ASKED,NOT_ASKED,NOT_ASKED,BURNING_OIL,"[""BATTERY"", ""TEMPERATURE""]","[""LIGHTS_FLICKER"", ""OVERHEATING_BEFORE"", ""UNUSUAL_NOISE""]",NONE,INDOOR,TODAY_USUAL,Suzuki,PETROL,BELT_BROKEN,real
WEIRD_BEHAVIOR,NOT_ASKED,NOT_ASKED,NOT_ASKED,NOT_ASKED,NOT_ASKED,NOT_ASKED,NOT_ASKED,NOT_ASKED,NOT_ASKED,NO_SMELL,"[""NONE""]","[""NO_SIGNS""]",NONE,OUTDOOR,OVER_WEEK,Suzuki,PETROL,BRAKE_PAD_WORN,real
ENGINE_PROBLEM,NO_CRANK,NOT_ASKED,NOT_ASKED,ALL_DEAD_NO_LIGHTS,NOT_ASKED,NOT_ASKED,NOT_ASKED,NOT_ASKED,NOT_ASKED,NO_SMELL,"[""BATTERY""]","[""HARD_START""]",NONE,INDOOR,TODAY_NEW_STATION,Mahindra,DIESEL,BATTERY_JUMP,real
BRAKE_ISSUE,NOT_ASKED,NOT_ASKED,NOT_ASKED,NOT_ASKED,NOT_ASKED,NOT_ASKED,NOT_ASKED,GRINDING,NOT_ASKED,BURNING_OIL,"[""NONE""]","[""NO_SIGNS""]",NONE,OUTDOOR,WITHIN_WEEK,Mazda,PETROL,BRAKE_PAD_WORN,real
GEAR_ISSUE,NOT_ASKED,NOT_ASKED,NOT_ASKED,NOT_ASKED,NOT_ASKED,NOT_ASKED,NOT_ASKED,NOT_ASKED,CLUTCH_SOFT,BURNING_OIL,"[""NONE""]","[""LOSS_OF_POWER""]",WITHIN_3_DAYS,INDOOR,WITHIN_WEEK,Kia,PETROL,CLUTCH_WORN,real
BRAKE_ISSUE,NOT_ASKED,NOT_ASKED,NOT_ASKED,NOT_ASKED,NOT_ASKED,NOT_ASKED,NOT_ASKED,SQUEALING,NOT_ASKED,BURNING_ELECTRICAL,"[""ABS"", ""BRAKE""]","[""NO_SIGNS""]",WITHIN_3_DAYS,OUTDOOR,WITHIN_WEEK,Nissan,PETROL,BRAKE_FAILURE,real
WONT_START,NO_CRANK,NOT_ASKED,NOT_ASKED,SOME_LIGHTS_ON,NOT_ASKED,NOT_ASKED,NOT_ASKED,NOT_ASKED,NOT_ASKED,NO_SMELL,"[""NONE""]","[""HARD_START"", ""LIGHTS_FLICKER"", ""NO_SIGNS""]",MONSOON,OUTDOOR,WITHIN_WEEK,Nissan,PETROL,BATTERY_TERMINAL_CLEAN,real
WONT_START,NO_CRANK,NOT_ASKED,NOT_ASKED,DIM_LIGHTS,NOT_ASKED,NOT_ASKED,NOT_ASKED,NOT_ASKED,NOT_ASKED,NO_SMELL,"[""NONE""]","[""NO_SIGNS""]",MONSOON,OUTDOOR,WITHIN_WEEK,Toyota,HYBRID,BATTERY_JUMP,real
WEIRD_BEHAVIOR,NO_CRANK,NOT_ASKED,NOT_ASKED,SOME_LIGHTS_ON,NOT_ASKED,NOT_ASKED,NOT_ASKED,NOT_ASKED,NOT_ASKED,NO_SMELL,"[""BATTERY""]","[""LIGHTS_FLICKER"", ""LOSS_OF_POWER""]",WITHIN_3_DAYS,OUTDOOR,TODAY_USUAL,Nissan,PETROL,ALTERNATOR_ISSUE,real
GEAR_ISSUE,NOT_ASKED,NOT_ASKED,NOT_ASKED,NOT_ASKED,NOT_ASKED,NOT_ASKED,NOT_ASKED,NOT_ASKED,GRINDING,NO_SMELL,"[""NONE""]","[""UNUSUAL_NOISE""]",NONE,OUTDOOR,WITHIN_WEEK,Toyota,PETROL,TRANSMISSION_ISSUE,real
WONT_START,NO_CRANK,NOT_ASKED,NOT_ASKED,ALL_DEAD_NO_LIGHTS,NOT_ASKED,NOT_ASKED,NOT_ASKED,NOT_ASKED,NOT_ASKED,NO_SMELL,"[""NONE""]","[""HARD_START"", ""NO_SIGNS""]",YESTERDAY,OUTDOOR,TODAY_USUAL,Toyota,HYBRID,BATTERY_REPLACE,real
WONT_START,STARTS_BUT_ISSUE,NOT_ASKED,NOT_ASKED,NOT_ASKED,NOT_ASKED,NOT_ASKED,NOT_ASKED,NOT_ASKED,NOT_ASKED,NO_SMELL,"[""CHECK_ENGINE""]","[""HARD_START""]",WITHIN_3_DAYS,INDOOR,OVER_WEEK,Mazda,DIESEL,BATTERY_REPLACE,real
WONT_START,NO_CRANK,NOT_ASKED,NOT_ASKED,SOME_LIGHTS_ON,NOT_ASKED,NOT_ASKED,NOT_ASKED,NOT_ASKED,NOT_ASKED,NO_SMELL,"[""NONE""]","[""HARD_START""]",WITHIN_3_DAYS,OUTDOOR,TODAY_USUAL,Honda,PETROL,STARTER_MOTOR,real
WONT_START,STARTS_BUT_ISSUE,STALLING,NOT_ASKED,NOT_ASKED,NOT_ASKED,NOT_ASKED,NOT_ASKED,NOT_ASKED,NOT_ASKED,NO_SMELL,"[""CHECK_ENGINE""]","[""LOSS_OF_POWER""]",NONE,INDOOR,TODAY_USUAL,Suzuki,PETROL,IGNITION_SYSTEM,real
ENGINE_PROBLEM,STARTS_BUT_ISSUE,STALLING,NOT_ASKED,NOT_ASKED,NOT_ASKED,NOT_ASKED,NOT_ASKED,NOT_ASKED,NOT_ASKED,BURNING_ELECTRICAL,"[""CHECK_ENGINE""]","[""HARD_START"", ""LOSS_OF_POWER""]",NONE,OUTDOOR,WITHIN_WEEK,Toyota,PETROL,FUEL_PUMP,real
WONT_START,CRANKS_NO_START,NOT_ASKED,NORMAL_CRANKING,NOT_ASKED,NOT_ASKED,NOT_ASKED,NOT_ASKED,NOT_ASKED,NOT_ASKED,BURNING_ELECTRICAL,"[""CHECK_ENGINE""]","[""LOSS_OF_POWER""]",WITHIN_3_DAYS,OUTDOOR,TODAY_USUAL,Toyota,HYBRID,IGNITION_SYSTEM,real
ENGINE_PROBLEM,CRANKS_NO_START,NOT_ASKED,WHIRRING,NOT_ASKED,NOT_ASKED,NOT_ASKED,NOT_ASKED,NOT_ASKED,NOT_ASKED,NO_SMELL,"[""CHECK_ENGINE"", ""NONE""]","[""UNUSUAL_NOISE""]",NONE,INDOOR,TODAY_USUAL,Suzuki,PETROL,STARTER_MOTOR,real
WEIRD_BEHAVIOR,NO_CRANK,NOT_ASKED,NOT_ASKED,ALL_DEAD_NO_LIGHTS,NOT_ASKED,NOT_ASKED,NOT_ASKED,NOT_ASKED,NOT_ASKED,BURNING_ELECTRICAL,"[""CHECK_ENGINE"", ""BRAKE"", ""NONE""]","[""LIGHTS_FLICKER""]",MONSOON,OUTDOOR,OVER_WEEK,Hyundai,PETROL,ELECTRICAL_FAULT_RAIN,real
ENGINE_PROBLEM,STARTS_NORMAL,OVERHEATING,NOT_ASKED,NOT_ASKED,NOT_ASKED,HILL_CLIMB,NOT_ASKED,NOT_ASKED,NOT_ASKED,SWEET,"[""TEMPERATURE""]","[""NO_SIGNS""]",WITHIN_3_DAYS,OUTDOOR,TODAY_USUAL,Toyota,DIESEL,RADIATOR_HOSE_LEAK,real
BRAKE_ISSUE,NOT_ASKED,NOT_ASKED,NOT_ASKED,NOT_ASKED,NOT_ASKED,NOT_ASKED,NOT_ASKED,SOFT_PEDAL,NOT_ASKED,BURNING_OIL,"[""ABS"", ""BRAKE""]","[""UNUSUAL_NOISE"", ""NO_SIGNS""]",NONE,INDOOR,OVER_WEEK,Mazda,PETROL,BRAKE_FAILURE,real
WONT_START,STARTS_BUT_ISSUE,NOT_ASKED,NOT_ASKED,NOT_ASKED,NOT_ASKED,NOT_ASKED,NOT_ASKED,NOT_ASKED,NOT_ASKED,NO_SMELL,"[""BATTERY""]","[""HARD_START""]",YESTERDAY,INDOOR,OVER_WEEK,Toyota,PETROL,BATTERY_REPLACE,real
WONT_START,CRANKS_NO_START,NOT_ASKED,NORMAL_CRANKING,NOT_ASKED,NOT_ASKED,NOT_ASKED,NOT_ASKED,NOT_ASKED,NOT_ASKED,NO_SMELL,"[""CHECK_ENGINE"", ""NONE""]","[""HARD_START"", ""LOSS_OF_POWER""]",NONE,OUTDOOR,WITHIN_WEEK,Mitsubishi,DIESEL,FUEL_PUMP,real
WONT_START,NO_CRANK,NOT_ASKED,NOT_ASKED,ALL_DEAD_NO_LIGHTS,NOT_ASKED,NOT_ASKED,NOT_ASKED,NOT_ASKED,NOT_ASKED,NO_SMELL,"[""BATTERY""]","[""HARD_START""]",WITHIN_3_DAYS,INDOOR,WITHIN_WEEK,Mazda,PETROL,BATTERY_JUMP,real
ENGINE_PROBLEM,STARTS_NORMAL,OVERHEATING,NOT_ASKED,NOT_ASKED,NOT_ASKED,HILL_CLIMB,NOT_ASKED,NOT_ASKED,NOT_ASKED,SWEET,"[""CHECK_ENGINE""]","[""NO_SIGNS""]",WITHIN_3_DAYS,OUTDOOR,TODAY_USUAL,Hyundai,PETROL,COOLANT_LOW,real
ENGINE_PROBLEM,STARTS_BUT_ISSUE,NO_POWER,NOT_ASKED,NOT_ASKED,NOT_ASKED,NOT_ASKED,NOT_ASKED,NOT_ASKED,NOT_ASKED,NO_SMELL,"[""BATTERY"", ""CHECK_ENGINE""]","[""HARD_START"", ""LOSS_OF_POWER""]",NONE,INDOOR,TODAY_USUAL,Nissan,PETROL,ALTERNATOR_ISSUE,real
WONT_START,NO_CRANK,NOT_ASKED,NOT_ASKED,ALL_DEAD_NO_LIGHTS,NOT_ASKED,NOT_ASKED,NOT_ASKED,NOT_ASKED,NOT_ASKED,BURNING_ELECTRICAL,"[""CHECK_ENGINE"", ""OIL""]","[""UNUSUAL_NOISE"", ""SMELL_BEFORE""]",YESTERDAY,INDOOR,TODAY_NEW_STATION,Toyota,DIESEL,SEVERE_MECHANICAL_TOW,real
WONT_START,STARTS_BUT_ISSUE,NOISE,NOT_ASKED,NOT_ASKED,NOT_ASKED,NOT_ASKED,NOT_ASKED,NOT_ASKED,NOT_ASKED,NO_SMELL,"[""CHECK_ENGINE""]","[""NO_SIGNS""]",NONE,OUTDOOR,TODAY_USUAL,Honda,HYBRID,IGNITION_SYSTEM,real
WONT_START,STARTS_BUT_ISSUE,NO_POWER,NOT_ASKED,NOT_ASKED,NOT_ASKED,NOT_ASKED,NOT_ASKED,NOT_ASKED,NOT_ASKED,BURNING_OIL,"[""BATTERY"", ""BRAKE""]","[""LOSS_OF_POWER""]",WITHIN_3_DAYS,OUTDOOR,TODAY_USUAL,Honda,PETROL,ELECTRICAL_FAULT_RAIN,real
ENGINE_PROBLEM,STARTS_NORMAL,OVERHEATING,NOT_ASKED,NOT_ASKED,NOT_ASKED,TRAFFIC_ONLY,NOT_ASKED,NOT_ASKED,NOT_ASKED,NO_SMELL,"[""CHECK_ENGINE"", ""TEMPERATURE"", ""NONE""]","[""NO_SIGNS""]",NONE,OUTDOOR,TODAY_NEW_STATION,Mitsubishi,DIESEL,RADIATOR_FAN_ISSUE,real
WONT_START,STARTS_BUT_ISSUE,NOT_ASKED,NOT_ASKED,NOT_ASKED,NOT_ASKED,NOT_ASKED,NOT_ASKED,NOT_ASKED,NOT_ASKED,NO_SMELL,"[""BATTERY""]","[""HARD_START""]",WITHIN_3_DAYS,OUTDOOR,WITHIN_WEEK,Toyota,HYBRID,BATTERY_REPLACE,real
ENGINE_PROBLEM,STARTS_BUT_ISSUE,NO_POWER,NOT_ASKED,NOT_ASKED,NOT_ASKED,NOT_ASKED,NOT_ASKED,NOT_ASKED,NOT_ASKED,BURNING_ELECTRICAL,"[""NONE""]","[""HARD_START"", ""LIGHTS_FLICKER""]",WITHIN_3_DAYS,INDOOR,TODAY_USUAL,Mazda,PETROL,ALTERNATOR_ISSUE,real
ENGINE_PROBLEM,STARTS_BUT_ISSUE,NO_POWER,NOT_ASKED,NOT_ASKED,NOT_ASKED,NOT_ASKED,NOT_ASKED,NOT_ASKED,NOT_ASKED,NO_SMELL,"[""CHECK_ENGINE"", ""NONE""]","[""HARD_START""]",WITHIN_3_DAYS,INDOOR,TODAY_NEW_STATION,Nissan,PETROL,FUEL_PUMP,real
GEAR_ISSUE,NOT_ASKED,NOT_ASKED,NOT_ASKED,NOT_ASKED,NOT_ASKED,NOT_ASKED,NOT_ASKED,NOT_ASKED,SLIPPING,NO_SMELL,"[""CHECK_ENGINE""]","[""LOSS_OF_POWER"", ""NO_SIGNS""]",WITHIN_3_DAYS,OUTDOOR,OVER_WEEK,Nissan,PETROL,CLUTCH_WORN,real
ENGINE_PROBLEM,NO_CRANK,NOT_ASKED,NOT_ASKED,DIM_LIGHTS,NOT_ASKED,NOT_ASKED,NOT_ASKED,NOT_ASKED,NOT_ASKED,NO_SMELL,"[""BATTERY""]","[""HARD_START""]",NONE,OUTDOOR,WITHIN_WEEK,Suzuki,PETROL,BATTERY_TERMINAL_CLEAN,real
WEIRD_BEHAVIOR,STARTS_BUT_ISSUE,OVERHEATING,NOT_ASKED,NOT_ASKED,NOT_ASKED,ALWAYS,NOT_ASKED,NOT_ASKED,NOT_ASKED,NO_SMELL,"[""TEMPERATURE""]","[""NO_SIGNS""]",NONE,OUTDOOR,TODAY_NEW_STATION,Mahindra,DIESEL,RADIATOR_FAN_ISSUE,real
ENGINE_PROBLEM,STARTS_BUT_ISSUE,NOISE,NOT_ASKED,NOT_ASKED,WHINE,NOT_ASKED,NOT_ASKED,NOT_ASKED,NOT_ASKED,NO_SMELL,"[""BATTERY"", ""CHECK_ENGINE""]","[""LIGHTS_FLICKER""]",WITHIN_3_DAYS,INDOOR,WITHIN_WEEK,Mitsubishi,PETROL,ALTERNATOR_ISSUE,real
WONT_START,STARTS_BUT_ISSUE,NO_POWER,NOT_ASKED,NOT_ASKED,NOT_ASKED,NOT_ASKED,NOT_ASKED,NOT_ASKED,NOT_ASKED,NO_SMELL,"[""BATTERY"", ""CHECK_ENGINE""]","[""HARD_START"", ""LIGHTS_FLICKER"", ""LOSS_OF_POWER""]",YESTERDAY,INDOOR,WITHIN_WEEK,Toyota,PETROL,ALTERNATOR_ISSUE,real
WONT_START,STARTS_BUT_ISSUE,NOT_ASKED,NOT_ASKED,NOT_ASKED,NOT_ASKED,NOT_ASKED,NOT_ASKED,NOT_ASKED,NOT_ASKED,NO_SMELL,"[""NONE""]","[""UNUSUAL_NOISE""]",NONE,INDOOR,WITHIN_WEEK,Toyota,PETROL,STARTER_MOTOR,real
ENGINE_PROBLEM,STARTS_BUT_ISSUE,OVERHEATING,NOT_ASKED,NOT_ASKED,NOT_ASKED,HILL_CLIMB,NOT_ASKED,NOT_ASKED,NOT_ASKED,NO_SMELL,"[""TEMPERATURE""]","[""OVERHEATING_BEFORE""]",NONE,OUTDOOR,TODAY_NEW_STATION,Mitsubishi,DIESEL,COOLANT_LOW,real
WONT_START,NO_CRANK,NOT_ASKED,NOT_ASKED,DIM_LIGHTS,NOT_ASKED,NOT_ASKED,NOT_ASKED,NOT_ASKED,NOT_ASKED,NO_SMELL,"[""BATTERY""]","[""NO_SIGNS""]",WITHIN_3_DAYS,OUTDOOR,WITHIN_WEEK,Nissan,DIESEL,BATTERY_JUMP,real
WEIRD_BEHAVIOR,NOT_ASKED,NOT_ASKED,NOT_ASKED,NOT_ASKED,NOT_ASKED,NOT_ASKED,NOT_ASKED,NOT_ASKED,NOT_ASKED,NO_SMELL,"[""NONE""]","[""LOSS_OF_POWER"", ""NO_SIGNS""]",WITHIN_3_DAYS,INDOOR,TODAY_USUAL,Toyota,HYBRID,TRANSMISSION_ISSUE,real
ENGINE_PROBLEM,CRANKS_NO_START,NOT_ASKED,NORMAL_CRANKING,NOT_ASKED,NOT_ASKED,NOT_ASKED,NOT_ASKED,NOT_ASKED,NOT_ASKED,FUEL_SMELL,"[""CHECK_ENGINE"", ""NONE""]","[""LOSS_OF_POWER""]",NONE,INDOOR,TODAY_NEW_STATION,Suzuki,PETROL,FUEL_PUMP,real
ENGINE_PROBLEM,STARTS_NORMAL,OVERHEATING,NOT_ASKED,NOT_ASKED,NOT_ASKED,TRAFFIC_ONLY,NOT_ASKED,NOT_ASKED,NOT_ASKED,NO_SMELL,"[""TEMPERATURE""]","[""OVERHEATING_BEFORE"", ""NO_SIGNS""]",NONE,OUTDOOR,TODAY_USUAL,Toyota,PETROL,RADIATOR_FAN_ISSUE,real
WEIRD_BEHAVIOR,STARTS_NORMAL,NO_POWER,NOT_ASKED,NOT_ASKED,NOT_ASKED,NOT_ASKED,NOT_ASKED,NOT_ASKED,NOT_ASKED,NO_SMELL,"[""BATTERY"", ""CHECK_ENGINE"", ""TEMPERATURE""]","[""OVERHEATING_BEFORE"", ""UNUSUAL_NOISE""]",NONE,INDOOR,OVER_WEEK,Honda,HYBRID,BELT_BROKEN,real
ENGINE_PROBLEM,CRANKS_NO_START,NOT_ASKED,NORMAL_CRANKING,NOT_ASKED,NOT_ASKED,NOT_ASKED,NOT_ASKED,NOT_ASKED,NOT_ASKED,BURNING_ELECTRICAL,"[""OIL"", ""TEMPERATURE""]","[""NO_SIGNS""]",NONE,INDOOR,TODAY_USUAL,Hyundai,PETROL,ENGINE_OVERHEAT_SEVERE,real
ENGINE_PROBLEM,STARTS_NORMAL,OVERHEATING,NOT_ASKED,NOT_ASKED,NOT_ASKED,WITH_AC,NOT_ASKED,NOT_ASKED,NOT_ASKED,NO_SMELL,"[""NONE""]","[""OVERHEATING_BEFORE""]",NONE,INDOOR,TODAY_USUAL,Suzuki,PETROL,RADIATOR_FAN_ISSUE,real
WONT_START,CRANKS_NO_START,NOT_ASKED,NORMAL_CRANKING,NOT_ASKED,NOT_ASKED,NOT_ASKED,NOT_ASKED,NOT_ASKED,NOT_ASKED,BURNING_ELECTRICAL,"[""CHECK_ENGINE""]","[""HARD_START"", ""LOSS_OF_POWER""]",NONE,INDOOR,TODAY_USUAL,Kia,PETROL,FUEL_PUMP,real
ENGINE_PROBLEM,STARTS_NORMAL,OVERHEATING,NOT_ASKED,NOT_ASKED,NOT_ASKED,TRAFFIC_ONLY,NOT_ASKED,NOT_ASKED,NOT_ASKED,NO_SMELL,"[""TEMPERATURE""]","[""OVERHEATING_BEFORE""]",NONE,OUTDOOR,OVER_WEEK,Honda,HYBRID,COOLANT_LOW,real
WONT_START,CRANKS_NO_START,NOT_ASKED,NORMAL_CRANKING,NOT_ASKED,NOT_ASKED,NOT_ASKED,NOT_ASKED,NOT_ASKED,NOT_ASKED,FUEL_SMELL,"[""NONE""]","[""HARD_START""]",YESTERDAY,INDOOR,TODAY_USUAL,Nissan,PETROL,FUEL_PUMP,real
ENGINE_PROBLEM,STARTS_BUT_ISSUE,OVERHEATING,NOT_ASKED,NOT_ASKED,NOT_ASKED,TRAFFIC_ONLY,NOT_ASKED,NOT_ASKED,NOT_ASKED,NO_SMELL,"[""TEMPERATURE""]","[""LOSS_OF_POWER"", ""OVERHEATING_BEFORE""]",NONE,OUTDOOR,WITHIN_WEEK,Suzuki,PETROL,COOLANT_LOW,real
ENGINE_PROBLEM,STARTS_BUT_ISSUE,NOISE,NOT_ASKED,NOT_ASKED,NOT_ASKED,NOT_ASKED,NOT_ASKED,NOT_ASKED,NOT_ASKED,BURNING_ELECTRICAL,"[""CHECK_ENGINE""]","[""NO_SIGNS""]",NONE,OUTDOOR,TODAY_NEW_STATION,Suzuki,PETROL,IGNITION_SYSTEM,real
ENGINE_PROBLEM,STARTS_BUT_ISSUE,OVERHEATING,NOT_ASKED,NOT_ASKED,NOT_ASKED,ALWAYS,NOT_ASKED,NOT_ASKED,NOT_ASKED,SWEET,"[""TEMPERATURE""]","[""SMELL_BEFORE""]",MONSOON,INDOOR,WITHIN_WEEK,Toyota,PETROL,RADIATOR_HOSE_LEAK,real
WONT_START,NO_CRANK,NOT_ASKED,NOT_ASKED,SOME_LIGHTS_ON,NOT_ASKED,NOT_ASKED,NOT_ASKED,NOT_ASKED,NOT_ASKED,NO_SMELL,"[""BATTERY""]","[""NO_SIGNS""]",WITHIN_3_DAYS,OUTDOOR,WITHIN_WEEK,Mitsubishi,PETROL,BATTERY_JUMP,real
ENGINE_PROBLEM,NO_CRANK,NOT_ASKED,NOT_ASKED,SOME_LIGHTS_ON,NOT_ASKED,NOT_ASKED,NOT_ASKED,NOT_ASKED,NOT_ASKED,NO_SMELL,"[""NONE""]","[""HARD_START"", ""UNUSUAL_NOISE"", ""NO_SIGNS""]",MONSOON,OUTDOOR,WITHIN_WEEK,Honda,HYBRID,STARTER_MOTOR,real
WONT_START,STARTS_BUT_ISSUE,NOT_ASKED,NOT_ASKED,NOT_ASKED,NOT_ASKED,NOT_ASKED,NOT_ASKED,NOT_ASKED,NOT_ASKED,NO_SMELL,"[""CHECK_ENGINE""]","[""LIGHTS_FLICKER""]",MONSOON,INDOOR,TODAY_USUAL,Suzuki,PETROL,BATTERY_REPLACE,real
ENGINE_PROBLEM,STARTS_BUT_ISSUE,OVERHEATING,NOT_ASKED,NOT_ASKED,NOT_ASKED,TRAFFIC_ONLY,NOT_ASKED,NOT_ASKED,NOT_ASKED,NO_SMELL,"[""TEMPERATURE""]","[""OVERHEATING_BEFORE""]",NONE,OUTDOOR,WITHIN_WEEK,Mazda,DIESEL,RADIATOR_FAN_ISSUE,real
BRAKE_ISSUE,NOT_ASKED,NOT_ASKED,NOT_ASKED,NOT_ASKED,NOT_ASKED,NOT_ASKED,NOT_ASKED,SQUEALING,NOT_ASKED,NO_SMELL,"[""ABS"", ""BRAKE"", ""NONE""]","[""NO_SIGNS""]",NONE,OUTDOOR,TODAY_USUAL,Suzuki,PETROL,BRAKE_PAD_WORN,real
WONT_START,NO_CRANK,NOT_ASKED,NOT_ASKED,DIM_LIGHTS,NOT_ASKED,NOT_ASKED,NOT_ASKED,NOT_ASKED,NOT_ASKED,NO_SMELL,"[""BATTERY"", ""CHECK_ENGINE""]","[""NO_SIGNS""]",NONE,OUTDOOR,TODAY_USUAL,Nissan,DIESEL,BATTERY_JUMP,real
ENGINE_PROBLEM,STARTS_BUT_ISSUE,NOT_ASKED,NOT_ASKED,NOT_ASKED,NOT_ASKED,NOT_ASKED,NOT_ASKED,NOT_ASKED,NOT_ASKED,NO_SMELL,"[""NONE""]","[""NO_SIGNS""]",MONSOON,OUTDOOR,WITHIN_WEEK,Hyundai,PETROL,BATTERY_TERMINAL_CLEAN,real
ENGINE_PROBLEM,NOT_ASKED,NOT_ASKED,NOT_ASKED,NOT_ASKED,NOT_ASKED,NOT_ASKED,NOT_ASKED,NOT_ASKED,NOT_ASKED,BURNING_ELECTRICAL,"[""NONE""]","[""NO_SIGNS""]",MONSOON,OUTDOOR,TODAY_USUAL,Suzuki,PETROL,BRAKE_PAD_WORN,real
WONT_START,NO_CRANK,NOT_ASKED,NOT_ASKED,DIM_LIGHTS,NOT_ASKED,NOT_ASKED,NOT_ASKED,NOT_ASKED,NOT_ASKED,NO_SMELL,"[""NONE""]","[""NO_SIGNS""]",NONE,OUTDOOR,OVER_WEEK,Toyota,HYBRID,BATTERY_JUMP,real
WONT_START,CRANKS_NO_START,NOT_ASKED,NORMAL_CRANKING,NOT_ASKED,NOT_ASKED,NOT_ASKED,NOT_ASKED,NOT_ASKED,NOT_ASKED,NO_SMELL,"[""CHECK_ENGINE""]","[""HARD_START""]",NONE,INDOOR,TODAY_USUAL,Honda,HYBRID,FUEL_PUMP,real
WEIRD_BEHAVIOR,STARTS_BUT_ISSUE,NO_POWER,NOT_ASKED,NOT_ASKED,NOT_ASKED,NOT_ASKED,NOT_ASKED,NOT_ASKED,NOT_ASKED,FUEL_SMELL,"[""CHECK_ENGINE""]","[""LOSS_OF_POWER""]",NONE,OUTDOOR,TODAY_NEW_STATION,Suzuki,PETROL,FUEL_FILTER_CLOGGED,real
WEIRD_BEHAVIOR,STARTS_BUT_ISSUE,NO_POWER,NOT_ASKED,NOT_ASKED,NOT_ASKED,NOT_ASKED,NOT_ASKED,NOT_ASKED,NOT_ASKED,BURNING_OIL,"[""CHECK_ENGINE""]","[""LOSS_OF_POWER""]",MONSOON,OUTDOOR,WITHIN_WEEK,Toyota,DIESEL,FUEL_FILTER_CLOGGED,real
ENGINE_PROBLEM,STARTS_NORMAL,NO_POWER,NOT_ASKED,NOT_ASKED,NOT_ASKED,NOT_ASKED,NOT_ASKED,NOT_ASKED,NOT_ASKED,NO_SMELL,"[""BATTERY"", ""CHECK_ENGINE""]","[""HARD_START"", ""LIGHTS_FLICKER"", ""LOSS_OF_POWER""]",MONSOON,INDOOR,TODAY_NEW_STATION,Mazda,PETROL,ALTERNATOR_ISSUE,real
ENGINE_PROBLEM,NO_CRANK,NOT_ASKED,NOT_ASKED,SOME_LIGHTS_ON,NOT_ASKED,NOT_ASKED,NOT_ASKED,NOT_ASKED,NOT_ASKED,NO_SMELL,"[""BATTERY""]","[""LIGHTS_FLICKER""]",WITHIN_3_DAYS,OUTDOOR,WITHIN_WEEK,Suzuki,PETROL,ALTERNATOR_ISSUE,real
ENGINE_PROBLEM,NO_CRANK,NOT_ASKED,NOT_ASKED,NOT_ASKED,NOT_ASKED,NOT_ASKED,NOT_ASKED,NOT_ASKED,NOT_ASKED,FUEL_SMELL,"[""CHECK_ENGINE""]","[""HARD_START"", ""LOSS_OF_POWER"", ""UNUSUAL_NOISE""]",NONE,INDOOR,WITHIN_WEEK,Toyota,PETROL,IGNITION_SYSTEM,real
BRAKE_ISSUE,NOT_ASKED,NOT_ASKED,NOT_ASKED,NOT_ASKED,NOT_ASKED,NOT_ASKED,NOT_ASKED,GRINDING,NOT_ASKED,NO_SMELL,"[""NONE""]","[""UNUSUAL_NOISE""]",NONE,OUTDOOR,TODAY_USUAL,Suzuki,PETROL,BRAKE_FAILURE,real
WONT_START,NO_CRANK,NOT_ASKED,NOT_ASKED,DIM_LIGHTS,NOT_ASKED,NOT_ASKED,NOT_ASKED,NOT_ASKED,NOT_ASKED,NO_SMELL,"[""BATTERY""]","[""HARD_START""]",NONE,OUTDOOR,WITHIN_WEEK,Toyota,HYBRID,BATTERY_JUMP,real
WONT_START,STARTS_BUT_ISSUE,NOT_ASKED,NOT_ASKED,NOT_ASKED,NOT_ASKED,NOT_ASKED,NOT_ASKED,NOT_ASKED,NOT_ASKED,NO_SMELL,"[""NONE""]","[""HARD_START"", ""NO_SIGNS""]",WITHIN_3_DAYS,OUTDOOR,TODAY_NEW_STATION,Mazda,DIESEL,BATTERY_TERMINAL_CLEAN,real
WONT_START,NO_CRANK,NOT_ASKED,NOT_ASKED,DIM_LIGHTS,NOT_ASKED,NOT_ASKED,NOT_ASKED,NOT_ASKED,NOT_ASKED,NO_SMELL,"[""NONE""]","[""NO_SIGNS""]",NONE,INDOOR,WITHIN_WEEK,Toyota,HYBRID,BATTERY_JUMP,real
WEIRD_BEHAVIOR,STARTS_BUT_ISSUE,NO_POWER,NOT_ASKED,NOT_ASKED,NOT_ASKED,NOT_ASKED,NOT_ASKED,NOT_ASKED,NOT_ASKED,NO_SMELL,"[""BATTERY"", ""CHECK_ENGINE""]","[""LIGHTS_FLICKER""]",WITHIN_3_DAYS,INDOOR,TODAY_NEW_STATION,Mazda,PETROL,ALTERNATOR_ISSUE,real
GEAR_ISSUE,NOT_ASKED,NOT_ASKED,NOT_ASKED,NOT_ASKED,NOT_ASKED,NOT_ASKED,NOT_ASKED,NOT_ASKED,WONT_ENGAGE,BURNING_OIL,"[""CHECK_ENGINE""]","[""NO_SIGNS""]",YESTERDAY,INDOOR,TODAY_USUAL,Toyota,PETROL,CLUTCH_WORN,real
GEAR_ISSUE,NOT_ASKED,NOT_ASKED,NOT_ASKED,NOT_ASKED,NOT_ASKED,NOT_ASKED,NOT_ASKED,NOT_ASKED,SLIPPING,BURNING_OIL,"[""NONE""]","[""LOSS_OF_POWER"", ""UNUSUAL_NOISE""]",NONE,OUTDOOR,TODAY_USUAL,Suzuki,PETROL,CLUTCH_WORN,real
WONT_START,STARTS_BUT_ISSUE,NOT_ASKED,NOT_ASKED,NOT_ASKED,NOT_ASKED,NOT_ASKED,NOT_ASKED,NOT_ASKED,NOT_ASKED,NO_SMELL,"[""NONE""]","[""NO_SIGNS""]",MONSOON,INDOOR,TODAY_USUAL,Hyundai,PETROL,STARTER_MOTOR,real
ENGINE_PROBLEM,CRANKS_NO_START,NOT_ASKED,NORMAL_CRANKING,NOT_ASKED,NOT_ASKED,NOT_ASKED,NOT_ASKED,NOT_ASKED,NOT_ASKED,NO_SMELL,"[""CHECK_ENGINE"", ""TEMPERATURE""]","[""OVERHEATING_BEFORE""]",NONE,INDOOR,TODAY_USUAL,Kia,PETROL,ENGINE_OVERHEAT_SEVERE,real
WEIRD_BEHAVIOR,NOT_ASKED,NOT_ASKED,NOT_ASKED,NOT_ASKED,NOT_ASKED,NOT_ASKED,NOT_ASKED,NOT_ASKED,NOT_ASKED,NO_SMELL,"[""ABS""]","[""NO_SIGNS""]",NONE,OUTDOOR,WITHIN_WEEK,Suzuki,PETROL,BRAKE_PAD_WORN,real
ENGINE_PROBLEM,NO_CRANK,NOT_ASKED,NOT_ASKED,ALL_DEAD_NO_LIGHTS,NOT_ASKED,NOT_ASKED,NOT_ASKED,NOT_ASKED,NOT_ASKED,NO_SMELL,"[""NONE""]","[""NO_SIGNS""]",WITHIN_3_DAYS,INDOOR,WITHIN_WEEK,Nissan,PETROL,BATTERY_REPLACE,real
BRAKE_ISSUE,NOT_ASKED,NOT_ASKED,NOT_ASKED,NOT_ASKED,NOT_ASKED,NOT_ASKED,NOT_ASKED,SOFT_PEDAL,NOT_ASKED,NO_SMELL,"[""ABS"", ""BRAKE""]","[""UNUSUAL_NOISE""]",NONE,OUTDOOR,OVER_WEEK,Mitsubishi,DIESEL,BRAKE_FAILURE,real
ENGINE_PROBLEM,STARTS_NORMAL,OVERHEATING,NOT_ASKED,NOT_ASKED,NOT_ASKED,ALWAYS,NOT_ASKED,NOT_ASKED,NOT_ASKED,NO_SMELL,"[""TEMPERATURE""]","[""NO_SIGNS""]",YESTERDAY,INDOOR,TODAY_NEW_STATION,Suzuki,PETROL,RADIATOR_HOSE_LEAK,real
ENGINE_PROBLEM,STARTS_BUT_ISSUE,NOT_ASKED,NOT_ASKED,NOT_ASKED,NOT_ASKED,NOT_ASKED,NOT_ASKED,NOT_ASKED,NOT_ASKED,NO_SMELL,"[""NONE""]","[""LIGHTS_FLICKER""]",NONE,OUTDOOR,WITHIN_WEEK,Kia,PETROL,BATTERY_REPLACE,real
WONT_START,STARTS_BUT_ISSUE,STALLING,NOT_ASKED,NOT_ASKED,NOT_ASKED,NOT_ASKED,NOT_ASKED,NOT_ASKED,NOT_ASKED,NO_SMELL,"[""NONE""]","[""HARD_START"", ""LOSS_OF_POWER""]",YESTERDAY,INDOOR,TODAY_USUAL,Toyota,PETROL,FUEL_PUMP,real
WONT_START,NO_CRANK,NOT_ASKED,NOT_ASKED,DIM_LIGHTS,NOT_ASKED,NOT_ASKED,NOT_ASKED,NOT_ASKED,NOT_ASKED,NO_SMELL,"[""BATTERY""]","[""HARD_START"", ""NO_SIGNS""]",MONSOON,INDOOR,OVER_WEEK,Hyundai,PETROL,BATTERY_TERMINAL_CLEAN,real
WONT_START,NO_CRANK,NOT_ASKED,NOT_ASKED,DIM_LIGHTS,NOT_ASKED,NOT_ASKED,NOT_ASKED,NOT_ASKED,NOT_ASKED,NO_SMELL,"[""NONE""]","[""NO_SIGNS""]",YESTERDAY,OUTDOOR,WITHIN_WEEK,Kia,PETROL,BATTERY_REPLACE,real
ENGINE_PROBLEM,STARTS_NORMAL,OVERHEATING,NOT_ASKED,NOT_ASKED,NOT_ASKED,TRAFFIC_ONLY,NOT_ASKED,NOT_ASKED,NOT_ASKED,BURNING_OIL,"[""TEMPERATURE""]","[""OVERHEATING_BEFORE"", ""NO_SIGNS""]",NONE,OUTDOOR,TODAY_NEW_STATION,Honda,HYBRID,COOLANT_LOW,real
BRAKE_ISSUE,NOT_ASKED,NOT_ASKED,NOT_ASKED,NOT_ASKED,NOT_ASKED,NOT_ASKED,NOT_ASKED,GRINDING,NOT_ASKED,BURNING_OIL,"[""NONE""]","[""NO_SIGNS""]",NONE,OUTDOOR,OVER_WEEK,Kia,PETROL,BRAKE_PAD_WORN,real
WONT_START,NO_CRANK,NOT_ASKED,NOT_ASKED,SOME_LIGHTS_ON,NOT_ASKED,NOT_ASKED,NOT_ASKED,NOT_ASKED,NOT_ASKED,NO_SMELL,"[""NONE""]","[""NO_SIGNS""]",WITHIN_3_DAYS,OUTDOOR,OVER_WEEK,Kia,PETROL,BATTERY_TERMINAL_CLEAN,real
WEIRD_BEHAVIOR,STARTS_BUT_ISSUE,NO_POWER,NOT_ASKED,NOT_ASKED,NOT_ASKED,NOT_ASKED,NOT_ASKED,NOT_ASKED,NOT_ASKED,BURNING_ELECTRICAL,"[""CHECK_ENGINE""]","[""NO_SIGNS""]",MONSOON,OUTDOOR,WITHIN_WEEK,Mitsubishi,DIESEL,ELECTRICAL_FAULT_RAIN,real
ENGINE_PROBLEM,STARTS_BUT_ISSUE,NOT_ASKED,NOT_ASKED,NOT_ASKED,NOT_ASKED,NOT_ASKED,NOT_ASKED,NOT_ASKED,NOT_ASKED,NO_SMELL,"[""BATTERY"", ""CHECK_ENGINE""]","[""HARD_START"", ""LIGHTS_FLICKER""]",WITHIN_3_DAYS,INDOOR,WITHIN_WEEK,Toyota,PETROL,BATTERY_REPLACE,real
WONT_START,NO_CRANK,NOT_ASKED,NOT_ASKED,ALL_DEAD_NO_LIGHTS,NOT_ASKED,NOT_ASKED,NOT_ASKED,NOT_ASKED,NOT_ASKED,NO_SMELL,"[""NONE""]","[""NO_SIGNS""]",NONE,INDOOR,WITHIN_WEEK,Mitsubishi,PETROL,STARTER_MOTOR,real
ENGINE_PROBLEM,STARTS_BUT_ISSUE,NOT_ASKED,NOT_ASKED,NOT_ASKED,NOT_ASKED,NOT_ASKED,NOT_ASKED,NOT_ASKED,NOT_ASKED,NO_SMELL,"[""NONE""]","[""UNUSUAL_NOISE"", ""NO_SIGNS""]",YESTERDAY,OUTDOOR,TODAY_USUAL,Toyota,HYBRID,STARTER_MOTOR,real
ENGINE_PROBLEM,STARTS_NORMAL,OVERHEATING,NOT_ASKED,NOT_ASKED,NOT_ASKED,WITH_AC,NOT_ASKED,NOT_ASKED,NOT_ASKED,NO_SMELL,"[""CHECK_ENGINE"", ""TEMPERATURE""]","[""OVERHEATING_BEFORE""]",NONE,OUTDOOR,WITHIN_WEEK,Honda,HYBRID,RADIATOR_FAN_ISSUE,real
WEIRD_BEHAVIOR,STARTS_BUT_ISSUE,NOISE,NOT_ASKED,NOT_ASKED,SQUEAL,NOT_ASKED,NOT_ASKED,NOT_ASKED,NOT_ASKED,BURNING_OIL,"[""BATTERY"", ""TEMPERATURE""]","[""OVERHEATING_BEFORE"", ""UNUSUAL_NOISE""]",YESTERDAY,OUTDOOR,TODAY_USUAL,Mahindra,DIESEL,BELT_BROKEN,real
ENGINE_PROBLEM,STARTS_BUT_ISSUE,SMOKE,NOT_ASKED,NOT_ASKED,NOT_ASKED,NOT_ASKED,WHITE,NOT_ASKED,NOT_ASKED,SWEET,"[""CHECK_ENGINE"", ""OIL"", ""TEMPERATURE""]","[""OVERHEATING_BEFORE""]",WITHIN_3_DAYS,OUTDOOR,WITHIN_WEEK,Mazda,DIESEL,ENGINE_OVERHEAT_SEVERE,real
WONT_START,CRANKS_NO_START,NOT_ASKED,NORMAL_CRANKING,NOT_ASKED,NOT_ASKED,NOT_ASKED,NOT_ASKED,NOT_ASKED,NOT_ASKED,FUEL_SMELL,"[""NONE""]","[""HARD_START"", ""LOSS_OF_POWER""]",MONSOON,OUTDOOR,TODAY_USUAL,Toyota,PETROL,FUEL_PUMP,real
ENGINE_PROBLEM,STARTS_BUT_ISSUE,NO_POWER,NOT_ASKED,NOT_ASKED,NOT_ASKED,NOT_ASKED,NOT_ASKED,NOT_ASKED,NOT_ASKED,BURNING_ELECTRICAL,"[""NONE""]","[""LOSS_OF_POWER"", ""UNUSUAL_NOISE""]",NONE,OUTDOOR,WITHIN_WEEK,Mazda,PETROL,IGNITION_SYSTEM,real
ENGINE_PROBLEM,NO_CRANK,NOT_ASKED,NOT_ASKED,SOME_LIGHTS_ON,NOT_ASKED,NOT_ASKED,NOT_ASKED,NOT_ASKED,NOT_ASKED,BURNING_ELECTRICAL,"[""NONE""]","[""LIGHTS_FLICKER"", ""LOSS_OF_POWER"", ""NO_SIGNS""]",MONSOON,OUTDOOR,WITHIN_WEEK,Hyundai,PETROL,ELECTRICAL_FAULT_RAIN,real
ENGINE_PROBLEM,STARTS_NORMAL,OVERHEATING,NOT_ASKED,NOT_ASKED,NOT_ASKED,ALWAYS,NOT_ASKED,NOT_ASKED,NOT_ASKED,SWEET,"[""TEMPERATURE""]","[""OVERHEATING_BEFORE"", ""UNUSUAL_NOISE"", ""SMELL_BEFORE"", ""NO_SIGNS""]",NONE,OUTDOOR,TODAY_NEW_STATION,Suzuki,PETROL,RADIATOR_HOSE_LEAK,real
ENGINE_PROBLEM,STARTS_BUT_ISSUE,OVERHEATING,NOT_ASKED,NOT_ASKED,NOT_ASKED,ALWAYS,NOT_ASKED,NOT_ASKED,NOT_ASKED,BURNING_OIL,"[""TEMPERATURE""]","[""LOSS_OF_POWER"", ""OVERHEATING_BEFORE""]",YESTERDAY,OUTDOOR,OVER_WEEK,Toyota,PETROL,ENGINE_OVERHEAT_SEVERE,real
ENGINE_PROBLEM,STARTS_BUT_ISSUE,OVERHEATING,NOT_ASKED,NOT_ASKED,NOT_ASKED,HILL_CLIMB,NOT_ASKED,NOT_ASKED,NOT_ASKED,NO_SMELL,"[""TEMPERATURE""]","[""OVERHEATING_BEFORE""]",YESTERDAY,OUTDOOR,WITHIN_WEEK,Mitsubishi,PETROL,COOLANT_LOW,real
BRAKE_ISSUE,NOT_ASKED,NOT_ASKED,NOT_ASKED,NOT_ASKED,NOT_ASKED,NOT_ASKED,NOT_ASKED,SQUEALING,NOT_ASKED,BURNING_OIL,"[""NONE""]","[""UNUSUAL_NOISE""]",WITHIN_3_DAYS,OUTDOOR,WITHIN_WEEK,Suzuki,PETROL,BRAKE_PAD_WORN,real
ENGINE_PROBLEM,STARTS_NORMAL,OVERHEATING,NOT_ASKED,NOT_ASKED,NOT_ASKED,TRAFFIC_ONLY,NOT_ASKED,NOT_ASKED,NOT_ASKED,NO_SMELL,"[""CHECK_ENGINE"", ""TEMPERATURE""]","[""NO_SIGNS""]",YESTERDAY,OUTDOOR,WITHIN_WEEK,Mazda,PETROL,COOLANT_LOW,real
BRAKE_ISSUE,NOT_ASKED,NOT_ASKED,NOT_ASKED,NOT_ASKED,NOT_ASKED,NOT_ASKED,NOT_ASKED,GRINDING,NOT_ASKED,NO_SMELL,"[""ABS"", ""BRAKE""]","[""UNUSUAL_NOISE""]",NONE,INDOOR,WITHIN_WEEK,Toyota,PETROL,BRAKE_PAD_WORN,real
ENGINE_PROBLEM,STARTS_NORMAL,OVERHEATING,NOT_ASKED,NOT_ASKED,NOT_ASKED,TRAFFIC_ONLY,NOT_ASKED,NOT_ASKED,NOT_ASKED,BURNING_OIL,"[""CHECK_ENGINE"", ""TEMPERATURE""]","[""OVERHEATING_BEFORE"", ""NO_SIGNS""]",WITHIN_3_DAYS,OUTDOOR,WITHIN_WEEK,Toyota,PETROL,RADIATOR_HOSE_LEAK,real
BRAKE_ISSUE,NOT_ASKED,NOT_ASKED,NOT_ASKED,NOT_ASKED,NOT_ASKED,NOT_ASKED,NOT_ASKED,SQUEALING,NOT_ASKED,NO_SMELL,"[""BRAKE""]","[""UNUSUAL_NOISE""]",YESTERDAY,INDOOR,WITHIN_WEEK,Hyundai,PETROL,BRAKE_PAD_WORN,real
ENGINE_PROBLEM,NO_CRANK,NOT_ASKED,NOT_ASKED,NOT_ASKED,NOT_ASKED,NOT_ASKED,NOT_ASKED,NOT_ASKED,NOT_ASKED,BURNING_ELECTRICAL,"[""OIL"", ""TEMPERATURE""]","[""OVERHEATING_BEFORE"", ""SMELL_BEFORE""]",NONE,INDOOR,WITHIN_WEEK,Toyota,PETROL,ENGINE_OVERHEAT_SEVERE,real
WONT_START,STARTS_BUT_ISSUE,STALLING,NOT_ASKED,NOT_ASKED,NOT_ASKED,NOT_ASKED,NOT_ASKED,NOT_ASKED,NOT_ASKED,FUEL_SMELL,"[""CHECK_ENGINE"", ""NONE""]","[""HARD_START""]",NONE,INDOOR,WITHIN_WEEK,Mahindra,DIESEL,FUEL_PUMP,real
ENGINE_PROBLEM,STARTS_BUT_ISSUE,OVERHEATING,NOT_ASKED,NOT_ASKED,NOT_ASKED,ALWAYS,NOT_ASKED,NOT_ASKED,NOT_ASKED,SWEET,"[""TEMPERATURE""]","[""LOSS_OF_POWER"", ""OVERHEATING_BEFORE"", ""SMELL_BEFORE""]",NONE,OUTDOOR,TODAY_USUAL,Nissan,DIESEL,ENGINE_OVERHEAT_SEVERE,real
WEIRD_BEHAVIOR,NO_CRANK,NOT_ASKED,NOT_ASKED,ALL_DEAD_NO_LIGHTS,NOT_ASKED,NOT_ASKED,NOT_ASKED,NOT_ASKED,NOT_ASKED,BURNING_ELECTRICAL,"[""BATTERY"", ""CHECK_ENGINE"", ""NONE""]","[""LOSS_OF_POWER""]",WITHIN_3_DAYS,OUTDOOR,WITHIN_WEEK,Suzuki,PETROL,ELECTRICAL_FAULT_RAIN,real
ENGINE_PROBLEM,STARTS_NORMAL,NO_POWER,NOT_ASKED,NOT_ASKED,NOT_ASKED,NOT_ASKED,NOT_ASKED,NOT_ASKED,NOT_ASKED,NO_SMELL,"[""NONE""]","[""HARD_START"", ""UNUSUAL_NOISE""]",NONE,OUTDOOR,TODAY_NEW_STATION,Mitsubishi,DIESEL,FUEL_FILTER_CLOGGED,real
WONT_START,NO_CRANK,NOT_ASKED,NOT_ASKED,DIM_LIGHTS,NOT_ASKED,NOT_ASKED,NOT_ASKED,NOT_ASKED,NOT_ASKED,NO_SMELL,"[""BATTERY""]","[""LIGHTS_FLICKER""]",NONE,OUTDOOR,WITHIN_WEEK,Nissan,PETROL,BATTERY_REPLACE,real
WONT_START,STARTS_BUT_ISSUE,NOT_ASKED,NOT_ASKED,NOT_ASKED,NOT_ASKED,NOT_ASKED,NOT_ASKED,NOT_ASKED,NOT_ASKED,NO_SMELL,"[""NONE""]","[""HARD_START"", ""NO_SIGNS""]",NONE,INDOOR,WITHIN_WEEK,Toyota,DIESEL,STARTER_MOTOR,real
ENGINE_PROBLEM,STARTS_BUT_ISSUE,OVERHEATING,NOT_ASKED,NOT_ASKED,NOT_ASKED,HILL_CLIMB,NOT_ASKED,NOT_ASKED,NOT_ASKED,BURNING_OIL,"[""BATTERY"", ""TEMPERATURE""]","[""NO_SIGNS""]",NONE,OUTDOOR,TODAY_USUAL,Toyota,PETROL,BELT_BROKEN,real
BRAKE_ISSUE,NOT_ASKED,NOT_ASKED,NOT_ASKED,NOT_ASKED,NOT_ASKED,NOT_ASKED,NOT_ASKED,GRINDING,NOT_ASKED,NO_SMELL,"[""NONE""]","[""UNUSUAL_NOISE""]",NONE,OUTDOOR,OVER_WEEK,Toyota,PETROL,BRAKE_PAD_WORN,real
GEAR_ISSUE,NOT_ASKED,NOT_ASKED,NOT_ASKED,NOT_ASKED,NOT_ASKED,NOT_ASKED,NOT_ASKED,NOT_ASKED,WONT_ENGAGE,NO_SMELL,"[""CHECK_ENGINE"", ""SERVICE""]","[""LOSS_OF_POWER"", ""UNUSUAL_NOISE""]",YESTERDAY,OUTDOOR,WITHIN_WEEK,Suzuki,PETROL,TRANSMISSION_ISSUE,real
WEIRD_BEHAVIOR,NOT_ASKED,NOT_ASKED,NOT_ASKED,NOT_ASKED,NOT_ASKED,NOT_ASKED,NOT_ASKED,NOT_ASKED,NOT_ASKED,NO_SMELL,"[""CHECK_ENGINE"", ""SERVICE""]","[""NO_SIGNS""]",NONE,OUTDOOR,WITHIN_WEEK,Toyota,DIESEL,TRANSMISSION_ISSUE,real
BRAKE_ISSUE,NOT_ASKED,NOT_ASKED,NOT_ASKED,NOT_ASKED,NOT_ASKED,NOT_ASKED,NOT_ASKED,PULL_ONE_SIDE,NOT_ASKED,BURNING_ELECTRICAL,"[""NONE""]","[""UNUSUAL_NOISE"", ""NO_SIGNS""]",YESTERDAY,OUTDOOR,WITHIN_WEEK,Toyota,PETROL,BRAKE_PAD_WORN,real
WEIRD_BEHAVIOR,STARTS_NORMAL,SMOKE,NOT_ASKED,NOT_ASKED,NOT_ASKED,NOT_ASKED,WHITE,NOT_ASKED,NOT_ASKED,NO_SMELL,"[""TEMPERATURE""]","[""LOSS_OF_POWER"", ""OVERHEATING_BEFORE""]",YESTERDAY,OUTDOOR,WITHIN_WEEK,Mahindra,DIESEL,COOLANT_LOW,real
ENGINE_PROBLEM,STARTS_NORMAL,NO_POWER,NOT_ASKED,NOT_ASKED,NOT_ASKED,NOT_ASKED,NOT_ASKED,NOT_ASKED,NOT_ASKED,NO_SMELL,"[""BATTERY"", ""CHECK_ENGINE""]","[""OVERHEATING_BEFORE""]",NONE,OUTDOOR,TODAY_USUAL,Suzuki,PETROL,BELT_BROKEN,real
WEIRD_BEHAVIOR,STARTS_BUT_ISSUE,STALLING,NOT_ASKED,NOT_ASKED,NOT_ASKED,NOT_ASKED,NOT_ASKED,NOT_ASKED,NOT_ASKED,NO_SMELL,"[""BATTERY""]","[""HARD_START"", ""LIGHTS_FLICKER"", ""LOSS_OF_POWER""]",NONE,INDOOR,TODAY_NEW_STATION,Toyota,PETROL,ALTERNATOR_ISSUE,real
ENGINE_PROBLEM,NO_CRANK,NOT_ASKED,NOT_ASKED,DIM_LIGHTS,NOT_ASKED,NOT_ASKED,NOT_ASKED,NOT_ASKED,NOT_ASKED,NO_SMELL,"[""BATTERY""]","[""LIGHTS_FLICKER""]",NONE,OUTDOOR,WITHIN_WEEK,Mitsubishi,DIESEL,BATTERY_REPLACE,real
WONT_START,STARTS_BUT_ISSUE,NOT_ASKED,NOT_ASKED,NOT_ASKED,NOT_ASKED,NOT_ASKED,NOT_ASKED,NOT_ASKED,NOT_ASKED,NO_SMELL,"[""NONE""]","[""NO_SIGNS""]",MONSOON,INDOOR,WITHIN_WEEK,Mitsubishi,DIESEL,STARTER_MOTOR,real
ENGINE_PROBLEM,STARTS_NORMAL,OVERHEATING,NOT_ASKED,NOT_ASKED,NOT_ASKED,WITH_AC,NOT_ASKED,NOT_ASKED,NOT_ASKED,NO_SMELL,"[""TEMPERATURE""]","[""OVERHEATING_BEFORE""]",YESTERDAY,OUTDOOR,WITHIN_WEEK,Toyota,HYBRID,RADIATOR_FAN_ISSUE,real
WEIRD_BEHAVIOR,STARTS_NORMAL,OVERHEATING,NOT_ASKED,NOT_ASKED,NOT_ASKED,TRAFFIC_ONLY,NOT_ASKED,NOT_ASKED,NOT_ASKED,NO_SMELL,"[""TEMPERATURE"", ""NONE""]","[""NO_SIGNS""]",YESTERDAY,OUTDOOR,WITHIN_WEEK,Honda,HYBRID,COOLANT_LOW,real
WONT_START,NO_CRANK,NOT_ASKED,NOT_ASKED,ALL_DEAD_NO_LIGHTS,NOT_ASKED,NOT_ASKED,NOT_ASKED,NOT_ASKED,NOT_ASKED,NO_SMELL,"[""BATTERY""]","[""HARD_START"", ""LIGHTS_FLICKER""]",WITHIN_3_DAYS,OUTDOOR,TODAY_USUAL,Kia,PETROL,BATTERY_REPLACE,real
ENGINE_PROBLEM,STARTS_BUT_ISSUE,NOT_ASKED,NOT_ASKED,NOT_ASKED,NOT_ASKED,NOT_ASKED,NOT_ASKED,NOT_ASKED,NOT_ASKED,NO_SMELL,"[""BATTERY""]","[""HARD_START"", ""NO_SIGNS""]",NONE,INDOOR,WITHIN_WEEK,Toyota,PETROL,BATTERY_REPLACE,real
WEIRD_BEHAVIOR,STARTS_BUT_ISSUE,STALLING,NOT_ASKED,NOT_ASKED,NOT_ASKED,NOT_ASKED,NOT_ASKED,NOT_ASKED,NOT_ASKED,FUEL_SMELL,"[""CHECK_ENGINE"", ""NONE""]","[""HARD_START"", ""LOSS_OF_POWER""]",NONE,INDOOR,TODAY_USUAL,Mitsubishi,PETROL,FUEL_FILTER_CLOGGED,real
ENGINE_PROBLEM,STARTS_NORMAL,OVERHEATING,NOT_ASKED,NOT_ASKED,NOT_ASKED,WITH_AC,NOT_ASKED,NOT_ASKED,NOT_ASKED,NO_SMELL,"[""NONE""]","[""OVERHEATING_BEFORE""]",WITHIN_3_DAYS,INDOOR,TODAY_NEW_STATION,Suzuki,PETROL,COOLANT_LOW,real
WONT_START,NO_CRANK,NOT_ASKED,NOT_ASKED,ALL_DEAD_NO_LIGHTS,NOT_ASKED,NOT_ASKED,NOT_ASKED,NOT_ASKED,NOT_ASKED,NO_SMELL,"[""BATTERY"", ""ABS""]","[""NO_SIGNS""]",MONSOON,OUTDOOR,OVER_WEEK,Toyota,PETROL,ELECTRICAL_FAULT_RAIN,real
ENGINE_PROBLEM,NO_CRANK,NOT_ASKED,NOT_ASKED,DIM_LIGHTS,NOT_ASKED,NOT_ASKED,NOT_ASKED,NOT_ASKED,NOT_ASKED,NO_SMELL,"[""BATTERY""]","[""HARD_START""]",MONSOON,INDOOR,WITHIN_WEEK,Honda,HYBRID,BATTERY_REPLACE,real
WONT_START,NO_CRANK,NOT_ASKED,NOT_ASKED,ALL_DEAD_NO_LIGHTS,NOT_ASKED,NOT_ASKED,NOT_ASKED,NOT_ASKED,NOT_ASKED,BURNING_ELECTRICAL,"[""BATTERY"", ""CHECK_ENGINE""]","[""LIGHTS_FLICKER"", ""NO_SIGNS""]",MONSOON,OUTDOOR,WITHIN_WEEK,Suzuki,PETROL,ELECTRICAL_FAULT_RAIN,real
ENGINE_PROBLEM,NO_CRANK,NOT_ASKED,NOT_ASKED,DIM_LIGHTS,NOT_ASKED,NOT_ASKED,NOT_ASKED,NOT_ASKED,NOT_ASKED,NO_SMELL,"[""NONE""]","[""NO_SIGNS""]",WITHIN_3_DAYS,OUTDOOR,WITHIN_WEEK,Mitsubishi,DIESEL,BATTERY_TERMINAL_CLEAN,real
WONT_START,STARTS_BUT_ISSUE,NOISE,NOT_ASKED,NOT_ASKED,NOT_ASKED,NOT_ASKED,NOT_ASKED,NOT_ASKED,NOT_ASKED,FUEL_SMELL,"[""CHECK_ENGINE""]","[""NO_SIGNS""]",NONE,INDOOR,WITHIN_WEEK,Suzuki,PETROL,IGNITION_SYSTEM,real
ENGINE_PROBLEM,STARTS_BUT_ISSUE,NO_POWER,NOT_ASKED,NOT_ASKED,NOT_ASKED,NOT_ASKED,NOT_ASKED,NOT_ASKED,NOT_ASKED,NO_SMELL,"[""NONE""]","[""HARD_START""]",MONSOON,OUTDOOR,TODAY_NEW_STATION,Suzuki,PETROL,FUEL_FILTER_CLOGGED,real
WONT_START,STARTS_BUT_ISSUE,NOT_ASKED,NOT_ASKED,NOT_ASKED,NOT_ASKED,NOT_ASKED,NOT_ASKED,NOT_ASKED,NOT_ASKED,NO_SMELL,"[""NONE""]","[""HARD_START""]",NONE,OUTDOOR,WITHIN_WEEK,Toyota,PETROL,BATTERY_REPLACE,real
BRAKE_ISSUE,NOT_ASKED,NOT_ASKED,NOT_ASKED,NOT_ASKED,NOT_ASKED,NOT_ASKED,NOT_ASKED,GRINDING,NOT_ASKED,NO_SMELL,"[""ABS"", ""BRAKE""]","[""LOSS_OF_POWER"", ""UNUSUAL_NOISE""]",NONE,INDOOR,OVER_WEEK,Mitsubishi,DIESEL,BRAKE_FAILURE,real
WONT_START,NO_CRANK,NOT_ASKED,NOT_ASKED,DIM_LIGHTS,NOT_ASKED,NOT_ASKED,NOT_ASKED,NOT_ASKED,NOT_ASKED,NO_SMELL,"[""NONE""]","[""HARD_START"", ""NO_SIGNS""]",YESTERDAY,OUTDOOR,WITHIN_WEEK,Toyota,HYBRID,BATTERY_JUMP,real
GEAR_ISSUE,NOT_ASKED,NOT_ASKED,NOT_ASKED,NOT_ASKED,NOT_ASKED,NOT_ASKED,NOT_ASKED,NOT_ASKED,CLUTCH_SOFT,BURNING_OIL,"[""NONE""]","[""LOSS_OF_POWER"", ""UNUSUAL_NOISE""]",NONE,OUTDOOR,WITHIN_WEEK,Toyota,DIESEL,CLUTCH_WORN,real
WONT_START,NO_CRANK,NOT_ASKED,NOT_ASKED,DIM_LIGHTS,NOT_ASKED,NOT_ASKED,NOT_ASKED,NOT_ASKED,NOT_ASKED,NO_SMELL,"[""BATTERY""]","[""NO_SIGNS""]",YESTERDAY,OUTDOOR,TODAY_USUAL,Nissan,PETROL,BATTERY_JUMP,real
WEIRD_BEHAVIOR,STARTS_NORMAL,OVERHEATING,NOT_ASKED,NOT_ASKED,NOT_ASKED,ALWAYS,NOT_ASKED,NOT_ASKED,NOT_ASKED,SWEET,"[""TEMPERATURE""]","[""SMELL_BEFORE"", ""NO_SIGNS""]",NONE,OUTDOOR,WITHIN_WEEK,Suzuki,PETROL,RADIATOR_HOSE_LEAK,real
ENGINE_PROBLEM,STARTS_NORMAL,OVERHEATING,NOT_ASKED,NOT_ASKED,NOT_ASKED,ALWAYS,NOT_ASKED,NOT_ASKED,NOT_ASKED,NO_SMELL,"[""TEMPERATURE""]","[""OVERHEATING_BEFORE""]",NONE,OUTDOOR,TODAY_USUAL,Mazda,DIESEL,RADIATOR_FAN_ISSUE,real
WONT_START,NO_CRANK,NOT_ASKED,NOT_ASKED,SOME_LIGHTS_ON,NOT_ASKED,NOT_ASKED,NOT_ASKED,NOT_ASKED,NOT_ASKED,NO_SMELL,"[""CHECK_ENGINE""]","[""HARD_START""]",YESTERDAY,INDOOR,WITHIN_WEEK,Suzuki,PETROL,STARTER_MOTOR,real
ENGINE_PROBLEM,NO_CRANK,NOT_ASKED,NOT_ASKED,SOME_LIGHTS_ON,NOT_ASKED,NOT_ASKED,NOT_ASKED,NOT_ASKED,NOT_ASKED,BURNING_ELECTRICAL,"[""BATTERY""]","[""HARD_START"", ""LIGHTS_FLICKER"", ""LOSS_OF_POWER""]",YESTERDAY,OUTDOOR,TODAY_USUAL,Kia,PETROL,ALTERNATOR_ISSUE,real
WONT_START,NO_CRANK,NOT_ASKED,NOT_ASKED,DIM_LIGHTS,NOT_ASKED,NOT_ASKED,NOT_ASKED,NOT_ASKED,NOT_ASKED,NO_SMELL,"[""BATTERY""]","[""HARD_START"", ""NO_SIGNS""]",NONE,OUTDOOR,WITHIN_WEEK,Suzuki,PETROL,BATTERY_JUMP,real
WONT_START,NO_CRANK,NOT_ASKED,NOT_ASKED,DIM_LIGHTS,NOT_ASKED,NOT_ASKED,NOT_ASKED,NOT_ASKED,NOT_ASKED,NO_SMELL,"[""NONE""]","[""HARD_START""]",NONE,OUTDOOR,TODAY_USUAL,Honda,PETROL,BATTERY_JUMP,real
WONT_START,CRANKS_NO_START,NOT_ASKED,NORMAL_CRANKING,NOT_ASKED,NOT_ASKED,NOT_ASKED,NOT_ASKED,NOT_ASKED,NOT_ASKED,NO_SMELL,"[""NONE""]","[""NO_SIGNS""]",NONE,OUTDOOR,WITHIN_WEEK,Honda,PETROL,BATTERY_JUMP,real
WONT_START,STARTS_BUT_ISSUE,STALLING,NOT_ASKED,NOT_ASKED,NOT_ASKED,NOT_ASKED,NOT_ASKED,NOT_ASKED,NOT_ASKED,NO_SMELL,"[""BATTERY""]","[""LOSS_OF_POWER""]",NONE,INDOOR,TODAY_USUAL,Toyota,PETROL,ALTERNATOR_ISSUE,real
WONT_START,NO_CRANK,NOT_ASKED,NOT_ASKED,SOME_LIGHTS_ON,NOT_ASKED,NOT_ASKED,NOT_ASKED,NOT_ASKED,NOT_ASKED,NO_SMELL,"[""BATTERY"", ""CHECK_ENGINE"", ""NONE""]","[""NO_SIGNS""]",NONE,OUTDOOR,TODAY_USUAL,Honda,HYBRID,BATTERY_REPLACE,real
WEIRD_BEHAVIOR,STARTS_BUT_ISSUE,NO_POWER,NOT_ASKED,NOT_ASKED,NOT_ASKED,NOT_ASKED,NOT_ASKED,NOT_ASKED,NOT_ASKED,NO_SMELL,"[""NONE""]","[""LOSS_OF_POWER""]",NONE,INDOOR,WITHIN_WEEK,Toyota,PETROL,FUEL_FILTER_CLOGGED,real
ENGINE_PROBLEM,STARTS_NORMAL,NO_POWER,NOT_ASKED,NOT_ASKED,NOT_ASKED,NOT_ASKED,NOT_ASKED,NOT_ASKED,NOT_ASKED,NO_SMELL,"[""TEMPERATURE""]","[""OVERHEATING_BEFORE""]",WITHIN_3_DAYS,OUTDOOR,WITHIN_WEEK,Honda,HYBRID,COOLANT_LOW,real
ENGINE_PROBLEM,STARTS_BUT_ISSUE,OVERHEATING,NOT_ASKED,NOT_ASKED,NOT_ASKED,TRAFFIC_ONLY,NOT_ASKED,NOT_ASKED,NOT_ASKED,NO_SMELL,"[""TEMPERATURE"", ""NONE""]","[""OVERHEATING_BEFORE""]",NONE,OUTDOOR,WITHIN_WEEK,Mazda,DIESEL,RADIATOR_FAN_ISSUE,real
ENGINE_PROBLEM,NOT_ASKED,NOT_ASKED,NOT_ASKED,NOT_ASKED,NOT_ASKED,NOT_ASKED,NOT_ASKED,NOT_ASKED,NOT_ASKED,NO_SMELL,"[""CHECK_ENGINE"", ""SERVICE""]","[""NO_SIGNS""]",YESTERDAY,OUTDOOR,TODAY_USUAL,Toyota,DIESEL,TRANSMISSION_ISSUE,real
WONT_START,CRANKS_NO_START,NOT_ASKED,NORMAL_CRANKING,NOT_ASKED,NOT_ASKED,NOT_ASKED,NOT_ASKED,NOT_ASKED,NOT_ASKED,FUEL_SMELL,"[""CHECK_ENGINE""]","[""LOSS_OF_POWER""]",WITHIN_3_DAYS,OUTDOOR,TODAY_USUAL,Mazda,PETROL,IGNITION_SYSTEM,real
WONT_START,NO_CRANK,NOT_ASKED,NOT_ASKED,SOME_LIGHTS_ON,NOT_ASKED,NOT_ASKED,NOT_ASKED,NOT_ASKED,NOT_ASKED,NO_SMELL,"[""CHECK_ENGINE"", ""NONE""]","[""NO_SIGNS""]",YESTERDAY,OUTDOOR,WITHIN_WEEK,Mahindra,DIESEL,STARTER_MOTOR,real
WONT_START,NO_CRANK,NOT_ASKED,NOT_ASKED,ALL_DEAD_NO_LIGHTS,NOT_ASKED,NOT_ASKED,NOT_ASKED,NOT_ASKED,NOT_ASKED,NO_SMELL,"[""BATTERY""]","[""HARD_START""]",NONE,OUTDOOR,WITHIN_WEEK,Toyota,PETROL,BATTERY_JUMP,real
WONT_START,CRANKS_NO_START,NOT_ASKED,WHIRRING,NOT_ASKED,NOT_ASKED,NOT_ASKED,NOT_ASKED,NOT_ASKED,NOT_ASKED,BURNING_ELECTRICAL,"[""CHECK_ENGINE"", ""OIL"", ""TEMPERATURE""]","[""OVERHEATING_BEFORE"", ""UNUSUAL_NOISE""]",YESTERDAY,INDOOR,WITHIN_WEEK,Mazda,DIESEL,SEVERE_MECHANICAL_TOW,real
BRAKE_ISSUE,NOT_ASKED,NOT_ASKED,NOT_ASKED,NOT_ASKED,NOT_ASKED,NOT_ASKED,NOT_ASKED,SQUEALING,NOT_ASKED,NO_SMELL,"[""NONE""]","[""UNUSUAL_NOISE""]",WITHIN_3_DAYS,INDOOR,WITHIN_WEEK,Nissan,DIESEL,BRAKE_PAD_WORN,real
WEIRD_BEHAVIOR,STARTS_BUT_ISSUE,OVERHEATING,NOT_ASKED,NOT_ASKED,NOT_ASKED,TRAFFIC_ONLY,NOT_ASKED,NOT_ASKED,NOT_ASKED,NO_SMELL,"[""NONE""]","[""OVERHEATING_BEFORE""]",NONE,OUTDOOR,TODAY_NEW_STATION,Mazda,PETROL,COOLANT_LOW,real
ENGINE_PROBLEM,STARTS_BUT_ISSUE,OVERHEATING,NOT_ASKED,NOT_ASKED,NOT_ASKED,HILL_CLIMB,NOT_ASKED,NOT_ASKED,NOT_ASKED,SWEET,"[""CHECK_ENGINE""]","[""SMELL_BEFORE"", ""NO_SIGNS""]",WITHIN_3_DAYS,INDOOR,OVER_WEEK,Toyota,HYBRID,RADIATOR_HOSE_LEAK,real
ENGINE_PROBLEM,STARTS_NORMAL,OVERHEATING,NOT_ASKED,NOT_ASKED,NOT_ASKED,TRAFFIC_ONLY,NOT_ASKED,NOT_ASKED,NOT_ASKED,NO_SMELL,"[""CHECK_ENGINE"", ""TEMPERATURE"", ""NONE""]","[""OVERHEATING_BEFORE"", ""NO_SIGNS""]",NONE,OUTDOOR,WITHIN_WEEK,Toyota,DIESEL,RADIATOR_FAN_ISSUE,real
ENGINE_PROBLEM,NO_CRANK,NOT_ASKED,NOT_ASKED,DIM_LIGHTS,NOT_ASKED,NOT_ASKED,NOT_ASKED,NOT_ASKED,NOT_ASKED,BURNING_ELECTRICAL,"[""NONE""]","[""LOSS_OF_POWER"", ""NO_SIGNS""]",MONSOON,OUTDOOR,OVER_WEEK,Mitsubishi,PETROL,ELECTRICAL_FAULT_RAIN,real
WONT_START,NO_CRANK,NOT_ASKED,NOT_ASKED,ALL_DEAD_NO_LIGHTS,NOT_ASKED,NOT_ASKED,NOT_ASKED,NOT_ASKED,NOT_ASKED,NO_SMELL,"[""NONE""]","[""HARD_START""]",WITHIN_3_DAYS,INDOOR,WITHIN_WEEK,Toyota,PETROL,BATTERY_JUMP,real
WONT_START,STARTS_BUT_ISSUE,OVERHEATING,NOT_ASKED,NOT_ASKED,NOT_ASKED,WITH_AC,NOT_ASKED,NOT_ASKED,NOT_ASKED,NO_SMELL,"[""TEMPERATURE""]","[""NO_SIGNS""]",YESTERDAY,INDOOR,OVER_WEEK,Suzuki,PETROL,RADIATOR_FAN_ISSUE,real
BRAKE_ISSUE,NOT_ASKED,NOT_ASKED,NOT_ASKED,NOT_ASKED,NOT_ASKED,NOT_ASKED,NOT_ASKED,SOFT_PEDAL,NOT_ASKED,BURNING_OIL,"[""CHECK_ENGINE"", ""BRAKE""]","[""NO_SIGNS""]",MONSOON,INDOOR,WITHIN_WEEK,Mitsubishi,DIESEL,BRAKE_FAILURE,real
WONT_START,STARTS_BUT_ISSUE,NOT_ASKED,NOT_ASKED,NOT_ASKED,NOT_ASKED,NOT_ASKED,NOT_ASKED,NOT_ASKED,NOT_ASKED,NO_SMELL,"[""NONE""]","[""HARD_START""]",NONE,OUTDOOR,TODAY_USUAL,Toyota,HYBRID,BATTERY_TERMINAL_CLEAN,real
ENGINE_PROBLEM,STARTS_NORMAL,OVERHEATING,NOT_ASKED,NOT_ASKED,NOT_ASKED,HILL_CLIMB,NOT_ASKED,NOT_ASKED,NOT_ASKED,SWEET,"[""NONE""]","[""LOSS_OF_POWER"", ""OVERHEATING_BEFORE""]",NONE,OUTDOOR,TODAY_USUAL,Toyota,PETROL,COOLANT_LOW,real
BRAKE_ISSUE,NOT_ASKED,NOT_ASKED,NOT_ASKED,NOT_ASKED,NOT_ASKED,NOT_ASKED,NOT_ASKED,SQUEALING,NOT_ASKED,NO_SMELL,"[""BRAKE"", ""NONE""]","[""UNUSUAL_NOISE""]",NONE,OUTDOOR,WITHIN_WEEK,Toyota,HYBRID,BRAKE_PAD_WORN,real
ENGINE_PROBLEM,STARTS_NORMAL,OVERHEATING,NOT_ASKED,NOT_ASKED,NOT_ASKED,WITH_AC,NOT_ASKED,NOT_ASKED,NOT_ASKED,BURNING_OIL,"[""TEMPERATURE""]","[""OVERHEATING_BEFORE""]",YESTERDAY,OUTDOOR,TODAY_NEW_STATION,Suzuki,PETROL,COOLANT_LOW,real
ENGINE_PROBLEM,NO_CRANK,NOT_ASKED,NOT_ASKED,ALL_DEAD_NO_LIGHTS,NOT_ASKED,NOT_ASKED,NOT_ASKED,NOT_ASKED,NOT_ASKED,BURNING_ELECTRICAL,"[""BATTERY""]","[""LIGHTS_FLICKER"", ""LOSS_OF_POWER""]",NONE,INDOOR,OVER_WEEK,Toyota,PETROL,ALTERNATOR_ISSUE,real
WEIRD_BEHAVIOR,CRANKS_NO_START,NOT_ASKED,GRINDING,NOT_ASKED,NOT_ASKED,NOT_ASKED,NOT_ASKED,NOT_ASKED,NOT_ASKED,BURNING_ELECTRICAL,"[""TEMPERATURE""]","[""LOSS_OF_POWER"", ""OVERHEATING_BEFORE"", ""SMELL_BEFORE""]",YESTERDAY,INDOOR,WITHIN_WEEK,Mahindra,DIESEL,ENGINE_OVERHEAT_SEVERE,real
ENGINE_PROBLEM,STARTS_NORMAL,OVERHEATING,NOT_ASKED,NOT_ASKED,NOT_ASKED,ALWAYS,NOT_ASKED,NOT_ASKED,NOT_ASKED,NO_SMELL,"[""TEMPERATURE""]","[""NO_SIGNS""]",NONE,INDOOR,WITHIN_WEEK,Toyota,PETROL,COOLANT_LOW,real
WONT_START,NO_CRANK,NOT_ASKED,NOT_ASKED,DIM_LIGHTS,NOT_ASKED,NOT_ASKED,NOT_ASKED,NOT_ASKED,NOT_ASKED,NO_SMELL,"[""NONE""]","[""HARD_START""]",NONE,INDOOR,OVER_WEEK,Toyota,DIESEL,BATTERY_JUMP,real
WONT_START,NO_CRANK,NOT_ASKED,NOT_ASKED,ALL_DEAD_NO_LIGHTS,NOT_ASKED,NOT_ASKED,NOT_ASKED,NOT_ASKED,NOT_ASKED,NO_SMELL,"[""CHECK_ENGINE""]","[""NO_SIGNS""]",WITHIN_3_DAYS,INDOOR,TODAY_USUAL,Toyota,PETROL,BATTERY_JUMP,real
ENGINE_PROBLEM,STARTS_NORMAL,OVERHEATING,NOT_ASKED,NOT_ASKED,NOT_ASKED,ALWAYS,NOT_ASKED,NOT_ASKED,NOT_ASKED,NO_SMELL,"[""TEMPERATURE""]","[""OVERHEATING_BEFORE"", ""NO_SIGNS""]",NONE,INDOOR,TODAY_USUAL,Honda,PETROL,RADIATOR_FAN_ISSUE,real
WEIRD_BEHAVIOR,STARTS_NORMAL,NO_POWER,NOT_ASKED,NOT_ASKED,NOT_ASKED,NOT_ASKED,NOT_ASKED,NOT_ASKED,NOT_ASKED,NO_SMELL,"[""NONE""]","[""HARD_START"", ""LOSS_OF_POWER""]",WITHIN_3_DAYS,OUTDOOR,TODAY_USUAL,Toyota,DIESEL,FUEL_FILTER_CLOGGED,real
BRAKE_ISSUE,NOT_ASKED,NOT_ASKED,NOT_ASKED,NOT_ASKED,NOT_ASKED,NOT_ASKED,NOT_ASKED,SOFT_PEDAL,NOT_ASKED,BURNING_ELECTRICAL,"[""BRAKE""]","[""NO_SIGNS""]",NONE,OUTDOOR,OVER_WEEK,Kia,PETROL,BRAKE_FAILURE,real
WONT_START,NO_CRANK,NOT_ASKED,NOT_ASKED,DIM_LIGHTS,NOT_ASKED,NOT_ASKED,NOT_ASKED,NOT_ASKED,NOT_ASKED,NO_SMELL,"[""BATTERY""]","[""NO_SIGNS""]",MONSOON,OUTDOOR,OVER_WEEK,Suzuki,PETROL,BATTERY_JUMP,real
BRAKE_ISSUE,NOT_ASKED,NOT_ASKED,NOT_ASKED,NOT_ASKED,NOT_ASKED,NOT_ASKED,NOT_ASKED,SQUEALING,NOT_ASKED,BURNING_OIL,"[""BRAKE"", ""NONE""]","[""UNUSUAL_NOISE""]",YESTERDAY,INDOOR,WITHIN_WEEK,Honda,PETROL,BRAKE_PAD_WORN,real
ENGINE_PROBLEM,STARTS_BUT_ISSUE,OVERHEATING,NOT_ASKED,NOT_ASKED,NOT_ASKED,WITH_AC,NOT_ASKED,NOT_ASKED,NOT_ASKED,NO_SMELL,"[""NONE""]","[""OVERHEATING_BEFORE""]",NONE,OUTDOOR,TODAY_USUAL,Toyota,HYBRID,COOLANT_LOW,real
ENGINE_PROBLEM,STARTS_NORMAL,OVERHEATING,NOT_ASKED,NOT_ASKED,NOT_ASKED,TRAFFIC_ONLY,NOT_ASKED,NOT_ASKED,NOT_ASKED,NO_SMELL,"[""TEMPERATURE""]","[""NO_SIGNS""]",NONE,INDOOR,TODAY_NEW_STATION,Suzuki,PETROL,RADIATOR_FAN_ISSUE,real
ENGINE_PROBLEM,STARTS_BUT_ISSUE,OVERHEATING,NOT_ASKED,NOT_ASKED,NOT_ASKED,WITH_AC,NOT_ASKED,NOT_ASKED,NOT_ASKED,NO_SMELL,"[""TEMPERATURE""]","[""NO_SIGNS""]",NONE,INDOOR,TODAY_USUAL,Suzuki,PETROL,RADIATOR_HOSE_LEAK,real
ENGINE_PROBLEM,STARTS_BUT_ISSUE,NO_POWER,NOT_ASKED,NOT_ASKED,NOT_ASKED,NOT_ASKED,NOT_ASKED,NOT_ASKED,NOT_ASKED,NO_SMELL,"[""BATTERY""]","[""LIGHTS_FLICKER"", ""LOSS_OF_POWER""]",MONSOON,OUTDOOR,WITHIN_WEEK,Suzuki,PETROL,ALTERNATOR_ISSUE,real
ENGINE_PROBLEM,NOT_ASKED,NOT_ASKED,NOT_ASKED,NOT_ASKED,NOT_ASKED,NOT_ASKED,NOT_ASKED,NOT_ASKED,NOT_ASKED,NO_SMELL,"[""BRAKE""]","[""UNUSUAL_NOISE""]",NONE,OUTDOOR,WITHIN_WEEK,Honda,HYBRID,BRAKE_PAD_WORN,real
WONT_START,NO_CRANK,NOT_ASKED,NOT_ASKED,ALL_DEAD_NO_LIGHTS,NOT_ASKED,NOT_ASKED,NOT_ASKED,NOT_ASKED,NOT_ASKED,NO_SMELL,"[""BATTERY"", ""CHECK_ENGINE""]","[""NO_SIGNS""]",NONE,INDOOR,WITHIN_WEEK,Mitsubishi,DIESEL,BATTERY_REPLACE,real
GEAR_ISSUE,NOT_ASKED,NOT_ASKED,NOT_ASKED,NOT_ASKED,NOT_ASKED,NOT_ASKED,NOT_ASKED,NOT_ASKED,SLIPPING,NO_SMELL,"[""CHECK_ENGINE""]","[""UNUSUAL_NOISE""]",NONE,OUTDOOR,WITHIN_WEEK,Nissan,PETROL,TRANSMISSION_ISSUE,real
WONT_START,NO_CRANK,NOT_ASKED,NOT_ASKED,SOME_LIGHTS_ON,NOT_ASKED,NOT_ASKED,NOT_ASKED,NOT_ASKED,NOT_ASKED,NO_SMELL,"[""BATTERY""]","[""HARD_START"", ""LIGHTS_FLICKER""]",NONE,OUTDOOR,WITHIN_WEEK,Kia,PETROL,BATTERY_JUMP,real
WONT_START,STARTS_BUT_ISSUE,NOISE,NOT_ASKED,NOT_ASKED,NOT_ASKED,NOT_ASKED,NOT_ASKED,NOT_ASKED,NOT_ASKED,NO_SMELL,"[""CHECK_ENGINE""]","[""HARD_START"", ""LOSS_OF_POWER""]",YESTERDAY,OUTDOOR,OVER_WEEK,Mahindra,DIESEL,FUEL_FILTER_CLOGGED,real
GEAR_ISSUE,NOT_ASKED,NOT_ASKED,NOT_ASKED,NOT_ASKED,NOT_ASKED,NOT_ASKED,NOT_ASKED,NOT_ASKED,SLIPPING,BURNING_OIL,"[""NONE""]","[""NO_SIGNS""]",WITHIN_3_DAYS,OUTDOOR,TODAY_USUAL,Suzuki,PETROL,CLUTCH_WORN,real
WONT_START,NO_CRANK,NOT_ASKED,NOT_ASKED,SOME_LIGHTS_ON,NOT_ASKED,NOT_ASKED,NOT_ASKED,NOT_ASKED,NOT_ASKED,NO_SMELL,"[""BATTERY""]","[""HARD_START""]",NONE,OUTDOOR,TODAY_USUAL,Mitsubishi,DIESEL,BATTERY_JUMP,real
ENGINE_PROBLEM,STARTS_BUT_ISSUE,OVERHEATING,NOT_ASKED,NOT_ASKED,NOT_ASKED,TRAFFIC_ONLY,NOT_ASKED,NOT_ASKED,NOT_ASKED,SWEET,"[""TEMPERATURE""]","[""LOSS_OF_POWER"", ""OVERHEATING_BEFORE""]",NONE,OUTDOOR,OVER_WEEK,Toyota,PETROL,ENGINE_OVERHEAT_SEVERE,real
WONT_START,NO_CRANK,NOT_ASKED,NOT_ASKED,ALL_DEAD_NO_LIGHTS,NOT_ASKED,NOT_ASKED,NOT_ASKED,NOT_ASKED,NOT_ASKED,NO_SMELL,"[""BATTERY""]","[""LIGHTS_FLICKER""]",YESTERDAY,OUTDOOR,TODAY_NEW_STATION,Toyota,DIESEL,BATTERY_JUMP,real
ENGINE_PROBLEM,STARTS_BUT_ISSUE,NO_POWER,NOT_ASKED,NOT_ASKED,NOT_ASKED,NOT_ASKED,NOT_ASKED,NOT_ASKED,NOT_ASKED,NO_SMELL,"[""BATTERY"", ""CHECK_ENGINE""]","[""NO_SIGNS""]",YESTERDAY,OUTDOOR,TODAY_NEW_STATION,Mitsubishi,DIESEL,ALTERNATOR_ISSUE,real
WONT_START,NO_CRANK,NOT_ASKED,NOT_ASKED,ALL_DEAD_NO_LIGHTS,NOT_ASKED,NOT_ASKED,NOT_ASKED,NOT_ASKED,NOT_ASKED,NO_SMELL,"[""NONE""]","[""HARD_START"", ""NO_SIGNS""]",WITHIN_3_DAYS,INDOOR,TODAY_NEW_STATION,Toyota,HYBRID,BATTERY_JUMP,real
GEAR_ISSUE,NOT_ASKED,NOT_ASKED,NOT_ASKED,NOT_ASKED,NOT_ASKED,NOT_ASKED,NOT_ASKED,NOT_ASKED,CLUTCH_SOFT,BURNING_OIL,"[""NONE""]","[""LOSS_OF_POWER"", ""UNUSUAL_NOISE""]",WITHIN_3_DAYS,OUTDOOR,TODAY_USUAL,Suzuki,PETROL,CLUTCH_WORN,real
WONT_START,NO_CRANK,NOT_ASKED,NOT_ASKED,ALL_DEAD_NO_LIGHTS,NOT_ASKED,NOT_ASKED,NOT_ASKED,NOT_ASKED,NOT_ASKED,BURNING_ELECTRICAL,"[""BATTERY""]","[""LOSS_OF_POWER"", ""NO_SIGNS""]",WITHIN_3_DAYS,OUTDOOR,TODAY_USUAL,Nissan,PETROL,ELECTRICAL_FAULT_RAIN,real
ENGINE_PROBLEM,STARTS_NORMAL,OVERHEATING,NOT_ASKED,NOT_ASKED,NOT_ASKED,WITH_AC,NOT_ASKED,NOT_ASKED,NOT_ASKED,NO_SMELL,"[""TEMPERATURE""]","[""NO_SIGNS""]",WITHIN_3_DAYS,INDOOR,TODAY_USUAL,Mazda,DIESEL,COOLANT_LOW,real
ENGINE_PROBLEM,STARTS_NORMAL,SMOKE,NOT_ASKED,NOT_ASKED,NOT_ASKED,NOT_ASKED,WHITE,NOT_ASKED,NOT_ASKED,SWEET,"[""TEMPERATURE""]","[""OVERHEATING_BEFORE"", ""SMELL_BEFORE"", ""NO_SIGNS""]",YESTERDAY,OUTDOOR,TODAY_USUAL,Toyota,HYBRID,RADIATOR_HOSE_LEAK,real
ENGINE_PROBLEM,NOT_ASKED,NOT_ASKED,NOT_ASKED,NOT_ASKED,NOT_ASKED,NOT_ASKED,NOT_ASKED,NOT_ASKED,NOT_ASKED,BURNING_ELECTRICAL,"[""ABS"", ""BRAKE""]","[""NO_SIGNS""]",NONE,OUTDOOR,WITHIN_WEEK,Honda,HYBRID,BRAKE_PAD_WORN,real
BRAKE_ISSUE,NOT_ASKED,NOT_ASKED,NOT_ASKED,NOT_ASKED,NOT_ASKED,NOT_ASKED,NOT_ASKED,GRINDING,NOT_ASKED,NO_SMELL,"[""NONE""]","[""UNUSUAL_NOISE""]",NONE,OUTDOOR,OVER_WEEK,Toyota,DIESEL,BRAKE_PAD_WORN,real
ENGINE_PROBLEM,STARTS_NORMAL,STALLING,NOT_ASKED,NOT_ASKED,NOT_ASKED,NOT_ASKED,NOT_ASKED,NOT_ASKED,NOT_ASKED,FUEL_SMELL,"[""CHECK_ENGINE""]","[""HARD_START"", ""LOSS_OF_POWER""]",NONE,INDOOR,WITHIN_WEEK,Toyota,DIESEL,FUEL_FILTER_CLOGGED,real
ENGINE_PROBLEM,STARTS_NORMAL,NO_POWER,NOT_ASKED,NOT_ASKED,NOT_ASKED,NOT_ASKED,NOT_ASKED,NOT_ASKED,NOT_ASKED,NO_SMELL,"[""TEMPERATURE"", ""NONE""]","[""OVERHEATING_BEFORE"", ""NO_SIGNS""]",WITHIN_3_DAYS,OUTDOOR,OVER_WEEK,Mitsubishi,DIESEL,COOLANT_LOW,real
ENGINE_PROBLEM,STARTS_NORMAL,OVERHEATING,NOT_ASKED,NOT_ASKED,NOT_ASKED,TRAFFIC_ONLY,NOT_ASKED,NOT_ASKED,NOT_ASKED,NO_SMELL,"[""CHECK_ENGINE"", ""TEMPERATURE""]","[""OVERHEATING_BEFORE""]",NONE,INDOOR,WITHIN_WEEK,Toyota,PETROL,COOLANT_LOW,real
ENGINE_PROBLEM,STARTS_NORMAL,OVERHEATING,NOT_ASKED,NOT_ASKED,NOT_ASKED,TRAFFIC_ONLY,NOT_ASKED,NOT_ASKED,NOT_ASKED,NO_SMELL,"[""TEMPERATURE""]","[""LOSS_OF_POWER""]",WITHIN_3_DAYS,OUTDOOR,OVER_WEEK,Toyota,PETROL,COOLANT_LOW,real
WEIRD_BEHAVIOR,STARTS_BUT_ISSUE,OVERHEATING,NOT_ASKED,NOT_ASKED,NOT_ASKED,ALWAYS,NOT_ASKED,NOT_ASKED,NOT_ASKED,NO_SMELL,"[""CHECK_ENGINE"", ""TEMPERATURE""]","[""LOSS_OF_POWER"", ""OVERHEATING_BEFORE""]",YESTERDAY,OUTDOOR,WITHIN_WEEK,Honda,HYBRID,ENGINE_OVERHEAT_SEVERE,real
ENGINE_PROBLEM,NOT_ASKED,NOT_ASKED,NOT_ASKED,NOT_ASKED,NOT_ASKED,NOT_ASKED,NOT_ASKED,NOT_ASKED,NOT_ASKED,BURNING_OIL,"[""NONE""]","[""LOSS_OF_POWER""]",MONSOON,OUTDOOR,TODAY_USUAL,Nissan,PETROL,CLUTCH_WORN,real
ENGINE_PROBLEM,STARTS_NORMAL,OVERHEATING,NOT_ASKED,NOT_ASKED,NOT_ASKED,TRAFFIC_ONLY,NOT_ASKED,NOT_ASKED,NOT_ASKED,NO_SMELL,"[""TEMPERATURE""]","[""OVERHEATING_BEFORE""]",YESTERDAY,OUTDOOR,WITHIN_WEEK,Hyundai,PETROL,RADIATOR_FAN_ISSUE,real
GEAR_ISSUE,NOT_ASKED,NOT_ASKED,NOT_ASKED,NOT_ASKED,NOT_ASKED,NOT_ASKED,NOT_ASKED,NOT_ASKED,SLIPPING,BURNING_OIL,"[""CHECK_ENGINE""]","[""NO_SIGNS""]",WITHIN_3_DAYS,INDOOR,WITHIN_WEEK,Toyota,PETROL,TRANSMISSION_ISSUE,real
GEAR_ISSUE,NOT_ASKED,NOT_ASKED,NOT_ASKED,NOT_ASKED,NOT_ASKED,NOT_ASKED,NOT_ASKED,NOT_ASKED,GRINDING,NO_SMELL,"[""CHECK_ENGINE"", ""SERVICE"", ""NONE""]","[""LOSS_OF_POWER"", ""UNUSUAL_NOISE""]",YESTERDAY,OUTDOOR,TODAY_USUAL,Suzuki,PETROL,TRANSMISSION_ISSUE,real
ENGINE_PROBLEM,STARTS_BUT_ISSUE,OVERHEATING,NOT_ASKED,NOT_ASKED,NOT_ASKED,ALWAYS,NOT_ASKED,NOT_ASKED,NOT_ASKED,BURNING_ELECTRICAL,"[""TEMPERATURE""]","[""OVERHEATING_BEFORE""]",NONE,OUTDOOR,TODAY_USUAL,Nissan,PETROL,ENGINE_OVERHEAT_SEVERE,real
WONT_START,STARTS_BUT_ISSUE,NO_POWER,NOT_ASKED,NOT_ASKED,NOT_ASKED,NOT_ASKED,NOT_ASKED,NOT_ASKED,NOT_ASKED,NO_SMELL,"[""NONE""]","[""LOSS_OF_POWER""]",WITHIN_3_DAYS,INDOOR,TODAY_USUAL,Honda,HYBRID,FUEL_PUMP,real
ENGINE_PROBLEM,STARTS_NORMAL,OVERHEATING,NOT_ASKED,NOT_ASKED,NOT_ASKED,WITH_AC,NOT_ASKED,NOT_ASKED,NOT_ASKED,NO_SMELL,"[""TEMPERATURE""]","[""NO_SIGNS""]",NONE,OUTDOOR,TODAY_USUAL,Honda,PETROL,RADIATOR_FAN_ISSUE,real
WONT_START,NO_CRANK,NOT_ASKED,NOT_ASKED,SOME_LIGHTS_ON,NOT_ASKED,NOT_ASKED,NOT_ASKED,NOT_ASKED,NOT_ASKED,NO_SMELL,"[""BATTERY"", ""CHECK_ENGINE""]","[""UNUSUAL_NOISE""]",YESTERDAY,OUTDOOR,TODAY_NEW_STATION,Toyota,DIESEL,STARTER_MOTOR,real
ENGINE_PROBLEM,STARTS_NORMAL,NO_POWER,NOT_ASKED,NOT_ASKED,NOT_ASKED,NOT_ASKED,NOT_ASKED,NOT_ASKED,NOT_ASKED,NO_SMELL,"[""NONE""]","[""HARD_START"", ""LIGHTS_FLICKER""]",NONE,OUTDOOR,WITHIN_WEEK,Mitsubishi,DIESEL,ALTERNATOR_ISSUE,real
WONT_START,NO_CRANK,NOT_ASKED,NOT_ASKED,ALL_DEAD_NO_LIGHTS,NOT_ASKED,NOT_ASKED,NOT_ASKED,NOT_ASKED,NOT_ASKED,NO_SMELL,"[""BATTERY"", ""NONE""]","[""NO_SIGNS""]",NONE,INDOOR,WITHIN_WEEK,Mitsubishi,DIESEL,BATTERY_JUMP,real
ENGINE_PROBLEM,STARTS_NORMAL,OVERHEATING,NOT_ASKED,NOT_ASKED,NOT_ASKED,TRAFFIC_ONLY,NOT_ASKED,NOT_ASKED,NOT_ASKED,NO_SMELL,"[""CHECK_ENGINE"", ""NONE""]","[""NO_SIGNS""]",NONE,INDOOR,WITHIN_WEEK,Suzuki,PETROL,COOLANT_LOW,real
WONT_START,STARTS_BUT_ISSUE,STALLING,NOT_ASKED,NOT_ASKED,NOT_ASKED,NOT_ASKED,NOT_ASKED,NOT_ASKED,NOT_ASKED,NO_SMELL,"[""BATTERY"", ""CHECK_ENGINE"", ""ABS"", ""NONE""]","[""LIGHTS_FLICKER""]",MONSOON,OUTDOOR,TODAY_USUAL,Hyundai,PETROL,ELECTRICAL_FAULT_RAIN,real
ENGINE_PROBLEM,STARTS_NORMAL,OVERHEATING,NOT_ASKED,NOT_ASKED,NOT_ASKED,WITH_AC,NOT_ASKED,NOT_ASKED,NOT_ASKED,BURNING_OIL,"[""TEMPERATURE"", ""NONE""]","[""NO_SIGNS""]",NONE,OUTDOOR,TODAY_NEW_STATION,Hyundai,PETROL,RADIATOR_FAN_ISSUE,real
ENGINE_PROBLEM,NO_CRANK,NOT_ASKED,NOT_ASKED,ALL_DEAD_NO_LIGHTS,NOT_ASKED,NOT_ASKED,NOT_ASKED,NOT_ASKED,NOT_ASKED,NO_SMELL,"[""BATTERY""]","[""NO_SIGNS""]",MONSOON,INDOOR,OVER_WEEK,Mitsubishi,PETROL,BATTERY_TERMINAL_CLEAN,real
WONT_START,NO_CRANK,NOT_ASKED,NOT_ASKED,DIM_LIGHTS,NOT_ASKED,NOT_ASKED,NOT_ASKED,NOT_ASKED,NOT_ASKED,NO_SMELL,"[""BATTERY""]","[""NO_SIGNS""]",WITHIN_3_DAYS,OUTDOOR,WITHIN_WEEK,Mitsubishi,DIESEL,BATTERY_JUMP,real
WONT_START,CRANKS_NO_START,NOT_ASKED,NORMAL_CRANKING,NOT_ASKED,NOT_ASKED,NOT_ASKED,NOT_ASKED,NOT_ASKED,NOT_ASKED,BURNING_ELECTRICAL,"[""CHECK_ENGINE""]","[""LOSS_OF_POWER"", ""UNUSUAL_NOISE""]",YESTERDAY,INDOOR,TODAY_USUAL,Toyota,PETROL,IGNITION_SYSTEM,real
WONT_START,NO_CRANK,NOT_ASKED,NOT_ASKED,ALL_DEAD_NO_LIGHTS,NOT_ASKED,NOT_ASKED,NOT_ASKED,NOT_ASKED,NOT_ASKED,NO_SMELL,"[""BATTERY"", ""NONE""]","[""NO_SIGNS""]",NONE,OUTDOOR,WITHIN_WEEK,Mazda,PETROL,BATTERY_JUMP,real
BRAKE_ISSUE,NOT_ASKED,NOT_ASKED,NOT_ASKED,NOT_ASKED,NOT_ASKED,NOT_ASKED,NOT_ASKED,SQUEALING,NOT_ASKED,NO_SMELL,"[""BRAKE"", ""NONE""]","[""NO_SIGNS""]",WITHIN_3_DAYS,OUTDOOR,WITHIN_WEEK,Suzuki,PETROL,BRAKE_PAD_WORN,real
GEAR_ISSUE,NOT_ASKED,NOT_ASKED,NOT_ASKED,NOT_ASKED,NOT_ASKED,NOT_ASKED,NOT_ASKED,NOT_ASKED,WONT_ENGAGE,NO_SMELL,"[""CHECK_ENGINE""]","[""LOSS_OF_POWER"", ""UNUSUAL_NOISE""]",NONE,INDOOR,TODAY_USUAL,Nissan,PETROL,TRANSMISSION_ISSUE,real
WONT_START,NO_CRANK,NOT_ASKED,NOT_ASKED,ALL_DEAD_NO_LIGHTS,NOT_ASKED,NOT_ASKED,NOT_ASKED,NOT_ASKED,NOT_ASKED,NO_SMELL,"[""BATTERY""]","[""NO_SIGNS""]",MONSOON,OUTDOOR,WITHIN_WEEK,Toyota,DIESEL,BATTERY_JUMP,real
BRAKE_ISSUE,NOT_ASKED,NOT_ASKED,NOT_ASKED,NOT_ASKED,NOT_ASKED,NOT_ASKED,NOT_ASKED,SQUEALING,NOT_ASKED,NO_SMELL,"[""BRAKE"", ""NONE""]","[""UNUSUAL_NOISE""]",MONSOON,OUTDOOR,WITHIN_WEEK,Suzuki,PETROL,BRAKE_PAD_WORN,real
WONT_START,NO_CRANK,NOT_ASKED,NOT_ASKED,ALL_DEAD_NO_LIGHTS,NOT_ASKED,NOT_ASKED,NOT_ASKED,NOT_ASKED,NOT_ASKED,NO_SMELL,"[""CHECK_ENGINE""]","[""HARD_START"", ""LIGHTS_FLICKER""]",NONE,OUTDOOR,OVER_WEEK,Toyota,PETROL,BATTERY_TERMINAL_CLEAN,real
ENGINE_PROBLEM,STARTS_BUT_ISSUE,NO_POWER,NOT_ASKED,NOT_ASKED,NOT_ASKED,NOT_ASKED,NOT_ASKED,NOT_ASKED,NOT_ASKED,NO_SMELL,"[""NONE""]","[""OVERHEATING_BEFORE""]",NONE,INDOOR,TODAY_NEW_STATION,Nissan,PETROL,COOLANT_LOW,real
ENGINE_PROBLEM,STARTS_NORMAL,OVERHEATING,NOT_ASKED,NOT_ASKED,NOT_ASKED,TRAFFIC_ONLY,NOT_ASKED,NOT_ASKED,NOT_ASKED,NO_SMELL,"[""TEMPERATURE""]","[""OVERHEATING_BEFORE""]",YESTERDAY,OUTDOOR,TODAY_USUAL,Suzuki,PETROL,RADIATOR_FAN_ISSUE,real
BRAKE_ISSUE,NOT_ASKED,NOT_ASKED,NOT_ASKED,NOT_ASKED,NOT_ASKED,NOT_ASKED,NOT_ASKED,GRINDING,NOT_ASKED,BURNING_ELECTRICAL,"[""NONE""]","[""NO_SIGNS""]",YESTERDAY,INDOOR,TODAY_NEW_STATION,Suzuki,PETROL,BRAKE_PAD_WORN,real
ENGINE_PROBLEM,CRANKS_NO_START,NOT_ASKED,NORMAL_CRANKING,NOT_ASKED,NOT_ASKED,NOT_ASKED,NOT_ASKED,NOT_ASKED,NOT_ASKED,NO_SMELL,"[""NONE""]","[""LOSS_OF_POWER"", ""NO_SIGNS""]",WITHIN_3_DAYS,OUTDOOR,OVER_WEEK,Toyota,HYBRID,FUEL_PUMP,real
WONT_START,STARTS_BUT_ISSUE,NOT_ASKED,NOT_ASKED,NOT_ASKED,NOT_ASKED,NOT_ASKED,NOT_ASKED,NOT_ASKED,NOT_ASKED,NO_SMELL,"[""BATTERY"", ""NONE""]","[""HARD_START"", ""LIGHTS_FLICKER"", ""NO_SIGNS""]",NONE,OUTDOOR,WITHIN_WEEK,Nissan,PETROL,BATTERY_TERMINAL_CLEAN,real
GEAR_ISSUE,NOT_ASKED,NOT_ASKED,NOT_ASKED,NOT_ASKED,NOT_ASKED,NOT_ASKED,NOT_ASKED,NOT_ASKED,SLIPPING,NO_SMELL,"[""NONE""]","[""LOSS_OF_POWER""]",WITHIN_3_DAYS,OUTDOOR,OVER_WEEK,Honda,HYBRID,CLUTCH_WORN,real
WONT_START,NO_CRANK,NOT_ASKED,NOT_ASKED,ALL_DEAD_NO_LIGHTS,NOT_ASKED,NOT_ASKED,NOT_ASKED,NOT_ASKED,NOT_ASKED,NO_SMELL,"[""BATTERY"", ""NONE""]","[""NO_SIGNS""]",NONE,OUTDOOR,TODAY_USUAL,Suzuki,PETROL,BATTERY_JUMP,real
ENGINE_PROBLEM,CRANKS_NO_START,NOT_ASKED,NORMAL_CRANKING,NOT_ASKED,NOT_ASKED,NOT_ASKED,NOT_ASKED,NOT_ASKED,NOT_ASKED,NO_SMELL,"[""CHECK_ENGINE"", ""NONE""]","[""NO_SIGNS""]",YESTERDAY,INDOOR,OVER_WEEK,Mahindra,DIESEL,FUEL_FILTER_CLOGGED,real
ENGINE_PROBLEM,STARTS_NORMAL,OVERHEATING,NOT_ASKED,NOT_ASKED,NOT_ASKED,TRAFFIC_ONLY,NOT_ASKED,NOT_ASKED,NOT_ASKED,NO_SMELL,"[""CHECK_ENGINE"", ""TEMPERATURE""]","[""OVERHEATING_BEFORE"", ""NO_SIGNS""]",YESTERDAY,OUTDOOR,TODAY_NEW_STATION,Toyota,DIESEL,RADIATOR_FAN_ISSUE,real
WEIRD_BEHAVIOR,STARTS_NORMAL,OVERHEATING,NOT_ASKED,NOT_ASKED,NOT_ASKED,TRAFFIC_ONLY,NOT_ASKED,NOT_ASKED,NOT_ASKED,NO_SMELL,"[""CHECK_ENGINE"", ""TEMPERATURE"", ""NONE""]","[""OVERHEATING_BEFORE""]",NONE,OUTDOOR,TODAY_USUAL,Honda,HYBRID,RADIATOR_FAN_ISSUE,real
ENGINE_PROBLEM,NO_CRANK,NOT_ASKED,NOT_ASKED,DIM_LIGHTS,NOT_ASKED,NOT_ASKED,NOT_ASKED,NOT_ASKED,NOT_ASKED,NO_SMELL,"[""BATTERY""]","[""NO_SIGNS""]",YESTERDAY,OUTDOOR,WITHIN_WEEK,Honda,HYBRID,BATTERY_JUMP,real
WEIRD_BEHAVIOR,STARTS_NORMAL,OVERHEATING,NOT_ASKED,NOT_ASKED,NOT_ASKED,TRAFFIC_ONLY,NOT_ASKED,NOT_ASKED,NOT_ASKED,NO_SMELL,"[""BATTERY"", ""CHECK_ENGINE"", ""TEMPERATURE""]","[""OVERHEATING_BEFORE""]",WITHIN_3_DAYS,INDOOR,OVER_WEEK,Mazda,DIESEL,BELT_BROKEN,real
WONT_START,STARTS_BUT_ISSUE,NOT_ASKED,NOT_ASKED,NOT_ASKED,NOT_ASKED,NOT_ASKED,NOT_ASKED,NOT_ASKED,NOT_ASKED,NO_SMELL,"[""BATTERY"", ""NONE""]","[""HARD_START"", ""NO_SIGNS""]",WITHIN_3_DAYS,INDOOR,TODAY_NEW_STATION,Kia,PETROL,BATTERY_TERMINAL_CLEAN,real
WEIRD_BEHAVIOR,CRANKS_NO_START,NOT_ASKED,NORMAL_CRANKING,NOT_ASKED,NOT_ASKED,NOT_ASKED,NOT_ASKED,NOT_ASKED,NOT_ASKED,BURNING_ELECTRICAL,"[""CHECK_ENGINE""]","[""LOSS_OF_POWER""]",NONE,INDOOR,WITHIN_WEEK,Toyota,HYBRID,IGNITION_SYSTEM,real
ENGINE_PROBLEM,STARTS_BUT_ISSUE,OVERHEATING,NOT_ASKED,NOT_ASKED,NOT_ASKED,TRAFFIC_ONLY,NOT_ASKED,NOT_ASKED,NOT_ASKED,NO_SMELL,"[""CHECK_ENGINE"", ""TEMPERATURE""]","[""SMELL_BEFORE""]",MONSOON,OUTDOOR,TODAY_USUAL,Suzuki,PETROL,RADIATOR_HOSE_LEAK,real
WEIRD_BEHAVIOR,STARTS_BUT_ISSUE,NOISE,NOT_ASKED,NOT_ASKED,WHINE,NOT_ASKED,NOT_ASKED,NOT_ASKED,NOT_ASKED,NO_SMELL,"[""NONE""]","[""LIGHTS_FLICKER"", ""LOSS_OF_POWER""]",NONE,OUTDOOR,OVER_WEEK,Kia,PETROL,ALTERNATOR_ISSUE,real
WONT_START,STARTS_BUT_ISSUE,STALLING,NOT_ASKED,NOT_ASKED,NOT_ASKED,NOT_ASKED,NOT_ASKED,NOT_ASKED,NOT_ASKED,NO_SMELL,"[""CHECK_ENGINE""]","[""HARD_START""]",WITHIN_3_DAYS,OUTDOOR,WITHIN_WEEK,Hyundai,PETROL,FUEL_FILTER_CLOGGED,real
WONT_START,NO_CRANK,NOT_ASKED,NOT_ASKED,SOME_LIGHTS_ON,NOT_ASKED,NOT_ASKED,NOT_ASKED,NOT_ASKED,NOT_ASKED,BURNING_ELECTRICAL,"[""CHECK_ENGINE"", ""OIL""]","[""OVERHEATING_BEFORE"", ""SMELL_BEFORE""]",NONE,INDOOR,WITHIN_WEEK,Mitsubishi,DIESEL,SEVERE_MECHANICAL_TOW,real
ENGINE_PROBLEM,STARTS_BUT_ISSUE,NOISE,NOT_ASKED,NOT_ASKED,WHINE,NOT_ASKED,NOT_ASKED,NOT_ASKED,NOT_ASKED,BURNING_OIL,"[""BATTERY""]","[""LIGHTS_FLICKER""]",NONE,INDOOR,TODAY_USUAL,Kia,PETROL,BELT_BROKEN,real
GEAR_ISSUE,NOT_ASKED,NOT_ASKED,NOT_ASKED,NOT_ASKED,NOT_ASKED,NOT_ASKED,NOT_ASKED,NOT_ASKED,WONT_ENGAGE,NO_SMELL,"[""NONE""]","[""NO_SIGNS""]",NONE,INDOOR,WITHIN_WEEK,Suzuki,PETROL,TRANSMISSION_ISSUE,real
ENGINE_PROBLEM,STARTS_BUT_ISSUE,NOISE,NOT_ASKED,NOT_ASKED,SQUEAL,NOT_ASKED,NOT_ASKED,NOT_ASKED,NOT_ASKED,BURNING_OIL,"[""NONE""]","[""LIGHTS_FLICKER"", ""OVERHEATING_BEFORE"", ""UNUSUAL_NOISE""]",YESTERDAY,INDOOR,OVER_WEEK,Nissan,PETROL,BELT_BROKEN,real
ENGINE_PROBLEM,STARTS_BUT_ISSUE,OVERHEATING,NOT_ASKED,NOT_ASKED,NOT_ASKED,TRAFFIC_ONLY,NOT_ASKED,NOT_ASKED,NOT_ASKED,NO_SMELL,"[""NONE""]","[""OVERHEATING_BEFORE"", ""NO_SIGNS""]",NONE,OUTDOOR,TODAY_USUAL,Nissan,PETROL,RADIATOR_FAN_ISSUE,real
WONT_START,NO_CRANK,NOT_ASKED,NOT_ASKED,DIM_LIGHTS,NOT_ASKED,NOT_ASKED,NOT_ASKED,NOT_ASKED,NOT_ASKED,NO_SMELL,"[""BATTERY"", ""NONE""]","[""NO_SIGNS""]",NONE,OUTDOOR,OVER_WEEK,Mahindra,DIESEL,BATTERY_JUMP,real
ENGINE_PROBLEM,CRANKS_NO_START,NOT_ASKED,NORMAL_CRANKING,NOT_ASKED,NOT_ASKED,NOT_ASKED,NOT_ASKED,NOT_ASKED,NOT_ASKED,BURNING_ELECTRICAL,"[""CHECK_ENGINE"", ""NONE""]","[""HARD_START""]",NONE,OUTDOOR,TODAY_USUAL,Mitsubishi,PETROL,FUEL_PUMP,real
WONT_START,NO_CRANK,NOT_ASKED,NOT_ASKED,DIM_LIGHTS,NOT_ASKED,NOT_ASKED,NOT_ASKED,NOT_ASKED,NOT_ASKED,NO_SMELL,"[""BATTERY"", ""NONE""]","[""NO_SIGNS""]",YESTERDAY,OUTDOOR,WITHIN_WEEK,Suzuki,PETROL,BATTERY_JUMP,real
GEAR_ISSUE,NOT_ASKED,NOT_ASKED,NOT_ASKED,NOT_ASKED,NOT_ASKED,NOT_ASKED,NOT_ASKED,NOT_ASKED,CLUTCH_SOFT,BURNING_OIL,"[""NONE""]","[""LOSS_OF_POWER""]",NONE,INDOOR,WITHIN_WEEK,Toyota,PETROL,CLUTCH_WORN,real
WEIRD_BEHAVIOR,STARTS_NORMAL,STALLING,NOT_ASKED,NOT_ASKED,NOT_ASKED,NOT_ASKED,NOT_ASKED,NOT_ASKED,NOT_ASKED,NO_SMELL,"[""NONE""]","[""HARD_START"", ""LIGHTS_FLICKER""]",NONE,OUTDOOR,TODAY_USUAL,Toyota,PETROL,ALTERNATOR_ISSUE,real
BRAKE_ISSUE,NOT_ASKED,NOT_ASKED,NOT_ASKED,NOT_ASKED,NOT_ASKED,NOT_ASKED,NOT_ASKED,SOFT_PEDAL,NOT_ASKED,BURNING_ELECTRICAL,"[""ABS"", ""BRAKE""]","[""LOSS_OF_POWER"", ""UNUSUAL_NOISE""]",NONE,OUTDOOR,TODAY_USUAL,Honda,HYBRID,BRAKE_FAILURE,real
ENGINE_PROBLEM,NO_CRANK,NOT_ASKED,NOT_ASKED,DIM_LIGHTS,NOT_ASKED,NOT_ASKED,NOT_ASKED,NOT_ASKED,NOT_ASKED,BURNING_OIL,"[""CHECK_ENGINE"", ""OIL""]","[""LOSS_OF_POWER"", ""UNUSUAL_NOISE"", ""SMELL_BEFORE""]",MONSOON,OUTDOOR,WITHIN_WEEK,Nissan,DIESEL,SEVERE_MECHANICAL_TOW,real
WONT_START,CRANKS_NO_START,NOT_ASKED,GRINDING,NOT_ASKED,NOT_ASKED,NOT_ASKED,NOT_ASKED,NOT_ASKED,NOT_ASKED,BURNING_ELECTRICAL,"[""NONE""]","[""HARD_START"", ""UNUSUAL_NOISE"", ""NO_SIGNS""]",YESTERDAY,OUTDOOR,WITHIN_WEEK,Suzuki,PETROL,STARTER_MOTOR,real
ENGINE_PROBLEM,STARTS_BUT_ISSUE,NO_POWER,NOT_ASKED,NOT_ASKED,NOT_ASKED,NOT_ASKED,NOT_ASKED,NOT_ASKED,NOT_ASKED,NO_SMELL,"[""BATTERY""]","[""HARD_START""]",WITHIN_3_DAYS,OUTDOOR,TODAY_NEW_STATION,Mitsubishi,DIESEL,ALTERNATOR_ISSUE,real
WONT_START,NO_CRANK,NOT_ASKED,NOT_ASKED,DIM_LIGHTS,NOT_ASKED,NOT_ASKED,NOT_ASKED,NOT_ASKED,NOT_ASKED,NO_SMELL,"[""BATTERY"", ""NONE""]","[""HARD_START"", ""LIGHTS_FLICKER""]",MONSOON,INDOOR,OVER_WEEK,Hyundai,PETROL,BATTERY_JUMP,real
WONT_START,STARTS_BUT_ISSUE,NOT_ASKED,NOT_ASKED,NOT_ASKED,NOT_ASKED,NOT_ASKED,NOT_ASKED,NOT_ASKED,NOT_ASKED,NO_SMELL,"[""BATTERY""]","[""LIGHTS_FLICKER"", ""NO_SIGNS""]",NONE,OUTDOOR,TODAY_USUAL,Honda,PETROL,BATTERY_JUMP,real
ENGINE_PROBLEM,STARTS_NORMAL,NO_POWER,NOT_ASKED,NOT_ASKED,NOT_ASKED,NOT_ASKED,NOT_ASKED,NOT_ASKED,NOT_ASKED,NO_SMELL,"[""NONE""]","[""LOSS_OF_POWER"", ""UNUSUAL_NOISE""]",NONE,INDOOR,WITHIN_WEEK,Toyota,PETROL,FUEL_FILTER_CLOGGED,real
WEIRD_BEHAVIOR,STARTS_NORMAL,SMOKE,NOT_ASKED,NOT_ASKED,NOT_ASKED,NOT_ASKED,WHITE,NOT_ASKED,NOT_ASKED,NO_SMELL,"[""TEMPERATURE""]","[""LOSS_OF_POWER"", ""OVERHEATING_BEFORE""]",WITHIN_3_DAYS,INDOOR,OVER_WEEK,Toyota,PETROL,COOLANT_LOW,real
WEIRD_BEHAVIOR,STARTS_NORMAL,OVERHEATING,NOT_ASKED,NOT_ASKED,NOT_ASKED,TRAFFIC_ONLY,NOT_ASKED,NOT_ASKED,NOT_ASKED,NO_SMELL,"[""TEMPERATURE""]","[""NO_SIGNS""]",NONE,OUTDOOR,WITHIN_WEEK,Mitsubishi,PETROL,RADIATOR_FAN_ISSUE,real
WONT_START,STARTS_BUT_ISSUE,NOT_ASKED,NOT_ASKED,NOT_ASKED,NOT_ASKED,NOT_ASKED,NOT_ASKED,NOT_ASKED,NOT_ASKED,NO_SMELL,"[""BATTERY""]","[""NO_SIGNS""]",YESTERDAY,OUTDOOR,WITHIN_WEEK,Nissan,PETROL,BATTERY_JUMP,real
GEAR_ISSUE,NOT_ASKED,NOT_ASKED,NOT_ASKED,NOT_ASKED,NOT_ASKED,NOT_ASKED,NOT_ASKED,NOT_ASKED,CLUTCH_SOFT,NO_SMELL,"[""NONE""]","[""UNUSUAL_NOISE""]",MONSOON,OUTDOOR,TODAY_NEW_STATION,Honda,HYBRID,CLUTCH_WORN,real
ENGINE_PROBLEM,STARTS_BUT_ISSUE,STALLING,NOT_ASKED,NOT_ASKED,NOT_ASKED,NOT_ASKED,NOT_ASKED,NOT_ASKED,NOT_ASKED,NO_SMELL,"[""NONE""]","[""NO_SIGNS""]",NONE,OUTDOOR,WITHIN_WEEK,Toyota,DIESEL,ALTERNATOR_ISSUE,real
ENGINE_PROBLEM,STARTS_NORMAL,OVERHEATING,NOT_ASKED,NOT_ASKED,NOT_ASKED,TRAFFIC_ONLY,NOT_ASKED,NOT_ASKED,NOT_ASKED,NO_SMELL,"[""NONE""]","[""OVERHEATING_BEFORE"", ""NO_SIGNS""]",NONE,OUTDOOR,TODAY_USUAL,Toyota,DIESEL,RADIATOR_HOSE_LEAK,real
BRAKE_ISSUE,NOT_ASKED,NOT_ASKED,NOT_ASKED,NOT_ASKED,NOT_ASKED,NOT_ASKED,NOT_ASKED,SQUEALING,NOT_ASKED,BURNING_OIL,"[""NONE""]","[""UNUSUAL_NOISE""]",NONE,INDOOR,TODAY_USUAL,Toyota,PETROL,BRAKE_PAD_WORN,real
WONT_START,STARTS_BUT_ISSUE,NOT_ASKED,NOT_ASKED,NOT_ASKED,NOT_ASKED,NOT_ASKED,NOT_ASKED,NOT_ASKED,NOT_ASKED,NO_SMELL,"[""NONE""]","[""UNUSUAL_NOISE"", ""NO_SIGNS""]",NONE,INDOOR,TODAY_USUAL,Mitsubishi,DIESEL,STARTER_MOTOR,real
ENGINE_PROBLEM,CRANKS_NO_START,NOT_ASKED,NORMAL_CRANKING,NOT_ASKED,NOT_ASKED,NOT_ASKED,NOT_ASKED,NOT_ASKED,NOT_ASKED,FUEL_SMELL,"[""CHECK_ENGINE""]","[""UNUSUAL_NOISE""]",MONSOON,OUTDOOR,TODAY_USUAL,Suzuki,PETROL,IGNITION_SYSTEM,real
ENGINE_PROBLEM,STARTS_BUT_ISSUE,OVERHEATING,NOT_ASKED,NOT_ASKED,NOT_ASKED,ALWAYS,NOT_ASKED,NOT_ASKED,NOT_ASKED,SWEET,"[""CHECK_ENGINE"", ""OIL"", ""TEMPERATURE""]","[""OVERHEATING_BEFORE""]",NONE,OUTDOOR,WITHIN_WEEK,Honda,HYBRID,ENGINE_OVERHEAT_SEVERE,real
WEIRD_BEHAVIOR,NO_CRANK,NOT_ASKED,NOT_ASKED,ALL_DEAD_NO_LIGHTS,NOT_ASKED,NOT_ASKED,NOT_ASKED,NOT_ASKED,NOT_ASKED,NO_SMELL,"[""CHECK_ENGINE"", ""ABS""]","[""NO_SIGNS""]",MONSOON,OUTDOOR,WITHIN_WEEK,Kia,PETROL,ELECTRICAL_FAULT_RAIN,real
ENGINE_PROBLEM,CRANKS_NO_START,NOT_ASKED,NORMAL_CRANKING,NOT_ASKED,NOT_ASKED,NOT_ASKED,NOT_ASKED,NOT_ASKED,NOT_ASKED,FUEL_SMELL,"[""NONE""]","[""UNUSUAL_NOISE""]",YESTERDAY,OUTDOOR,TODAY_NEW_STATION,Mitsubishi,PETROL,FUEL_FILTER_CLOGGED,real
ENGINE_PROBLEM,STARTS_BUT_ISSUE,OVERHEATING,NOT_ASKED,NOT_ASKED,NOT_ASKED,TRAFFIC_ONLY,NOT_ASKED,NOT_ASKED,NOT_ASKED,NO_SMELL,"[""TEMPERATURE""]","[""NO_SIGNS""]",WITHIN_3_DAYS,OUTDOOR,TODAY_USUAL,Toyota,DIESEL,RADIATOR_FAN_ISSUE,real
ENGINE_PROBLEM,STARTS_NORMAL,NOISE,NOT_ASKED,NOT_ASKED,GRIND,NOT_ASKED,NOT_ASKED,NOT_ASKED,NOT_ASKED,NO_SMELL,"[""NONE""]","[""OVERHEATING_BEFORE""]",NONE,INDOOR,WITHIN_WEEK,Suzuki,PETROL,BELT_BROKEN,real
WONT_START,NO_CRANK,NOT_ASKED,NOT_ASKED,ALL_DEAD_NO_LIGHTS,NOT_ASKED,NOT_ASKED,NOT_ASKED,NOT_ASKED,NOT_ASKED,NO_SMELL,"[""CHECK_ENGINE""]","[""HARD_START"", ""LIGHTS_FLICKER""]",NONE,INDOOR,WITHIN_WEEK,Mazda,PETROL,BATTERY_REPLACE,real
WEIRD_BEHAVIOR,STARTS_BUT_ISSUE,NO_POWER,NOT_ASKED,NOT_ASKED,NOT_ASKED,NOT_ASKED,NOT_ASKED,NOT_ASKED,NOT_ASKED,NO_SMELL,"[""CHECK_ENGINE""]","[""LIGHTS_FLICKER""]",WITHIN_3_DAYS,OUTDOOR,TODAY_USUAL,Mahindra,DIESEL,ALTERNATOR_ISSUE,real
WONT_START,NO_CRANK,NOT_ASKED,NOT_ASKED,NOT_ASKED,NOT_ASKED,NOT_ASKED,NOT_ASKED,NOT_ASKED,NOT_ASKED,NO_SMELL,"[""CHECK_ENGINE""]","[""HARD_START""]",WITHIN_3_DAYS,INDOOR,WITHIN_WEEK,Mitsubishi,DIESEL,FUEL_PUMP,real
WONT_START,NO_CRANK,NOT_ASKED,NOT_ASKED,ALL_DEAD_NO_LIGHTS,NOT_ASKED,NOT_ASKED,NOT_ASKED,NOT_ASKED,NOT_ASKED,NO_SMELL,"[""BATTERY""]","[""NO_SIGNS""]",NONE,OUTDOOR,OVER_WEEK,Toyota,DIESEL,BATTERY_TERMINAL_CLEAN,real
WONT_START,CRANKS_NO_START,NOT_ASKED,NORMAL_CRANKING,NOT_ASKED,NOT_ASKED,NOT_ASKED,NOT_ASKED,NOT_ASKED,NOT_ASKED,FUEL_SMELL,"[""CHECK_ENGINE"", ""NONE""]","[""NO_SIGNS""]",NONE,OUTDOOR,WITHIN_WEEK,Toyota,HYBRID,IGNITION_SYSTEM,real
GEAR_ISSUE,NOT_ASKED,NOT_ASKED,NOT_ASKED,NOT_ASKED,NOT_ASKED,NOT_ASKED,NOT_ASKED,NOT_ASKED,SLIPPING,BURNING_ELECTRICAL,"[""NONE""]","[""LOSS_OF_POWER""]",MONSOON,OUTDOOR,OVER_WEEK,Nissan,PETROL,CLUTCH_WORN,real
ENGINE_PROBLEM,CRANKS_NO_START,NOT_ASKED,NORMAL_CRANKING,NOT_ASKED,NOT_ASKED,NOT_ASKED,NOT_ASKED,NOT_ASKED,NOT_ASKED,NO_SMELL,"[""NONE""]","[""HARD_START"", ""LOSS_OF_POWER""]",NONE,OUTDOOR,WITHIN_WEEK,Toyota,PETROL,FUEL_FILTER_CLOGGED,real
WEIRD_BEHAVIOR,STARTS_NORMAL,OVERHEATING,NOT_ASKED,NOT_ASKED,NOT_ASKED,WITH_AC,NOT_ASKED,NOT_ASKED,NOT_ASKED,NO_SMELL,"[""TEMPERATURE""]","[""NO_SIGNS""]",NONE,INDOOR,OVER_WEEK,Toyota,PETROL,COOLANT_LOW,real
ENGINE_PROBLEM,NOT_ASKED,NOT_ASKED,NOT_ASKED,NOT_ASKED,NOT_ASKED,NOT_ASKED,NOT_ASKED,NOT_ASKED,NOT_ASKED,NO_SMELL,"[""CHECK_ENGINE""]","[""LOSS_OF_POWER""]",YESTERDAY,OUTDOOR,WITHIN_WEEK,Toyota,PETROL,CLUTCH_WORN,real
WONT_START,NO_CRANK,NOT_ASKED,NOT_ASKED,ALL_DEAD_NO_LIGHTS,NOT_ASKED,NOT_ASKED,NOT_ASKED,NOT_ASKED,NOT_ASKED,NO_SMELL,"[""BATTERY""]","[""HARD_START""]",MONSOON,OUTDOOR,TODAY_USUAL,Toyota,PETROL,BATTERY_REPLACE,real
ENGINE_PROBLEM,STARTS_BUT_ISSUE,NOISE,NOT_ASKED,NOT_ASKED,CLUNK,NOT_ASKED,NOT_ASKED,NOT_ASKED,NOT_ASKED,NO_SMELL,"[""NONE""]","[""OVERHEATING_BEFORE"", ""SMELL_BEFORE""]",NONE,OUTDOOR,OVER_WEEK,Mazda,DIESEL,SEVERE_MECHANICAL_TOW,real
WONT_START,NO_CRANK,NOT_ASKED,NOT_ASKED,DIM_LIGHTS,NOT_ASKED,NOT_ASKED,NOT_ASKED,NOT_ASKED,NOT_ASKED,NO_SMELL,"[""NONE""]","[""HARD_START"", ""NO_SIGNS""]",WITHIN_3_DAYS,OUTDOOR,TODAY_USUAL,Honda,PETROL,BATTERY_JUMP,real
WONT_START,STARTS_BUT_ISSUE,NOT_ASKED,NOT_ASKED,NOT_ASKED,NOT_ASKED,NOT_ASKED,NOT_ASKED,NOT_ASKED,NOT_ASKED,NO_SMELL,"[""BATTERY"", ""CHECK_ENGINE""]","[""HARD_START"", ""UNUSUAL_NOISE""]",NONE,INDOOR,OVER_WEEK,Honda,HYBRID,STARTER_MOTOR,real
WONT_START,NO_CRANK,NOT_ASKED,NOT_ASKED,DIM_LIGHTS,NOT_ASKED,NOT_ASKED,NOT_ASKED,NOT_ASKED,NOT_ASKED,NO_SMELL,"[""BATTERY"", ""NONE""]","[""NO_SIGNS""]",NONE,OUTDOOR,OVER_WEEK,Mazda,PETROL,BATTERY_JUMP,real
ENGINE_PROBLEM,STARTS_BUT_ISSUE,OVERHEATING,NOT_ASKED,NOT_ASKED,NOT_ASKED,WITH_AC,NOT_ASKED,NOT_ASKED,NOT_ASKED,SWEET,"[""TEMPERATURE""]","[""NO_SIGNS""]",WITHIN_3_DAYS,OUTDOOR,TODAY_USUAL,Nissan,DIESEL,RADIATOR_HOSE_LEAK,real
WEIRD_BEHAVIOR,CRANKS_NO_START,NOT_ASKED,NORMAL_CRANKING,NOT_ASKED,NOT_ASKED,NOT_ASKED,NOT_ASKED,NOT_ASKED,NOT_ASKED,NO_SMELL,"[""CHECK_ENGINE"", ""NONE""]","[""LOSS_OF_POWER"", ""UNUSUAL_NOISE""]",NONE,OUTDOOR,TODAY_NEW_STATION,Nissan,DIESEL,FUEL_FILTER_CLOGGED,real
BRAKE_ISSUE,NOT_ASKED,NOT_ASKED,NOT_ASKED,NOT_ASKED,NOT_ASKED,NOT_ASKED,NOT_ASKED,SQUEALING,NOT_ASKED,NO_SMELL,"[""BRAKE"", ""NONE""]","[""UNUSUAL_NOISE"", ""NO_SIGNS""]",MONSOON,INDOOR,TODAY_USUAL,Mahindra,DIESEL,BRAKE_PAD_WORN,real
ENGINE_PROBLEM,NO_CRANK,NOT_ASKED,NOT_ASKED,DIM_LIGHTS,NOT_ASKED,NOT_ASKED,NOT_ASKED,NOT_ASKED,NOT_ASKED,NO_SMELL,"[""BATTERY""]","[""NO_SIGNS""]",NONE,OUTDOOR,TODAY_USUAL,Toyota,DIESEL,BATTERY_TERMINAL_CLEAN,real
WONT_START,NO_CRANK,NOT_ASKED,NOT_ASKED,SOME_LIGHTS_ON,NOT_ASKED,NOT_ASKED,NOT_ASKED,NOT_ASKED,NOT_ASKED,NO_SMELL,"[""CHECK_ENGINE""]","[""NO_SIGNS""]",MONSOON,OUTDOOR,TODAY_USUAL,Toyota,PETROL,HYDRO_LOCK,real
WONT_START,NO_CRANK,NOT_ASKED,NOT_ASKED,SOME_LIGHTS_ON,NOT_ASKED,NOT_ASKED,NOT_ASKED,NOT_ASKED,NOT_ASKED,NO_SMELL,"[""CHECK_ENGINE""]","[""NO_SIGNS""]",MONSOON,OUTDOOR,TODAY_USUAL,Honda,PETROL,HYDRO_LOCK,real
WONT_START,NO_CRANK,NOT_ASKED,NOT_ASKED,SOME_LIGHTS_ON,NOT_ASKED,NOT_ASKED,NOT_ASKED,NOT_ASKED,NOT_ASKED,NO_SMELL,"[""CHECK_ENGINE""]","[""NO_SIGNS""]",MONSOON,OUTDOOR,TODAY_USUAL,Toyota,DIESEL,HYDRO_LOCK,real
WONT_START,NO_CRANK,NOT_ASKED,NOT_ASKED,SOME_LIGHTS_ON,NOT_ASKED,NOT_ASKED,NOT_ASKED,NOT_ASKED,NOT_ASKED,NO_SMELL,"[""CHECK_ENGINE""]","[""NO_SIGNS""]",MONSOON,OUTDOOR,TODAY_USUAL,Hyundai,PETROL,HYDRO_LOCK,real
WONT_START,NO_CRANK,NOT_ASKED,NOT_ASKED,SOME_LIGHTS_ON,NOT_ASKED,NOT_ASKED,NOT_ASKED,NOT_ASKED,NOT_ASKED,NO_SMELL,"[""CHECK_ENGINE""]","[""NO_SIGNS""]",MONSOON,OUTDOOR,TODAY_USUAL,Honda,PETROL,HYDRO_LOCK,real
WEIRD_BEHAVIOR,STARTS_NORMAL,NOT_ASKED,NOT_ASKED,NOT_ASKED,NOT_ASKED,NOT_ASKED,NOT_ASKED,NOT_ASKED,NOT_ASKED,NO_SMELL,"[""ABS""]","[""NO_SIGNS""]",MONSOON,OUTDOOR,WITHIN_WEEK,Mitsubishi,DIESEL,ABS_SENSOR_RUST_CORROSION,real
WEIRD_BEHAVIOR,STARTS_NORMAL,NOT_ASKED,NOT_ASKED,NOT_ASKED,NOT_ASKED,NOT_ASKED,NOT_ASKED,NOT_ASKED,NOT_ASKED,NO_SMELL,"[""ABS""]","[""NO_SIGNS""]",NONE,OUTDOOR,WITHIN_WEEK,Honda,PETROL,ABS_SENSOR_RUST_CORROSION,real
WEIRD_BEHAVIOR,STARTS_NORMAL,NOT_ASKED,NOT_ASKED,NOT_ASKED,NOT_ASKED,NOT_ASKED,NOT_ASKED,NOT_ASKED,NOT_ASKED,NO_SMELL,"[""ABS""]","[""NO_SIGNS""]",MONSOON,OUTDOOR,WITHIN_WEEK,Toyota,PETROL,ABS_SENSOR_RUST_CORROSION,real
WEIRD_BEHAVIOR,STARTS_NORMAL,NOT_ASKED,NOT_ASKED,NOT_ASKED,NOT_ASKED,NOT_ASKED,NOT_ASKED,NOT_ASKED,NOT_ASKED,NO_SMELL,"[""ABS""]","[""NO_SIGNS""]",MONSOON,OUTDOOR,WITHIN_WEEK,Suzuki,PETROL,ABS_SENSOR_RUST_CORROSION,real
BRAKE_ISSUE,NOT_ASKED,NOT_ASKED,NOT_ASKED,NOT_ASKED,NOT_ASKED,NOT_ASKED,NOT_ASKED,SQUEALING,NOT_ASKED,NO_SMELL,"[""BRAKE""]","[""UNUSUAL_NOISE""]",NONE,OUTDOOR,WITHIN_WEEK,Suzuki,PETROL,BRAKE_PAD_WORN,real
BRAKE_ISSUE,NOT_ASKED,NOT_ASKED,NOT_ASKED,NOT_ASKED,NOT_ASKED,NOT_ASKED,NOT_ASKED,GRINDING,NOT_ASKED,BURNING_OIL,"[""BRAKE""]","[""UNUSUAL_NOISE""]",WITHIN_3_DAYS,OUTDOOR,WITHIN_WEEK,Toyota,DIESEL,BRAKE_PAD_WORN,real
BRAKE_ISSUE,NOT_ASKED,NOT_ASKED,NOT_ASKED,NOT_ASKED,NOT_ASKED,NOT_ASKED,NOT_ASKED,SOFT_PEDAL,NOT_ASKED,NO_SMELL,"[""BRAKE""]","[""UNUSUAL_NOISE""]",NONE,OUTDOOR,WITHIN_WEEK,Mitsubishi,DIESEL,BRAKE_FAILURE,real
BRAKE_ISSUE,NOT_ASKED,NOT_ASKED,NOT_ASKED,NOT_ASKED,NOT_ASKED,NOT_ASKED,NOT_ASKED,SQUEALING,NOT_ASKED,NO_SMELL,"[""BRAKE""]","[""UNUSUAL_NOISE""]",WITHIN_3_DAYS,OUTDOOR,WITHIN_WEEK,Toyota,DIESEL,BRAKE_PAD_WORN,real
BRAKE_ISSUE,NOT_ASKED,NOT_ASKED,NOT_ASKED,NOT_ASKED,NOT_ASKED,NOT_ASKED,NOT_ASKED,GRINDING,NOT_ASKED,BURNING_OIL,"[""BRAKE""]","[""UNUSUAL_NOISE""]",WITHIN_3_DAYS,OUTDOOR,WITHIN_WEEK,Mitsubishi,DIESEL,BRAKE_FAILURE,real
WEIRD_BEHAVIOR,STARTS_NORMAL,NOT_ASKED,NOT_ASKED,NOT_ASKED,NOT_ASKED,NOT_ASKED,NOT_ASKED,NOT_ASKED,NOT_ASKED,NO_SMELL,"[""ABS""]","[""NO_SIGNS""]",NONE,INDOOR,TODAY_NEW_STATION,Mitsubishi,DIESEL,ABS_SENSOR_RUST_CORROSION,synthetic_template
WEIRD_BEHAVIOR,STARTS_NORMAL,NOT_ASKED,NOT_ASKED,NOT_ASKED,NOT_ASKED,NOT_ASKED,NOT_ASKED,NOT_ASKED,NOT_ASKED,NO_SMELL,"[""ABS""]","[""NO_SIGNS""]",NONE,OUTDOOR,WITHIN_WEEK,Mitsubishi,DIESEL,ABS_SENSOR_RUST_CORROSION,synthetic_template
WEIRD_BEHAVIOR,STARTS_NORMAL,NOT_ASKED,NOT_ASKED,NOT_ASKED,NOT_ASKED,NOT_ASKED,NOT_ASKED,NOT_ASKED,NOT_ASKED,NO_SMELL,"[""ABS""]","[""NO_SIGNS""]",WITHIN_3_DAYS,OUTDOOR,WITHIN_WEEK,Toyota,DIESEL,ABS_SENSOR_RUST_CORROSION,synthetic_template
WEIRD_BEHAVIOR,STARTS_NORMAL,NOT_ASKED,NOT_ASKED,NOT_ASKED,NOT_ASKED,NOT_ASKED,NOT_ASKED,NOT_ASKED,NOT_ASKED,NO_SMELL,"[""ABS""]","[""NO_SIGNS""]",YESTERDAY,OUTDOOR,WITHIN_WEEK,Toyota,PETROL,ABS_SENSOR_RUST_CORROSION,synthetic_template
WEIRD_BEHAVIOR,STARTS_NORMAL,NOT_ASKED,NOT_ASKED,NOT_ASKED,NOT_ASKED,NOT_ASKED,NOT_ASKED,NOT_ASKED,NOT_ASKED,NO_SMELL,"[""ABS""]","[""NO_SIGNS""]",NONE,OUTDOOR,WITHIN_WEEK,Nissan,PETROL,ABS_SENSOR_RUST_CORROSION,synthetic_template
WEIRD_BEHAVIOR,STARTS_NORMAL,NOT_ASKED,NOT_ASKED,NOT_ASKED,NOT_ASKED,NOT_ASKED,NOT_ASKED,NOT_ASKED,NOT_ASKED,NO_SMELL,"[""ABS""]","[""NO_SIGNS""]",NONE,INDOOR,TODAY_USUAL,Suzuki,PETROL,ABS_SENSOR_RUST_CORROSION,synthetic_template
WEIRD_BEHAVIOR,STARTS_NORMAL,NOT_ASKED,NOT_ASKED,NOT_ASKED,NOT_ASKED,NOT_ASKED,NOT_ASKED,NOT_ASKED,NOT_ASKED,NO_SMELL,"[""ABS""]","[""NO_SIGNS""]",MONSOON,INDOOR,OVER_WEEK,Suzuki,PETROL,ABS_SENSOR_RUST_CORROSION,synthetic_template
WEIRD_BEHAVIOR,STARTS_NORMAL,NOT_ASKED,NOT_ASKED,NOT_ASKED,NOT_ASKED,NOT_ASKED,NOT_ASKED,NOT_ASKED,NOT_ASKED,NO_SMELL,"[""ABS""]","[""NO_SIGNS""]",WITHIN_3_DAYS,INDOOR,WITHIN_WEEK,Mitsubishi,PETROL,ABS_SENSOR_RUST_CORROSION,synthetic_template
WEIRD_BEHAVIOR,STARTS_NORMAL,NOT_ASKED,NOT_ASKED,NOT_ASKED,NOT_ASKED,NOT_ASKED,NOT_ASKED,NOT_ASKED,NOT_ASKED,NO_SMELL,"[""ABS""]","[""NO_SIGNS""]",YESTERDAY,OUTDOOR,WITHIN_WEEK,Mitsubishi,PETROL,ABS_SENSOR_RUST_CORROSION,synthetic_template
WEIRD_BEHAVIOR,STARTS_NORMAL,NOT_ASKED,NOT_ASKED,NOT_ASKED,NOT_ASKED,NOT_ASKED,NOT_ASKED,NOT_ASKED,NOT_ASKED,NO_SMELL,"[""ABS""]","[""NO_SIGNS""]",WITHIN_3_DAYS,INDOOR,WITHIN_WEEK,Nissan,PETROL,ABS_SENSOR_RUST_CORROSION,synthetic_template
WEIRD_BEHAVIOR,STARTS_NORMAL,NOT_ASKED,NOT_ASKED,NOT_ASKED,NOT_ASKED,NOT_ASKED,NOT_ASKED,NOT_ASKED,NOT_ASKED,NO_SMELL,"[""ABS""]","[""NO_SIGNS""]",WITHIN_3_DAYS,OUTDOOR,TODAY_USUAL,Toyota,HYBRID,ABS_SENSOR_RUST_CORROSION,synthetic_template
WEIRD_BEHAVIOR,STARTS_NORMAL,NOT_ASKED,NOT_ASKED,NOT_ASKED,NOT_ASKED,NOT_ASKED,NOT_ASKED,NOT_ASKED,NOT_ASKED,NO_SMELL,"[""ABS""]","[""NO_SIGNS""]",NONE,OUTDOOR,TODAY_USUAL,Mitsubishi,DIESEL,ABS_SENSOR_RUST_CORROSION,synthetic_template
ENGINE_PROBLEM,STARTS_BUT_ISSUE,NO_POWER,NOT_ASKED,NOT_ASKED,NOT_ASKED,NOT_ASKED,NOT_ASKED,NOT_ASKED,NOT_ASKED,BURNING_ELECTRICAL,"[""NONE""]","[""HARD_START"", ""LIGHTS_FLICKER""]",YESTERDAY,INDOOR,WITHIN_WEEK,Toyota,DIESEL,ALTERNATOR_ISSUE,synthetic_template
WEIRD_BEHAVIOR,NO_CRANK,NOT_ASKED,NOT_ASKED,ALL_DEAD_NO_LIGHTS,NOT_ASKED,NOT_ASKED,NOT_ASKED,NOT_ASKED,NOT_ASKED,NO_SMELL,"[""BATTERY"", ""CHECK_ENGINE""]","[""HARD_START""]",NONE,OUTDOOR,WITHIN_WEEK,Toyota,HYBRID,ALTERNATOR_ISSUE,synthetic_template
WEIRD_BEHAVIOR,NO_CRANK,NOT_ASKED,NOT_ASKED,ALL_DEAD_NO_LIGHTS,NOT_ASKED,NOT_ASKED,NOT_ASKED,NOT_ASKED,NOT_ASKED,NO_SMELL,"[""BATTERY"", ""CHECK_ENGINE""]","[""HARD_START""]",NONE,OUTDOOR,OVER_WEEK,Mitsubishi,PETROL,ALTERNATOR_ISSUE,synthetic_template
ENGINE_PROBLEM,STARTS_NORMAL,NO_POWER,NOT_ASKED,NOT_ASKED,NOT_ASKED,NOT_ASKED,NOT_ASKED,NOT_ASKED,NOT_ASKED,NO_SMELL,"[""BATTERY"", ""CHECK_ENGINE""]","[""HARD_START"", ""LIGHTS_FLICKER"", ""LOSS_OF_POWER""]",NONE,OUTDOOR,WITHIN_WEEK,Toyota,DIESEL,ALTERNATOR_ISSUE,synthetic_template
WONT_START,STARTS_BUT_ISSUE,STALLING,NOT_ASKED,NOT_ASKED,NOT_ASKED,NOT_ASKED,NOT_ASKED,NOT_ASKED,NOT_ASKED,NO_SMELL,"[""BATTERY""]","[""LOSS_OF_POWER""]",WITHIN_3_DAYS,OUTDOOR,WITHIN_WEEK,Suzuki,PETROL,ALTERNATOR_ISSUE,synthetic_template
ENGINE_PROBLEM,STARTS_NORMAL,NO_POWER,NOT_ASKED,NOT_ASKED,NOT_ASKED,NOT_ASKED,NOT_ASKED,NOT_ASKED,NOT_ASKED,NO_SMELL,"[""BATTERY""]","[""LIGHTS_FLICKER""]",NONE,OUTDOOR,WITHIN_WEEK,Nissan,PETROL,ALTERNATOR_ISSUE,synthetic_template
WEIRD_BEHAVIOR,STARTS_BUT_ISSUE,NO_POWER,NOT_ASKED,NOT_ASKED,NOT_ASKED,NOT_ASKED,NOT_ASKED,NOT_ASKED,NOT_ASKED,NO_SMELL,"[""CHECK_ENGINE""]","[""LIGHTS_FLICKER""]",YESTERDAY,INDOOR,TODAY_USUAL,Toyota,PETROL,ALTERNATOR_ISSUE,synthetic_template
ENGINE_PROBLEM,STARTS_BUT_ISSUE,STALLING,NOT_ASKED,NOT_ASKED,NOT_ASKED,NOT_ASKED,NOT_ASKED,NOT_ASKED,NOT_ASKED,NO_SMELL,"[""NONE""]","[""NO_SIGNS""]",NONE,OUTDOOR,WITHIN_WEEK,Mazda,PETROL,ALTERNATOR_ISSUE,synthetic_template
ENGINE_PROBLEM,STARTS_BUT_ISSUE,NOISE,NOT_ASKED,NOT_ASKED,WHINE,NOT_ASKED,NOT_ASKED,NOT_ASKED,NOT_ASKED,NO_SMELL,"[""BATTERY"", ""CHECK_ENGINE""]","[""LIGHTS_FLICKER""]",WITHIN_3_DAYS,INDOOR,TODAY_NEW_STATION,Suzuki,PETROL,ALTERNATOR_ISSUE,synthetic_template
WEIRD_BEHAVIOR,STARTS_BUT_ISSUE,NOISE,NOT_ASKED,NOT_ASKED,WHINE,NOT_ASKED,NOT_ASKED,NOT_ASKED,NOT_ASKED,NO_SMELL,"[""NONE""]","[""LIGHTS_FLICKER"", ""LOSS_OF_POWER""]",WITHIN_3_DAYS,OUTDOOR,TODAY_USUAL,Honda,PETROL,ALTERNATOR_ISSUE,synthetic_template
WEIRD_BEHAVIOR,STARTS_NORMAL,STALLING,NOT_ASKED,NOT_ASKED,NOT_ASKED,NOT_ASKED,NOT_ASKED,NOT_ASKED,NOT_ASKED,NO_SMELL,"[""NONE""]","[""HARD_START"", ""LIGHTS_FLICKER""]",MONSOON,OUTDOOR,TODAY_USUAL,Toyota,PETROL,ALTERNATOR_ISSUE,synthetic_template
ENGINE_PROBLEM,STARTS_NORMAL,NO_POWER,NOT_ASKED,NOT_ASKED,NOT_ASKED,NOT_ASKED,NOT_ASKED,NOT_ASKED,NOT_ASKED,NO_SMELL,"[""BATTERY""]","[""LIGHTS_FLICKER""]",MONSOON,INDOOR,WITHIN_WEEK,Toyota,DIESEL,ALTERNATOR_ISSUE,synthetic_template
ENGINE_PROBLEM,STARTS_BUT_ISSUE,NO_POWER,NOT_ASKED,NOT_ASKED,NOT_ASKED,NOT_ASKED,NOT_ASKED,NOT_ASKED,NOT_ASKED,BURNING_ELECTRICAL,"[""NONE""]","[""HARD_START"", ""LIGHTS_FLICKER""]",NONE,INDOOR,TODAY_USUAL,Suzuki,PETROL,ALTERNATOR_ISSUE,synthetic_template
ENGINE_PROBLEM,STARTS_NORMAL,NO_POWER,NOT_ASKED,NOT_ASKED,NOT_ASKED,NOT_ASKED,NOT_ASKED,NOT_ASKED,NOT_ASKED,NO_SMELL,"[""BATTERY""]","[""LIGHTS_FLICKER""]",NONE,OUTDOOR,WITHIN_WEEK,Toyota,DIESEL,ALTERNATOR_ISSUE,synthetic_template
ENGINE_PROBLEM,STARTS_NORMAL,NO_POWER,NOT_ASKED,NOT_ASKED,NOT_ASKED,NOT_ASKED,NOT_ASKED,NOT_ASKED,NOT_ASKED,NO_SMELL,"[""BATTERY""]","[""LIGHTS_FLICKER""]",NONE,OUTDOOR,OVER_WEEK,Mahindra,DIESEL,ALTERNATOR_ISSUE,synthetic_template
WEIRD_BEHAVIOR,STARTS_BUT_ISSUE,NOISE,NOT_ASKED,NOT_ASKED,WHINE,NOT_ASKED,NOT_ASKED,NOT_ASKED,NOT_ASKED,NO_SMELL,"[""NONE""]","[""LIGHTS_FLICKER"", ""LOSS_OF_POWER""]",MONSOON,OUTDOOR,TODAY_USUAL,Toyota,PETROL,ALTERNATOR_ISSUE,synthetic_template
WEIRD_BEHAVIOR,STARTS_NORMAL,STALLING,NOT_ASKED,NOT_ASKED,NOT_ASKED,NOT_ASKED,NOT_ASKED,NOT_ASKED,NOT_ASKED,NO_SMELL,"[""NONE""]","[""HARD_START"", ""LIGHTS_FLICKER""]",WITHIN_3_DAYS,OUTDOOR,OVER_WEEK,Nissan,PETROL,ALTERNATOR_ISSUE,synthetic_template
WEIRD_BEHAVIOR,NO_CRANK,NOT_ASKED,NOT_ASKED,ALL_DEAD_NO_LIGHTS,NOT_ASKED,NOT_ASKED,NOT_ASKED,NOT_ASKED,NOT_ASKED,NO_SMELL,"[""BATTERY"", ""CHECK_ENGINE""]","[""HARD_START""]",YESTERDAY,OUTDOOR,TODAY_USUAL,Mahindra,DIESEL,ALTERNATOR_ISSUE,synthetic_template
WEIRD_BEHAVIOR,STARTS_BUT_ISSUE,NO_POWER,NOT_ASKED,NOT_ASKED,NOT_ASKED,NOT_ASKED,NOT_ASKED,NOT_ASKED,NOT_ASKED,NO_SMELL,"[""BATTERY"", ""CHECK_ENGINE""]","[""LIGHTS_FLICKER""]",NONE,OUTDOOR,WITHIN_WEEK,Hyundai,PETROL,ALTERNATOR_ISSUE,synthetic_template
ENGINE_PROBLEM,NO_CRANK,NOT_ASKED,NOT_ASKED,SOME_LIGHTS_ON,NOT_ASKED,NOT_ASKED,NOT_ASKED,NOT_ASKED,NOT_ASKED,NO_SMELL,"[""BATTERY""]","[""LIGHTS_FLICKER""]",WITHIN_3_DAYS,INDOOR,TODAY_NEW_STATION,Kia,PETROL,ALTERNATOR_ISSUE,synthetic_template
WEIRD_BEHAVIOR,STARTS_BUT_ISSUE,NO_POWER,NOT_ASKED,NOT_ASKED,NOT_ASKED,NOT_ASKED,NOT_ASKED,NOT_ASKED,NOT_ASKED,NO_SMELL,"[""BATTERY"", ""CHECK_ENGINE""]","[""LIGHTS_FLICKER""]",WITHIN_3_DAYS,INDOOR,WITHIN_WEEK,Toyota,PETROL,ALTERNATOR_ISSUE,synthetic_template
WEIRD_BEHAVIOR,STARTS_BUT_ISSUE,NO_POWER,NOT_ASKED,NOT_ASKED,NOT_ASKED,NOT_ASKED,NOT_ASKED,NOT_ASKED,NOT_ASKED,NO_SMELL,"[""BATTERY"", ""CHECK_ENGINE""]","[""LIGHTS_FLICKER""]",NONE,INDOOR,WITHIN_WEEK,Mitsubishi,DIESEL,ALTERNATOR_ISSUE,synthetic_template
WONT_START,STARTS_BUT_ISSUE,NO_POWER,NOT_ASKED,NOT_ASKED,NOT_ASKED,NOT_ASKED,NOT_ASKED,NOT_ASKED,NOT_ASKED,NO_SMELL,"[""BATTERY"", ""CHECK_ENGINE""]","[""HARD_START"", ""LIGHTS_FLICKER"", ""LOSS_OF_POWER""]",YESTERDAY,INDOOR,OVER_WEEK,Toyota,PETROL,ALTERNATOR_ISSUE,synthetic_template
ENGINE_PROBLEM,STARTS_BUT_ISSUE,NOISE,NOT_ASKED,NOT_ASKED,WHINE,NOT_ASKED,NOT_ASKED,NOT_ASKED,NOT_ASKED,NO_SMELL,"[""BATTERY"", ""CHECK_ENGINE""]","[""LIGHTS_FLICKER""]",NONE,INDOOR,TODAY_USUAL,Kia,PETROL,ALTERNATOR_ISSUE,synthetic_template
WEIRD_BEHAVIOR,STARTS_BUT_ISSUE,NOISE,NOT_ASKED,NOT_ASKED,WHINE,NOT_ASKED,NOT_ASKED,NOT_ASKED,NOT_ASKED,NO_SMELL,"[""NONE""]","[""LIGHTS_FLICKER"", ""LOSS_OF_POWER""]",NONE,INDOOR,OVER_WEEK,Mazda,PETROL,ALTERNATOR_ISSUE,synthetic_template
WEIRD_BEHAVIOR,STARTS_BUT_ISSUE,NO_POWER,NOT_ASKED,NOT_ASKED,NOT_ASKED,NOT_ASKED,NOT_ASKED,NOT_ASKED,NOT_ASKED,NO_SMELL,"[""CHECK_ENGINE""]","[""LIGHTS_FLICKER""]",NONE,INDOOR,OVER_WEEK,Honda,HYBRID,ALTERNATOR_ISSUE,synthetic_template
WONT_START,NO_CRANK,NOT_ASKED,NOT_ASKED,ALL_DEAD_NO_LIGHTS,NOT_ASKED,NOT_ASKED,NOT_ASKED,NOT_ASKED,NOT_ASKED,NO_SMELL,"[""BATTERY""]","[""HARD_START"", ""LIGHTS_FLICKER""]",NONE,OUTDOOR,WITHIN_WEEK,Kia,PETROL,BATTERY_REPLACE,synthetic_template
ENGINE_PROBLEM,NO_CRANK,NOT_ASKED,NOT_ASKED,ALL_DEAD_NO_LIGHTS,NOT_ASKED,NOT_ASKED,NOT_ASKED,NOT_ASKED,NOT_ASKED,NO_SMELL,"[""NONE""]","[""NO_SIGNS""]",WITHIN_3_DAYS,OUTDOOR,TODAY_NEW_STATION,Mazda,DIESEL,BATTERY_REPLACE,synthetic_template
ENGINE_PROBLEM,NO_CRANK,NOT_ASKED,NOT_ASKED,DIM_LIGHTS,NOT_ASKED,NOT_ASKED,NOT_ASKED,NOT_ASKED,NOT_ASKED,NO_SMELL,"[""BATTERY""]","[""LIGHTS_FLICKER""]",WITHIN_3_DAYS,OUTDOOR,WITHIN_WEEK,Suzuki,PETROL,BATTERY_REPLACE,synthetic_template
ENGINE_PROBLEM,STARTS_BUT_ISSUE,NOT_ASKED,NOT_ASKED,NOT_ASKED,NOT_ASKED,NOT_ASKED,NOT_ASKED,NOT_ASKED,NOT_ASKED,NO_SMELL,"[""BATTERY"", ""CHECK_ENGINE""]","[""HARD_START"", ""LIGHTS_FLICKER""]",WITHIN_3_DAYS,INDOOR,TODAY_USUAL,Toyota,DIESEL,BATTERY_REPLACE,synthetic_template
WONT_START,STARTS_BUT_ISSUE,NOT_ASKED,NOT_ASKED,NOT_ASKED,NOT_ASKED,NOT_ASKED,NOT_ASKED,NOT_ASKED,NOT_ASKED,NO_SMELL,"[""NONE""]","[""HARD_START""]",MONSOON,INDOOR,TODAY_USUAL,Mahindra,DIESEL,BATTERY_REPLACE,synthetic_template
WONT_START,NO_CRANK,NOT_ASKED,NOT_ASKED,DIM_LIGHTS,NOT_ASKED,NOT_ASKED,NOT_ASKED,NOT_ASKED,NOT_ASKED,NO_SMELL,"[""BATTERY""]","[""HARD_START"", ""LIGHTS_FLICKER""]",YESTERDAY,OUTDOOR,WITHIN_WEEK,Mitsubishi,DIESEL,BATTERY_REPLACE,synthetic_template
WONT_START,NO_CRANK,NOT_ASKED,NOT_ASKED,ALL_DEAD_NO_LIGHTS,NOT_ASKED,NOT_ASKED,NOT_ASKED,NOT_ASKED,NOT_ASKED,NO_SMELL,"[""BATTERY"", ""CHECK_ENGINE""]","[""NO_SIGNS""]",NONE,INDOOR,WITHIN_WEEK,Hyundai,PETROL,BATTERY_REPLACE,synthetic_template
WONT_START,NO_CRANK,NOT_ASKED,NOT_ASKED,ALL_DEAD_NO_LIGHTS,NOT_ASKED,NOT_ASKED,NOT_ASKED,NOT_ASKED,NOT_ASKED,NO_SMELL,"[""BATTERY""]","[""HARD_START"", ""LIGHTS_FLICKER""]",WITHIN_3_DAYS,INDOOR,WITHIN_WEEK,Mitsubishi,PETROL,BATTERY_REPLACE,synthetic_template
ENGINE_PROBLEM,NO_CRANK,NOT_ASKED,NOT_ASKED,ALL_DEAD_NO_LIGHTS,NOT_ASKED,NOT_ASKED,NOT_ASKED,NOT_ASKED,NOT_ASKED,NO_SMELL,"[""NONE""]","[""NO_SIGNS""]",NONE,OUTDOOR,OVER_WEEK,Toyota,DIESEL,BATTERY_REPLACE,synthetic_template
WONT_START,STARTS_BUT_ISSUE,NOT_ASKED,NOT_ASKED,NOT_ASKED,NOT_ASKED,NOT_ASKED,NOT_ASKED,NOT_ASKED,NOT_ASKED,NO_SMELL,"[""BATTERY""]","[""LIGHTS_FLICKER""]",NONE,INDOOR,TODAY_USUAL,Hyundai,PETROL,BATTERY_REPLACE,synthetic_template
WONT_START,NO_CRANK,NOT_ASKED,NOT_ASKED,DIM_LIGHTS,NOT_ASKED,NOT_ASKED,NOT_ASKED,NOT_ASKED,NOT_ASKED,NO_SMELL,"[""BATTERY""]","[""LIGHTS_FLICKER""]",NONE,INDOOR,OVER_WEEK,Nissan,PETROL,BATTERY_REPLACE,synthetic_template
WONT_START,STARTS_BUT_ISSUE,NOT_ASKED,NOT_ASKED,NOT_ASKED,NOT_ASKED,NOT_ASKED,NOT_ASKED,NOT_ASKED,NOT_ASKED,NO_SMELL,"[""BATTERY""]","[""LIGHTS_FLICKER""]",NONE,INDOOR,OVER_WEEK,Kia,PETROL,BATTERY_REPLACE,synthetic_template
ENGINE_PROBLEM,NO_CRANK,NOT_ASKED,NOT_ASKED,DIM_LIGHTS,NOT_ASKED,NOT_ASKED,NOT_ASKED,NOT_ASKED,NOT_ASKED,NO_SMELL,"[""BATTERY""]","[""HARD_START""]",WITHIN_3_DAYS,INDOOR,WITHIN_WEEK,Nissan,DIESEL,BATTERY_REPLACE,synthetic_template
ENGINE_PROBLEM,NO_CRANK,NOT_ASKED,NOT_ASKED,DIM_LIGHTS,NOT_ASKED,NOT_ASKED,NOT_ASKED,NOT_ASKED,NOT_ASKED,NO_SMELL,"[""BATTERY""]","[""LIGHTS_FLICKER""]",NONE,OUTDOOR,WITHIN_WEEK,Toyota,HYBRID,BATTERY_REPLACE,synthetic_template
WONT_START,STARTS_BUT_ISSUE,NOT_ASKED,NOT_ASKED,NOT_ASKED,NOT_ASKED,NOT_ASKED,NOT_ASKED,NOT_ASKED,NOT_ASKED,NO_SMELL,"[""BATTERY""]","[""HARD_START""]",YESTERDAY,INDOOR,TODAY_NEW_STATION,Suzuki,PETROL,BATTERY_REPLACE,synthetic_template
WONT_START,NO_CRANK,NOT_ASKED,NOT_ASKED,DIM_LIGHTS,NOT_ASKED,NOT_ASKED,NOT_ASKED,NOT_ASKED,NOT_ASKED,NO_SMELL,"[""BATTERY""]","[""HARD_START""]",NONE,OUTDOOR,TODAY_USUAL,Toyota,PETROL,BATTERY_REPLACE,synthetic_template
WONT_START,NO_CRANK,NOT_ASKED,NOT_ASKED,DIM_LIGHTS,NOT_ASKED,NOT_ASKED,NOT_ASKED,NOT_ASKED,NOT_ASKED,NO_SMELL,"[""BATTERY""]","[""LIGHTS_FLICKER""]",NONE,OUTDOOR,OVER_WEEK,Toyota,PETROL,BATTERY_REPLACE,synthetic_template
WONT_START,NO_CRANK,NOT_ASKED,NOT_ASKED,ALL_DEAD_NO_LIGHTS,NOT_ASKED,NOT_ASKED,NOT_ASKED,NOT_ASKED,NOT_ASKED,NO_SMELL,"[""BATTERY"", ""CHECK_ENGINE""]","[""NO_SIGNS""]",MONSOON,OUTDOOR,WITHIN_WEEK,Suzuki,PETROL,BATTERY_REPLACE,synthetic_template
WONT_START,NO_CRANK,NOT_ASKED,NOT_ASKED,ALL_DEAD_NO_LIGHTS,NOT_ASKED,NOT_ASKED,NOT_ASKED,NOT_ASKED,NOT_ASKED,NO_SMELL,"[""BATTERY""]","[""HARD_START"", ""LIGHTS_FLICKER""]",NONE,OUTDOOR,TODAY_USUAL,Mitsubishi,DIESEL,BATTERY_REPLACE,synthetic_template
WONT_START,STARTS_BUT_ISSUE,NOT_ASKED,NOT_ASKED,NOT_ASKED,NOT_ASKED,NOT_ASKED,NOT_ASKED,NOT_ASKED,NOT_ASKED,NO_SMELL,"[""BATTERY""]","[""LIGHTS_FLICKER""]",WITHIN_3_DAYS,INDOOR,TODAY_NEW_STATION,Kia,PETROL,BATTERY_REPLACE,synthetic_template
ENGINE_PROBLEM,STARTS_BUT_ISSUE,NOT_ASKED,NOT_ASKED,NOT_ASKED,NOT_ASKED,NOT_ASKED,NOT_ASKED,NOT_ASKED,NOT_ASKED,NO_SMELL,"[""BATTERY""]","[""HARD_START"", ""NO_SIGNS""]",NONE,OUTDOOR,TODAY_USUAL,Suzuki,PETROL,BATTERY_REPLACE,synthetic_template
ENGINE_PROBLEM,NO_CRANK,NOT_ASKED,NOT_ASKED,DIM_LIGHTS,NOT_ASKED,NOT_ASKED,NOT_ASKED,NOT_ASKED,NOT_ASKED,NO_SMELL,"[""BATTERY""]","[""HARD_START""]",YESTERDAY,INDOOR,TODAY_NEW_STATION,Suzuki,PETROL,BATTERY_REPLACE,synthetic_template
WONT_START,STARTS_BUT_ISSUE,NOT_ASKED,NOT_ASKED,NOT_ASKED,NOT_ASKED,NOT_ASKED,NOT_ASKED,NOT_ASKED,NOT_ASKED,NO_SMELL,"[""CHECK_ENGINE""]","[""LIGHTS_FLICKER""]",NONE,OUTDOOR,WITHIN_WEEK,Suzuki,PETROL,BATTERY_REPLACE,synthetic_template
WONT_START,NO_CRANK,NOT_ASKED,NOT_ASKED,SOME_LIGHTS_ON,NOT_ASKED,NOT_ASKED,NOT_ASKED,NOT_ASKED,NOT_ASKED,NO_SMELL,"[""NONE""]","[""NO_SIGNS""]",NONE,OUTDOOR,OVER_WEEK,Kia,PETROL,BATTERY_TERMINAL_CLEAN,synthetic_template
WONT_START,STARTS_BUT_ISSUE,NOT_ASKED,NOT_ASKED,NOT_ASKED,NOT_ASKED,NOT_ASKED,NOT_ASKED,NOT_ASKED,NOT_ASKED,NO_SMELL,"[""NONE""]","[""HARD_START""]",MONSOON,INDOOR,TODAY_USUAL,Hyundai,PETROL,BATTERY_TERMINAL_CLEAN,synthetic_template
WONT_START,STARTS_BUT_ISSUE,NOT_ASKED,NOT_ASKED,NOT_ASKED,NOT_ASKED,NOT_ASKED,NOT_ASKED,NOT_ASKED,NOT_ASKED,NO_SMELL,"[""NONE""]","[""HARD_START""]",YESTERDAY,OUTDOOR,WITHIN_WEEK,Toyota,PETROL,BATTERY_TERMINAL_CLEAN,synthetic_template
ENGINE_PROBLEM,NO_CRANK,NOT_ASKED,NOT_ASKED,DIM_LIGHTS,NOT_ASKED,NOT_ASKED,NOT_ASKED,NOT_ASKED,NOT_ASKED,NO_SMELL,"[""NONE""]","[""NO_SIGNS""]",YESTERDAY,OUTDOOR,WITHIN_WEEK,Honda,HYBRID,BATTERY_TERMINAL_CLEAN,synthetic_template
WONT_START,NO_CRANK,NOT_ASKED,NOT_ASKED,SOME_LIGHTS_ON,NOT_ASKED,NOT_ASKED,NOT_ASKED,NOT_ASKED,NOT_ASKED,NO_SMELL,"[""NONE""]","[""HARD_START"", ""LIGHTS_FLICKER"", ""NO_SIGNS""]",WITHIN_3_DAYS,OUTDOOR,TODAY_NEW_STATION,Hyundai,PETROL,BATTERY_TERMINAL_CLEAN,synthetic_template
ENGINE_PROBLEM,NO_CRANK,NOT_ASKED,NOT_ASKED,DIM_LIGHTS,NOT_ASKED,NOT_ASKED,NOT_ASKED,NOT_ASKED,NOT_ASKED,NO_SMELL,"[""BATTERY""]","[""NO_SIGNS""]",NONE,OUTDOOR,TODAY_NEW_STATION,Mitsubishi,DIESEL,BATTERY_TERMINAL_CLEAN,synthetic_template
WONT_START,NO_CRANK,NOT_ASKED,NOT_ASKED,ALL_DEAD_NO_LIGHTS,NOT_ASKED,NOT_ASKED,NOT_ASKED,NOT_ASKED,NOT_ASKED,NO_SMELL,"[""CHECK_ENGINE""]","[""HARD_START"", ""LIGHTS_FLICKER""]",NONE,OUTDOOR,TODAY_USUAL,Toyota,HYBRID,BATTERY_TERMINAL_CLEAN,synthetic_template
WONT_START,STARTS_BUT_ISSUE,NOT_ASKED,NOT_ASKED,NOT_ASKED,NOT_ASKED,NOT_ASKED,NOT_ASKED,NOT_ASKED,NOT_ASKED,NO_SMELL,"[""NONE""]","[""HARD_START"", ""NO_SIGNS""]",WITHIN_3_DAYS,OUTDOOR,WITHIN_WEEK,Toyota,HYBRID,BATTERY_TERMINAL_CLEAN,synthetic_template
WONT_START,NO_CRANK,NOT_ASKED,NOT_ASKED,DIM_LIGHTS,NOT_ASKED,NOT_ASKED,NOT_ASKED,NOT_ASKED,NOT_ASKED,NO_SMELL,"[""BATTERY""]","[""HARD_START"", ""NO_SIGNS""]",NONE,OUTDOOR,WITHIN_WEEK,Mitsubishi,DIESEL,BATTERY_TERMINAL_CLEAN,synthetic_template
WONT_START,STARTS_BUT_ISSUE,NOT_ASKED,NOT_ASKED,NOT_ASKED,NOT_ASKED,NOT_ASKED,NOT_ASKED,NOT_ASKED,NOT_ASKED,NO_SMELL,"[""NONE""]","[""HARD_START""]",WITHIN_3_DAYS,OUTDOOR,TODAY_USUAL,Toyota,DIESEL,BATTERY_TERMINAL_CLEAN,synthetic_template
ENGINE_PROBLEM,STARTS_BUT_ISSUE,NOT_ASKED,NOT_ASKED,NOT_ASKED,NOT_ASKED,NOT_ASKED,NOT_ASKED,NOT_ASKED,NOT_ASKED,NO_SMELL,"[""NONE""]","[""NO_SIGNS""]",NONE,OUTDOOR,OVER_WEEK,Kia,PETROL,BATTERY_TERMINAL_CLEAN,synthetic_template
WONT_START,NO_CRANK,NOT_ASKED,NOT_ASKED,ALL_DEAD_NO_LIGHTS,NOT_ASKED,NOT_ASKED,NOT_ASKED,NOT_ASKED,NOT_ASKED,NO_SMELL,"[""CHECK_ENGINE""]","[""HARD_START"", ""LIGHTS_FLICKER""]",YESTERDAY,OUTDOOR,WITHIN_WEEK,Mitsubishi,DIESEL,BATTERY_TERMINAL_CLEAN,synthetic_template
WONT_START,NO_CRANK,NOT_ASKED,NOT_ASKED,SOME_LIGHTS_ON,NOT_ASKED,NOT_ASKED,NOT_ASKED,NOT_ASKED,NOT_ASKED,NO_SMELL,"[""NONE""]","[""HARD_START"", ""LIGHTS_FLICKER"", ""NO_SIGNS""]",NONE,OUTDOOR,WITHIN_WEEK,Mazda,PETROL,BATTERY_TERMINAL_CLEAN,synthetic_template
ENGINE_PROBLEM,NO_CRANK,NOT_ASKED,NOT_ASKED,ALL_DEAD_NO_LIGHTS,NOT_ASKED,NOT_ASKED,NOT_ASKED,NOT_ASKED,NOT_ASKED,NO_SMELL,"[""BATTERY""]","[""NO_SIGNS""]",YESTERDAY,INDOOR,TODAY_NEW_STATION,Suzuki,PETROL,BATTERY_TERMINAL_CLEAN,synthetic_template
WONT_START,NO_CRANK,NOT_ASKED,NOT_ASKED,ALL_DEAD_NO_LIGHTS,NOT_ASKED,NOT_ASKED,NOT_ASKED,NOT_ASKED,NOT_ASKED,NO_SMELL,"[""BATTERY""]","[""NO_SIGNS""]",WITHIN_3_DAYS,OUTDOOR,OVER_WEEK,Toyota,HYBRID,BATTERY_TERMINAL_CLEAN,synthetic_template
WONT_START,NO_CRANK,NOT_ASKED,NOT_ASKED,ALL_DEAD_NO_LIGHTS,NOT_ASKED,NOT_ASKED,NOT_ASKED,NOT_ASKED,NOT_ASKED,NO_SMELL,"[""BATTERY""]","[""NO_SIGNS""]",NONE,OUTDOOR,TODAY_USUAL,Toyota,PETROL,BATTERY_TERMINAL_CLEAN,synthetic_template
WONT_START,NO_CRANK,NOT_ASKED,NOT_ASKED,DIM_LIGHTS,NOT_ASKED,NOT_ASKED,NOT_ASKED,NOT_ASKED,NOT_ASKED,NO_SMELL,"[""BATTERY""]","[""HARD_START"", ""NO_SIGNS""]",NONE,OUTDOOR,TODAY_USUAL,Nissan,PETROL,BATTERY_TERMINAL_CLEAN,synthetic_template
WONT_START,STARTS_BUT_ISSUE,NOT_ASKED,NOT_ASKED,NOT_ASKED,NOT_ASKED,NOT_ASKED,NOT_ASKED,NOT_ASKED,NOT_ASKED,NO_SMELL,"[""BATTERY"", ""NONE""]","[""HARD_START"", ""NO_SIGNS""]",NONE,OUTDOOR,TODAY_USUAL,Mitsubishi,DIESEL,BATTERY_TERMINAL_CLEAN,synthetic_template
ENGINE_PROBLEM,NO_CRANK,NOT_ASKED,NOT_ASKED,DIM_LIGHTS,NOT_ASKED,NOT_ASKED,NOT_ASKED,NOT_ASKED,NOT_ASKED,NO_SMELL,"[""BATTERY""]","[""HARD_START""]",NONE,OUTDOOR,TODAY_USUAL,Mitsubishi,DIESEL,BATTERY_TERMINAL_CLEAN,synthetic_template
WONT_START,STARTS_BUT_ISSUE,NOT_ASKED,NOT_ASKED,NOT_ASKED,NOT_ASKED,NOT_ASKED,NOT_ASKED,NOT_ASKED,NOT_ASKED,NO_SMELL,"[""NONE""]","[""HARD_START"", ""NO_SIGNS""]",WITHIN_3_DAYS,OUTDOOR,WITHIN_WEEK,Honda,PETROL,BATTERY_TERMINAL_CLEAN,synthetic_template
WONT_START,STARTS_BUT_ISSUE,NOT_ASKED,NOT_ASKED,NOT_ASKED,NOT_ASKED,NOT_ASKED,NOT_ASKED,NOT_ASKED,NOT_ASKED,NO_SMELL,"[""BATTERY"", ""NONE""]","[""HARD_START"", ""NO_SIGNS""]",YESTERDAY,OUTDOOR,WITHIN_WEEK,Toyota,PETROL,BATTERY_TERMINAL_CLEAN,synthetic_template
WONT_START,STARTS_BUT_ISSUE,NOT_ASKED,NOT_ASKED,NOT_ASKED,NOT_ASKED,NOT_ASKED,NOT_ASKED,NOT_ASKED,NOT_ASKED,NO_SMELL,"[""BATTERY"", ""NONE""]","[""HARD_START"", ""NO_SIGNS""]",WITHIN_3_DAYS,OUTDOOR,WITHIN_WEEK,Suzuki,PETROL,BATTERY_TERMINAL_CLEAN,synthetic_template
ENGINE_PROBLEM,NO_CRANK,NOT_ASKED,NOT_ASKED,DIM_LIGHTS,NOT_ASKED,NOT_ASKED,NOT_ASKED,NOT_ASKED,NOT_ASKED,NO_SMELL,"[""BATTERY""]","[""NO_SIGNS""]",NONE,INDOOR,TODAY_USUAL,Toyota,PETROL,BATTERY_TERMINAL_CLEAN,synthetic_template
WONT_START,NO_CRANK,NOT_ASKED,NOT_ASKED,SOME_LIGHTS_ON,NOT_ASKED,NOT_ASKED,NOT_ASKED,NOT_ASKED,NOT_ASKED,NO_SMELL,"[""NONE""]","[""HARD_START"", ""LIGHTS_FLICKER"", ""NO_SIGNS""]",NONE,OUTDOOR,WITHIN_WEEK,Mazda,PETROL,BATTERY_TERMINAL_CLEAN,synthetic_template
WONT_START,NO_CRANK,NOT_ASKED,NOT_ASKED,ALL_DEAD_NO_LIGHTS,NOT_ASKED,NOT_ASKED,NOT_ASKED,NOT_ASKED,NOT_ASKED,NO_SMELL,"[""CHECK_ENGINE""]","[""HARD_START"", ""LIGHTS_FLICKER""]",MONSOON,OUTDOOR,TODAY_NEW_STATION,Suzuki,PETROL,BATTERY_TERMINAL_CLEAN,synthetic_template
ENGINE_PROBLEM,NO_CRANK,NOT_ASKED,NOT_ASKED,DIM_LIGHTS,NOT_ASKED,NOT_ASKED,NOT_ASKED,NOT_ASKED,NOT_ASKED,NO_SMELL,"[""NONE""]","[""NO_SIGNS""]",NONE,INDOOR,TODAY_NEW_STATION,Toyota,PETROL,BATTERY_TERMINAL_CLEAN,synthetic_template
WONT_START,STARTS_BUT_ISSUE,NOT_ASKED,NOT_ASKED,NOT_ASKED,NOT_ASKED,NOT_ASKED,NOT_ASKED,NOT_ASKED,NOT_ASKED,NO_SMELL,"[""NONE""]","[""HARD_START"", ""NO_SIGNS""]",MONSOON,INDOOR,TODAY_USUAL,Suzuki,PETROL,BATTERY_TERMINAL_CLEAN,synthetic_template
WONT_START,STARTS_BUT_ISSUE,NOT_ASKED,NOT_ASKED,NOT_ASKED,NOT_ASKED,NOT_ASKED,NOT_ASKED,NOT_ASKED,NOT_ASKED,NO_SMELL,"[""BATTERY"", ""NONE""]","[""HARD_START"", ""NO_SIGNS""]",YESTERDAY,OUTDOOR,WITHIN_WEEK,Nissan,PETROL,BATTERY_TERMINAL_CLEAN,synthetic_template
WONT_START,NO_CRANK,NOT_ASKED,NOT_ASKED,SOME_LIGHTS_ON,NOT_ASKED,NOT_ASKED,NOT_ASKED,NOT_ASKED,NOT_ASKED,NO_SMELL,"[""NONE""]","[""NO_SIGNS""]",MONSOON,OUTDOOR,TODAY_USUAL,Honda,PETROL,BATTERY_TERMINAL_CLEAN,synthetic_template
WONT_START,NO_CRANK,NOT_ASKED,NOT_ASKED,DIM_LIGHTS,NOT_ASKED,NOT_ASKED,NOT_ASKED,NOT_ASKED,NOT_ASKED,NO_SMELL,"[""BATTERY""]","[""HARD_START"", ""NO_SIGNS""]",NONE,OUTDOOR,TODAY_USUAL,Toyota,HYBRID,BATTERY_TERMINAL_CLEAN,synthetic_template
WONT_START,NO_CRANK,NOT_ASKED,NOT_ASKED,SOME_LIGHTS_ON,NOT_ASKED,NOT_ASKED,NOT_ASKED,NOT_ASKED,NOT_ASKED,NO_SMELL,"[""NONE""]","[""NO_SIGNS""]",NONE,OUTDOOR,WITHIN_WEEK,Kia,PETROL,BATTERY_TERMINAL_CLEAN,synthetic_template
ENGINE_PROBLEM,NO_CRANK,NOT_ASKED,NOT_ASKED,ALL_DEAD_NO_LIGHTS,NOT_ASKED,NOT_ASKED,NOT_ASKED,NOT_ASKED,NOT_ASKED,NO_SMELL,"[""BATTERY""]","[""NO_SIGNS""]",YESTERDAY,OUTDOOR,WITHIN_WEEK,Nissan,PETROL,BATTERY_TERMINAL_CLEAN,synthetic_template
WONT_START,NO_CRANK,NOT_ASKED,NOT_ASKED,ALL_DEAD_NO_LIGHTS,NOT_ASKED,NOT_ASKED,NOT_ASKED,NOT_ASKED,NOT_ASKED,NO_SMELL,"[""BATTERY""]","[""NO_SIGNS""]",MONSOON,OUTDOOR,OVER_WEEK,Nissan,PETROL,BATTERY_TERMINAL_CLEAN,synthetic_template
ENGINE_PROBLEM,NO_CRANK,NOT_ASKED,NOT_ASKED,DIM_LIGHTS,NOT_ASKED,NOT_ASKED,NOT_ASKED,NOT_ASKED,NOT_ASKED,NO_SMELL,"[""BATTERY""]","[""HARD_START""]",MONSOON,INDOOR,TODAY_USUAL,Mahindra,DIESEL,BATTERY_TERMINAL_CLEAN,synthetic_template
ENGINE_PROBLEM,NO_CRANK,NOT_ASKED,NOT_ASKED,DIM_LIGHTS,NOT_ASKED,NOT_ASKED,NOT_ASKED,NOT_ASKED,NOT_ASKED,NO_SMELL,"[""NONE""]","[""NO_SIGNS""]",NONE,OUTDOOR,TODAY_NEW_STATION,Honda,HYBRID,BATTERY_TERMINAL_CLEAN,synthetic_template
WEIRD_BEHAVIOR,STARTS_BUT_ISSUE,NOISE,NOT_ASKED,NOT_ASKED,SQUEAL,NOT_ASKED,NOT_ASKED,NOT_ASKED,NOT_ASKED,BURNING_OIL,"[""BATTERY"", ""TEMPERATURE""]","[""LIGHTS_FLICKER"", ""OVERHEATING_BEFORE"", ""UNUSUAL_NOISE""]",YESTERDAY,INDOOR,TODAY_USUAL,Toyota,PETROL,BELT_BROKEN,synthetic_template
ENGINE_PROBLEM,STARTS_BUT_ISSUE,NOISE,NOT_ASKED,NOT_ASKED,SQUEAL,NOT_ASKED,NOT_ASKED,NOT_ASKED,NOT_ASKED,BURNING_OIL,"[""BATTERY"", ""TEMPERATURE""]","[""UNUSUAL_NOISE""]",YESTERDAY,INDOOR,WITHIN_WEEK,Toyota,HYBRID,BELT_BROKEN,synthetic_template
ENGINE_PROBLEM,STARTS_NORMAL,NOISE,NOT_ASKED,NOT_ASKED,SQUEAL,NOT_ASKED,NOT_ASKED,NOT_ASKED,NOT_ASKED,BURNING_OIL,"[""TEMPERATURE""]","[""NO_SIGNS""]",NONE,INDOOR,TODAY_USUAL,Suzuki,PETROL,BELT_BROKEN,synthetic_template
ENGINE_PROBLEM,STARTS_NORMAL,NOISE,NOT_ASKED,NOT_ASKED,SQUEAL,NOT_ASKED,NOT_ASKED,NOT_ASKED,NOT_ASKED,BURNING_OIL,"[""TEMPERATURE""]","[""NO_SIGNS""]",NONE,OUTDOOR,OVER_WEEK,Kia,PETROL,BELT_BROKEN,synthetic_template
ENGINE_PROBLEM,STARTS_BUT_ISSUE,OVERHEATING,NOT_ASKED,NOT_ASKED,NOT_ASKED,HILL_CLIMB,NOT_ASKED,NOT_ASKED,NOT_ASKED,BURNING_OIL,"[""BATTERY"", ""TEMPERATURE""]","[""NO_SIGNS""]",MONSOON,OUTDOOR,TODAY_USUAL,Suzuki,PETROL,BELT_BROKEN,synthetic_template
WEIRD_BEHAVIOR,STARTS_NORMAL,OVERHEATING,NOT_ASKED,NOT_ASKED,NOT_ASKED,TRAFFIC_ONLY,NOT_ASKED,NOT_ASKED,NOT_ASKED,NO_SMELL,"[""BATTERY"", ""CHECK_ENGINE"", ""TEMPERATURE""]","[""OVERHEATING_BEFORE""]",NONE,OUTDOOR,WITHIN_WEEK,Toyota,PETROL,BELT_BROKEN,synthetic_template
ENGINE_PROBLEM,STARTS_BUT_ISSUE,NOISE,NOT_ASKED,NOT_ASKED,SQUEAL,NOT_ASKED,NOT_ASKED,NOT_ASKED,NOT_ASKED,BURNING_OIL,"[""BATTERY"", ""TEMPERATURE""]","[""UNUSUAL_NOISE""]",WITHIN_3_DAYS,OUTDOOR,WITHIN_WEEK,Suzuki,PETROL,BELT_BROKEN,synthetic_template
ENGINE_PROBLEM,STARTS_BUT_ISSUE,NOISE,NOT_ASKED,NOT_ASKED,SQUEAL,NOT_ASKED,NOT_ASKED,NOT_ASKED,NOT_ASKED,BURNING_OIL,"[""BATTERY"", ""TEMPERATURE""]","[""UNUSUAL_NOISE""]",NONE,OUTDOOR,OVER_WEEK,Kia,PETROL,BELT_BROKEN,synthetic_template
ENGINE_PROBLEM,STARTS_BUT_ISSUE,NOISE,NOT_ASKED,NOT_ASKED,GRIND,NOT_ASKED,NOT_ASKED,NOT_ASKED,NOT_ASKED,BURNING_OIL,"[""CHECK_ENGINE""]","[""UNUSUAL_NOISE""]",WITHIN_3_DAYS,OUTDOOR,WITHIN_WEEK,Honda,PETROL,BELT_BROKEN,synthetic_template
WEIRD_BEHAVIOR,STARTS_NORMAL,OVERHEATING,NOT_ASKED,NOT_ASKED,NOT_ASKED,TRAFFIC_ONLY,NOT_ASKED,NOT_ASKED,NOT_ASKED,NO_SMELL,"[""BATTERY"", ""CHECK_ENGINE"", ""TEMPERATURE""]","[""OVERHEATING_BEFORE""]",YESTERDAY,INDOOR,TODAY_USUAL,Toyota,DIESEL,BELT_BROKEN,synthetic_template
WEIRD_BEHAVIOR,STARTS_BUT_ISSUE,NOISE,NOT_ASKED,NOT_ASKED,SQUEAL,NOT_ASKED,NOT_ASKED,NOT_ASKED,NOT_ASKED,BURNING_OIL,"[""BATTERY"", ""TEMPERATURE""]","[""OVERHEATING_BEFORE"", ""UNUSUAL_NOISE""]",WITHIN_3_DAYS,INDOOR,WITHIN_WEEK,Suzuki,PETROL,BELT_BROKEN,synthetic_template
WEIRD_BEHAVIOR,STARTS_BUT_ISSUE,NOISE,NOT_ASKED,NOT_ASKED,SQUEAL,NOT_ASKED,NOT_ASKED,NOT_ASKED,NOT_ASKED,BURNING_OIL,"[""BATTERY"", ""TEMPERATURE""]","[""OVERHEATING_BEFORE"", ""UNUSUAL_NOISE""]",MONSOON,OUTDOOR,TODAY_USUAL,Honda,PETROL,BELT_BROKEN,synthetic_template
ENGINE_PROBLEM,STARTS_NORMAL,NOISE,NOT_ASKED,NOT_ASKED,GRIND,NOT_ASKED,NOT_ASKED,NOT_ASKED,NOT_ASKED,NO_SMELL,"[""NONE""]","[""OVERHEATING_BEFORE""]",NONE,OUTDOOR,WITHIN_WEEK,Toyota,HYBRID,BELT_BROKEN,synthetic_template
ENGINE_PROBLEM,STARTS_NORMAL,NOISE,NOT_ASKED,NOT_ASKED,SQUEAL,NOT_ASKED,NOT_ASKED,NOT_ASKED,NOT_ASKED,BURNING_OIL,"[""TEMPERATURE""]","[""NO_SIGNS""]",MONSOON,OUTDOOR,WITHIN_WEEK,Mitsubishi,DIESEL,BELT_BROKEN,synthetic_template
WEIRD_BEHAVIOR,STARTS_BUT_ISSUE,NOISE,NOT_ASKED,NOT_ASKED,SQUEAL,NOT_ASKED,NOT_ASKED,NOT_ASKED,NOT_ASKED,BURNING_OIL,"[""BATTERY""]","[""NO_SIGNS""]",NONE,OUTDOOR,WITHIN_WEEK,Mitsubishi,DIESEL,BELT_BROKEN,synthetic_template
ENGINE_PROBLEM,STARTS_BUT_ISSUE,NOISE,NOT_ASKED,NOT_ASKED,SQUEAL,NOT_ASKED,NOT_ASKED,NOT_ASKED,NOT_ASKED,BURNING_OIL,"[""NONE""]","[""LIGHTS_FLICKER"", ""OVERHEATING_BEFORE"", ""UNUSUAL_NOISE""]",NONE,OUTDOOR,WITHIN_WEEK,Suzuki,PETROL,BELT_BROKEN,synthetic_template
WEIRD_BEHAVIOR,STARTS_BUT_ISSUE,NOISE,NOT_ASKED,NOT_ASKED,SQUEAL,NOT_ASKED,NOT_ASKED,NOT_ASKED,NOT_ASKED,BURNING_OIL,"[""BATTERY"", ""TEMPERATURE""]","[""OVERHEATING_BEFORE"", ""UNUSUAL_NOISE""]",NONE,OUTDOOR,WITHIN_WEEK,Honda,PETROL,BELT_BROKEN,synthetic_template
ENGINE_PROBLEM,STARTS_NORMAL,NOISE,NOT_ASKED,NOT_ASKED,SQUEAL,NOT_ASKED,NOT_ASKED,NOT_ASKED,NOT_ASKED,BURNING_OIL,"[""TEMPERATURE""]","[""NO_SIGNS""]",YESTERDAY,OUTDOOR,TODAY_USUAL,Toyota,HYBRID,BELT_BROKEN,synthetic_template
ENGINE_PROBLEM,STARTS_NORMAL,NOISE,NOT_ASKED,NOT_ASKED,SQUEAL,NOT_ASKED,NOT_ASKED,NOT_ASKED,NOT_ASKED,BURNING_OIL,"[""TEMPERATURE""]","[""NO_SIGNS""]",NONE,INDOOR,WITHIN_WEEK,Toyota,PETROL,BELT_BROKEN,synthetic_template
ENGINE_PROBLEM,STARTS_BUT_ISSUE,NOISE,NOT_ASKED,NOT_ASKED,WHINE,NOT_ASKED,NOT_ASKED,NOT_ASKED,NOT_ASKED,BURNING_OIL,"[""BATTERY""]","[""LIGHTS_FLICKER""]",WITHIN_3_DAYS,OUTDOOR,TODAY_USUAL,Honda,PETROL,BELT_BROKEN,synthetic_template
WEIRD_BEHAVIOR,STARTS_NORMAL,OVERHEATING,NOT_ASKED,NOT_ASKED,NOT_ASKED,TRAFFIC_ONLY,NOT_ASKED,NOT_ASKED,NOT_ASKED,NO_SMELL,"[""BATTERY"", ""CHECK_ENGINE"", ""TEMPERATURE""]","[""OVERHEATING_BEFORE""]",NONE,INDOOR,WITHIN_WEEK,Suzuki,PETROL,BELT_BROKEN,synthetic_template
ENGINE_PROBLEM,STARTS_BUT_ISSUE,NOISE,NOT_ASKED,NOT_ASKED,SQUEAL,NOT_ASKED,NOT_ASKED,NOT_ASKED,NOT_ASKED,BURNING_OIL,"[""NONE""]","[""LIGHTS_FLICKER"", ""OVERHEATING_BEFORE"", ""UNUSUAL_NOISE""]",NONE,INDOOR,TODAY_USUAL,Suzuki,PETROL,BELT_BROKEN,synthetic_template
WEIRD_BEHAVIOR,STARTS_BUT_ISSUE,NOISE,NOT_ASKED,NOT_ASKED,SQUEAL,NOT_ASKED,NOT_ASKED,NOT_ASKED,NOT_ASKED,BURNING_OIL,"[""BATTERY"", ""TEMPERATURE""]","[""LIGHTS_FLICKER"", ""OVERHEATING_BEFORE"", ""UNUSUAL_NOISE""]",NONE,INDOOR,WITHIN_WEEK,Toyota,PETROL,BELT_BROKEN,synthetic_template
WONT_START,STARTS_BUT_ISSUE,NO_POWER,NOT_ASKED,NOT_ASKED,NOT_ASKED,NOT_ASKED,NOT_ASKED,NOT_ASKED,NOT_ASKED,NO_SMELL,"[""CHECK_ENGINE"", ""TEMPERATURE""]","[""OVERHEATING_BEFORE"", ""UNUSUAL_NOISE""]",MONSOON,OUTDOOR,WITHIN_WEEK,Nissan,DIESEL,BELT_BROKEN,synthetic_template
ENGINE_PROBLEM,STARTS_NORMAL,NO_POWER,NOT_ASKED,NOT_ASKED,NOT_ASKED,NOT_ASKED,NOT_ASKED,NOT_ASKED,NOT_ASKED,NO_SMELL,"[""BATTERY"", ""CHECK_ENGINE""]","[""OVERHEATING_BEFORE""]",NONE,OUTDOOR,TODAY_USUAL,Honda,PETROL,BELT_BROKEN,synthetic_template
WEIRD_BEHAVIOR,STARTS_BUT_ISSUE,NOISE,NOT_ASKED,NOT_ASKED,SQUEAL,NOT_ASKED,NOT_ASKED,NOT_ASKED,NOT_ASKED,BURNING_OIL,"[""BATTERY""]","[""NO_SIGNS""]",YESTERDAY,OUTDOOR,TODAY_USUAL,Toyota,HYBRID,BELT_BROKEN,synthetic_template
ENGINE_PROBLEM,STARTS_NORMAL,NOISE,NOT_ASKED,NOT_ASKED,GRIND,NOT_ASKED,NOT_ASKED,NOT_ASKED,NOT_ASKED,NO_SMELL,"[""NONE""]","[""OVERHEATING_BEFORE""]",WITHIN_3_DAYS,INDOOR,TODAY_NEW_STATION,Suzuki,PETROL,BELT_BROKEN,synthetic_template
WEIRD_BEHAVIOR,STARTS_NORMAL,NOISE,NOT_ASKED,NOT_ASKED,SQUEAL,NOT_ASKED,NOT_ASKED,NOT_ASKED,NOT_ASKED,NO_SMELL,"[""BATTERY""]","[""UNUSUAL_NOISE""]",YESTERDAY,INDOOR,OVER_WEEK,Nissan,PETROL,BELT_BROKEN,synthetic_template
ENGINE_PROBLEM,STARTS_BUT_ISSUE,NOISE,NOT_ASKED,NOT_ASKED,SQUEAL,NOT_ASKED,NOT_ASKED,NOT_ASKED,NOT_ASKED,BURNING_OIL,"[""NONE""]","[""LIGHTS_FLICKER"", ""OVERHEATING_BEFORE"", ""UNUSUAL_NOISE""]",NONE,OUTDOOR,WITHIN_WEEK,Toyota,PETROL,BELT_BROKEN,synthetic_template
ENGINE_PROBLEM,STARTS_BUT_ISSUE,NO_POWER,NOT_ASKED,NOT_ASKED,NOT_ASKED,NOT_ASKED,NOT_ASKED,NOT_ASKED,NOT_ASKED,BURNING_OIL,"[""BATTERY"", ""CHECK_ENGINE""]","[""OVERHEATING_BEFORE"", ""UNUSUAL_NOISE""]",NONE,OUTDOOR,WITHIN_WEEK,Toyota,PETROL,BELT_BROKEN,synthetic_template
WEIRD_BEHAVIOR,STARTS_NORMAL,NOISE,NOT_ASKED,NOT_ASKED,SQUEAL,NOT_ASKED,NOT_ASKED,NOT_ASKED,NOT_ASKED,NO_SMELL,"[""BATTERY""]","[""UNUSUAL_NOISE""]",YESTERDAY,OUTDOOR,TODAY_USUAL,Nissan,DIESEL,BELT_BROKEN,synthetic_template
WEIRD_BEHAVIOR,STARTS_NORMAL,NOISE,NOT_ASKED,NOT_ASKED,SQUEAL,NOT_ASKED,NOT_ASKED,NOT_ASKED,NOT_ASKED,NO_SMELL,"[""BATTERY""]","[""UNUSUAL_NOISE""]",NONE,INDOOR,WITHIN_WEEK,Toyota,HYBRID,BELT_BROKEN,synthetic_template
WONT_START,STARTS_BUT_ISSUE,NO_POWER,NOT_ASKED,NOT_ASKED,NOT_ASKED,NOT_ASKED,NOT_ASKED,NOT_ASKED,NOT_ASKED,NO_SMELL,"[""CHECK_ENGINE"", ""TEMPERATURE""]","[""OVERHEATING_BEFORE"", ""UNUSUAL_NOISE""]",WITHIN_3_DAYS,INDOOR,WITHIN_WEEK,Suzuki,PETROL,BELT_BROKEN,synthetic_template
BRAKE_ISSUE,NOT_ASKED,NOT_ASKED,NOT_ASKED,NOT_ASKED,NOT_ASKED,NOT_ASKED,NOT_ASKED,SOFT_PEDAL,NOT_ASKED,NO_SMELL,"[""BRAKE""]","[""UNUSUAL_NOISE""]",WITHIN_3_DAYS,INDOOR,OVER_WEEK,Toyota,PETROL,BRAKE_FAILURE,synthetic_template
BRAKE_ISSUE,NOT_ASKED,NOT_ASKED,NOT_ASKED,NOT_ASKED,NOT_ASKED,NOT_ASKED,NOT_ASKED,SOFT_PEDAL,NOT_ASKED,BURNING_ELECTRICAL,"[""BRAKE"", ""NONE""]","[""UNUSUAL_NOISE"", ""NO_SIGNS""]",YESTERDAY,OUTDOOR,WITHIN_WEEK,Honda,HYBRID,BRAKE_FAILURE,synthetic_template
BRAKE_ISSUE,NOT_ASKED,NOT_ASKED,NOT_ASKED,NOT_ASKED,NOT_ASKED,NOT_ASKED,NOT_ASKED,GRINDING,NOT_ASKED,BURNING_OIL,"[""BRAKE""]","[""UNUSUAL_NOISE""]",WITHIN_3_DAYS,OUTDOOR,WITHIN_WEEK,Suzuki,PETROL,BRAKE_FAILURE,synthetic_template
BRAKE_ISSUE,NOT_ASKED,NOT_ASKED,NOT_ASKED,NOT_ASKED,NOT_ASKED,NOT_ASKED,NOT_ASKED,GRINDING,NOT_ASKED,NO_SMELL,"[""NONE""]","[""UNUSUAL_NOISE""]",WITHIN_3_DAYS,OUTDOOR,TODAY_USUAL,Honda,PETROL,BRAKE_FAILURE,synthetic_template
BRAKE_ISSUE,NOT_ASKED,NOT_ASKED,NOT_ASKED,NOT_ASKED,NOT_ASKED,NOT_ASKED,NOT_ASKED,SOFT_PEDAL,NOT_ASKED,BURNING_OIL,"[""CHECK_ENGINE"", ""NONE""]","[""LOSS_OF_POWER"", ""UNUSUAL_NOISE""]",MONSOON,INDOOR,OVER_WEEK,Suzuki,PETROL,BRAKE_FAILURE,synthetic_template
BRAKE_ISSUE,NOT_ASKED,NOT_ASKED,NOT_ASKED,NOT_ASKED,NOT_ASKED,NOT_ASKED,NOT_ASKED,SOFT_PEDAL,NOT_ASKED,NO_SMELL,"[""BRAKE""]","[""UNUSUAL_NOISE""]",YESTERDAY,OUTDOOR,WITHIN_WEEK,Mazda,PETROL,BRAKE_FAILURE,synthetic_template
BRAKE_ISSUE,NOT_ASKED,NOT_ASKED,NOT_ASKED,NOT_ASKED,NOT_ASKED,NOT_ASKED,NOT_ASKED,SOFT_PEDAL,NOT_ASKED,NO_SMELL,"[""BRAKE""]","[""UNUSUAL_NOISE""]",YESTERDAY,OUTDOOR,WITHIN_WEEK,Toyota,HYBRID,BRAKE_FAILURE,synthetic_template
BRAKE_ISSUE,NOT_ASKED,NOT_ASKED,NOT_ASKED,NOT_ASKED,NOT_ASKED,NOT_ASKED,NOT_ASKED,GRINDING,NOT_ASKED,NO_SMELL,"[""NONE""]","[""UNUSUAL_NOISE""]",NONE,OUTDOOR,OVER_WEEK,Toyota,PETROL,BRAKE_FAILURE,synthetic_template
BRAKE_ISSUE,NOT_ASKED,NOT_ASKED,NOT_ASKED,NOT_ASKED,NOT_ASKED,NOT_ASKED,NOT_ASKED,SOFT_PEDAL,NOT_ASKED,NO_SMELL,"[""BRAKE""]","[""UNUSUAL_NOISE""]",NONE,OUTDOOR,TODAY_NEW_STATION,Mazda,PETROL,BRAKE_FAILURE,synthetic_template
BRAKE_ISSUE,NOT_ASKED,NOT_ASKED,NOT_ASKED,NOT_ASKED,NOT_ASKED,NOT_ASKED,NOT_ASKED,SOFT_PEDAL,NOT_ASKED,BURNING_ELECTRICAL,"[""BRAKE""]","[""NO_SIGNS""]",NONE,INDOOR,WITHIN_WEEK,Hyundai,PETROL,BRAKE_FAILURE,synthetic_template
BRAKE_ISSUE,NOT_ASKED,NOT_ASKED,NOT_ASKED,NOT_ASKED,NOT_ASKED,NOT_ASKED,NOT_ASKED,SOFT_PEDAL,NOT_ASKED,BURNING_OIL,"[""CHECK_ENGINE"", ""BRAKE""]","[""NO_SIGNS""]",NONE,OUTDOOR,WITHIN_WEEK,Honda,HYBRID,BRAKE_FAILURE,synthetic_template
BRAKE_ISSUE,NOT_ASKED,NOT_ASKED,NOT_ASKED,NOT_ASKED,NOT_ASKED,NOT_ASKED,NOT_ASKED,SOFT_PEDAL,NOT_ASKED,BURNING_OIL,"[""ABS"", ""BRAKE""]","[""UNUSUAL_NOISE"", ""NO_SIGNS""]",WITHIN_3_DAYS,INDOOR,WITHIN_WEEK,Mazda,PETROL,BRAKE_FAILURE,synthetic_template
BRAKE_ISSUE,NOT_ASKED,NOT_ASKED,NOT_ASKED,NOT_ASKED,NOT_ASKED,NOT_ASKED,NOT_ASKED,GRINDING,NOT_ASKED,NO_SMELL,"[""NONE""]","[""UNUSUAL_NOISE""]",NONE,OUTDOOR,WITHIN_WEEK,Honda,HYBRID,BRAKE_FAILURE,synthetic_template
BRAKE_ISSUE,NOT_ASKED,NOT_ASKED,NOT_ASKED,NOT_ASKED,NOT_ASKED,NOT_ASKED,NOT_ASKED,SOFT_PEDAL,NOT_ASKED,BURNING_ELECTRICAL,"[""BRAKE"", ""NONE""]","[""UNUSUAL_NOISE"", ""NO_SIGNS""]",WITHIN_3_DAYS,INDOOR,WITHIN_WEEK,Toyota,HYBRID,BRAKE_FAILURE,synthetic_template
BRAKE_ISSUE,NOT_ASKED,NOT_ASKED,NOT_ASKED,NOT_ASKED,NOT_ASKED,NOT_ASKED,NOT_ASKED,SOFT_PEDAL,NOT_ASKED,NO_SMELL,"[""ABS"", ""BRAKE""]","[""UNUSUAL_NOISE""]",MONSOON,INDOOR,OVER_WEEK,Mitsubishi,PETROL,BRAKE_FAILURE,synthetic_template
BRAKE_ISSUE,NOT_ASKED,NOT_ASKED,NOT_ASKED,NOT_ASKED,NOT_ASKED,NOT_ASKED,NOT_ASKED,GRINDING,NOT_ASKED,NO_SMELL,"[""ABS"", ""BRAKE""]","[""LOSS_OF_POWER"", ""UNUSUAL_NOISE""]",NONE,OUTDOOR,TODAY_USUAL,Mitsubishi,DIESEL,BRAKE_FAILURE,synthetic_template
BRAKE_ISSUE,NOT_ASKED,NOT_ASKED,NOT_ASKED,NOT_ASKED,NOT_ASKED,NOT_ASKED,NOT_ASKED,SOFT_PEDAL,NOT_ASKED,NO_SMELL,"[""ABS"", ""BRAKE""]","[""UNUSUAL_NOISE""]",MONSOON,OUTDOOR,WITHIN_WEEK,Suzuki,PETROL,BRAKE_FAILURE,synthetic_template
BRAKE_ISSUE,NOT_ASKED,NOT_ASKED,NOT_ASKED,NOT_ASKED,NOT_ASKED,NOT_ASKED,NOT_ASKED,SOFT_PEDAL,NOT_ASKED,BURNING_ELECTRICAL,"[""BRAKE""]","[""NO_SIGNS""]",NONE,INDOOR,WITHIN_WEEK,Suzuki,PETROL,BRAKE_FAILURE,synthetic_template
BRAKE_ISSUE,NOT_ASKED,NOT_ASKED,NOT_ASKED,NOT_ASKED,NOT_ASKED,NOT_ASKED,NOT_ASKED,GRINDING,NOT_ASKED,BURNING_OIL,"[""BRAKE""]","[""UNUSUAL_NOISE""]",MONSOON,OUTDOOR,OVER_WEEK,Hyundai,PETROL,BRAKE_FAILURE,synthetic_template
BRAKE_ISSUE,NOT_ASKED,NOT_ASKED,NOT_ASKED,NOT_ASKED,NOT_ASKED,NOT_ASKED,NOT_ASKED,SOFT_PEDAL,NOT_ASKED,NO_SMELL,"[""BRAKE""]","[""UNUSUAL_NOISE""]",NONE,INDOOR,WITHIN_WEEK,Toyota,HYBRID,BRAKE_FAILURE,synthetic_template
BRAKE_ISSUE,NOT_ASKED,NOT_ASKED,NOT_ASKED,NOT_ASKED,NOT_ASKED,NOT_ASKED,NOT_ASKED,SOFT_PEDAL,NOT_ASKED,BURNING_ELECTRICAL,"[""BRAKE""]","[""NO_SIGNS""]",WITHIN_3_DAYS,OUTDOOR,TODAY_NEW_STATION,Suzuki,PETROL,BRAKE_FAILURE,synthetic_template
BRAKE_ISSUE,NOT_ASKED,NOT_ASKED,NOT_ASKED,NOT_ASKED,NOT_ASKED,NOT_ASKED,NOT_ASKED,SOFT_PEDAL,NOT_ASKED,BURNING_ELECTRICAL,"[""BRAKE""]","[""NO_SIGNS""]",NONE,INDOOR,OVER_WEEK,Honda,HYBRID,BRAKE_FAILURE,synthetic_template
BRAKE_ISSUE,NOT_ASKED,NOT_ASKED,NOT_ASKED,NOT_ASKED,NOT_ASKED,NOT_ASKED,NOT_ASKED,GRINDING,NOT_ASKED,NO_SMELL,"[""ABS"", ""BRAKE""]","[""LOSS_OF_POWER"", ""UNUSUAL_NOISE""]",NONE,OUTDOOR,TODAY_USUAL,Honda,PETROL,BRAKE_FAILURE,synthetic_template
BRAKE_ISSUE,NOT_ASKED,NOT_ASKED,NOT_ASKED,NOT_ASKED,NOT_ASKED,NOT_ASKED,NOT_ASKED,SQUEALING,NOT_ASKED,BURNING_ELECTRICAL,"[""ABS"", ""BRAKE""]","[""NO_SIGNS""]",NONE,OUTDOOR,WITHIN_WEEK,Honda,HYBRID,BRAKE_FAILURE,synthetic_template
BRAKE_ISSUE,NOT_ASKED,NOT_ASKED,NOT_ASKED,NOT_ASKED,NOT_ASKED,NOT_ASKED,NOT_ASKED,SOFT_PEDAL,NOT_ASKED,NO_SMELL,"[""ABS"", ""BRAKE""]","[""UNUSUAL_NOISE""]",YESTERDAY,INDOOR,TODAY_USUAL,Toyota,PETROL,BRAKE_FAILURE,synthetic_template
BRAKE_ISSUE,NOT_ASKED,NOT_ASKED,NOT_ASKED,NOT_ASKED,NOT_ASKED,NOT_ASKED,NOT_ASKED,GRINDING,NOT_ASKED,NO_SMELL,"[""NONE""]","[""UNUSUAL_NOISE""]",WITHIN_3_DAYS,INDOOR,TODAY_NEW_STATION,Nissan,PETROL,BRAKE_FAILURE,synthetic_template
BRAKE_ISSUE,NOT_ASKED,NOT_ASKED,NOT_ASKED,NOT_ASKED,NOT_ASKED,NOT_ASKED,NOT_ASKED,SOFT_PEDAL,NOT_ASKED,BURNING_OIL,"[""CHECK_ENGINE"", ""NONE""]","[""LOSS_OF_POWER"", ""UNUSUAL_NOISE""]",MONSOON,OUTDOOR,WITHIN_WEEK,Hyundai,PETROL,BRAKE_FAILURE,synthetic_template
BRAKE_ISSUE,NOT_ASKED,NOT_ASKED,NOT_ASKED,NOT_ASKED,NOT_ASKED,NOT_ASKED,NOT_ASKED,SOFT_PEDAL,NOT_ASKED,NO_SMELL,"[""BRAKE""]","[""UNUSUAL_NOISE""]",MONSOON,OUTDOOR,TODAY_USUAL,Suzuki,PETROL,BRAKE_FAILURE,synthetic_template
BRAKE_ISSUE,NOT_ASKED,NOT_ASKED,NOT_ASKED,NOT_ASKED,NOT_ASKED,NOT_ASKED,NOT_ASKED,SOFT_PEDAL,NOT_ASKED,NO_SMELL,"[""ABS"", ""BRAKE""]","[""UNUSUAL_NOISE""]",NONE,OUTDOOR,TODAY_NEW_STATION,Suzuki,PETROL,BRAKE_FAILURE,synthetic_template
BRAKE_ISSUE,NOT_ASKED,NOT_ASKED,NOT_ASKED,NOT_ASKED,NOT_ASKED,NOT_ASKED,NOT_ASKED,SOFT_PEDAL,NOT_ASKED,BURNING_OIL,"[""ABS"", ""BRAKE""]","[""UNUSUAL_NOISE"", ""NO_SIGNS""]",MONSOON,OUTDOOR,TODAY_USUAL,Toyota,HYBRID,BRAKE_FAILURE,synthetic_template
BRAKE_ISSUE,NOT_ASKED,NOT_ASKED,NOT_ASKED,NOT_ASKED,NOT_ASKED,NOT_ASKED,NOT_ASKED,SOFT_PEDAL,NOT_ASKED,NO_SMELL,"[""BRAKE""]","[""UNUSUAL_NOISE""]",WITHIN_3_DAYS,INDOOR,WITHIN_WEEK,Mitsubishi,DIESEL,BRAKE_FAILURE,synthetic_template
BRAKE_ISSUE,NOT_ASKED,NOT_ASKED,NOT_ASKED,NOT_ASKED,NOT_ASKED,NOT_ASKED,NOT_ASKED,GRINDING,NOT_ASKED,NO_SMELL,"[""ABS"", ""BRAKE""]","[""LOSS_OF_POWER"", ""UNUSUAL_NOISE""]",WITHIN_3_DAYS,INDOOR,TODAY_USUAL,Honda,HYBRID,BRAKE_FAILURE,synthetic_template
BRAKE_ISSUE,NOT_ASKED,NOT_ASKED,NOT_ASKED,NOT_ASKED,NOT_ASKED,NOT_ASKED,NOT_ASKED,SOFT_PEDAL,NOT_ASKED,BURNING_ELECTRICAL,"[""BRAKE""]","[""NO_SIGNS""]",NONE,INDOOR,TODAY_USUAL,Kia,PETROL,BRAKE_FAILURE,synthetic_template
BRAKE_ISSUE,NOT_ASKED,NOT_ASKED,NOT_ASKED,NOT_ASKED,NOT_ASKED,NOT_ASKED,NOT_ASKED,SOFT_PEDAL,NOT_ASKED,BURNING_OIL,"[""CHECK_ENGINE"", ""NONE""]","[""LOSS_OF_POWER"", ""UNUSUAL_NOISE""]",NONE,INDOOR,OVER_WEEK,Honda,HYBRID,BRAKE_FAILURE,synthetic_template
BRAKE_ISSUE,NOT_ASKED,NOT_ASKED,NOT_ASKED,NOT_ASKED,NOT_ASKED,NOT_ASKED,NOT_ASKED,SQUEALING,NOT_ASKED,BURNING_ELECTRICAL,"[""ABS"", ""BRAKE""]","[""NO_SIGNS""]",NONE,INDOOR,WITHIN_WEEK,Hyundai,PETROL,BRAKE_FAILURE,synthetic_template
BRAKE_ISSUE,NOT_ASKED,NOT_ASKED,NOT_ASKED,NOT_ASKED,NOT_ASKED,NOT_ASKED,NOT_ASKED,SOFT_PEDAL,NOT_ASKED,BURNING_ELECTRICAL,"[""BRAKE"", ""NONE""]","[""UNUSUAL_NOISE"", ""NO_SIGNS""]",WITHIN_3_DAYS,OUTDOOR,TODAY_USUAL,Nissan,DIESEL,BRAKE_FAILURE,synthetic_template
BRAKE_ISSUE,NOT_ASKED,NOT_ASKED,NOT_ASKED,NOT_ASKED,NOT_ASKED,NOT_ASKED,NOT_ASKED,GRINDING,NOT_ASKED,NO_SMELL,"[""NONE""]","[""UNUSUAL_NOISE""]",NONE,OUTDOOR,TODAY_USUAL,Suzuki,PETROL,BRAKE_PAD_WORN,synthetic_template
BRAKE_ISSUE,NOT_ASKED,NOT_ASKED,NOT_ASKED,NOT_ASKED,NOT_ASKED,NOT_ASKED,NOT_ASKED,PULL_ONE_SIDE,NOT_ASKED,BURNING_OIL,"[""NONE""]","[""UNUSUAL_NOISE""]",MONSOON,OUTDOOR,TODAY_USUAL,Honda,PETROL,BRAKE_PAD_WORN,synthetic_template
BRAKE_ISSUE,NOT_ASKED,NOT_ASKED,NOT_ASKED,NOT_ASKED,NOT_ASKED,NOT_ASKED,NOT_ASKED,SQUEALING,NOT_ASKED,BURNING_OIL,"[""NONE""]","[""UNUSUAL_NOISE""]",NONE,INDOOR,WITHIN_WEEK,Suzuki,PETROL,BRAKE_PAD_WORN,synthetic_template
BRAKE_ISSUE,NOT_ASKED,NOT_ASKED,NOT_ASKED,NOT_ASKED,NOT_ASKED,NOT_ASKED,NOT_ASKED,GRINDING,NOT_ASKED,NO_SMELL,"[""NONE""]","[""UNUSUAL_NOISE""]",NONE,INDOOR,OVER_WEEK,Honda,HYBRID,BRAKE_PAD_WORN,synthetic_template
BRAKE_ISSUE,NOT_ASKED,NOT_ASKED,NOT_ASKED,NOT_ASKED,NOT_ASKED,NOT_ASKED,NOT_ASKED,SQUEALING,NOT_ASKED,NO_SMELL,"[""BRAKE"", ""NONE""]","[""UNUSUAL_NOISE"", ""NO_SIGNS""]",YESTERDAY,INDOOR,WITHIN_WEEK,Mazda,DIESEL,BRAKE_PAD_WORN,synthetic_template
BRAKE_ISSUE,NOT_ASKED,NOT_ASKED,NOT_ASKED,NOT_ASKED,NOT_ASKED,NOT_ASKED,NOT_ASKED,SQUEALING,NOT_ASKED,NO_SMELL,"[""BRAKE"", ""NONE""]","[""UNUSUAL_NOISE""]",NONE,OUTDOOR,WITHIN_WEEK,Mitsubishi,DIESEL,BRAKE_PAD_WORN,synthetic_template
BRAKE_ISSUE,NOT_ASKED,NOT_ASKED,NOT_ASKED,NOT_ASKED,NOT_ASKED,NOT_ASKED,NOT_ASKED,GRINDING,NOT_ASKED,BURNING_OIL,"[""BRAKE""]","[""UNUSUAL_NOISE""]",NONE,OUTDOOR,WITHIN_WEEK,Mazda,DIESEL,BRAKE_PAD_WORN,synthetic_template
BRAKE_ISSUE,NOT_ASKED,NOT_ASKED,NOT_ASKED,NOT_ASKED,NOT_ASKED,NOT_ASKED,NOT_ASKED,PULL_ONE_SIDE,NOT_ASKED,BURNING_OIL,"[""NONE""]","[""UNUSUAL_NOISE""]",NONE,OUTDOOR,WITHIN_WEEK,Honda,PETROL,BRAKE_PAD_WORN,synthetic_template
BRAKE_ISSUE,NOT_ASKED,NOT_ASKED,NOT_ASKED,NOT_ASKED,NOT_ASKED,NOT_ASKED,NOT_ASKED,GRINDING,NOT_ASKED,BURNING_OIL,"[""BRAKE""]","[""UNUSUAL_NOISE""]",WITHIN_3_DAYS,INDOOR,WITHIN_WEEK,Mitsubishi,PETROL,BRAKE_PAD_WORN,synthetic_template
BRAKE_ISSUE,NOT_ASKED,NOT_ASKED,NOT_ASKED,NOT_ASKED,NOT_ASKED,NOT_ASKED,NOT_ASKED,GRINDING,NOT_ASKED,NO_SMELL,"[""NONE""]","[""UNUSUAL_NOISE""]",WITHIN_3_DAYS,OUTDOOR,TODAY_USUAL,Hyundai,PETROL,BRAKE_PAD_WORN,synthetic_template
BRAKE_ISSUE,NOT_ASKED,NOT_ASKED,NOT_ASKED,NOT_ASKED,NOT_ASKED,NOT_ASKED,NOT_ASKED,GRINDING,NOT_ASKED,NO_SMELL,"[""NONE""]","[""UNUSUAL_NOISE""]",NONE,OUTDOOR,TODAY_USUAL,Mitsubishi,DIESEL,BRAKE_PAD_WORN,synthetic_template
BRAKE_ISSUE,NOT_ASKED,NOT_ASKED,NOT_ASKED,NOT_ASKED,NOT_ASKED,NOT_ASKED,NOT_ASKED,PULL_ONE_SIDE,NOT_ASKED,BURNING_ELECTRICAL,"[""NONE""]","[""UNUSUAL_NOISE"", ""NO_SIGNS""]",MONSOON,INDOOR,WITHIN_WEEK,Honda,HYBRID,BRAKE_PAD_WORN,synthetic_template
BRAKE_ISSUE,NOT_ASKED,NOT_ASKED,NOT_ASKED,NOT_ASKED,NOT_ASKED,NOT_ASKED,NOT_ASKED,SQUEALING,NOT_ASKED,NO_SMELL,"[""BRAKE""]","[""UNUSUAL_NOISE""]",WITHIN_3_DAYS,INDOOR,WITHIN_WEEK,Toyota,DIESEL,BRAKE_PAD_WORN,synthetic_template
BRAKE_ISSUE,NOT_ASKED,NOT_ASKED,NOT_ASKED,NOT_ASKED,NOT_ASKED,NOT_ASKED,NOT_ASKED,SQUEALING,NOT_ASKED,BURNING_OIL,"[""NONE""]","[""NO_SIGNS""]",NONE,OUTDOOR,TODAY_USUAL,Honda,HYBRID,BRAKE_PAD_WORN,synthetic_template
BRAKE_ISSUE,NOT_ASKED,NOT_ASKED,NOT_ASKED,NOT_ASKED,NOT_ASKED,NOT_ASKED,NOT_ASKED,GRINDING,NOT_ASKED,BURNING_ELECTRICAL,"[""NONE""]","[""NO_SIGNS""]",WITHIN_3_DAYS,INDOOR,WITHIN_WEEK,Suzuki,PETROL,BRAKE_PAD_WORN,synthetic_template
BRAKE_ISSUE,NOT_ASKED,NOT_ASKED,NOT_ASKED,NOT_ASKED,NOT_ASKED,NOT_ASKED,NOT_ASKED,GRINDING,NOT_ASKED,BURNING_OIL,"[""NONE""]","[""NO_SIGNS""]",NONE,OUTDOOR,TODAY_NEW_STATION,Suzuki,PETROL,BRAKE_PAD_WORN,synthetic_template
BRAKE_ISSUE,NOT_ASKED,NOT_ASKED,NOT_ASKED,NOT_ASKED,NOT_ASKED,NOT_ASKED,NOT_ASKED,SQUEALING,NOT_ASKED,NO_SMELL,"[""NONE""]","[""UNUSUAL_NOISE""]",MONSOON,OUTDOOR,OVER_WEEK,Nissan,PETROL,BRAKE_PAD_WORN,synthetic_template
GEAR_ISSUE,NOT_ASKED,NOT_ASKED,NOT_ASKED,NOT_ASKED,NOT_ASKED,NOT_ASKED,NOT_ASKED,NOT_ASKED,WONT_ENGAGE,BURNING_OIL,"[""NONE""]","[""LOSS_OF_POWER""]",NONE,INDOOR,OVER_WEEK,Kia,PETROL,CLUTCH_WORN,synthetic_template
GEAR_ISSUE,NOT_ASKED,NOT_ASKED,NOT_ASKED,NOT_ASKED,NOT_ASKED,NOT_ASKED,NOT_ASKED,NOT_ASKED,CLUTCH_SOFT,BURNING_OIL,"[""NONE""]","[""LOSS_OF_POWER""]",NONE,OUTDOOR,WITHIN_WEEK,Toyota,HYBRID,CLUTCH_WORN,synthetic_template
GEAR_ISSUE,NOT_ASKED,NOT_ASKED,NOT_ASKED,NOT_ASKED,NOT_ASKED,NOT_ASKED,NOT_ASKED,NOT_ASKED,CLUTCH_SOFT,BURNING_OIL,"[""NONE""]","[""LOSS_OF_POWER"", ""UNUSUAL_NOISE""]",MONSOON,OUTDOOR,WITHIN_WEEK,Toyota,DIESEL,CLUTCH_WORN,synthetic_template
GEAR_ISSUE,NOT_ASKED,NOT_ASKED,NOT_ASKED,NOT_ASKED,NOT_ASKED,NOT_ASKED,NOT_ASKED,NOT_ASKED,SLIPPING,NO_SMELL,"[""CHECK_ENGINE""]","[""LOSS_OF_POWER"", ""NO_SIGNS""]",NONE,OUTDOOR,WITHIN_WEEK,Mitsubishi,DIESEL,CLUTCH_WORN,synthetic_template
GEAR_ISSUE,NOT_ASKED,NOT_ASKED,NOT_ASKED,NOT_ASKED,NOT_ASKED,NOT_ASKED,NOT_ASKED,NOT_ASKED,CLUTCH_SOFT,BURNING_OIL,"[""NONE""]","[""LOSS_OF_POWER""]",NONE,INDOOR,OVER_WEEK,Kia,PETROL,CLUTCH_WORN,synthetic_template
GEAR_ISSUE,NOT_ASKED,NOT_ASKED,NOT_ASKED,NOT_ASKED,NOT_ASKED,NOT_ASKED,NOT_ASKED,NOT_ASKED,SLIPPING,BURNING_OIL,"[""CHECK_ENGINE"", ""NONE""]","[""NO_SIGNS""]",NONE,OUTDOOR,OVER_WEEK,Mahindra,DIESEL,CLUTCH_WORN,synthetic_template
GEAR_ISSUE,NOT_ASKED,NOT_ASKED,NOT_ASKED,NOT_ASKED,NOT_ASKED,NOT_ASKED,NOT_ASKED,NOT_ASKED,WONT_ENGAGE,BURNING_OIL,"[""CHECK_ENGINE""]","[""NO_SIGNS""]",WITHIN_3_DAYS,OUTDOOR,TODAY_USUAL,Toyota,DIESEL,CLUTCH_WORN,synthetic_template
GEAR_ISSUE,NOT_ASKED,NOT_ASKED,NOT_ASKED,NOT_ASKED,NOT_ASKED,NOT_ASKED,NOT_ASKED,NOT_ASKED,WONT_ENGAGE,BURNING_OIL,"[""NONE""]","[""LOSS_OF_POWER""]",WITHIN_3_DAYS,OUTDOOR,WITHIN_WEEK,Toyota,DIESEL,CLUTCH_WORN,synthetic_template
GEAR_ISSUE,NOT_ASKED,NOT_ASKED,NOT_ASKED,NOT_ASKED,NOT_ASKED,NOT_ASKED,NOT_ASKED,NOT_ASKED,CLUTCH_SOFT,BURNING_OIL,"[""NONE""]","[""LOSS_OF_POWER"", ""UNUSUAL_NOISE""]",WITHIN_3_DAYS,OUTDOOR,WITHIN_WEEK,Honda,PETROL,CLUTCH_WORN,synthetic_template
GEAR_ISSUE,NOT_ASKED,NOT_ASKED,NOT_ASKED,NOT_ASKED,NOT_ASKED,NOT_ASKED,NOT_ASKED,NOT_ASKED,SLIPPING,BURNING_ELECTRICAL,"[""NONE""]","[""LOSS_OF_POWER""]",NONE,INDOOR,TODAY_USUAL,Mitsubishi,DIESEL,CLUTCH_WORN,synthetic_template
GEAR_ISSUE,NOT_ASKED,NOT_ASKED,NOT_ASKED,NOT_ASKED,NOT_ASKED,NOT_ASKED,NOT_ASKED,NOT_ASKED,WONT_ENGAGE,BURNING_OIL,"[""NONE""]","[""LOSS_OF_POWER""]",WITHIN_3_DAYS,INDOOR,TODAY_USUAL,Mazda,PETROL,CLUTCH_WORN,synthetic_template
GEAR_ISSUE,NOT_ASKED,NOT_ASKED,NOT_ASKED,NOT_ASKED,NOT_ASKED,NOT_ASKED,NOT_ASKED,NOT_ASKED,CLUTCH_SOFT,NO_SMELL,"[""NONE""]","[""UNUSUAL_NOISE""]",YESTERDAY,OUTDOOR,TODAY_NEW_STATION,Suzuki,PETROL,CLUTCH_WORN,synthetic_template
ENGINE_PROBLEM,NOT_ASKED,NOT_ASKED,NOT_ASKED,NOT_ASKED,NOT_ASKED,NOT_ASKED,NOT_ASKED,NOT_ASKED,NOT_ASKED,BURNING_OIL,"[""NONE""]","[""LOSS_OF_POWER""]",MONSOON,OUTDOOR,TODAY_USUAL,Toyota,PETROL,CLUTCH_WORN,synthetic_template
GEAR_ISSUE,NOT_ASKED,NOT_ASKED,NOT_ASKED,NOT_ASKED,NOT_ASKED,NOT_ASKED,NOT_ASKED,NOT_ASKED,WONT_ENGAGE,BURNING_OIL,"[""NONE""]","[""LOSS_OF_POWER""]",NONE,INDOOR,TODAY_USUAL,Suzuki,PETROL,CLUTCH_WORN,synthetic_template
GEAR_ISSUE,NOT_ASKED,NOT_ASKED,NOT_ASKED,NOT_ASKED,NOT_ASKED,NOT_ASKED,NOT_ASKED,NOT_ASKED,SLIPPING,BURNING_OIL,"[""NONE""]","[""NO_SIGNS""]",YESTERDAY,OUTDOOR,OVER_WEEK,Toyota,PETROL,CLUTCH_WORN,synthetic_template
GEAR_ISSUE,NOT_ASKED,NOT_ASKED,NOT_ASKED,NOT_ASKED,NOT_ASKED,NOT_ASKED,NOT_ASKED,NOT_ASKED,SLIPPING,BURNING_OIL,"[""NONE""]","[""LOSS_OF_POWER"", ""UNUSUAL_NOISE""]",NONE,INDOOR,OVER_WEEK,Toyota,DIESEL,CLUTCH_WORN,synthetic_template
GEAR_ISSUE,NOT_ASKED,NOT_ASKED,NOT_ASKED,NOT_ASKED,NOT_ASKED,NOT_ASKED,NOT_ASKED,NOT_ASKED,CLUTCH_SOFT,BURNING_OIL,"[""NONE""]","[""LOSS_OF_POWER"", ""UNUSUAL_NOISE""]",NONE,INDOOR,TODAY_USUAL,Toyota,PETROL,CLUTCH_WORN,synthetic_template
GEAR_ISSUE,NOT_ASKED,NOT_ASKED,NOT_ASKED,NOT_ASKED,NOT_ASKED,NOT_ASKED,NOT_ASKED,NOT_ASKED,SLIPPING,BURNING_OIL,"[""NONE""]","[""NO_SIGNS""]",WITHIN_3_DAYS,OUTDOOR,WITHIN_WEEK,Mitsubishi,DIESEL,CLUTCH_WORN,synthetic_template
GEAR_ISSUE,NOT_ASKED,NOT_ASKED,NOT_ASKED,NOT_ASKED,NOT_ASKED,NOT_ASKED,NOT_ASKED,NOT_ASKED,WONT_ENGAGE,BURNING_OIL,"[""CHECK_ENGINE""]","[""NO_SIGNS""]",YESTERDAY,OUTDOOR,WITHIN_WEEK,Honda,HYBRID,CLUTCH_WORN,synthetic_template
GEAR_ISSUE,NOT_ASKED,NOT_ASKED,NOT_ASKED,NOT_ASKED,NOT_ASKED,NOT_ASKED,NOT_ASKED,NOT_ASKED,CLUTCH_SOFT,BURNING_OIL,"[""NONE""]","[""LOSS_OF_POWER"", ""UNUSUAL_NOISE""]",WITHIN_3_DAYS,OUTDOOR,WITHIN_WEEK,Honda,HYBRID,CLUTCH_WORN,synthetic_template
GEAR_ISSUE,NOT_ASKED,NOT_ASKED,NOT_ASKED,NOT_ASKED,NOT_ASKED,NOT_ASKED,NOT_ASKED,NOT_ASKED,WONT_ENGAGE,BURNING_OIL,"[""NONE""]","[""LOSS_OF_POWER""]",YESTERDAY,OUTDOOR,WITHIN_WEEK,Toyota,PETROL,CLUTCH_WORN,synthetic_template
GEAR_ISSUE,NOT_ASKED,NOT_ASKED,NOT_ASKED,NOT_ASKED,NOT_ASKED,NOT_ASKED,NOT_ASKED,NOT_ASKED,CLUTCH_SOFT,BURNING_OIL,"[""NONE""]","[""LOSS_OF_POWER""]",NONE,OUTDOOR,TODAY_USUAL,Mitsubishi,DIESEL,CLUTCH_WORN,synthetic_template
ENGINE_PROBLEM,NOT_ASKED,NOT_ASKED,NOT_ASKED,NOT_ASKED,NOT_ASKED,NOT_ASKED,NOT_ASKED,NOT_ASKED,NOT_ASKED,BURNING_OIL,"[""NONE""]","[""LOSS_OF_POWER""]",NONE,INDOOR,TODAY_USUAL,Toyota,PETROL,CLUTCH_WORN,synthetic_template
GEAR_ISSUE,NOT_ASKED,NOT_ASKED,NOT_ASKED,NOT_ASKED,NOT_ASKED,NOT_ASKED,NOT_ASKED,NOT_ASKED,WONT_ENGAGE,BURNING_OIL,"[""NONE""]","[""LOSS_OF_POWER""]",MONSOON,OUTDOOR,TODAY_USUAL,Hyundai,PETROL,CLUTCH_WORN,synthetic_template
GEAR_ISSUE,NOT_ASKED,NOT_ASKED,NOT_ASKED,NOT_ASKED,NOT_ASKED,NOT_ASKED,NOT_ASKED,NOT_ASKED,CLUTCH_SOFT,BURNING_OIL,"[""NONE""]","[""LOSS_OF_POWER""]",NONE,OUTDOOR,TODAY_USUAL,Toyota,PETROL,CLUTCH_WORN,synthetic_template
GEAR_ISSUE,NOT_ASKED,NOT_ASKED,NOT_ASKED,NOT_ASKED,NOT_ASKED,NOT_ASKED,NOT_ASKED,NOT_ASKED,SLIPPING,NO_SMELL,"[""NONE""]","[""UNUSUAL_NOISE"", ""NO_SIGNS""]",NONE,OUTDOOR,TODAY_USUAL,Honda,PETROL,CLUTCH_WORN,synthetic_template
GEAR_ISSUE,NOT_ASKED,NOT_ASKED,NOT_ASKED,NOT_ASKED,NOT_ASKED,NOT_ASKED,NOT_ASKED,NOT_ASKED,SLIPPING,NO_SMELL,"[""NONE""]","[""LOSS_OF_POWER""]",NONE,INDOOR,TODAY_USUAL,Mitsubishi,DIESEL,CLUTCH_WORN,synthetic_template
GEAR_ISSUE,NOT_ASKED,NOT_ASKED,NOT_ASKED,NOT_ASKED,NOT_ASKED,NOT_ASKED,NOT_ASKED,NOT_ASKED,CLUTCH_SOFT,BURNING_OIL,"[""NONE""]","[""LOSS_OF_POWER""]",NONE,OUTDOOR,WITHIN_WEEK,Honda,HYBRID,CLUTCH_WORN,synthetic_template
GEAR_ISSUE,NOT_ASKED,NOT_ASKED,NOT_ASKED,NOT_ASKED,NOT_ASKED,NOT_ASKED,NOT_ASKED,NOT_ASKED,CLUTCH_SOFT,BURNING_OIL,"[""NONE""]","[""LOSS_OF_POWER"", ""UNUSUAL_NOISE""]",NONE,OUTDOOR,WITHIN_WEEK,Toyota,PETROL,CLUTCH_WORN,synthetic_template
GEAR_ISSUE,NOT_ASKED,NOT_ASKED,NOT_ASKED,NOT_ASKED,NOT_ASKED,NOT_ASKED,NOT_ASKED,NOT_ASKED,SLIPPING,BURNING_ELECTRICAL,"[""NONE""]","[""LOSS_OF_POWER""]",NONE,INDOOR,OVER_WEEK,Toyota,PETROL,CLUTCH_WORN,synthetic_template
WEIRD_BEHAVIOR,STARTS_NORMAL,OVERHEATING,NOT_ASKED,NOT_ASKED,NOT_ASKED,WITH_AC,NOT_ASKED,NOT_ASKED,NOT_ASKED,NO_SMELL,"[""TEMPERATURE""]","[""NO_SIGNS""]",NONE,OUTDOOR,OVER_WEEK,Toyota,HYBRID,COOLANT_LOW,synthetic_template
ENGINE_PROBLEM,STARTS_BUT_ISSUE,OVERHEATING,NOT_ASKED,NOT_ASKED,NOT_ASKED,TRAFFIC_ONLY,NOT_ASKED,NOT_ASKED,NOT_ASKED,NO_SMELL,"[""TEMPERATURE""]","[""OVERHEATING_BEFORE"", ""NO_SIGNS""]",YESTERDAY,INDOOR,TODAY_USUAL,Nissan,PETROL,COOLANT_LOW,synthetic_template
ENGINE_PROBLEM,STARTS_NORMAL,NO_POWER,NOT_ASKED,NOT_ASKED,NOT_ASKED,NOT_ASKED,NOT_ASKED,NOT_ASKED,NOT_ASKED,NO_SMELL,"[""TEMPERATURE""]","[""OVERHEATING_BEFORE""]",NONE,INDOOR,TODAY_USUAL,Hyundai,PETROL,COOLANT_LOW,synthetic_template
ENGINE_PROBLEM,STARTS_NORMAL,OVERHEATING,NOT_ASKED,NOT_ASKED,NOT_ASKED,TRAFFIC_ONLY,NOT_ASKED,NOT_ASKED,NOT_ASKED,BURNING_OIL,"[""TEMPERATURE""]","[""OVERHEATING_BEFORE"", ""NO_SIGNS""]",YESTERDAY,INDOOR,WITHIN_WEEK,Toyota,PETROL,COOLANT_LOW,synthetic_template
ENGINE_PROBLEM,STARTS_BUT_ISSUE,OVERHEATING,NOT_ASKED,NOT_ASKED,NOT_ASKED,TRAFFIC_ONLY,NOT_ASKED,NOT_ASKED,NOT_ASKED,NO_SMELL,"[""TEMPERATURE""]","[""OVERHEATING_BEFORE"", ""NO_SIGNS""]",NONE,OUTDOOR,TODAY_USUAL,Honda,HYBRID,COOLANT_LOW,synthetic_template
WEIRD_BEHAVIOR,STARTS_NORMAL,SMOKE,NOT_ASKED,NOT_ASKED,NOT_ASKED,NOT_ASKED,WHITE,NOT_ASKED,NOT_ASKED,NO_SMELL,"[""TEMPERATURE""]","[""LOSS_OF_POWER"", ""OVERHEATING_BEFORE""]",NONE,OUTDOOR,TODAY_USUAL,Toyota,PETROL,COOLANT_LOW,synthetic_template
ENGINE_PROBLEM,STARTS_NORMAL,OVERHEATING,NOT_ASKED,NOT_ASKED,NOT_ASKED,TRAFFIC_ONLY,NOT_ASKED,NOT_ASKED,NOT_ASKED,SWEET,"[""TEMPERATURE""]","[""OVERHEATING_BEFORE"", ""NO_SIGNS""]",NONE,INDOOR,WITHIN_WEEK,Toyota,DIESEL,COOLANT_LOW,synthetic_template
ENGINE_PROBLEM,STARTS_BUT_ISSUE,OVERHEATING,NOT_ASKED,NOT_ASKED,NOT_ASKED,HILL_CLIMB,NOT_ASKED,NOT_ASKED,NOT_ASKED,NO_SMELL,"[""TEMPERATURE""]","[""OVERHEATING_BEFORE"", ""NO_SIGNS""]",NONE,OUTDOOR,TODAY_USUAL,Mitsubishi,DIESEL,COOLANT_LOW,synthetic_template
WEIRD_BEHAVIOR,STARTS_BUT_ISSUE,OVERHEATING,NOT_ASKED,NOT_ASKED,NOT_ASKED,TRAFFIC_ONLY,NOT_ASKED,NOT_ASKED,NOT_ASKED,NO_SMELL,"[""NONE""]","[""OVERHEATING_BEFORE""]",NONE,OUTDOOR,TODAY_USUAL,Suzuki,PETROL,COOLANT_LOW,synthetic_template
ENGINE_PROBLEM,STARTS_NORMAL,OVERHEATING,NOT_ASKED,NOT_ASKED,NOT_ASKED,WITH_AC,NOT_ASKED,NOT_ASKED,NOT_ASKED,NO_SMELL,"[""TEMPERATURE""]","[""NO_SIGNS""]",MONSOON,OUTDOOR,TODAY_USUAL,Hyundai,PETROL,COOLANT_LOW,synthetic_template
WEIRD_BEHAVIOR,STARTS_NORMAL,SMOKE,NOT_ASKED,NOT_ASKED,NOT_ASKED,NOT_ASKED,WHITE,NOT_ASKED,NOT_ASKED,NO_SMELL,"[""TEMPERATURE""]","[""LOSS_OF_POWER"", ""OVERHEATING_BEFORE""]",YESTERDAY,INDOOR,WITHIN_WEEK,Toyota,PETROL,COOLANT_LOW,synthetic_template
ENGINE_PROBLEM,STARTS_NORMAL,OVERHEATING,NOT_ASKED,NOT_ASKED,NOT_ASKED,TRAFFIC_ONLY,NOT_ASKED,NOT_ASKED,NOT_ASKED,NO_SMELL,"[""TEMPERATURE""]","[""OVERHEATING_BEFORE""]",MONSOON,OUTDOOR,OVER_WEEK,Nissan,PETROL,COOLANT_LOW,synthetic_template
ENGINE_PROBLEM,STARTS_BUT_ISSUE,OVERHEATING,NOT_ASKED,NOT_ASKED,NOT_ASKED,HILL_CLIMB,NOT_ASKED,NOT_ASKED,NOT_ASKED,NO_SMELL,"[""TEMPERATURE""]","[""OVERHEATING_BEFORE""]",WITHIN_3_DAYS,OUTDOOR,OVER_WEEK,Toyota,PETROL,COOLANT_LOW,synthetic_template
ENGINE_PROBLEM,STARTS_NORMAL,NO_POWER,NOT_ASKED,NOT_ASKED,NOT_ASKED,NOT_ASKED,NOT_ASKED,NOT_ASKED,NOT_ASKED,NO_SMELL,"[""TEMPERATURE"", ""NONE""]","[""OVERHEATING_BEFORE"", ""NO_SIGNS""]",YESTERDAY,INDOOR,WITHIN_WEEK,Mazda,DIESEL,COOLANT_LOW,synthetic_template
ENGINE_PROBLEM,STARTS_NORMAL,OVERHEATING,NOT_ASKED,NOT_ASKED,NOT_ASKED,WITH_AC,NOT_ASKED,NOT_ASKED,NOT_ASKED,BURNING_OIL,"[""TEMPERATURE""]","[""OVERHEATING_BEFORE""]",MONSOON,INDOOR,OVER_WEEK,Mitsubishi,PETROL,COOLANT_LOW,synthetic_template
WONT_START,STARTS_BUT_ISSUE,STALLING,NOT_ASKED,NOT_ASKED,NOT_ASKED,NOT_ASKED,NOT_ASKED,NOT_ASKED,NOT_ASKED,NO_SMELL,"[""BATTERY"", ""CHECK_ENGINE"", ""ABS"", ""NONE""]","[""LIGHTS_FLICKER""]",NONE,INDOOR,TODAY_USUAL,Toyota,PETROL,ELECTRICAL_FAULT_RAIN,synthetic_template
ENGINE_PROBLEM,NO_CRANK,NOT_ASKED,NOT_ASKED,SOME_LIGHTS_ON,NOT_ASKED,NOT_ASKED,NOT_ASKED,NOT_ASKED,NOT_ASKED,BURNING_ELECTRICAL,"[""NONE""]","[""LIGHTS_FLICKER"", ""LOSS_OF_POWER"", ""NO_SIGNS""]",NONE,OUTDOOR,WITHIN_WEEK,Nissan,DIESEL,ELECTRICAL_FAULT_RAIN,synthetic_template
WEIRD_BEHAVIOR,NO_CRANK,NOT_ASKED,NOT_ASKED,ALL_DEAD_NO_LIGHTS,NOT_ASKED,NOT_ASKED,NOT_ASKED,NOT_ASKED,NOT_ASKED,NO_SMELL,"[""CHECK_ENGINE""]","[""LIGHTS_FLICKER"", ""NO_SIGNS""]",MONSOON,OUTDOOR,OVER_WEEK,Nissan,PETROL,ELECTRICAL_FAULT_RAIN,synthetic_template
ENGINE_PROBLEM,NO_CRANK,NOT_ASKED,NOT_ASKED,SOME_LIGHTS_ON,NOT_ASKED,NOT_ASKED,NOT_ASKED,NOT_ASKED,NOT_ASKED,BURNING_ELECTRICAL,"[""NONE""]","[""LIGHTS_FLICKER"", ""LOSS_OF_POWER"", ""NO_SIGNS""]",NONE,OUTDOOR,OVER_WEEK,Toyota,PETROL,ELECTRICAL_FAULT_RAIN,synthetic_template
ENGINE_PROBLEM,NO_CRANK,NOT_ASKED,NOT_ASKED,SOME_LIGHTS_ON,NOT_ASKED,NOT_ASKED,NOT_ASKED,NOT_ASKED,NOT_ASKED,BURNING_ELECTRICAL,"[""NONE""]","[""LIGHTS_FLICKER"", ""LOSS_OF_POWER"", ""NO_SIGNS""]",NONE,OUTDOOR,TODAY_USUAL,Nissan,PETROL,ELECTRICAL_FAULT_RAIN,synthetic_template
WEIRD_BEHAVIOR,STARTS_BUT_ISSUE,NO_POWER,NOT_ASKED,NOT_ASKED,NOT_ASKED,NOT_ASKED,NOT_ASKED,NOT_ASKED,NOT_ASKED,BURNING_ELECTRICAL,"[""CHECK_ENGINE""]","[""NO_SIGNS""]",YESTERDAY,OUTDOOR,WITHIN_WEEK,Suzuki,PETROL,ELECTRICAL_FAULT_RAIN,synthetic_template
WEIRD_BEHAVIOR,NO_CRANK,NOT_ASKED,NOT_ASKED,ALL_DEAD_NO_LIGHTS,NOT_ASKED,NOT_ASKED,NOT_ASKED,NOT_ASKED,NOT_ASKED,BURNING_ELECTRICAL,"[""CHECK_ENGINE"", ""BRAKE"", ""NONE""]","[""LIGHTS_FLICKER""]",WITHIN_3_DAYS,OUTDOOR,TODAY_USUAL,Nissan,PETROL,ELECTRICAL_FAULT_RAIN,synthetic_template
WONT_START,STARTS_BUT_ISSUE,NO_POWER,NOT_ASKED,NOT_ASKED,NOT_ASKED,NOT_ASKED,NOT_ASKED,NOT_ASKED,NOT_ASKED,BURNING_OIL,"[""BATTERY"", ""BRAKE""]","[""LOSS_OF_POWER""]",NONE,INDOOR,TODAY_USUAL,Toyota,PETROL,ELECTRICAL_FAULT_RAIN,synthetic_template
WONT_START,NO_CRANK,NOT_ASKED,NOT_ASKED,ALL_DEAD_NO_LIGHTS,NOT_ASKED,NOT_ASKED,NOT_ASKED,NOT_ASKED,NOT_ASKED,NO_SMELL,"[""BATTERY"", ""ABS""]","[""NO_SIGNS""]",NONE,OUTDOOR,TODAY_NEW_STATION,Nissan,DIESEL,ELECTRICAL_FAULT_RAIN,synthetic_template
WONT_START,NO_CRANK,NOT_ASKED,NOT_ASKED,ALL_DEAD_NO_LIGHTS,NOT_ASKED,NOT_ASKED,NOT_ASKED,NOT_ASKED,NOT_ASKED,NO_SMELL,"[""BATTERY"", ""ABS""]","[""NO_SIGNS""]",MONSOON,OUTDOOR,WITHIN_WEEK,Suzuki,PETROL,ELECTRICAL_FAULT_RAIN,synthetic_template
WONT_START,STARTS_BUT_ISSUE,NOISE,NOT_ASKED,NOT_ASKED,NOT_ASKED,NOT_ASKED,NOT_ASKED,NOT_ASKED,NOT_ASKED,BURNING_ELECTRICAL,"[""BATTERY"", ""CHECK_ENGINE"", ""BRAKE""]","[""LOSS_OF_POWER"", ""NO_SIGNS""]",NONE,OUTDOOR,WITHIN_WEEK,Nissan,PETROL,ELECTRICAL_FAULT_RAIN,synthetic_template
WEIRD_BEHAVIOR,STARTS_BUT_ISSUE,NO_POWER,NOT_ASKED,NOT_ASKED,NOT_ASKED,NOT_ASKED,NOT_ASKED,NOT_ASKED,NOT_ASKED,BURNING_ELECTRICAL,"[""CHECK_ENGINE""]","[""NO_SIGNS""]",WITHIN_3_DAYS,INDOOR,WITHIN_WEEK,Kia,PETROL,ELECTRICAL_FAULT_RAIN,synthetic_template
WEIRD_BEHAVIOR,NO_CRANK,NOT_ASKED,NOT_ASKED,ALL_DEAD_NO_LIGHTS,NOT_ASKED,NOT_ASKED,NOT_ASKED,NOT_ASKED,NOT_ASKED,BURNING_ELECTRICAL,"[""BATTERY"", ""CHECK_ENGINE"", ""NONE""]","[""LOSS_OF_POWER""]",NONE,OUTDOOR,WITHIN_WEEK,Hyundai,PETROL,ELECTRICAL_FAULT_RAIN,synthetic_template
WEIRD_BEHAVIOR,STARTS_BUT_ISSUE,NO_POWER,NOT_ASKED,NOT_ASKED,NOT_ASKED,NOT_ASKED,NOT_ASKED,NOT_ASKED,NOT_ASKED,BURNING_ELECTRICAL,"[""CHECK_ENGINE""]","[""NO_SIGNS""]",NONE,OUTDOOR,WITHIN_WEEK,Hyundai,PETROL,ELECTRICAL_FAULT_RAIN,synthetic_template
WONT_START,STARTS_BUT_ISSUE,NO_POWER,NOT_ASKED,NOT_ASKED,NOT_ASKED,NOT_ASKED,NOT_ASKED,NOT_ASKED,NOT_ASKED,BURNING_OIL,"[""BATTERY"", ""BRAKE""]","[""LOSS_OF_POWER""]",WITHIN_3_DAYS,OUTDOOR,TODAY_USUAL,Honda,PETROL,ELECTRICAL_FAULT_RAIN,synthetic_template
WEIRD_BEHAVIOR,NO_CRANK,NOT_ASKED,NOT_ASKED,ALL_DEAD_NO_LIGHTS,NOT_ASKED,NOT_ASKED,NOT_ASKED,NOT_ASKED,NOT_ASKED,BURNING_ELECTRICAL,"[""BATTERY"", ""CHECK_ENGINE"", ""NONE""]","[""LOSS_OF_POWER""]",YESTERDAY,INDOOR,OVER_WEEK,Honda,PETROL,ELECTRICAL_FAULT_RAIN,synthetic_template
ENGINE_PROBLEM,NO_CRANK,NOT_ASKED,NOT_ASKED,ALL_DEAD_NO_LIGHTS,NOT_ASKED,NOT_ASKED,NOT_ASKED,NOT_ASKED,NOT_ASKED,BURNING_ELECTRICAL,"[""ABS""]","[""LIGHTS_FLICKER"", ""LOSS_OF_POWER""]",NONE,OUTDOOR,WITHIN_WEEK,Mazda,PETROL,ELECTRICAL_FAULT_RAIN,synthetic_template
ENGINE_PROBLEM,NO_CRANK,NOT_ASKED,NOT_ASKED,ALL_DEAD_NO_LIGHTS,NOT_ASKED,NOT_ASKED,NOT_ASKED,NOT_ASKED,NOT_ASKED,BURNING_ELECTRICAL,"[""BATTERY"", ""CHECK_ENGINE""]","[""LIGHTS_FLICKER"", ""LOSS_OF_POWER""]",NONE,OUTDOOR,TODAY_USUAL,Mitsubishi,DIESEL,ELECTRICAL_FAULT_RAIN,synthetic_template
ENGINE_PROBLEM,NO_CRANK,NOT_ASKED,NOT_ASKED,DIM_LIGHTS,NOT_ASKED,NOT_ASKED,NOT_ASKED,NOT_ASKED,NOT_ASKED,BURNING_ELECTRICAL,"[""NONE""]","[""LOSS_OF_POWER"", ""NO_SIGNS""]",YESTERDAY,INDOOR,WITHIN_WEEK,Suzuki,PETROL,ELECTRICAL_FAULT_RAIN,synthetic_template
WEIRD_BEHAVIOR,NO_CRANK,NOT_ASKED,NOT_ASKED,ALL_DEAD_NO_LIGHTS,NOT_ASKED,NOT_ASKED,NOT_ASKED,NOT_ASKED,NOT_ASKED,BURNING_ELECTRICAL,"[""CHECK_ENGINE"", ""BRAKE"", ""NONE""]","[""LIGHTS_FLICKER""]",NONE,OUTDOOR,WITHIN_WEEK,Toyota,DIESEL,ELECTRICAL_FAULT_RAIN,synthetic_template
WEIRD_BEHAVIOR,NO_CRANK,NOT_ASKED,NOT_ASKED,ALL_DEAD_NO_LIGHTS,NOT_ASKED,NOT_ASKED,NOT_ASKED,NOT_ASKED,NOT_ASKED,NO_SMELL,"[""CHECK_ENGINE""]","[""LIGHTS_FLICKER"", ""NO_SIGNS""]",NONE,INDOOR,TODAY_USUAL,Toyota,PETROL,ELECTRICAL_FAULT_RAIN,synthetic_template
WONT_START,NO_CRANK,NOT_ASKED,NOT_ASKED,ALL_DEAD_NO_LIGHTS,NOT_ASKED,NOT_ASKED,NOT_ASKED,NOT_ASKED,NOT_ASKED,NO_SMELL,"[""BATTERY"", ""ABS""]","[""NO_SIGNS""]",NONE,OUTDOOR,TODAY_USUAL,Toyota,PETROL,ELECTRICAL_FAULT_RAIN,synthetic_template
WEIRD_BEHAVIOR,STARTS_BUT_ISSUE,NO_POWER,NOT_ASKED,NOT_ASKED,NOT_ASKED,NOT_ASKED,NOT_ASKED,NOT_ASKED,NOT_ASKED,BURNING_ELECTRICAL,"[""CHECK_ENGINE""]","[""NO_SIGNS""]",MONSOON,INDOOR,OVER_WEEK,Hyundai,PETROL,ELECTRICAL_FAULT_RAIN,synthetic_template
WONT_START,STARTS_BUT_ISSUE,NOISE,NOT_ASKED,NOT_ASKED,NOT_ASKED,NOT_ASKED,NOT_ASKED,NOT_ASKED,NOT_ASKED,BURNING_ELECTRICAL,"[""BATTERY"", ""CHECK_ENGINE"", ""BRAKE""]","[""LOSS_OF_POWER"", ""NO_SIGNS""]",WITHIN_3_DAYS,OUTDOOR,TODAY_USUAL,Toyota,HYBRID,ELECTRICAL_FAULT_RAIN,synthetic_template
WEIRD_BEHAVIOR,NO_CRANK,NOT_ASKED,NOT_ASKED,ALL_DEAD_NO_LIGHTS,NOT_ASKED,NOT_ASKED,NOT_ASKED,NOT_ASKED,NOT_ASKED,NO_SMELL,"[""CHECK_ENGINE"", ""ABS""]","[""NO_SIGNS""]",NONE,OUTDOOR,WITHIN_WEEK,Mitsubishi,DIESEL,ELECTRICAL_FAULT_RAIN,synthetic_template
WONT_START,NO_CRANK,NOT_ASKED,NOT_ASKED,ALL_DEAD_NO_LIGHTS,NOT_ASKED,NOT_ASKED,NOT_ASKED,NOT_ASKED,NOT_ASKED,BURNING_ELECTRICAL,"[""BATTERY"", ""CHECK_ENGINE""]","[""LIGHTS_FLICKER"", ""NO_SIGNS""]",MONSOON,INDOOR,TODAY_USUAL,Hyundai,PETROL,ELECTRICAL_FAULT_RAIN,synthetic_template
WONT_START,STARTS_BUT_ISSUE,NOISE,NOT_ASKED,NOT_ASKED,NOT_ASKED,NOT_ASKED,NOT_ASKED,NOT_ASKED,NOT_ASKED,BURNING_ELECTRICAL,"[""BATTERY"", ""CHECK_ENGINE"", ""BRAKE""]","[""LOSS_OF_POWER"", ""NO_SIGNS""]",NONE,OUTDOOR,TODAY_USUAL,Mitsubishi,DIESEL,ELECTRICAL_FAULT_RAIN,synthetic_template
ENGINE_PROBLEM,NO_CRANK,NOT_ASKED,NOT_ASKED,ALL_DEAD_NO_LIGHTS,NOT_ASKED,NOT_ASKED,NOT_ASKED,NOT_ASKED,NOT_ASKED,BURNING_ELECTRICAL,"[""ABS""]","[""LIGHTS_FLICKER"", ""LOSS_OF_POWER""]",NONE,INDOOR,TODAY_NEW_STATION,Nissan,PETROL,ELECTRICAL_FAULT_RAIN,synthetic_template
WONT_START,STARTS_BUT_ISSUE,STALLING,NOT_ASKED,NOT_ASKED,NOT_ASKED,NOT_ASKED,NOT_ASKED,NOT_ASKED,NOT_ASKED,NO_SMELL,"[""BATTERY"", ""CHECK_ENGINE"", ""ABS"", ""NONE""]","[""LIGHTS_FLICKER""]",MONSOON,INDOOR,TODAY_NEW_STATION,Mazda,PETROL,ELECTRICAL_FAULT_RAIN,synthetic_template
ENGINE_PROBLEM,NO_CRANK,NOT_ASKED,NOT_ASKED,ALL_DEAD_NO_LIGHTS,NOT_ASKED,NOT_ASKED,NOT_ASKED,NOT_ASKED,NOT_ASKED,BURNING_ELECTRICAL,"[""ABS""]","[""LIGHTS_FLICKER"", ""LOSS_OF_POWER""]",NONE,INDOOR,WITHIN_WEEK,Nissan,PETROL,ELECTRICAL_FAULT_RAIN,synthetic_template
WONT_START,NO_CRANK,NOT_ASKED,NOT_ASKED,ALL_DEAD_NO_LIGHTS,NOT_ASKED,NOT_ASKED,NOT_ASKED,NOT_ASKED,NOT_ASKED,NO_SMELL,"[""BATTERY"", ""ABS""]","[""NO_SIGNS""]",MONSOON,OUTDOOR,WITHIN_WEEK,Kia,PETROL,ELECTRICAL_FAULT_RAIN,synthetic_template
WEIRD_BEHAVIOR,NO_CRANK,NOT_ASKED,NOT_ASKED,ALL_DEAD_NO_LIGHTS,NOT_ASKED,NOT_ASKED,NOT_ASKED,NOT_ASKED,NOT_ASKED,BURNING_ELECTRICAL,"[""CHECK_ENGINE"", ""BRAKE"", ""NONE""]","[""LIGHTS_FLICKER""]",NONE,OUTDOOR,WITHIN_WEEK,Honda,HYBRID,ELECTRICAL_FAULT_RAIN,synthetic_template
ENGINE_PROBLEM,NO_CRANK,NOT_ASKED,NOT_ASKED,DIM_LIGHTS,NOT_ASKED,NOT_ASKED,NOT_ASKED,NOT_ASKED,NOT_ASKED,BURNING_ELECTRICAL,"[""NONE""]","[""LOSS_OF_POWER"", ""NO_SIGNS""]",YESTERDAY,INDOOR,OVER_WEEK,Mahindra,DIESEL,ELECTRICAL_FAULT_RAIN,synthetic_template
WONT_START,STARTS_BUT_ISSUE,NO_POWER,NOT_ASKED,NOT_ASKED,NOT_ASKED,NOT_ASKED,NOT_ASKED,NOT_ASKED,NOT_ASKED,BURNING_OIL,"[""BATTERY"", ""BRAKE""]","[""LOSS_OF_POWER""]",NONE,OUTDOOR,TODAY_USUAL,Honda,PETROL,ELECTRICAL_FAULT_RAIN,synthetic_template
ENGINE_PROBLEM,CRANKS_NO_START,NOT_ASKED,NORMAL_CRANKING,NOT_ASKED,NOT_ASKED,NOT_ASKED,NOT_ASKED,NOT_ASKED,NOT_ASKED,NO_SMELL,"[""CHECK_ENGINE"", ""TEMPERATURE""]","[""OVERHEATING_BEFORE""]",NONE,INDOOR,WITHIN_WEEK,Mahindra,DIESEL,ENGINE_OVERHEAT_SEVERE,synthetic_template
ENGINE_PROBLEM,STARTS_BUT_ISSUE,OVERHEATING,NOT_ASKED,NOT_ASKED,NOT_ASKED,ALWAYS,NOT_ASKED,NOT_ASKED,NOT_ASKED,BURNING_ELECTRICAL,"[""TEMPERATURE""]","[""OVERHEATING_BEFORE""]",NONE,OUTDOOR,TODAY_USUAL,Honda,HYBRID,ENGINE_OVERHEAT_SEVERE,synthetic_template
ENGINE_PROBLEM,STARTS_BUT_ISSUE,OVERHEATING,NOT_ASKED,NOT_ASKED,NOT_ASKED,ALWAYS,NOT_ASKED,NOT_ASKED,NOT_ASKED,SWEET,"[""CHECK_ENGINE"", ""OIL"", ""TEMPERATURE""]","[""OVERHEATING_BEFORE""]",WITHIN_3_DAYS,INDOOR,WITHIN_WEEK,Toyota,HYBRID,ENGINE_OVERHEAT_SEVERE,synthetic_template
ENGINE_PROBLEM,STARTS_BUT_ISSUE,OVERHEATING,NOT_ASKED,NOT_ASKED,NOT_ASKED,ALWAYS,NOT_ASKED,NOT_ASKED,NOT_ASKED,SWEET,"[""CHECK_ENGINE"", ""OIL"", ""TEMPERATURE""]","[""OVERHEATING_BEFORE""]",NONE,OUTDOOR,WITHIN_WEEK,Toyota,PETROL,ENGINE_OVERHEAT_SEVERE,synthetic_template
ENGINE_PROBLEM,STARTS_BUT_ISSUE,OVERHEATING,NOT_ASKED,NOT_ASKED,NOT_ASKED,ALWAYS,NOT_ASKED,NOT_ASKED,NOT_ASKED,SWEET,"[""TEMPERATURE""]","[""LOSS_OF_POWER"", ""OVERHEATING_BEFORE"", ""SMELL_BEFORE""]",MONSOON,INDOOR,TODAY_USUAL,Mahindra,DIESEL,ENGINE_OVERHEAT_SEVERE,synthetic_template
ENGINE_PROBLEM,CRANKS_NO_START,NOT_ASKED,NORMAL_CRANKING,NOT_ASKED,NOT_ASKED,NOT_ASKED,NOT_ASKED,NOT_ASKED,NOT_ASKED,BURNING_ELECTRICAL,"[""OIL"", ""TEMPERATURE""]","[""NO_SIGNS""]",WITHIN_3_DAYS,INDOOR,WITHIN_WEEK,Mitsubishi,DIESEL,ENGINE_OVERHEAT_SEVERE,synthetic_template
ENGINE_PROBLEM,CRANKS_NO_START,NOT_ASKED,NORMAL_CRANKING,NOT_ASKED,NOT_ASKED,NOT_ASKED,NOT_ASKED,NOT_ASKED,NOT_ASKED,NO_SMELL,"[""CHECK_ENGINE"", ""TEMPERATURE""]","[""OVERHEATING_BEFORE""]",YESTERDAY,OUTDOOR,WITHIN_WEEK,Honda,HYBRID,ENGINE_OVERHEAT_SEVERE,synthetic_template
ENGINE_PROBLEM,STARTS_BUT_ISSUE,OVERHEATING,NOT_ASKED,NOT_ASKED,NOT_ASKED,ALWAYS,NOT_ASKED,NOT_ASKED,NOT_ASKED,BURNING_ELECTRICAL,"[""TEMPERATURE""]","[""OVERHEATING_BEFORE""]",NONE,OUTDOOR,TODAY_USUAL,Honda,HYBRID,ENGINE_OVERHEAT_SEVERE,synthetic_template
ENGINE_PROBLEM,CRANKS_NO_START,NOT_ASKED,NORMAL_CRANKING,NOT_ASKED,NOT_ASKED,NOT_ASKED,NOT_ASKED,NOT_ASKED,NOT_ASKED,BURNING_ELECTRICAL,"[""OIL"", ""TEMPERATURE""]","[""NO_SIGNS""]",NONE,OUTDOOR,WITHIN_WEEK,Mitsubishi,DIESEL,ENGINE_OVERHEAT_SEVERE,synthetic_template
ENGINE_PROBLEM,STARTS_BUT_ISSUE,OVERHEATING,NOT_ASKED,NOT_ASKED,NOT_ASKED,ALWAYS,NOT_ASKED,NOT_ASKED,NOT_ASKED,SWEET,"[""CHECK_ENGINE"", ""OIL"", ""TEMPERATURE""]","[""OVERHEATING_BEFORE""]",MONSOON,INDOOR,TODAY_USUAL,Hyundai,PETROL,ENGINE_OVERHEAT_SEVERE,synthetic_template
ENGINE_PROBLEM,CRANKS_NO_START,NOT_ASKED,NORMAL_CRANKING,NOT_ASKED,NOT_ASKED,NOT_ASKED,NOT_ASKED,NOT_ASKED,NOT_ASKED,SWEET,"[""NONE""]","[""LOSS_OF_POWER"", ""OVERHEATING_BEFORE""]",WITHIN_3_DAYS,INDOOR,WITHIN_WEEK,Toyota,DIESEL,ENGINE_OVERHEAT_SEVERE,synthetic_template
ENGINE_PROBLEM,CRANKS_NO_START,NOT_ASKED,NORMAL_CRANKING,NOT_ASKED,NOT_ASKED,NOT_ASKED,NOT_ASKED,NOT_ASKED,NOT_ASKED,BURNING_ELECTRICAL,"[""OIL"", ""TEMPERATURE""]","[""NO_SIGNS""]",NONE,OUTDOOR,WITHIN_WEEK,Toyota,HYBRID,ENGINE_OVERHEAT_SEVERE,synthetic_template
ENGINE_PROBLEM,STARTS_BUT_ISSUE,OVERHEATING,NOT_ASKED,NOT_ASKED,NOT_ASKED,ALWAYS,NOT_ASKED,NOT_ASKED,NOT_ASKED,BURNING_OIL,"[""TEMPERATURE""]","[""LOSS_OF_POWER"", ""OVERHEATING_BEFORE""]",MONSOON,OUTDOOR,WITHIN_WEEK,Suzuki,PETROL,ENGINE_OVERHEAT_SEVERE,synthetic_template
ENGINE_PROBLEM,STARTS_BUT_ISSUE,OVERHEATING,NOT_ASKED,NOT_ASKED,NOT_ASKED,ALWAYS,NOT_ASKED,NOT_ASKED,NOT_ASKED,BURNING_ELECTRICAL,"[""TEMPERATURE""]","[""OVERHEATING_BEFORE""]",NONE,OUTDOOR,TODAY_USUAL,Honda,PETROL,ENGINE_OVERHEAT_SEVERE,synthetic_template
ENGINE_PROBLEM,NO_CRANK,NOT_ASKED,NOT_ASKED,NOT_ASKED,NOT_ASKED,NOT_ASKED,NOT_ASKED,NOT_ASKED,NOT_ASKED,BURNING_ELECTRICAL,"[""OIL"", ""TEMPERATURE""]","[""OVERHEATING_BEFORE"", ""SMELL_BEFORE""]",NONE,OUTDOOR,TODAY_USUAL,Mazda,DIESEL,ENGINE_OVERHEAT_SEVERE,synthetic_template
ENGINE_PROBLEM,STARTS_BUT_ISSUE,OVERHEATING,NOT_ASKED,NOT_ASKED,NOT_ASKED,TRAFFIC_ONLY,NOT_ASKED,NOT_ASKED,NOT_ASKED,SWEET,"[""TEMPERATURE""]","[""LOSS_OF_POWER"", ""OVERHEATING_BEFORE""]",YESTERDAY,INDOOR,TODAY_USUAL,Toyota,DIESEL,ENGINE_OVERHEAT_SEVERE,synthetic_template
ENGINE_PROBLEM,STARTS_BUT_ISSUE,OVERHEATING,NOT_ASKED,NOT_ASKED,NOT_ASKED,ALWAYS,NOT_ASKED,NOT_ASKED,NOT_ASKED,SWEET,"[""TEMPERATURE""]","[""LOSS_OF_POWER"", ""OVERHEATING_BEFORE"", ""SMELL_BEFORE""]",NONE,INDOOR,WITHIN_WEEK,Mitsubishi,DIESEL,ENGINE_OVERHEAT_SEVERE,synthetic_template
ENGINE_PROBLEM,CRANKS_NO_START,NOT_ASKED,NORMAL_CRANKING,NOT_ASKED,NOT_ASKED,NOT_ASKED,NOT_ASKED,NOT_ASKED,NOT_ASKED,NO_SMELL,"[""CHECK_ENGINE"", ""TEMPERATURE""]","[""OVERHEATING_BEFORE""]",NONE,INDOOR,TODAY_USUAL,Kia,PETROL,ENGINE_OVERHEAT_SEVERE,synthetic_template
ENGINE_PROBLEM,CRANKS_NO_START,NOT_ASKED,NORMAL_CRANKING,NOT_ASKED,NOT_ASKED,NOT_ASKED,NOT_ASKED,NOT_ASKED,NOT_ASKED,SWEET,"[""CHECK_ENGINE"", ""TEMPERATURE""]","[""OVERHEATING_BEFORE"", ""SMELL_BEFORE""]",MONSOON,OUTDOOR,WITHIN_WEEK,Kia,PETROL,ENGINE_OVERHEAT_SEVERE,synthetic_template
ENGINE_PROBLEM,STARTS_BUT_ISSUE,OVERHEATING,NOT_ASKED,NOT_ASKED,NOT_ASKED,ALWAYS,NOT_ASKED,NOT_ASKED,NOT_ASKED,BURNING_ELECTRICAL,"[""OIL"", ""TEMPERATURE""]","[""NO_SIGNS""]",YESTERDAY,OUTDOOR,TODAY_USUAL,Toyota,DIESEL,ENGINE_OVERHEAT_SEVERE,synthetic_template
ENGINE_PROBLEM,CRANKS_NO_START,NOT_ASKED,NORMAL_CRANKING,NOT_ASKED,NOT_ASKED,NOT_ASKED,NOT_ASKED,NOT_ASKED,NOT_ASKED,SWEET,"[""CHECK_ENGINE"", ""TEMPERATURE""]","[""OVERHEATING_BEFORE"", ""SMELL_BEFORE""]",NONE,OUTDOOR,WITHIN_WEEK,Suzuki,PETROL,ENGINE_OVERHEAT_SEVERE,synthetic_template
ENGINE_PROBLEM,STARTS_BUT_ISSUE,OVERHEATING,NOT_ASKED,NOT_ASKED,NOT_ASKED,TRAFFIC_ONLY,NOT_ASKED,NOT_ASKED,NOT_ASKED,SWEET,"[""TEMPERATURE""]","[""LOSS_OF_POWER"", ""OVERHEATING_BEFORE""]",MONSOON,OUTDOOR,TODAY_NEW_STATION,Suzuki,PETROL,ENGINE_OVERHEAT_SEVERE,synthetic_template
ENGINE_PROBLEM,CRANKS_NO_START,NOT_ASKED,NORMAL_CRANKING,NOT_ASKED,NOT_ASKED,NOT_ASKED,NOT_ASKED,NOT_ASKED,NOT_ASKED,BURNING_ELECTRICAL,"[""OIL"", ""TEMPERATURE""]","[""NO_SIGNS""]",YESTERDAY,OUTDOOR,TODAY_USUAL,Toyota,HYBRID,ENGINE_OVERHEAT_SEVERE,synthetic_template
ENGINE_PROBLEM,STARTS_BUT_ISSUE,SMOKE,NOT_ASKED,NOT_ASKED,NOT_ASKED,NOT_ASKED,WHITE,NOT_ASKED,NOT_ASKED,SWEET,"[""CHECK_ENGINE"", ""OIL"", ""TEMPERATURE""]","[""OVERHEATING_BEFORE""]",YESTERDAY,OUTDOOR,WITHIN_WEEK,Suzuki,PETROL,ENGINE_OVERHEAT_SEVERE,synthetic_template
ENGINE_PROBLEM,STARTS_BUT_ISSUE,SMOKE,NOT_ASKED,NOT_ASKED,NOT_ASKED,NOT_ASKED,WHITE,NOT_ASKED,NOT_ASKED,SWEET,"[""CHECK_ENGINE"", ""OIL"", ""TEMPERATURE""]","[""OVERHEATING_BEFORE""]",WITHIN_3_DAYS,OUTDOOR,TODAY_NEW_STATION,Mazda,DIESEL,ENGINE_OVERHEAT_SEVERE,synthetic_template
ENGINE_PROBLEM,NO_CRANK,NOT_ASKED,NOT_ASKED,NOT_ASKED,NOT_ASKED,NOT_ASKED,NOT_ASKED,NOT_ASKED,NOT_ASKED,BURNING_ELECTRICAL,"[""OIL"", ""TEMPERATURE""]","[""OVERHEATING_BEFORE"", ""SMELL_BEFORE""]",YESTERDAY,OUTDOOR,WITHIN_WEEK,Mahindra,DIESEL,ENGINE_OVERHEAT_SEVERE,synthetic_template
ENGINE_PROBLEM,STARTS_BUT_ISSUE,OVERHEATING,NOT_ASKED,NOT_ASKED,NOT_ASKED,ALWAYS,NOT_ASKED,NOT_ASKED,NOT_ASKED,BURNING_OIL,"[""TEMPERATURE""]","[""LOSS_OF_POWER"", ""OVERHEATING_BEFORE""]",NONE,INDOOR,WITHIN_WEEK,Mitsubishi,DIESEL,ENGINE_OVERHEAT_SEVERE,synthetic_template
ENGINE_PROBLEM,NO_CRANK,NOT_ASKED,NOT_ASKED,NOT_ASKED,NOT_ASKED,NOT_ASKED,NOT_ASKED,NOT_ASKED,NOT_ASKED,BURNING_ELECTRICAL,"[""OIL"", ""TEMPERATURE""]","[""OVERHEATING_BEFORE"", ""SMELL_BEFORE""]",NONE,INDOOR,WITHIN_WEEK,Toyota,DIESEL,ENGINE_OVERHEAT_SEVERE,synthetic_template
ENGINE_PROBLEM,STARTS_BUT_ISSUE,OVERHEATING,NOT_ASKED,NOT_ASKED,NOT_ASKED,ALWAYS,NOT_ASKED,NOT_ASKED,NOT_ASKED,BURNING_OIL,"[""TEMPERATURE""]","[""LOSS_OF_POWER"", ""OVERHEATING_BEFORE""]",YESTERDAY,INDOOR,WITHIN_WEEK,Toyota,HYBRID,ENGINE_OVERHEAT_SEVERE,synthetic_template
WEIRD_BEHAVIOR,CRANKS_NO_START,NOT_ASKED,GRINDING,NOT_ASKED,NOT_ASKED,NOT_ASKED,NOT_ASKED,NOT_ASKED,NOT_ASKED,BURNING_ELECTRICAL,"[""TEMPERATURE""]","[""LOSS_OF_POWER"", ""OVERHEATING_BEFORE"", ""SMELL_BEFORE""]",YESTERDAY,INDOOR,OVER_WEEK,Nissan,PETROL,ENGINE_OVERHEAT_SEVERE,synthetic_template
ENGINE_PROBLEM,CRANKS_NO_START,NOT_ASKED,NORMAL_CRANKING,NOT_ASKED,NOT_ASKED,NOT_ASKED,NOT_ASKED,NOT_ASKED,NOT_ASKED,SWEET,"[""CHECK_ENGINE"", ""TEMPERATURE""]","[""OVERHEATING_BEFORE"", ""SMELL_BEFORE""]",NONE,OUTDOOR,WITHIN_WEEK,Nissan,DIESEL,ENGINE_OVERHEAT_SEVERE,synthetic_template
ENGINE_PROBLEM,STARTS_BUT_ISSUE,OVERHEATING,NOT_ASKED,NOT_ASKED,NOT_ASKED,ALWAYS,NOT_ASKED,NOT_ASKED,NOT_ASKED,SWEET,"[""TEMPERATURE""]","[""LOSS_OF_POWER"", ""OVERHEATING_BEFORE"", ""SMELL_BEFORE""]",NONE,OUTDOOR,TODAY_USUAL,Honda,PETROL,ENGINE_OVERHEAT_SEVERE,synthetic_template
ENGINE_PROBLEM,CRANKS_NO_START,NOT_ASKED,NORMAL_CRANKING,NOT_ASKED,NOT_ASKED,NOT_ASKED,NOT_ASKED,NOT_ASKED,NOT_ASKED,NO_SMELL,"[""CHECK_ENGINE"", ""TEMPERATURE""]","[""OVERHEATING_BEFORE""]",NONE,OUTDOOR,TODAY_USUAL,Mitsubishi,DIESEL,ENGINE_OVERHEAT_SEVERE,synthetic_template
WEIRD_BEHAVIOR,CRANKS_NO_START,NOT_ASKED,GRINDING,NOT_ASKED,NOT_ASKED,NOT_ASKED,NOT_ASKED,NOT_ASKED,NOT_ASKED,BURNING_ELECTRICAL,"[""TEMPERATURE""]","[""LOSS_OF_POWER"", ""OVERHEATING_BEFORE"", ""SMELL_BEFORE""]",NONE,OUTDOOR,WITHIN_WEEK,Toyota,HYBRID,ENGINE_OVERHEAT_SEVERE,synthetic_template
ENGINE_PROBLEM,STARTS_BUT_ISSUE,OVERHEATING,NOT_ASKED,NOT_ASKED,NOT_ASKED,ALWAYS,NOT_ASKED,NOT_ASKED,NOT_ASKED,BURNING_ELECTRICAL,"[""TEMPERATURE""]","[""OVERHEATING_BEFORE""]",NONE,OUTDOOR,TODAY_USUAL,Honda,PETROL,ENGINE_OVERHEAT_SEVERE,synthetic_template
ENGINE_PROBLEM,NO_CRANK,NOT_ASKED,NOT_ASKED,NOT_ASKED,NOT_ASKED,NOT_ASKED,NOT_ASKED,NOT_ASKED,NOT_ASKED,BURNING_ELECTRICAL,"[""OIL"", ""TEMPERATURE""]","[""OVERHEATING_BEFORE"", ""SMELL_BEFORE""]",NONE,INDOOR,TODAY_NEW_STATION,Toyota,DIESEL,ENGINE_OVERHEAT_SEVERE,synthetic_template
ENGINE_PROBLEM,STARTS_NORMAL,NO_POWER,NOT_ASKED,NOT_ASKED,NOT_ASKED,NOT_ASKED,NOT_ASKED,NOT_ASKED,NOT_ASKED,NO_SMELL,"[""NONE""]","[""HARD_START"", ""UNUSUAL_NOISE""]",MONSOON,OUTDOOR,OVER_WEEK,Mitsubishi,PETROL,FUEL_FILTER_CLOGGED,synthetic_template
WONT_START,STARTS_BUT_ISSUE,NOISE,NOT_ASKED,NOT_ASKED,NOT_ASKED,NOT_ASKED,NOT_ASKED,NOT_ASKED,NOT_ASKED,NO_SMELL,"[""CHECK_ENGINE""]","[""HARD_START"", ""LOSS_OF_POWER""]",MONSOON,INDOOR,OVER_WEEK,Suzuki,PETROL,FUEL_FILTER_CLOGGED,synthetic_template
ENGINE_PROBLEM,CRANKS_NO_START,NOT_ASKED,NORMAL_CRANKING,NOT_ASKED,NOT_ASKED,NOT_ASKED,NOT_ASKED,NOT_ASKED,NOT_ASKED,NO_SMELL,"[""CHECK_ENGINE"", ""NONE""]","[""NO_SIGNS""]",YESTERDAY,INDOOR,TODAY_USUAL,Toyota,PETROL,FUEL_FILTER_CLOGGED,synthetic_template
WEIRD_BEHAVIOR,CRANKS_NO_START,NOT_ASKED,NORMAL_CRANKING,NOT_ASKED,NOT_ASKED,NOT_ASKED,NOT_ASKED,NOT_ASKED,NOT_ASKED,NO_SMELL,"[""CHECK_ENGINE"", ""NONE""]","[""LOSS_OF_POWER"", ""UNUSUAL_NOISE""]",YESTERDAY,INDOOR,WITHIN_WEEK,Honda,PETROL,FUEL_FILTER_CLOGGED,synthetic_template
WONT_START,STARTS_BUT_ISSUE,STALLING,NOT_ASKED,NOT_ASKED,NOT_ASKED,NOT_ASKED,NOT_ASKED,NOT_ASKED,NOT_ASKED,NO_SMELL,"[""CHECK_ENGINE""]","[""NO_SIGNS""]",NONE,OUTDOOR,WITHIN_WEEK,Toyota,HYBRID,FUEL_FILTER_CLOGGED,synthetic_template
ENGINE_PROBLEM,STARTS_NORMAL,STALLING,NOT_ASKED,NOT_ASKED,NOT_ASKED,NOT_ASKED,NOT_ASKED,NOT_ASKED,NOT_ASKED,FUEL_SMELL,"[""CHECK_ENGINE""]","[""HARD_START"", ""LOSS_OF_POWER""]",MONSOON,OUTDOOR,TODAY_USUAL,Suzuki,PETROL,FUEL_FILTER_CLOGGED,synthetic_template
WONT_START,STARTS_BUT_ISSUE,NOISE,NOT_ASKED,NOT_ASKED,NOT_ASKED,NOT_ASKED,NOT_ASKED,NOT_ASKED,NOT_ASKED,NO_SMELL,"[""CHECK_ENGINE""]","[""HARD_START"", ""LOSS_OF_POWER""]",WITHIN_3_DAYS,INDOOR,WITHIN_WEEK,Suzuki,PETROL,FUEL_FILTER_CLOGGED,synthetic_template
WONT_START,STARTS_BUT_ISSUE,NOISE,NOT_ASKED,NOT_ASKED,NOT_ASKED,NOT_ASKED,NOT_ASKED,NOT_ASKED,NOT_ASKED,NO_SMELL,"[""CHECK_ENGINE""]","[""HARD_START"", ""LOSS_OF_POWER""]",NONE,OUTDOOR,WITHIN_WEEK,Toyota,DIESEL,FUEL_FILTER_CLOGGED,synthetic_template
ENGINE_PROBLEM,STARTS_BUT_ISSUE,NOISE,NOT_ASKED,NOT_ASKED,NOT_ASKED,NOT_ASKED,NOT_ASKED,NOT_ASKED,NOT_ASKED,NO_SMELL,"[""NONE""]","[""UNUSUAL_NOISE""]",YESTERDAY,OUTDOOR,WITHIN_WEEK,Mitsubishi,DIESEL,FUEL_FILTER_CLOGGED,synthetic_template
ENGINE_PROBLEM,STARTS_BUT_ISSUE,NO_POWER,NOT_ASKED,NOT_ASKED,NOT_ASKED,NOT_ASKED,NOT_ASKED,NOT_ASKED,NOT_ASKED,NO_SMELL,"[""NONE""]","[""LOSS_OF_POWER""]",NONE,OUTDOOR,TODAY_USUAL,Suzuki,PETROL,FUEL_FILTER_CLOGGED,synthetic_template
ENGINE_PROBLEM,STARTS_NORMAL,NO_POWER,NOT_ASKED,NOT_ASKED,NOT_ASKED,NOT_ASKED,NOT_ASKED,NOT_ASKED,NOT_ASKED,NO_SMELL,"[""NONE""]","[""LOSS_OF_POWER"", ""UNUSUAL_NOISE""]",MONSOON,INDOOR,WITHIN_WEEK,Mitsubishi,DIESEL,FUEL_FILTER_CLOGGED,synthetic_template
ENGINE_PROBLEM,STARTS_NORMAL,NO_POWER,NOT_ASKED,NOT_ASKED,NOT_ASKED,NOT_ASKED,NOT_ASKED,NOT_ASKED,NOT_ASKED,NO_SMELL,"[""CHECK_ENGINE"", ""NONE""]","[""HARD_START"", ""UNUSUAL_NOISE""]",MONSOON,OUTDOOR,WITHIN_WEEK,Suzuki,PETROL,FUEL_FILTER_CLOGGED,synthetic_template
WONT_START,STARTS_BUT_ISSUE,STALLING,NOT_ASKED,NOT_ASKED,NOT_ASKED,NOT_ASKED,NOT_ASKED,NOT_ASKED,NOT_ASKED,NO_SMELL,"[""CHECK_ENGINE""]","[""NO_SIGNS""]",NONE,OUTDOOR,TODAY_USUAL,Suzuki,PETROL,FUEL_FILTER_CLOGGED,synthetic_template
ENGINE_PROBLEM,STARTS_BUT_ISSUE,NO_POWER,NOT_ASKED,NOT_ASKED,NOT_ASKED,NOT_ASKED,NOT_ASKED,NOT_ASKED,NOT_ASKED,NO_SMELL,"[""CHECK_ENGINE""]","[""NO_SIGNS""]",NONE,OUTDOOR,TODAY_USUAL,Suzuki,PETROL,FUEL_FILTER_CLOGGED,synthetic_template
WONT_START,STARTS_BUT_ISSUE,STALLING,NOT_ASKED,NOT_ASKED,NOT_ASKED,NOT_ASKED,NOT_ASKED,NOT_ASKED,NOT_ASKED,NO_SMELL,"[""CHECK_ENGINE""]","[""NO_SIGNS""]",WITHIN_3_DAYS,OUTDOOR,WITHIN_WEEK,Honda,PETROL,FUEL_FILTER_CLOGGED,synthetic_template
ENGINE_PROBLEM,STARTS_NORMAL,NO_POWER,NOT_ASKED,NOT_ASKED,NOT_ASKED,NOT_ASKED,NOT_ASKED,NOT_ASKED,NOT_ASKED,NO_SMELL,"[""CHECK_ENGINE""]","[""LOSS_OF_POWER""]",NONE,INDOOR,OVER_WEEK,Toyota,PETROL,FUEL_FILTER_CLOGGED,synthetic_template
ENGINE_PROBLEM,CRANKS_NO_START,NOT_ASKED,NORMAL_CRANKING,NOT_ASKED,NOT_ASKED,NOT_ASKED,NOT_ASKED,NOT_ASKED,NOT_ASKED,NO_SMELL,"[""CHECK_ENGINE"", ""NONE""]","[""NO_SIGNS""]",NONE,INDOOR,WITHIN_WEEK,Mahindra,DIESEL,FUEL_FILTER_CLOGGED,synthetic_template
ENGINE_PROBLEM,STARTS_BUT_ISSUE,NOISE,NOT_ASKED,NOT_ASKED,NOT_ASKED,NOT_ASKED,NOT_ASKED,NOT_ASKED,NOT_ASKED,NO_SMELL,"[""NONE""]","[""UNUSUAL_NOISE""]",NONE,INDOOR,WITHIN_WEEK,Toyota,PETROL,FUEL_FILTER_CLOGGED,synthetic_template
WEIRD_BEHAVIOR,STARTS_BUT_ISSUE,NO_POWER,NOT_ASKED,NOT_ASKED,NOT_ASKED,NOT_ASKED,NOT_ASKED,NOT_ASKED,NOT_ASKED,NO_SMELL,"[""NONE""]","[""LOSS_OF_POWER""]",WITHIN_3_DAYS,INDOOR,TODAY_NEW_STATION,Nissan,PETROL,FUEL_FILTER_CLOGGED,synthetic_template
WONT_START,STARTS_BUT_ISSUE,NOISE,NOT_ASKED,NOT_ASKED,NOT_ASKED,NOT_ASKED,NOT_ASKED,NOT_ASKED,NOT_ASKED,NO_SMELL,"[""CHECK_ENGINE""]","[""HARD_START"", ""LOSS_OF_POWER""]",NONE,OUTDOOR,WITHIN_WEEK,Toyota,PETROL,FUEL_FILTER_CLOGGED,synthetic_template
ENGINE_PROBLEM,STARTS_NORMAL,NO_POWER,NOT_ASKED,NOT_ASKED,NOT_ASKED,NOT_ASKED,NOT_ASKED,NOT_ASKED,NOT_ASKED,NO_SMELL,"[""CHECK_ENGINE"", ""NONE""]","[""HARD_START"", ""UNUSUAL_NOISE""]",WITHIN_3_DAYS,INDOOR,TODAY_USUAL,Mazda,DIESEL,FUEL_FILTER_CLOGGED,synthetic_template
ENGINE_PROBLEM,CRANKS_NO_START,NOT_ASKED,NORMAL_CRANKING,NOT_ASKED,NOT_ASKED,NOT_ASKED,NOT_ASKED,NOT_ASKED,NOT_ASKED,FUEL_SMELL,"[""NONE""]","[""UNUSUAL_NOISE""]",NONE,OUTDOOR,WITHIN_WEEK,Toyota,HYBRID,FUEL_FILTER_CLOGGED,synthetic_template
WEIRD_BEHAVIOR,CRANKS_NO_START,NOT_ASKED,NORMAL_CRANKING,NOT_ASKED,NOT_ASKED,NOT_ASKED,NOT_ASKED,NOT_ASKED,NOT_ASKED,NO_SMELL,"[""CHECK_ENGINE"", ""NONE""]","[""LOSS_OF_POWER"", ""UNUSUAL_NOISE""]",WITHIN_3_DAYS,INDOOR,TODAY_USUAL,Mazda,DIESEL,FUEL_FILTER_CLOGGED,synthetic_template
WEIRD_BEHAVIOR,STARTS_BUT_ISSUE,NO_POWER,NOT_ASKED,NOT_ASKED,NOT_ASKED,NOT_ASKED,NOT_ASKED,NOT_ASKED,NOT_ASKED,FUEL_SMELL,"[""CHECK_ENGINE""]","[""LOSS_OF_POWER""]",NONE,OUTDOOR,TODAY_USUAL,Suzuki,PETROL,FUEL_FILTER_CLOGGED,synthetic_template
ENGINE_PROBLEM,STARTS_BUT_ISSUE,STALLING,NOT_ASKED,NOT_ASKED,NOT_ASKED,NOT_ASKED,NOT_ASKED,NOT_ASKED,NOT_ASKED,NO_SMELL,"[""CHECK_ENGINE"", ""NONE""]","[""LOSS_OF_POWER""]",NONE,INDOOR,WITHIN_WEEK,Toyota,PETROL,FUEL_FILTER_CLOGGED,synthetic_template
ENGINE_PROBLEM,STARTS_NORMAL,NO_POWER,NOT_ASKED,NOT_ASKED,NOT_ASKED,NOT_ASKED,NOT_ASKED,NOT_ASKED,NOT_ASKED,NO_SMELL,"[""CHECK_ENGINE"", ""NONE""]","[""HARD_START"", ""UNUSUAL_NOISE""]",WITHIN_3_DAYS,OUTDOOR,TODAY_USUAL,Toyota,DIESEL,FUEL_FILTER_CLOGGED,synthetic_template
WONT_START,CRANKS_NO_START,NOT_ASKED,NORMAL_CRANKING,NOT_ASKED,NOT_ASKED,NOT_ASKED,NOT_ASKED,NOT_ASKED,NOT_ASKED,FUEL_SMELL,"[""NONE""]","[""HARD_START""]",NONE,INDOOR,WITHIN_WEEK,Toyota,PETROL,FUEL_PUMP,synthetic_template
WONT_START,STARTS_BUT_ISSUE,NO_POWER,NOT_ASKED,NOT_ASKED,NOT_ASKED,NOT_ASKED,NOT_ASKED,NOT_ASKED,NOT_ASKED,NO_SMELL,"[""CHECK_ENGINE"", ""NONE""]","[""LOSS_OF_POWER""]",NONE,INDOOR,TODAY_USUAL,Kia,PETROL,FUEL_PUMP,synthetic_template
WONT_START,CRANKS_NO_START,NOT_ASKED,NORMAL_CRANKING,NOT_ASKED,NOT_ASKED,NOT_ASKED,NOT_ASKED,NOT_ASKED,NOT_ASKED,FUEL_SMELL,"[""NONE""]","[""HARD_START"", ""LOSS_OF_POWER""]",YESTERDAY,OUTDOOR,WITHIN_WEEK,Hyundai,PETROL,FUEL_PUMP,synthetic_template
WONT_START,CRANKS_NO_START,NOT_ASKED,NORMAL_CRANKING,NOT_ASKED,NOT_ASKED,NOT_ASKED,NOT_ASKED,NOT_ASKED,NOT_ASKED,NO_SMELL,"[""CHECK_ENGINE"", ""NONE""]","[""HARD_START"", ""LOSS_OF_POWER""]",WITHIN_3_DAYS,OUTDOOR,WITHIN_WEEK,Suzuki,PETROL,FUEL_PUMP,synthetic_template
WEIRD_BEHAVIOR,STARTS_BUT_ISSUE,STALLING,NOT_ASKED,NOT_ASKED,NOT_ASKED,NOT_ASKED,NOT_ASKED,NOT_ASKED,NOT_ASKED,NO_SMELL,"[""NONE""]","[""LOSS_OF_POWER""]",YESTERDAY,INDOOR,OVER_WEEK,Honda,PETROL,FUEL_PUMP,synthetic_template
ENGINE_PROBLEM,CRANKS_NO_START,NOT_ASKED,NORMAL_CRANKING,NOT_ASKED,NOT_ASKED,NOT_ASKED,NOT_ASKED,NOT_ASKED,NOT_ASKED,NO_SMELL,"[""CHECK_ENGINE""]","[""HARD_START""]",WITHIN_3_DAYS,OUTDOOR,WITHIN_WEEK,Honda,HYBRID,FUEL_PUMP,synthetic_template
WONT_START,STARTS_BUT_ISSUE,NO_POWER,NOT_ASKED,NOT_ASKED,NOT_ASKED,NOT_ASKED,NOT_ASKED,NOT_ASKED,NOT_ASKED,NO_SMELL,"[""NONE""]","[""LOSS_OF_POWER""]",NONE,OUTDOOR,WITHIN_WEEK,Mitsubishi,DIESEL,FUEL_PUMP,synthetic_template
WONT_START,NO_CRANK,NOT_ASKED,NOT_ASKED,NOT_ASKED,NOT_ASKED,NOT_ASKED,NOT_ASKED,NOT_ASKED,NOT_ASKED,NO_SMELL,"[""CHECK_ENGINE""]","[""HARD_START""]",YESTERDAY,OUTDOOR,WITHIN_WEEK,Hyundai,PETROL,FUEL_PUMP,synthetic_template
WEIRD_BEHAVIOR,STARTS_BUT_ISSUE,STALLING,NOT_ASKED,NOT_ASKED,NOT_ASKED,NOT_ASKED,NOT_ASKED,NOT_ASKED,NOT_ASKED,NO_SMELL,"[""NONE""]","[""LOSS_OF_POWER""]",MONSOON,OUTDOOR,WITHIN_WEEK,Suzuki,PETROL,FUEL_PUMP,synthetic_template
ENGINE_PROBLEM,CRANKS_NO_START,NOT_ASKED,NORMAL_CRANKING,NOT_ASKED,NOT_ASKED,NOT_ASKED,NOT_ASKED,NOT_ASKED,NOT_ASKED,NO_SMELL,"[""NONE""]","[""LOSS_OF_POWER"", ""NO_SIGNS""]",WITHIN_3_DAYS,INDOOR,WITHIN_WEEK,Toyota,PETROL,FUEL_PUMP,synthetic_template
ENGINE_PROBLEM,CRANKS_NO_START,NOT_ASKED,NORMAL_CRANKING,NOT_ASKED,NOT_ASKED,NOT_ASKED,NOT_ASKED,NOT_ASKED,NOT_ASKED,NO_SMELL,"[""CHECK_ENGINE""]","[""HARD_START""]",NONE,INDOOR,OVER_WEEK,Honda,HYBRID,FUEL_PUMP,synthetic_template
ENGINE_PROBLEM,CRANKS_NO_START,NOT_ASKED,NORMAL_CRANKING,NOT_ASKED,NOT_ASKED,NOT_ASKED,NOT_ASKED,NOT_ASKED,NOT_ASKED,NO_SMELL,"[""CHECK_ENGINE""]","[""HARD_START""]",WITHIN_3_DAYS,OUTDOOR,TODAY_NEW_STATION,Honda,HYBRID,FUEL_PUMP,synthetic_template
WONT_START,CRANKS_NO_START,NOT_ASKED,NORMAL_CRANKING,NOT_ASKED,NOT_ASKED,NOT_ASKED,NOT_ASKED,NOT_ASKED,NOT_ASKED,NO_SMELL,"[""CHECK_ENGINE""]","[""HARD_START""]",WITHIN_3_DAYS,OUTDOOR,TODAY_USUAL,Nissan,DIESEL,FUEL_PUMP,synthetic_template
WONT_START,CRANKS_NO_START,NOT_ASKED,NORMAL_CRANKING,NOT_ASKED,NOT_ASKED,NOT_ASKED,NOT_ASKED,NOT_ASKED,NOT_ASKED,FUEL_SMELL,"[""NONE""]","[""NO_SIGNS""]",MONSOON,INDOOR,TODAY_NEW_STATION,Mazda,PETROL,FUEL_PUMP,synthetic_template
WONT_START,CRANKS_NO_START,NOT_ASKED,NORMAL_CRANKING,NOT_ASKED,NOT_ASKED,NOT_ASKED,NOT_ASKED,NOT_ASKED,NOT_ASKED,FUEL_SMELL,"[""NONE""]","[""HARD_START""]",MONSOON,OUTDOOR,TODAY_NEW_STATION,Suzuki,PETROL,FUEL_PUMP,synthetic_template
WONT_START,CRANKS_NO_START,NOT_ASKED,NORMAL_CRANKING,NOT_ASKED,NOT_ASKED,NOT_ASKED,NOT_ASKED,NOT_ASKED,NOT_ASKED,FUEL_SMELL,"[""NONE""]","[""HARD_START"", ""LOSS_OF_POWER""]",NONE,OUTDOOR,WITHIN_WEEK,Kia,PETROL,FUEL_PUMP,synthetic_template
WONT_START,CRANKS_NO_START,NOT_ASKED,NORMAL_CRANKING,NOT_ASKED,NOT_ASKED,NOT_ASKED,NOT_ASKED,NOT_ASKED,NOT_ASKED,FUEL_SMELL,"[""NONE""]","[""HARD_START""]",YESTERDAY,INDOOR,TODAY_NEW_STATION,Toyota,DIESEL,FUEL_PUMP,synthetic_template
WEIRD_BEHAVIOR,STARTS_BUT_ISSUE,STALLING,NOT_ASKED,NOT_ASKED,NOT_ASKED,NOT_ASKED,NOT_ASKED,NOT_ASKED,NOT_ASKED,NO_SMELL,"[""NONE""]","[""LOSS_OF_POWER""]",NONE,INDOOR,TODAY_USUAL,Honda,HYBRID,FUEL_PUMP,synthetic_template
WONT_START,CRANKS_NO_START,NOT_ASKED,NORMAL_CRANKING,NOT_ASKED,NOT_ASKED,NOT_ASKED,NOT_ASKED,NOT_ASKED,NOT_ASKED,FUEL_SMELL,"[""NONE""]","[""HARD_START"", ""LOSS_OF_POWER""]",WITHIN_3_DAYS,OUTDOOR,TODAY_NEW_STATION,Hyundai,PETROL,FUEL_PUMP,synthetic_template
WONT_START,STARTS_BUT_ISSUE,STALLING,NOT_ASKED,NOT_ASKED,NOT_ASKED,NOT_ASKED,NOT_ASKED,NOT_ASKED,NOT_ASKED,NO_SMELL,"[""NONE""]","[""HARD_START"", ""LOSS_OF_POWER""]",MONSOON,OUTDOOR,TODAY_USUAL,Nissan,PETROL,FUEL_PUMP,synthetic_template
ENGINE_PROBLEM,CRANKS_NO_START,NOT_ASKED,NORMAL_CRANKING,NOT_ASKED,NOT_ASKED,NOT_ASKED,NOT_ASKED,NOT_ASKED,NOT_ASKED,BURNING_ELECTRICAL,"[""CHECK_ENGINE"", ""NONE""]","[""HARD_START""]",WITHIN_3_DAYS,OUTDOOR,TODAY_NEW_STATION,Suzuki,PETROL,FUEL_PUMP,synthetic_template
WONT_START,STARTS_BUT_ISSUE,STALLING,NOT_ASKED,NOT_ASKED,NOT_ASKED,NOT_ASKED,NOT_ASKED,NOT_ASKED,NOT_ASKED,FUEL_SMELL,"[""CHECK_ENGINE"", ""NONE""]","[""HARD_START""]",NONE,OUTDOOR,TODAY_USUAL,Toyota,DIESEL,FUEL_PUMP,synthetic_template
WONT_START,STARTS_BUT_ISSUE,STALLING,NOT_ASKED,NOT_ASKED,NOT_ASKED,NOT_ASKED,NOT_ASKED,NOT_ASKED,NOT_ASKED,NO_SMELL,"[""NONE""]","[""HARD_START"", ""LOSS_OF_POWER""]",NONE,INDOOR,WITHIN_WEEK,Toyota,PETROL,FUEL_PUMP,synthetic_template
WONT_START,STARTS_BUT_ISSUE,STALLING,NOT_ASKED,NOT_ASKED,NOT_ASKED,NOT_ASKED,NOT_ASKED,NOT_ASKED,NOT_ASKED,NO_SMELL,"[""NONE""]","[""HARD_START"", ""LOSS_OF_POWER""]",MONSOON,OUTDOOR,WITHIN_WEEK,Mitsubishi,DIESEL,FUEL_PUMP,synthetic_template
ENGINE_PROBLEM,STARTS_BUT_ISSUE,NO_POWER,NOT_ASKED,NOT_ASKED,NOT_ASKED,NOT_ASKED,NOT_ASKED,NOT_ASKED,NOT_ASKED,NO_SMELL,"[""CHECK_ENGINE"", ""NONE""]","[""HARD_START""]",NONE,OUTDOOR,WITHIN_WEEK,Suzuki,PETROL,FUEL_PUMP,synthetic_template
ENGINE_PROBLEM,STARTS_BUT_ISSUE,NO_POWER,NOT_ASKED,NOT_ASKED,NOT_ASKED,NOT_ASKED,NOT_ASKED,NOT_ASKED,NOT_ASKED,NO_SMELL,"[""CHECK_ENGINE"", ""NONE""]","[""HARD_START""]",YESTERDAY,OUTDOOR,TODAY_USUAL,Kia,PETROL,FUEL_PUMP,synthetic_template
ENGINE_PROBLEM,CRANKS_NO_START,NOT_ASKED,NORMAL_CRANKING,NOT_ASKED,NOT_ASKED,NOT_ASKED,NOT_ASKED,NOT_ASKED,NOT_ASKED,BURNING_ELECTRICAL,"[""CHECK_ENGINE"", ""NONE""]","[""HARD_START""]",MONSOON,INDOOR,WITHIN_WEEK,Honda,HYBRID,FUEL_PUMP,synthetic_template
WONT_START,CRANKS_NO_START,NOT_ASKED,NORMAL_CRANKING,NOT_ASKED,NOT_ASKED,NOT_ASKED,NOT_ASKED,NOT_ASKED,NOT_ASKED,NO_SMELL,"[""CHECK_ENGINE""]","[""HARD_START""]",YESTERDAY,OUTDOOR,WITHIN_WEEK,Toyota,HYBRID,FUEL_PUMP,synthetic_template
WONT_START,STARTS_BUT_ISSUE,STALLING,NOT_ASKED,NOT_ASKED,NOT_ASKED,NOT_ASKED,NOT_ASKED,NOT_ASKED,NOT_ASKED,NO_SMELL,"[""NONE""]","[""HARD_START"", ""LOSS_OF_POWER""]",NONE,OUTDOOR,TODAY_NEW_STATION,Mazda,PETROL,FUEL_PUMP,synthetic_template
ENGINE_PROBLEM,STARTS_BUT_ISSUE,NO_POWER,NOT_ASKED,NOT_ASKED,NOT_ASKED,NOT_ASKED,NOT_ASKED,NOT_ASKED,NOT_ASKED,NO_SMELL,"[""CHECK_ENGINE"", ""NONE""]","[""HARD_START""]",NONE,OUTDOOR,TODAY_USUAL,Mitsubishi,DIESEL,FUEL_PUMP,synthetic_template
ENGINE_PROBLEM,CRANKS_NO_START,NOT_ASKED,NORMAL_CRANKING,NOT_ASKED,NOT_ASKED,NOT_ASKED,NOT_ASKED,NOT_ASKED,NOT_ASKED,FUEL_SMELL,"[""CHECK_ENGINE"", ""NONE""]","[""LOSS_OF_POWER""]",NONE,OUTDOOR,WITHIN_WEEK,Mitsubishi,DIESEL,FUEL_PUMP,synthetic_template
WONT_START,NO_CRANK,NOT_ASKED,NOT_ASKED,SOME_LIGHTS_ON,NOT_ASKED,NOT_ASKED,NOT_ASKED,NOT_ASKED,NOT_ASKED,NO_SMELL,"[""CHECK_ENGINE""]","[""NO_SIGNS""]",WITHIN_3_DAYS,INDOOR,WITHIN_WEEK,Toyota,PETROL,HYDRO_LOCK,synthetic_template
WONT_START,NO_CRANK,NOT_ASKED,NOT_ASKED,SOME_LIGHTS_ON,NOT_ASKED,NOT_ASKED,NOT_ASKED,NOT_ASKED,NOT_ASKED,NO_SMELL,"[""CHECK_ENGINE""]","[""NO_SIGNS""]",MONSOON,OUTDOOR,OVER_WEEK,Suzuki,PETROL,HYDRO_LOCK,synthetic_template
WONT_START,NO_CRANK,NOT_ASKED,NOT_ASKED,SOME_LIGHTS_ON,NOT_ASKED,NOT_ASKED,NOT_ASKED,NOT_ASKED,NOT_ASKED,NO_SMELL,"[""CHECK_ENGINE""]","[""NO_SIGNS""]",WITHIN_3_DAYS,OUTDOOR,WITHIN_WEEK,Mitsubishi,DIESEL,HYDRO_LOCK,synthetic_template
WONT_START,NO_CRANK,NOT_ASKED,NOT_ASKED,SOME_LIGHTS_ON,NOT_ASKED,NOT_ASKED,NOT_ASKED,NOT_ASKED,NOT_ASKED,NO_SMELL,"[""CHECK_ENGINE""]","[""NO_SIGNS""]",WITHIN_3_DAYS,INDOOR,TODAY_USUAL,Toyota,HYBRID,HYDRO_LOCK,synthetic_template
WONT_START,NO_CRANK,NOT_ASKED,NOT_ASKED,SOME_LIGHTS_ON,NOT_ASKED,NOT_ASKED,NOT_ASKED,NOT_ASKED,NOT_ASKED,NO_SMELL,"[""CHECK_ENGINE""]","[""NO_SIGNS""]",NONE,INDOOR,WITHIN_WEEK,Hyundai,PETROL,HYDRO_LOCK,synthetic_template
WONT_START,NO_CRANK,NOT_ASKED,NOT_ASKED,SOME_LIGHTS_ON,NOT_ASKED,NOT_ASKED,NOT_ASKED,NOT_ASKED,NOT_ASKED,NO_SMELL,"[""CHECK_ENGINE""]","[""NO_SIGNS""]",WITHIN_3_DAYS,OUTDOOR,WITHIN_WEEK,Suzuki,PETROL,HYDRO_LOCK,synthetic_template
WONT_START,NO_CRANK,NOT_ASKED,NOT_ASKED,SOME_LIGHTS_ON,NOT_ASKED,NOT_ASKED,NOT_ASKED,NOT_ASKED,NOT_ASKED,NO_SMELL,"[""CHECK_ENGINE""]","[""NO_SIGNS""]",NONE,OUTDOOR,WITHIN_WEEK,Honda,HYBRID,HYDRO_LOCK,synthetic_template
WONT_START,NO_CRANK,NOT_ASKED,NOT_ASKED,SOME_LIGHTS_ON,NOT_ASKED,NOT_ASKED,NOT_ASKED,NOT_ASKED,NOT_ASKED,NO_SMELL,"[""CHECK_ENGINE""]","[""NO_SIGNS""]",WITHIN_3_DAYS,OUTDOOR,WITHIN_WEEK,Nissan,PETROL,HYDRO_LOCK,synthetic_template
WONT_START,NO_CRANK,NOT_ASKED,NOT_ASKED,SOME_LIGHTS_ON,NOT_ASKED,NOT_ASKED,NOT_ASKED,NOT_ASKED,NOT_ASKED,NO_SMELL,"[""CHECK_ENGINE""]","[""NO_SIGNS""]",NONE,OUTDOOR,WITHIN_WEEK,Suzuki,PETROL,HYDRO_LOCK,synthetic_template
WONT_START,NO_CRANK,NOT_ASKED,NOT_ASKED,SOME_LIGHTS_ON,NOT_ASKED,NOT_ASKED,NOT_ASKED,NOT_ASKED,NOT_ASKED,NO_SMELL,"[""CHECK_ENGINE""]","[""NO_SIGNS""]",YESTERDAY,OUTDOOR,WITHIN_WEEK,Hyundai,PETROL,HYDRO_LOCK,synthetic_template
WONT_START,NO_CRANK,NOT_ASKED,NOT_ASKED,SOME_LIGHTS_ON,NOT_ASKED,NOT_ASKED,NOT_ASKED,NOT_ASKED,NOT_ASKED,NO_SMELL,"[""CHECK_ENGINE""]","[""NO_SIGNS""]",NONE,INDOOR,TODAY_NEW_STATION,Mitsubishi,DIESEL,HYDRO_LOCK,synthetic_template
WONT_START,NO_CRANK,NOT_ASKED,NOT_ASKED,SOME_LIGHTS_ON,NOT_ASKED,NOT_ASKED,NOT_ASKED,NOT_ASKED,NOT_ASKED,NO_SMELL,"[""CHECK_ENGINE""]","[""NO_SIGNS""]",MONSOON,OUTDOOR,OVER_WEEK,Toyota,PETROL,HYDRO_LOCK,synthetic_template
WONT_START,NO_CRANK,NOT_ASKED,NOT_ASKED,SOME_LIGHTS_ON,NOT_ASKED,NOT_ASKED,NOT_ASKED,NOT_ASKED,NOT_ASKED,NO_SMELL,"[""CHECK_ENGINE""]","[""NO_SIGNS""]",NONE,OUTDOOR,TODAY_NEW_STATION,Suzuki,PETROL,HYDRO_LOCK,synthetic_template
WONT_START,NO_CRANK,NOT_ASKED,NOT_ASKED,SOME_LIGHTS_ON,NOT_ASKED,NOT_ASKED,NOT_ASKED,NOT_ASKED,NOT_ASKED,NO_SMELL,"[""CHECK_ENGINE""]","[""NO_SIGNS""]",NONE,INDOOR,WITHIN_WEEK,Mitsubishi,DIESEL,HYDRO_LOCK,synthetic_template
WONT_START,NO_CRANK,NOT_ASKED,NOT_ASKED,SOME_LIGHTS_ON,NOT_ASKED,NOT_ASKED,NOT_ASKED,NOT_ASKED,NOT_ASKED,NO_SMELL,"[""CHECK_ENGINE""]","[""NO_SIGNS""]",NONE,OUTDOOR,TODAY_NEW_STATION,Nissan,DIESEL,HYDRO_LOCK,synthetic_template
ENGINE_PROBLEM,CRANKS_NO_START,NOT_ASKED,NORMAL_CRANKING,NOT_ASKED,NOT_ASKED,NOT_ASKED,NOT_ASKED,NOT_ASKED,NOT_ASKED,FUEL_SMELL,"[""CHECK_ENGINE""]","[""LOSS_OF_POWER""]",MONSOON,OUTDOOR,WITHIN_WEEK,Suzuki,PETROL,IGNITION_SYSTEM,synthetic_template
WONT_START,CRANKS_NO_START,NOT_ASKED,NORMAL_CRANKING,NOT_ASKED,NOT_ASKED,NOT_ASKED,NOT_ASKED,NOT_ASKED,NOT_ASKED,FUEL_SMELL,"[""CHECK_ENGINE"", ""NONE""]","[""NO_SIGNS""]",WITHIN_3_DAYS,OUTDOOR,WITHIN_WEEK,Suzuki,PETROL,IGNITION_SYSTEM,synthetic_template
WONT_START,CRANKS_NO_START,NOT_ASKED,NORMAL_CRANKING,NOT_ASKED,NOT_ASKED,NOT_ASKED,NOT_ASKED,NOT_ASKED,NOT_ASKED,FUEL_SMELL,"[""CHECK_ENGINE""]","[""UNUSUAL_NOISE""]",NONE,INDOOR,WITHIN_WEEK,Mazda,PETROL,IGNITION_SYSTEM,synthetic_template
ENGINE_PROBLEM,STARTS_BUT_ISSUE,NOISE,NOT_ASKED,NOT_ASKED,NOT_ASKED,NOT_ASKED,NOT_ASKED,NOT_ASKED,NOT_ASKED,BURNING_ELECTRICAL,"[""CHECK_ENGINE""]","[""NO_SIGNS""]",NONE,OUTDOOR,TODAY_USUAL,Toyota,PETROL,IGNITION_SYSTEM,synthetic_template
WONT_START,CRANKS_NO_START,NOT_ASKED,NORMAL_CRANKING,NOT_ASKED,NOT_ASKED,NOT_ASKED,NOT_ASKED,NOT_ASKED,NOT_ASKED,FUEL_SMELL,"[""CHECK_ENGINE"", ""NONE""]","[""NO_SIGNS""]",MONSOON,OUTDOOR,WITHIN_WEEK,Toyota,HYBRID,IGNITION_SYSTEM,synthetic_template
WONT_START,CRANKS_NO_START,NOT_ASKED,NORMAL_CRANKING,NOT_ASKED,NOT_ASKED,NOT_ASKED,NOT_ASKED,NOT_ASKED,NOT_ASKED,FUEL_SMELL,"[""CHECK_ENGINE""]","[""HARD_START""]",MONSOON,OUTDOOR,WITHIN_WEEK,Honda,HYBRID,IGNITION_SYSTEM,synthetic_template
WEIRD_BEHAVIOR,CRANKS_NO_START,NOT_ASKED,NORMAL_CRANKING,NOT_ASKED,NOT_ASKED,NOT_ASKED,NOT_ASKED,NOT_ASKED,NOT_ASKED,BURNING_ELECTRICAL,"[""CHECK_ENGINE""]","[""LOSS_OF_POWER""]",NONE,INDOOR,TODAY_USUAL,Mitsubishi,DIESEL,IGNITION_SYSTEM,synthetic_template
ENGINE_PROBLEM,NO_CRANK,NOT_ASKED,NOT_ASKED,NOT_ASKED,NOT_ASKED,NOT_ASKED,NOT_ASKED,NOT_ASKED,NOT_ASKED,FUEL_SMELL,"[""CHECK_ENGINE""]","[""HARD_START"", ""LOSS_OF_POWER"", ""UNUSUAL_NOISE""]",NONE,OUTDOOR,OVER_WEEK,Suzuki,PETROL,IGNITION_SYSTEM,synthetic_template
ENGINE_PROBLEM,NO_CRANK,NOT_ASKED,NOT_ASKED,NOT_ASKED,NOT_ASKED,NOT_ASKED,NOT_ASKED,NOT_ASKED,NOT_ASKED,FUEL_SMELL,"[""CHECK_ENGINE""]","[""HARD_START"", ""LOSS_OF_POWER"", ""UNUSUAL_NOISE""]",NONE,OUTDOOR,WITHIN_WEEK,Nissan,PETROL,IGNITION_SYSTEM,synthetic_template
ENGINE_PROBLEM,NO_CRANK,NOT_ASKED,NOT_ASKED,NOT_ASKED,NOT_ASKED,NOT_ASKED,NOT_ASKED,NOT_ASKED,NOT_ASKED,FUEL_SMELL,"[""CHECK_ENGINE""]","[""HARD_START"", ""LOSS_OF_POWER"", ""UNUSUAL_NOISE""]",NONE,OUTDOOR,OVER_WEEK,Toyota,DIESEL,IGNITION_SYSTEM,synthetic_template
WONT_START,CRANKS_NO_START,NOT_ASKED,NORMAL_CRANKING,NOT_ASKED,NOT_ASKED,NOT_ASKED,NOT_ASKED,NOT_ASKED,NOT_ASKED,FUEL_SMELL,"[""CHECK_ENGINE""]","[""HARD_START""]",WITHIN_3_DAYS,INDOOR,TODAY_USUAL,Toyota,HYBRID,IGNITION_SYSTEM,synthetic_template
WONT_START,CRANKS_NO_START,NOT_ASKED,NORMAL_CRANKING,NOT_ASKED,NOT_ASKED,NOT_ASKED,NOT_ASKED,NOT_ASKED,NOT_ASKED,FUEL_SMELL,"[""CHECK_ENGINE""]","[""LOSS_OF_POWER""]",NONE,OUTDOOR,TODAY_NEW_STATION,Suzuki,PETROL,IGNITION_SYSTEM,synthetic_template
WONT_START,CRANKS_NO_START,NOT_ASKED,NORMAL_CRANKING,NOT_ASKED,NOT_ASKED,NOT_ASKED,NOT_ASKED,NOT_ASKED,NOT_ASKED,BURNING_ELECTRICAL,"[""CHECK_ENGINE""]","[""LOSS_OF_POWER"", ""UNUSUAL_NOISE""]",YESTERDAY,OUTDOOR,WITHIN_WEEK,Suzuki,PETROL,IGNITION_SYSTEM,synthetic_template
WONT_START,CRANKS_NO_START,NOT_ASKED,NORMAL_CRANKING,NOT_ASKED,NOT_ASKED,NOT_ASKED,NOT_ASKED,NOT_ASKED,NOT_ASKED,FUEL_SMELL,"[""CHECK_ENGINE"", ""NONE""]","[""NO_SIGNS""]",NONE,OUTDOOR,WITHIN_WEEK,Mazda,DIESEL,IGNITION_SYSTEM,synthetic_template
ENGINE_PROBLEM,CRANKS_NO_START,NOT_ASKED,NORMAL_CRANKING,NOT_ASKED,NOT_ASKED,NOT_ASKED,NOT_ASKED,NOT_ASKED,NOT_ASKED,FUEL_SMELL,"[""CHECK_ENGINE""]","[""UNUSUAL_NOISE""]",NONE,OUTDOOR,OVER_WEEK,Mazda,PETROL,IGNITION_SYSTEM,synthetic_template
WONT_START,CRANKS_NO_START,NOT_ASKED,NORMAL_CRANKING,NOT_ASKED,NOT_ASKED,NOT_ASKED,NOT_ASKED,NOT_ASKED,NOT_ASKED,BURNING_ELECTRICAL,"[""CHECK_ENGINE""]","[""LOSS_OF_POWER""]",NONE,OUTDOOR,TODAY_USUAL,Honda,HYBRID,IGNITION_SYSTEM,synthetic_template
ENGINE_PROBLEM,NO_CRANK,NOT_ASKED,NOT_ASKED,NOT_ASKED,NOT_ASKED,NOT_ASKED,NOT_ASKED,NOT_ASKED,NOT_ASKED,FUEL_SMELL,"[""CHECK_ENGINE""]","[""LOSS_OF_POWER"", ""UNUSUAL_NOISE""]",NONE,INDOOR,TODAY_USUAL,Hyundai,PETROL,IGNITION_SYSTEM,synthetic_template
WONT_START,CRANKS_NO_START,NOT_ASKED,NORMAL_CRANKING,NOT_ASKED,NOT_ASKED,NOT_ASKED,NOT_ASKED,NOT_ASKED,NOT_ASKED,BURNING_ELECTRICAL,"[""CHECK_ENGINE""]","[""LOSS_OF_POWER"", ""UNUSUAL_NOISE""]",MONSOON,OUTDOOR,WITHIN_WEEK,Honda,HYBRID,IGNITION_SYSTEM,synthetic_template
WONT_START,CRANKS_NO_START,NOT_ASKED,NORMAL_CRANKING,NOT_ASKED,NOT_ASKED,NOT_ASKED,NOT_ASKED,NOT_ASKED,NOT_ASKED,FUEL_SMELL,"[""CHECK_ENGINE""]","[""UNUSUAL_NOISE""]",NONE,OUTDOOR,TODAY_USUAL,Toyota,PETROL,IGNITION_SYSTEM,synthetic_template
WONT_START,CRANKS_NO_START,NOT_ASKED,NORMAL_CRANKING,NOT_ASKED,NOT_ASKED,NOT_ASKED,NOT_ASKED,NOT_ASKED,NOT_ASKED,FUEL_SMELL,"[""CHECK_ENGINE"", ""NONE""]","[""NO_SIGNS""]",YESTERDAY,INDOOR,TODAY_NEW_STATION,Suzuki,PETROL,IGNITION_SYSTEM,synthetic_template
WONT_START,STARTS_BUT_ISSUE,STALLING,NOT_ASKED,NOT_ASKED,NOT_ASKED,NOT_ASKED,NOT_ASKED,NOT_ASKED,NOT_ASKED,NO_SMELL,"[""CHECK_ENGINE""]","[""HARD_START""]",NONE,INDOOR,WITHIN_WEEK,Toyota,PETROL,IGNITION_SYSTEM,synthetic_template
ENGINE_PROBLEM,STARTS_BUT_ISSUE,NO_POWER,NOT_ASKED,NOT_ASKED,NOT_ASKED,NOT_ASKED,NOT_ASKED,NOT_ASKED,NOT_ASKED,BURNING_ELECTRICAL,"[""NONE""]","[""LOSS_OF_POWER"", ""UNUSUAL_NOISE""]",NONE,INDOOR,WITHIN_WEEK,Toyota,DIESEL,IGNITION_SYSTEM,synthetic_template
WONT_START,STARTS_BUT_ISSUE,NOISE,NOT_ASKED,NOT_ASKED,NOT_ASKED,NOT_ASKED,NOT_ASKED,NOT_ASKED,NOT_ASKED,FUEL_SMELL,"[""CHECK_ENGINE""]","[""NO_SIGNS""]",MONSOON,OUTDOOR,OVER_WEEK,Mitsubishi,PETROL,IGNITION_SYSTEM,synthetic_template
ENGINE_PROBLEM,NO_CRANK,NOT_ASKED,NOT_ASKED,NOT_ASKED,NOT_ASKED,NOT_ASKED,NOT_ASKED,NOT_ASKED,NOT_ASKED,FUEL_SMELL,"[""CHECK_ENGINE""]","[""HARD_START"", ""LOSS_OF_POWER"", ""UNUSUAL_NOISE""]",WITHIN_3_DAYS,INDOOR,WITHIN_WEEK,Mazda,PETROL,IGNITION_SYSTEM,synthetic_template
ENGINE_PROBLEM,NO_CRANK,NOT_ASKED,NOT_ASKED,NOT_ASKED,NOT_ASKED,NOT_ASKED,NOT_ASKED,NOT_ASKED,NOT_ASKED,FUEL_SMELL,"[""CHECK_ENGINE""]","[""HARD_START"", ""LOSS_OF_POWER"", ""UNUSUAL_NOISE""]",WITHIN_3_DAYS,OUTDOOR,OVER_WEEK,Honda,HYBRID,IGNITION_SYSTEM,synthetic_template
WONT_START,STARTS_BUT_ISSUE,NOISE,NOT_ASKED,NOT_ASKED,NOT_ASKED,NOT_ASKED,NOT_ASKED,NOT_ASKED,NOT_ASKED,FUEL_SMELL,"[""CHECK_ENGINE""]","[""NO_SIGNS""]",NONE,OUTDOOR,TODAY_USUAL,Mitsubishi,DIESEL,IGNITION_SYSTEM,synthetic_template
WONT_START,CRANKS_NO_START,NOT_ASKED,NORMAL_CRANKING,NOT_ASKED,NOT_ASKED,NOT_ASKED,NOT_ASKED,NOT_ASKED,NOT_ASKED,FUEL_SMELL,"[""CHECK_ENGINE"", ""NONE""]","[""NO_SIGNS""]",NONE,INDOOR,WITHIN_WEEK,Toyota,PETROL,IGNITION_SYSTEM,synthetic_template
WONT_START,STARTS_BUT_ISSUE,STALLING,NOT_ASKED,NOT_ASKED,NOT_ASKED,NOT_ASKED,NOT_ASKED,NOT_ASKED,NOT_ASKED,NO_SMELL,"[""CHECK_ENGINE""]","[""HARD_START""]",WITHIN_3_DAYS,OUTDOOR,WITHIN_WEEK,Honda,HYBRID,IGNITION_SYSTEM,synthetic_template
WONT_START,CRANKS_NO_START,NOT_ASKED,NORMAL_CRANKING,NOT_ASKED,NOT_ASKED,NOT_ASKED,NOT_ASKED,NOT_ASKED,NOT_ASKED,FUEL_SMELL,"[""CHECK_ENGINE""]","[""HARD_START""]",NONE,OUTDOOR,TODAY_USUAL,Mitsubishi,DIESEL,IGNITION_SYSTEM,synthetic_template
WEIRD_BEHAVIOR,CRANKS_NO_START,NOT_ASKED,NORMAL_CRANKING,NOT_ASKED,NOT_ASKED,NOT_ASKED,NOT_ASKED,NOT_ASKED,NOT_ASKED,BURNING_ELECTRICAL,"[""CHECK_ENGINE""]","[""LOSS_OF_POWER""]",NONE,OUTDOOR,WITHIN_WEEK,Toyota,DIESEL,IGNITION_SYSTEM,synthetic_template
WONT_START,CRANKS_NO_START,NOT_ASKED,NORMAL_CRANKING,NOT_ASKED,NOT_ASKED,NOT_ASKED,NOT_ASKED,NOT_ASKED,NOT_ASKED,BURNING_ELECTRICAL,"[""CHECK_ENGINE""]","[""LOSS_OF_POWER""]",NONE,OUTDOOR,WITHIN_WEEK,Honda,HYBRID,IGNITION_SYSTEM,synthetic_template
WONT_START,STARTS_BUT_ISSUE,STALLING,NOT_ASKED,NOT_ASKED,NOT_ASKED,NOT_ASKED,NOT_ASKED,NOT_ASKED,NOT_ASKED,NO_SMELL,"[""CHECK_ENGINE""]","[""HARD_START""]",NONE,INDOOR,WITHIN_WEEK,Toyota,PETROL,IGNITION_SYSTEM,synthetic_template
ENGINE_PROBLEM,NO_CRANK,NOT_ASKED,NOT_ASKED,NOT_ASKED,NOT_ASKED,NOT_ASKED,NOT_ASKED,NOT_ASKED,NOT_ASKED,FUEL_SMELL,"[""CHECK_ENGINE""]","[""LOSS_OF_POWER"", ""UNUSUAL_NOISE""]",MONSOON,INDOOR,WITHIN_WEEK,Toyota,PETROL,IGNITION_SYSTEM,synthetic_template
ENGINE_PROBLEM,STARTS_NORMAL,OVERHEATING,NOT_ASKED,NOT_ASKED,NOT_ASKED,WITH_AC,NOT_ASKED,NOT_ASKED,NOT_ASKED,NO_SMELL,"[""CHECK_ENGINE"", ""TEMPERATURE""]","[""OVERHEATING_BEFORE""]",NONE,OUTDOOR,TODAY_USUAL,Honda,HYBRID,RADIATOR_FAN_ISSUE,synthetic_template
ENGINE_PROBLEM,STARTS_NORMAL,OVERHEATING,NOT_ASKED,NOT_ASKED,NOT_ASKED,TRAFFIC_ONLY,NOT_ASKED,NOT_ASKED,NOT_ASKED,NO_SMELL,"[""CHECK_ENGINE"", ""TEMPERATURE"", ""NONE""]","[""OVERHEATING_BEFORE"", ""NO_SIGNS""]",NONE,OUTDOOR,TODAY_NEW_STATION,Mitsubishi,DIESEL,RADIATOR_FAN_ISSUE,synthetic_template
WEIRD_BEHAVIOR,STARTS_NORMAL,OVERHEATING,NOT_ASKED,NOT_ASKED,NOT_ASKED,TRAFFIC_ONLY,NOT_ASKED,NOT_ASKED,NOT_ASKED,NO_SMELL,"[""CHECK_ENGINE"", ""TEMPERATURE"", ""NONE""]","[""OVERHEATING_BEFORE""]",NONE,OUTDOOR,WITHIN_WEEK,Mazda,DIESEL,RADIATOR_FAN_ISSUE,synthetic_template
ENGINE_PROBLEM,STARTS_BUT_ISSUE,OVERHEATING,NOT_ASKED,NOT_ASKED,NOT_ASKED,TRAFFIC_ONLY,NOT_ASKED,NOT_ASKED,NOT_ASKED,NO_SMELL,"[""TEMPERATURE"", ""NONE""]","[""OVERHEATING_BEFORE""]",NONE,OUTDOOR,TODAY_USUAL,Kia,PETROL,RADIATOR_FAN_ISSUE,synthetic_template
ENGINE_PROBLEM,STARTS_NORMAL,OVERHEATING,NOT_ASKED,NOT_ASKED,NOT_ASKED,TRAFFIC_ONLY,NOT_ASKED,NOT_ASKED,NOT_ASKED,NO_SMELL,"[""CHECK_ENGINE""]","[""OVERHEATING_BEFORE""]",NONE,OUTDOOR,OVER_WEEK,Toyota,PETROL,RADIATOR_FAN_ISSUE,synthetic_template
ENGINE_PROBLEM,STARTS_NORMAL,OVERHEATING,NOT_ASKED,NOT_ASKED,NOT_ASKED,TRAFFIC_ONLY,NOT_ASKED,NOT_ASKED,NOT_ASKED,NO_SMELL,"[""CHECK_ENGINE"", ""TEMPERATURE""]","[""OVERHEATING_BEFORE"", ""NO_SIGNS""]",NONE,OUTDOOR,TODAY_USUAL,Suzuki,PETROL,RADIATOR_FAN_ISSUE,synthetic_template
WEIRD_BEHAVIOR,STARTS_BUT_ISSUE,OVERHEATING,NOT_ASKED,NOT_ASKED,NOT_ASKED,ALWAYS,NOT_ASKED,NOT_ASKED,NOT_ASKED,NO_SMELL,"[""TEMPERATURE""]","[""NO_SIGNS""]",NONE,OUTDOOR,TODAY_USUAL,Honda,HYBRID,RADIATOR_FAN_ISSUE,synthetic_template
ENGINE_PROBLEM,STARTS_NORMAL,OVERHEATING,NOT_ASKED,NOT_ASKED,NOT_ASKED,WITH_AC,NOT_ASKED,NOT_ASKED,NOT_ASKED,NO_SMELL,"[""NONE""]","[""OVERHEATING_BEFORE""]",YESTERDAY,OUTDOOR,WITHIN_WEEK,Suzuki,PETROL,RADIATOR_FAN_ISSUE,synthetic_template
ENGINE_PROBLEM,STARTS_NORMAL,OVERHEATING,NOT_ASKED,NOT_ASKED,NOT_ASKED,ALWAYS,NOT_ASKED,NOT_ASKED,NOT_ASKED,NO_SMELL,"[""TEMPERATURE""]","[""OVERHEATING_BEFORE"", ""NO_SIGNS""]",NONE,OUTDOOR,WITHIN_WEEK,Toyota,HYBRID,RADIATOR_FAN_ISSUE,synthetic_template
ENGINE_PROBLEM,STARTS_NORMAL,OVERHEATING,NOT_ASKED,NOT_ASKED,NOT_ASKED,WITH_AC,NOT_ASKED,NOT_ASKED,NOT_ASKED,BURNING_OIL,"[""TEMPERATURE"", ""NONE""]","[""NO_SIGNS""]",MONSOON,OUTDOOR,WITHIN_WEEK,Suzuki,PETROL,RADIATOR_FAN_ISSUE,synthetic_template
ENGINE_PROBLEM,STARTS_BUT_ISSUE,OVERHEATING,NOT_ASKED,NOT_ASKED,NOT_ASKED,WITH_AC,NOT_ASKED,NOT_ASKED,NOT_ASKED,NO_SMELL,"[""TEMPERATURE"", ""NONE""]","[""OVERHEATING_BEFORE"", ""NO_SIGNS""]",NONE,OUTDOOR,WITHIN_WEEK,Suzuki,PETROL,RADIATOR_FAN_ISSUE,synthetic_template
ENGINE_PROBLEM,STARTS_NORMAL,OVERHEATING,NOT_ASKED,NOT_ASKED,NOT_ASKED,TRAFFIC_ONLY,NOT_ASKED,NOT_ASKED,NOT_ASKED,NO_SMELL,"[""TEMPERATURE""]","[""NO_SIGNS""]",NONE,INDOOR,TODAY_USUAL,Kia,PETROL,RADIATOR_FAN_ISSUE,synthetic_template
ENGINE_PROBLEM,STARTS_NORMAL,OVERHEATING,NOT_ASKED,NOT_ASKED,NOT_ASKED,WITH_AC,NOT_ASKED,NOT_ASKED,NOT_ASKED,NO_SMELL,"[""CHECK_ENGINE"", ""TEMPERATURE""]","[""OVERHEATING_BEFORE""]",NONE,OUTDOOR,OVER_WEEK,Mahindra,DIESEL,RADIATOR_FAN_ISSUE,synthetic_template
ENGINE_PROBLEM,STARTS_NORMAL,OVERHEATING,NOT_ASKED,NOT_ASKED,NOT_ASKED,TRAFFIC_ONLY,NOT_ASKED,NOT_ASKED,NOT_ASKED,NO_SMELL,"[""CHECK_ENGINE"", ""TEMPERATURE"", ""NONE""]","[""OVERHEATING_BEFORE"", ""NO_SIGNS""]",YESTERDAY,INDOOR,TODAY_USUAL,Toyota,PETROL,RADIATOR_FAN_ISSUE,synthetic_template
ENGINE_PROBLEM,STARTS_NORMAL,OVERHEATING,NOT_ASKED,NOT_ASKED,NOT_ASKED,ALWAYS,NOT_ASKED,NOT_ASKED,NOT_ASKED,NO_SMELL,"[""TEMPERATURE""]","[""OVERHEATING_BEFORE""]",WITHIN_3_DAYS,OUTDOOR,TODAY_USUAL,Mazda,PETROL,RADIATOR_FAN_ISSUE,synthetic_template
ENGINE_PROBLEM,STARTS_NORMAL,OVERHEATING,NOT_ASKED,NOT_ASKED,NOT_ASKED,ALWAYS,NOT_ASKED,NOT_ASKED,NOT_ASKED,NO_SMELL,"[""TEMPERATURE""]","[""OVERHEATING_BEFORE"", ""NO_SIGNS""]",YESTERDAY,INDOOR,TODAY_USUAL,Toyota,DIESEL,RADIATOR_FAN_ISSUE,synthetic_template
ENGINE_PROBLEM,STARTS_NORMAL,OVERHEATING,NOT_ASKED,NOT_ASKED,NOT_ASKED,WITH_AC,NOT_ASKED,NOT_ASKED,NOT_ASKED,NO_SMELL,"[""TEMPERATURE""]","[""NO_SIGNS""]",NONE,OUTDOOR,TODAY_USUAL,Toyota,DIESEL,RADIATOR_FAN_ISSUE,synthetic_template
WONT_START,STARTS_BUT_ISSUE,OVERHEATING,NOT_ASKED,NOT_ASKED,NOT_ASKED,WITH_AC,NOT_ASKED,NOT_ASKED,NOT_ASKED,NO_SMELL,"[""TEMPERATURE""]","[""NO_SIGNS""]",NONE,OUTDOOR,TODAY_NEW_STATION,Nissan,DIESEL,RADIATOR_FAN_ISSUE,synthetic_template
ENGINE_PROBLEM,STARTS_BUT_ISSUE,OVERHEATING,NOT_ASKED,NOT_ASKED,NOT_ASKED,ALWAYS,NOT_ASKED,NOT_ASKED,NOT_ASKED,NO_SMELL,"[""TEMPERATURE""]","[""OVERHEATING_BEFORE""]",YESTERDAY,OUTDOOR,TODAY_USUAL,Nissan,PETROL,RADIATOR_FAN_ISSUE,synthetic_template
ENGINE_PROBLEM,STARTS_NORMAL,OVERHEATING,NOT_ASKED,NOT_ASKED,NOT_ASKED,TRAFFIC_ONLY,NOT_ASKED,NOT_ASKED,NOT_ASKED,NO_SMELL,"[""CHECK_ENGINE"", ""TEMPERATURE""]","[""OVERHEATING_BEFORE"", ""NO_SIGNS""]",NONE,OUTDOOR,TODAY_USUAL,Mitsubishi,PETROL,RADIATOR_FAN_ISSUE,synthetic_template
ENGINE_PROBLEM,STARTS_NORMAL,NO_POWER,NOT_ASKED,NOT_ASKED,NOT_ASKED,NOT_ASKED,NOT_ASKED,NOT_ASKED,NOT_ASKED,NO_SMELL,"[""CHECK_ENGINE"", ""TEMPERATURE""]","[""SMELL_BEFORE"", ""NO_SIGNS""]",NONE,INDOOR,TODAY_USUAL,Nissan,PETROL,RADIATOR_HOSE_LEAK,synthetic_template
ENGINE_PROBLEM,STARTS_BUT_ISSUE,OVERHEATING,NOT_ASKED,NOT_ASKED,NOT_ASKED,ALWAYS,NOT_ASKED,NOT_ASKED,NOT_ASKED,SWEET,"[""TEMPERATURE""]","[""SMELL_BEFORE""]",YESTERDAY,OUTDOOR,OVER_WEEK,Toyota,PETROL,RADIATOR_HOSE_LEAK,synthetic_template
ENGINE_PROBLEM,STARTS_BUT_ISSUE,OVERHEATING,NOT_ASKED,NOT_ASKED,NOT_ASKED,WITH_AC,NOT_ASKED,NOT_ASKED,NOT_ASKED,SWEET,"[""TEMPERATURE""]","[""NO_SIGNS""]",YESTERDAY,INDOOR,TODAY_USUAL,Toyota,PETROL,RADIATOR_HOSE_LEAK,synthetic_template
ENGINE_PROBLEM,STARTS_BUT_ISSUE,OVERHEATING,NOT_ASKED,NOT_ASKED,NOT_ASKED,ALWAYS,NOT_ASKED,NOT_ASKED,NOT_ASKED,SWEET,"[""TEMPERATURE""]","[""SMELL_BEFORE""]",NONE,OUTDOOR,TODAY_NEW_STATION,Hyundai,PETROL,RADIATOR_HOSE_LEAK,synthetic_template
ENGINE_PROBLEM,STARTS_BUT_ISSUE,OVERHEATING,NOT_ASKED,NOT_ASKED,NOT_ASKED,HILL_CLIMB,NOT_ASKED,NOT_ASKED,NOT_ASKED,SWEET,"[""CHECK_ENGINE""]","[""SMELL_BEFORE"", ""NO_SIGNS""]",NONE,OUTDOOR,OVER_WEEK,Kia,PETROL,RADIATOR_HOSE_LEAK,synthetic_template
ENGINE_PROBLEM,STARTS_NORMAL,SMOKE,NOT_ASKED,NOT_ASKED,NOT_ASKED,NOT_ASKED,WHITE,NOT_ASKED,NOT_ASKED,SWEET,"[""TEMPERATURE""]","[""OVERHEATING_BEFORE"", ""SMELL_BEFORE"", ""NO_SIGNS""]",NONE,INDOOR,WITHIN_WEEK,Suzuki,PETROL,RADIATOR_HOSE_LEAK,synthetic_template
ENGINE_PROBLEM,STARTS_NORMAL,SMOKE,NOT_ASKED,NOT_ASKED,NOT_ASKED,NOT_ASKED,WHITE,NOT_ASKED,NOT_ASKED,SWEET,"[""TEMPERATURE""]","[""OVERHEATING_BEFORE"", ""SMELL_BEFORE"", ""NO_SIGNS""]",NONE,INDOOR,TODAY_USUAL,Mitsubishi,DIESEL,RADIATOR_HOSE_LEAK,synthetic_template
ENGINE_PROBLEM,STARTS_NORMAL,OVERHEATING,NOT_ASKED,NOT_ASKED,NOT_ASKED,HILL_CLIMB,NOT_ASKED,NOT_ASKED,NOT_ASKED,SWEET,"[""TEMPERATURE""]","[""NO_SIGNS""]",WITHIN_3_DAYS,OUTDOOR,TODAY_USUAL,Honda,PETROL,RADIATOR_HOSE_LEAK,synthetic_template
ENGINE_PROBLEM,STARTS_NORMAL,OVERHEATING,NOT_ASKED,NOT_ASKED,NOT_ASKED,TRAFFIC_ONLY,NOT_ASKED,NOT_ASKED,NOT_ASKED,BURNING_OIL,"[""CHECK_ENGINE"", ""TEMPERATURE""]","[""OVERHEATING_BEFORE"", ""NO_SIGNS""]",NONE,OUTDOOR,WITHIN_WEEK,Mazda,PETROL,RADIATOR_HOSE_LEAK,synthetic_template
ENGINE_PROBLEM,STARTS_NORMAL,OVERHEATING,NOT_ASKED,NOT_ASKED,NOT_ASKED,ALWAYS,NOT_ASKED,NOT_ASKED,NOT_ASKED,NO_SMELL,"[""TEMPERATURE""]","[""OVERHEATING_BEFORE""]",NONE,OUTDOOR,WITHIN_WEEK,Toyota,DIESEL,RADIATOR_HOSE_LEAK,synthetic_template
ENGINE_PROBLEM,STARTS_NORMAL,OVERHEATING,NOT_ASKED,NOT_ASKED,NOT_ASKED,HILL_CLIMB,NOT_ASKED,NOT_ASKED,NOT_ASKED,SWEET,"[""TEMPERATURE""]","[""NO_SIGNS""]",MONSOON,OUTDOOR,TODAY_NEW_STATION,Honda,HYBRID,RADIATOR_HOSE_LEAK,synthetic_template
ENGINE_PROBLEM,STARTS_NORMAL,OVERHEATING,NOT_ASKED,NOT_ASKED,NOT_ASKED,HILL_CLIMB,NOT_ASKED,NOT_ASKED,NOT_ASKED,SWEET,"[""TEMPERATURE""]","[""NO_SIGNS""]",YESTERDAY,OUTDOOR,WITHIN_WEEK,Toyota,HYBRID,RADIATOR_HOSE_LEAK,synthetic_template
ENGINE_PROBLEM,STARTS_BUT_ISSUE,OVERHEATING,NOT_ASKED,NOT_ASKED,NOT_ASKED,WITH_AC,NOT_ASKED,NOT_ASKED,NOT_ASKED,NO_SMELL,"[""TEMPERATURE""]","[""NO_SIGNS""]",NONE,OUTDOOR,WITHIN_WEEK,Toyota,PETROL,RADIATOR_HOSE_LEAK,synthetic_template
ENGINE_PROBLEM,STARTS_NORMAL,OVERHEATING,NOT_ASKED,NOT_ASKED,NOT_ASKED,TRAFFIC_ONLY,NOT_ASKED,NOT_ASKED,NOT_ASKED,NO_SMELL,"[""NONE""]","[""OVERHEATING_BEFORE"", ""NO_SIGNS""]",MONSOON,OUTDOOR,WITHIN_WEEK,Suzuki,PETROL,RADIATOR_HOSE_LEAK,synthetic_template
ENGINE_PROBLEM,STARTS_NORMAL,OVERHEATING,NOT_ASKED,NOT_ASKED,NOT_ASKED,ALWAYS,NOT_ASKED,NOT_ASKED,NOT_ASKED,SWEET,"[""NONE""]","[""OVERHEATING_BEFORE"", ""SMELL_BEFORE""]",NONE,OUTDOOR,OVER_WEEK,Toyota,HYBRID,RADIATOR_HOSE_LEAK,synthetic_template
ENGINE_PROBLEM,STARTS_NORMAL,OVERHEATING,NOT_ASKED,NOT_ASKED,NOT_ASKED,TRAFFIC_ONLY,NOT_ASKED,NOT_ASKED,NOT_ASKED,BURNING_OIL,"[""CHECK_ENGINE"", ""TEMPERATURE""]","[""OVERHEATING_BEFORE"", ""NO_SIGNS""]",YESTERDAY,OUTDOOR,WITHIN_WEEK,Toyota,PETROL,RADIATOR_HOSE_LEAK,synthetic_template
ENGINE_PROBLEM,STARTS_NORMAL,OVERHEATING,NOT_ASKED,NOT_ASKED,NOT_ASKED,TRAFFIC_ONLY,NOT_ASKED,NOT_ASKED,NOT_ASKED,NO_SMELL,"[""NONE""]","[""OVERHEATING_BEFORE"", ""NO_SIGNS""]",YESTERDAY,OUTDOOR,OVER_WEEK,Mahindra,DIESEL,RADIATOR_HOSE_LEAK,synthetic_template
ENGINE_PROBLEM,STARTS_NORMAL,OVERHEATING,NOT_ASKED,NOT_ASKED,NOT_ASKED,TRAFFIC_ONLY,NOT_ASKED,NOT_ASKED,NOT_ASKED,BURNING_OIL,"[""CHECK_ENGINE"", ""TEMPERATURE""]","[""OVERHEATING_BEFORE"", ""NO_SIGNS""]",YESTERDAY,OUTDOOR,TODAY_USUAL,Toyota,HYBRID,RADIATOR_HOSE_LEAK,synthetic_template
ENGINE_PROBLEM,STARTS_NORMAL,OVERHEATING,NOT_ASKED,NOT_ASKED,NOT_ASKED,TRAFFIC_ONLY,NOT_ASKED,NOT_ASKED,NOT_ASKED,NO_SMELL,"[""NONE""]","[""OVERHEATING_BEFORE"", ""NO_SIGNS""]",NONE,INDOOR,WITHIN_WEEK,Toyota,HYBRID,RADIATOR_HOSE_LEAK,synthetic_template
ENGINE_PROBLEM,STARTS_BUT_ISSUE,OVERHEATING,NOT_ASKED,NOT_ASKED,NOT_ASKED,TRAFFIC_ONLY,NOT_ASKED,NOT_ASKED,NOT_ASKED,NO_SMELL,"[""CHECK_ENGINE"", ""TEMPERATURE""]","[""SMELL_BEFORE""]",NONE,OUTDOOR,WITHIN_WEEK,Toyota,DIESEL,RADIATOR_HOSE_LEAK,synthetic_template
ENGINE_PROBLEM,STARTS_NORMAL,SMOKE,NOT_ASKED,NOT_ASKED,NOT_ASKED,NOT_ASKED,WHITE,NOT_ASKED,NOT_ASKED,SWEET,"[""TEMPERATURE""]","[""OVERHEATING_BEFORE"", ""SMELL_BEFORE"", ""NO_SIGNS""]",NONE,OUTDOOR,TODAY_USUAL,Honda,HYBRID,RADIATOR_HOSE_LEAK,synthetic_template
ENGINE_PROBLEM,STARTS_NORMAL,SMOKE,NOT_ASKED,NOT_ASKED,NOT_ASKED,NOT_ASKED,WHITE,NOT_ASKED,NOT_ASKED,SWEET,"[""TEMPERATURE""]","[""OVERHEATING_BEFORE"", ""SMELL_BEFORE"", ""NO_SIGNS""]",NONE,INDOOR,WITHIN_WEEK,Toyota,HYBRID,RADIATOR_HOSE_LEAK,synthetic_template
ENGINE_PROBLEM,STARTS_NORMAL,SMOKE,NOT_ASKED,NOT_ASKED,NOT_ASKED,NOT_ASKED,WHITE,NOT_ASKED,NOT_ASKED,SWEET,"[""TEMPERATURE""]","[""OVERHEATING_BEFORE"", ""SMELL_BEFORE"", ""NO_SIGNS""]",YESTERDAY,OUTDOOR,WITHIN_WEEK,Kia,PETROL,RADIATOR_HOSE_LEAK,synthetic_template
ENGINE_PROBLEM,STARTS_NORMAL,OVERHEATING,NOT_ASKED,NOT_ASKED,NOT_ASKED,HILL_CLIMB,NOT_ASKED,NOT_ASKED,NOT_ASKED,SWEET,"[""TEMPERATURE""]","[""NO_SIGNS""]",MONSOON,INDOOR,WITHIN_WEEK,Mitsubishi,DIESEL,RADIATOR_HOSE_LEAK,synthetic_template
ENGINE_PROBLEM,STARTS_NORMAL,OVERHEATING,NOT_ASKED,NOT_ASKED,NOT_ASKED,TRAFFIC_ONLY,NOT_ASKED,NOT_ASKED,NOT_ASKED,BURNING_OIL,"[""CHECK_ENGINE"", ""TEMPERATURE""]","[""OVERHEATING_BEFORE"", ""NO_SIGNS""]",NONE,INDOOR,TODAY_USUAL,Mitsubishi,PETROL,RADIATOR_HOSE_LEAK,synthetic_template
ENGINE_PROBLEM,STARTS_BUT_ISSUE,OVERHEATING,NOT_ASKED,NOT_ASKED,NOT_ASKED,TRAFFIC_ONLY,NOT_ASKED,NOT_ASKED,NOT_ASKED,NO_SMELL,"[""CHECK_ENGINE"", ""TEMPERATURE""]","[""SMELL_BEFORE""]",NONE,INDOOR,WITHIN_WEEK,Suzuki,PETROL,RADIATOR_HOSE_LEAK,synthetic_template
ENGINE_PROBLEM,STARTS_NORMAL,OVERHEATING,NOT_ASKED,NOT_ASKED,NOT_ASKED,ALWAYS,NOT_ASKED,NOT_ASKED,NOT_ASKED,SWEET,"[""NONE""]","[""OVERHEATING_BEFORE"", ""SMELL_BEFORE""]",NONE,OUTDOOR,TODAY_USUAL,Mitsubishi,DIESEL,RADIATOR_HOSE_LEAK,synthetic_template
ENGINE_PROBLEM,STARTS_NORMAL,OVERHEATING,NOT_ASKED,NOT_ASKED,NOT_ASKED,TRAFFIC_ONLY,NOT_ASKED,NOT_ASKED,NOT_ASKED,BURNING_OIL,"[""CHECK_ENGINE"", ""TEMPERATURE""]","[""OVERHEATING_BEFORE"", ""NO_SIGNS""]",WITHIN_3_DAYS,INDOOR,WITHIN_WEEK,Toyota,DIESEL,RADIATOR_HOSE_LEAK,synthetic_template
ENGINE_PROBLEM,STARTS_NORMAL,OVERHEATING,NOT_ASKED,NOT_ASKED,NOT_ASKED,ALWAYS,NOT_ASKED,NOT_ASKED,NOT_ASKED,NO_SMELL,"[""TEMPERATURE""]","[""NO_SIGNS""]",NONE,OUTDOOR,WITHIN_WEEK,Toyota,PETROL,RADIATOR_HOSE_LEAK,synthetic_template
ENGINE_PROBLEM,STARTS_NORMAL,OVERHEATING,NOT_ASKED,NOT_ASKED,NOT_ASKED,TRAFFIC_ONLY,NOT_ASKED,NOT_ASKED,NOT_ASKED,NO_SMELL,"[""NONE""]","[""OVERHEATING_BEFORE"", ""NO_SIGNS""]",WITHIN_3_DAYS,OUTDOOR,WITHIN_WEEK,Honda,HYBRID,RADIATOR_HOSE_LEAK,synthetic_template
ENGINE_PROBLEM,STARTS_BUT_ISSUE,OVERHEATING,NOT_ASKED,NOT_ASKED,NOT_ASKED,WITH_AC,NOT_ASKED,NOT_ASKED,NOT_ASKED,NO_SMELL,"[""TEMPERATURE""]","[""NO_SIGNS""]",NONE,INDOOR,OVER_WEEK,Mitsubishi,DIESEL,RADIATOR_HOSE_LEAK,synthetic_template
ENGINE_PROBLEM,STARTS_BUT_ISSUE,OVERHEATING,NOT_ASKED,NOT_ASKED,NOT_ASKED,WITH_AC,NOT_ASKED,NOT_ASKED,NOT_ASKED,NO_SMELL,"[""TEMPERATURE""]","[""NO_SIGNS""]",NONE,INDOOR,WITHIN_WEEK,Mitsubishi,DIESEL,RADIATOR_HOSE_LEAK,synthetic_template
ENGINE_PROBLEM,STARTS_NORMAL,OVERHEATING,NOT_ASKED,NOT_ASKED,NOT_ASKED,ALWAYS,NOT_ASKED,NOT_ASKED,NOT_ASKED,NO_SMELL,"[""TEMPERATURE""]","[""NO_SIGNS""]",YESTERDAY,INDOOR,WITHIN_WEEK,Toyota,PETROL,RADIATOR_HOSE_LEAK,synthetic_template
ENGINE_PROBLEM,NO_CRANK,NOT_ASKED,NOT_ASKED,SOME_LIGHTS_ON,NOT_ASKED,NOT_ASKED,NOT_ASKED,NOT_ASKED,NOT_ASKED,BURNING_ELECTRICAL,"[""CHECK_ENGINE"", ""OIL""]","[""LOSS_OF_POWER"", ""UNUSUAL_NOISE""]",NONE,INDOOR,WITHIN_WEEK,Hyundai,PETROL,SEVERE_MECHANICAL_TOW,synthetic_template
WONT_START,NO_CRANK,NOT_ASKED,NOT_ASKED,SOME_LIGHTS_ON,NOT_ASKED,NOT_ASKED,NOT_ASKED,NOT_ASKED,NOT_ASKED,NO_SMELL,"[""BATTERY"", ""CHECK_ENGINE"", ""TEMPERATURE""]","[""LOSS_OF_POWER"", ""OVERHEATING_BEFORE""]",NONE,OUTDOOR,OVER_WEEK,Toyota,PETROL,SEVERE_MECHANICAL_TOW,synthetic_template
WONT_START,CRANKS_NO_START,NOT_ASKED,WHIRRING,NOT_ASKED,NOT_ASKED,NOT_ASKED,NOT_ASKED,NOT_ASKED,NOT_ASKED,BURNING_ELECTRICAL,"[""CHECK_ENGINE"", ""OIL"", ""TEMPERATURE""]","[""OVERHEATING_BEFORE"", ""UNUSUAL_NOISE""]",WITHIN_3_DAYS,OUTDOOR,WITHIN_WEEK,Mitsubishi,PETROL,SEVERE_MECHANICAL_TOW,synthetic_template
WEIRD_BEHAVIOR,NO_CRANK,NOT_ASKED,NOT_ASKED,SOME_LIGHTS_ON,NOT_ASKED,NOT_ASKED,NOT_ASKED,NOT_ASKED,NOT_ASKED,BURNING_OIL,"[""CHECK_ENGINE""]","[""LOSS_OF_POWER"", ""UNUSUAL_NOISE""]",MONSOON,OUTDOOR,WITHIN_WEEK,Suzuki,PETROL,SEVERE_MECHANICAL_TOW,synthetic_template
WONT_START,NO_CRANK,NOT_ASKED,NOT_ASKED,ALL_DEAD_NO_LIGHTS,NOT_ASKED,NOT_ASKED,NOT_ASKED,NOT_ASKED,NOT_ASKED,BURNING_ELECTRICAL,"[""CHECK_ENGINE"", ""OIL""]","[""UNUSUAL_NOISE"", ""SMELL_BEFORE""]",NONE,OUTDOOR,OVER_WEEK,Mazda,DIESEL,SEVERE_MECHANICAL_TOW,synthetic_template
WONT_START,NO_CRANK,NOT_ASKED,NOT_ASKED,SOME_LIGHTS_ON,NOT_ASKED,NOT_ASKED,NOT_ASKED,NOT_ASKED,NOT_ASKED,BURNING_ELECTRICAL,"[""CHECK_ENGINE"", ""OIL""]","[""OVERHEATING_BEFORE"", ""SMELL_BEFORE""]",NONE,OUTDOOR,WITHIN_WEEK,Mitsubishi,DIESEL,SEVERE_MECHANICAL_TOW,synthetic_template
WEIRD_BEHAVIOR,NO_CRANK,NOT_ASKED,NOT_ASKED,SOME_LIGHTS_ON,NOT_ASKED,NOT_ASKED,NOT_ASKED,NOT_ASKED,NOT_ASKED,BURNING_OIL,"[""CHECK_ENGINE""]","[""LOSS_OF_POWER"", ""UNUSUAL_NOISE""]",WITHIN_3_DAYS,INDOOR,WITHIN_WEEK,Toyota,DIESEL,SEVERE_MECHANICAL_TOW,synthetic_template
WONT_START,NO_CRANK,NOT_ASKED,NOT_ASKED,SOME_LIGHTS_ON,NOT_ASKED,NOT_ASKED,NOT_ASKED,NOT_ASKED,NOT_ASKED,NO_SMELL,"[""BATTERY"", ""CHECK_ENGINE"", ""TEMPERATURE""]","[""LOSS_OF_POWER"", ""OVERHEATING_BEFORE""]",NONE,OUTDOOR,TODAY_USUAL,Mazda,PETROL,SEVERE_MECHANICAL_TOW,synthetic_template
WONT_START,NO_CRANK,NOT_ASKED,NOT_ASKED,ALL_DEAD_NO_LIGHTS,NOT_ASKED,NOT_ASKED,NOT_ASKED,NOT_ASKED,NOT_ASKED,BURNING_ELECTRICAL,"[""CHECK_ENGINE"", ""OIL""]","[""UNUSUAL_NOISE"", ""SMELL_BEFORE""]",NONE,OUTDOOR,WITHIN_WEEK,Nissan,PETROL,SEVERE_MECHANICAL_TOW,synthetic_template
WONT_START,NO_CRANK,NOT_ASKED,NOT_ASKED,ALL_DEAD_NO_LIGHTS,NOT_ASKED,NOT_ASKED,NOT_ASKED,NOT_ASKED,NOT_ASKED,BURNING_ELECTRICAL,"[""CHECK_ENGINE"", ""OIL""]","[""UNUSUAL_NOISE"", ""SMELL_BEFORE""]",YESTERDAY,INDOOR,WITHIN_WEEK,Toyota,HYBRID,SEVERE_MECHANICAL_TOW,synthetic_template
WONT_START,NO_CRANK,NOT_ASKED,NOT_ASKED,ALL_DEAD_NO_LIGHTS,NOT_ASKED,NOT_ASKED,NOT_ASKED,NOT_ASKED,NOT_ASKED,BURNING_ELECTRICAL,"[""CHECK_ENGINE"", ""OIL""]","[""UNUSUAL_NOISE"", ""SMELL_BEFORE""]",NONE,OUTDOOR,WITHIN_WEEK,Toyota,HYBRID,SEVERE_MECHANICAL_TOW,synthetic_template
WEIRD_BEHAVIOR,NO_CRANK,NOT_ASKED,NOT_ASKED,SOME_LIGHTS_ON,NOT_ASKED,NOT_ASKED,NOT_ASKED,NOT_ASKED,NOT_ASKED,BURNING_OIL,"[""CHECK_ENGINE""]","[""LOSS_OF_POWER"", ""UNUSUAL_NOISE""]",MONSOON,OUTDOOR,WITHIN_WEEK,Kia,PETROL,SEVERE_MECHANICAL_TOW,synthetic_template
WONT_START,NO_CRANK,NOT_ASKED,NOT_ASKED,ALL_DEAD_NO_LIGHTS,NOT_ASKED,NOT_ASKED,NOT_ASKED,NOT_ASKED,NOT_ASKED,BURNING_ELECTRICAL,"[""CHECK_ENGINE"", ""OIL""]","[""UNUSUAL_NOISE"", ""SMELL_BEFORE""]",YESTERDAY,INDOOR,WITHIN_WEEK,Mahindra,DIESEL,SEVERE_MECHANICAL_TOW,synthetic_template
ENGINE_PROBLEM,NO_CRANK,NOT_ASKED,NOT_ASKED,DIM_LIGHTS,NOT_ASKED,NOT_ASKED,NOT_ASKED,NOT_ASKED,NOT_ASKED,BURNING_ELECTRICAL,"[""CHECK_ENGINE"", ""OIL""]","[""LOSS_OF_POWER"", ""OVERHEATING_BEFORE"", ""UNUSUAL_NOISE""]",MONSOON,OUTDOOR,TODAY_USUAL,Honda,PETROL,SEVERE_MECHANICAL_TOW,synthetic_template
ENGINE_PROBLEM,NO_CRANK,NOT_ASKED,NOT_ASKED,DIM_LIGHTS,NOT_ASKED,NOT_ASKED,NOT_ASKED,NOT_ASKED,NOT_ASKED,BURNING_OIL,"[""CHECK_ENGINE"", ""OIL""]","[""LOSS_OF_POWER"", ""UNUSUAL_NOISE"", ""SMELL_BEFORE""]",YESTERDAY,OUTDOOR,TODAY_NEW_STATION,Mitsubishi,PETROL,SEVERE_MECHANICAL_TOW,synthetic_template
WONT_START,NO_CRANK,NOT_ASKED,NOT_ASKED,SOME_LIGHTS_ON,NOT_ASKED,NOT_ASKED,NOT_ASKED,NOT_ASKED,NOT_ASKED,BURNING_ELECTRICAL,"[""CHECK_ENGINE"", ""OIL""]","[""OVERHEATING_BEFORE"", ""SMELL_BEFORE""]",NONE,OUTDOOR,TODAY_USUAL,Suzuki,PETROL,SEVERE_MECHANICAL_TOW,synthetic_template
WONT_START,NO_CRANK,NOT_ASKED,NOT_ASKED,SOME_LIGHTS_ON,NOT_ASKED,NOT_ASKED,NOT_ASKED,NOT_ASKED,NOT_ASKED,BURNING_ELECTRICAL,"[""CHECK_ENGINE"", ""OIL""]","[""OVERHEATING_BEFORE"", ""SMELL_BEFORE""]",NONE,OUTDOOR,WITHIN_WEEK,Kia,PETROL,SEVERE_MECHANICAL_TOW,synthetic_template
WONT_START,NO_CRANK,NOT_ASKED,NOT_ASKED,DIM_LIGHTS,NOT_ASKED,NOT_ASKED,NOT_ASKED,NOT_ASKED,NOT_ASKED,NO_SMELL,"[""CHECK_ENGINE"", ""TEMPERATURE""]","[""OVERHEATING_BEFORE""]",YESTERDAY,OUTDOOR,WITHIN_WEEK,Suzuki,PETROL,SEVERE_MECHANICAL_TOW,synthetic_template
WONT_START,NO_CRANK,NOT_ASKED,NOT_ASKED,SOME_LIGHTS_ON,NOT_ASKED,NOT_ASKED,NOT_ASKED,NOT_ASKED,NOT_ASKED,BURNING_ELECTRICAL,"[""CHECK_ENGINE"", ""OIL""]","[""OVERHEATING_BEFORE"", ""SMELL_BEFORE""]",NONE,OUTDOOR,OVER_WEEK,Toyota,DIESEL,SEVERE_MECHANICAL_TOW,synthetic_template
WONT_START,NO_CRANK,NOT_ASKED,NOT_ASKED,SOME_LIGHTS_ON,NOT_ASKED,NOT_ASKED,NOT_ASKED,NOT_ASKED,NOT_ASKED,NO_SMELL,"[""BATTERY"", ""CHECK_ENGINE"", ""TEMPERATURE""]","[""LOSS_OF_POWER"", ""OVERHEATING_BEFORE""]",NONE,OUTDOOR,TODAY_USUAL,Honda,PETROL,SEVERE_MECHANICAL_TOW,synthetic_template
ENGINE_PROBLEM,STARTS_BUT_ISSUE,NOISE,NOT_ASKED,NOT_ASKED,CLUNK,NOT_ASKED,NOT_ASKED,NOT_ASKED,NOT_ASKED,NO_SMELL,"[""NONE""]","[""OVERHEATING_BEFORE"", ""SMELL_BEFORE""]",NONE,INDOOR,WITHIN_WEEK,Mitsubishi,DIESEL,SEVERE_MECHANICAL_TOW,synthetic_template
WONT_START,NO_CRANK,NOT_ASKED,NOT_ASKED,SOME_LIGHTS_ON,NOT_ASKED,NOT_ASKED,NOT_ASKED,NOT_ASKED,NOT_ASKED,BURNING_ELECTRICAL,"[""CHECK_ENGINE"", ""OIL""]","[""OVERHEATING_BEFORE"", ""SMELL_BEFORE""]",WITHIN_3_DAYS,OUTDOOR,TODAY_USUAL,Hyundai,PETROL,SEVERE_MECHANICAL_TOW,synthetic_template
ENGINE_PROBLEM,NO_CRANK,NOT_ASKED,NOT_ASKED,DIM_LIGHTS,NOT_ASKED,NOT_ASKED,NOT_ASKED,NOT_ASKED,NOT_ASKED,BURNING_OIL,"[""CHECK_ENGINE"", ""OIL""]","[""LOSS_OF_POWER"", ""UNUSUAL_NOISE"", ""SMELL_BEFORE""]",NONE,OUTDOOR,TODAY_USUAL,Honda,HYBRID,SEVERE_MECHANICAL_TOW,synthetic_template
ENGINE_PROBLEM,STARTS_BUT_ISSUE,NOISE,NOT_ASKED,NOT_ASKED,CLUNK,NOT_ASKED,NOT_ASKED,NOT_ASKED,NOT_ASKED,NO_SMELL,"[""NONE""]","[""OVERHEATING_BEFORE"", ""SMELL_BEFORE""]",NONE,OUTDOOR,TODAY_USUAL,Suzuki,PETROL,SEVERE_MECHANICAL_TOW,synthetic_template
WONT_START,NO_CRANK,NOT_ASKED,NOT_ASKED,DIM_LIGHTS,NOT_ASKED,NOT_ASKED,NOT_ASKED,NOT_ASKED,NOT_ASKED,NO_SMELL,"[""CHECK_ENGINE"", ""TEMPERATURE""]","[""OVERHEATING_BEFORE""]",NONE,INDOOR,TODAY_USUAL,Hyundai,PETROL,SEVERE_MECHANICAL_TOW,synthetic_template
WEIRD_BEHAVIOR,NO_CRANK,NOT_ASKED,NOT_ASKED,SOME_LIGHTS_ON,NOT_ASKED,NOT_ASKED,NOT_ASKED,NOT_ASKED,NOT_ASKED,BURNING_OIL,"[""CHECK_ENGINE""]","[""LOSS_OF_POWER"", ""UNUSUAL_NOISE""]",NONE,OUTDOOR,WITHIN_WEEK,Toyota,DIESEL,SEVERE_MECHANICAL_TOW,synthetic_template
ENGINE_PROBLEM,STARTS_BUT_ISSUE,NOISE,NOT_ASKED,NOT_ASKED,CLUNK,NOT_ASKED,NOT_ASKED,NOT_ASKED,NOT_ASKED,NO_SMELL,"[""NONE""]","[""OVERHEATING_BEFORE"", ""SMELL_BEFORE""]",YESTERDAY,OUTDOOR,WITHIN_WEEK,Kia,PETROL,SEVERE_MECHANICAL_TOW,synthetic_template
WONT_START,CRANKS_NO_START,NOT_ASKED,WHIRRING,NOT_ASKED,NOT_ASKED,NOT_ASKED,NOT_ASKED,NOT_ASKED,NOT_ASKED,BURNING_ELECTRICAL,"[""CHECK_ENGINE"", ""OIL"", ""TEMPERATURE""]","[""OVERHEATING_BEFORE"", ""UNUSUAL_NOISE""]",YESTERDAY,OUTDOOR,WITHIN_WEEK,Honda,HYBRID,SEVERE_MECHANICAL_TOW,synthetic_template
WONT_START,NO_CRANK,NOT_ASKED,NOT_ASKED,SOME_LIGHTS_ON,NOT_ASKED,NOT_ASKED,NOT_ASKED,NOT_ASKED,NOT_ASKED,NO_SMELL,"[""BATTERY"", ""CHECK_ENGINE"", ""TEMPERATURE""]","[""LOSS_OF_POWER"", ""OVERHEATING_BEFORE""]",MONSOON,OUTDOOR,TODAY_USUAL,Suzuki,PETROL,SEVERE_MECHANICAL_TOW,synthetic_template
ENGINE_PROBLEM,NO_CRANK,NOT_ASKED,NOT_ASKED,DIM_LIGHTS,NOT_ASKED,NOT_ASKED,NOT_ASKED,NOT_ASKED,NOT_ASKED,BURNING_OIL,"[""CHECK_ENGINE"", ""OIL""]","[""LOSS_OF_POWER"", ""UNUSUAL_NOISE"", ""SMELL_BEFORE""]",NONE,INDOOR,TODAY_USUAL,Hyundai,PETROL,SEVERE_MECHANICAL_TOW,synthetic_template
WONT_START,NO_CRANK,NOT_ASKED,NOT_ASKED,SOME_LIGHTS_ON,NOT_ASKED,NOT_ASKED,NOT_ASKED,NOT_ASKED,NOT_ASKED,NO_SMELL,"[""NONE""]","[""HARD_START""]",MONSOON,OUTDOOR,TODAY_NEW_STATION,Suzuki,PETROL,STARTER_MOTOR,synthetic_template
WONT_START,NO_CRANK,NOT_ASKED,NOT_ASKED,SOME_LIGHTS_ON,NOT_ASKED,NOT_ASKED,NOT_ASKED,NOT_ASKED,NOT_ASKED,NO_SMELL,"[""CHECK_ENGINE"", ""NONE""]","[""HARD_START"", ""NO_SIGNS""]",NONE,INDOOR,OVER_WEEK,Toyota,PETROL,STARTER_MOTOR,synthetic_template
WONT_START,CRANKS_NO_START,NOT_ASKED,WHIRRING,NOT_ASKED,NOT_ASKED,NOT_ASKED,NOT_ASKED,NOT_ASKED,NOT_ASKED,NO_SMELL,"[""CHECK_ENGINE""]","[""HARD_START""]",NONE,INDOOR,WITHIN_WEEK,Toyota,PETROL,STARTER_MOTOR,synthetic_template
WONT_START,STARTS_BUT_ISSUE,NOT_ASKED,NOT_ASKED,NOT_ASKED,NOT_ASKED,NOT_ASKED,NOT_ASKED,NOT_ASKED,NOT_ASKED,NO_SMELL,"[""NONE""]","[""HARD_START"", ""UNUSUAL_NOISE""]",NONE,OUTDOOR,WITHIN_WEEK,Mazda,DIESEL,STARTER_MOTOR,synthetic_template
WONT_START,NO_CRANK,NOT_ASKED,NOT_ASKED,ALL_DEAD_NO_LIGHTS,NOT_ASKED,NOT_ASKED,NOT_ASKED,NOT_ASKED,NOT_ASKED,NO_SMELL,"[""NONE""]","[""NO_SIGNS""]",WITHIN_3_DAYS,OUTDOOR,TODAY_USUAL,Nissan,DIESEL,STARTER_MOTOR,synthetic_template
WONT_START,NO_CRANK,NOT_ASKED,NOT_ASKED,SOME_LIGHTS_ON,NOT_ASKED,NOT_ASKED,NOT_ASKED,NOT_ASKED,NOT_ASKED,NO_SMELL,"[""CHECK_ENGINE"", ""NONE""]","[""NO_SIGNS""]",YESTERDAY,INDOOR,OVER_WEEK,Nissan,PETROL,STARTER_MOTOR,synthetic_template
WONT_START,NO_CRANK,NOT_ASKED,NOT_ASKED,ALL_DEAD_NO_LIGHTS,NOT_ASKED,NOT_ASKED,NOT_ASKED,NOT_ASKED,NOT_ASKED,NO_SMELL,"[""NONE""]","[""NO_SIGNS""]",MONSOON,OUTDOOR,OVER_WEEK,Toyota,PETROL,STARTER_MOTOR,synthetic_template
WONT_START,STARTS_BUT_ISSUE,NOT_ASKED,NOT_ASKED,NOT_ASKED,NOT_ASKED,NOT_ASKED,NOT_ASKED,NOT_ASKED,NOT_ASKED,NO_SMELL,"[""NONE""]","[""NO_SIGNS""]",NONE,INDOOR,OVER_WEEK,Honda,HYBRID,STARTER_MOTOR,synthetic_template
WONT_START,NO_CRANK,NOT_ASKED,NOT_ASKED,DIM_LIGHTS,NOT_ASKED,NOT_ASKED,NOT_ASKED,NOT_ASKED,NOT_ASKED,NO_SMELL,"[""NONE""]","[""HARD_START""]",MONSOON,OUTDOOR,TODAY_USUAL,Toyota,PETROL,STARTER_MOTOR,synthetic_template
WONT_START,STARTS_BUT_ISSUE,NOT_ASKED,NOT_ASKED,NOT_ASKED,NOT_ASKED,NOT_ASKED,NOT_ASKED,NOT_ASKED,NOT_ASKED,NO_SMELL,"[""NONE""]","[""UNUSUAL_NOISE"", ""NO_SIGNS""]",WITHIN_3_DAYS,OUTDOOR,WITHIN_WEEK,Suzuki,PETROL,STARTER_MOTOR,synthetic_template
WONT_START,STARTS_BUT_ISSUE,NOT_ASKED,NOT_ASKED,NOT_ASKED,NOT_ASKED,NOT_ASKED,NOT_ASKED,NOT_ASKED,NOT_ASKED,NO_SMELL,"[""BATTERY"", ""CHECK_ENGINE""]","[""HARD_START"", ""UNUSUAL_NOISE""]",NONE,OUTDOOR,TODAY_USUAL,Mitsubishi,DIESEL,STARTER_MOTOR,synthetic_template
WONT_START,NO_CRANK,NOT_ASKED,NOT_ASKED,SOME_LIGHTS_ON,NOT_ASKED,NOT_ASKED,NOT_ASKED,NOT_ASKED,NOT_ASKED,NO_SMELL,"[""CHECK_ENGINE"", ""NONE""]","[""NO_SIGNS""]",NONE,OUTDOOR,TODAY_NEW_STATION,Mazda,PETROL,STARTER_MOTOR,synthetic_template
WONT_START,NO_CRANK,NOT_ASKED,NOT_ASKED,DIM_LIGHTS,NOT_ASKED,NOT_ASKED,NOT_ASKED,NOT_ASKED,NOT_ASKED,NO_SMELL,"[""NONE""]","[""UNUSUAL_NOISE"", ""NO_SIGNS""]",YESTERDAY,INDOOR,TODAY_USUAL,Toyota,PETROL,STARTER_MOTOR,synthetic_template
WONT_START,STARTS_BUT_ISSUE,NOT_ASKED,NOT_ASKED,NOT_ASKED,NOT_ASKED,NOT_ASKED,NOT_ASKED,NOT_ASKED,NOT_ASKED,NO_SMELL,"[""NONE""]","[""UNUSUAL_NOISE""]",MONSOON,INDOOR,OVER_WEEK,Suzuki,PETROL,STARTER_MOTOR,synthetic_template
WONT_START,CRANKS_NO_START,NOT_ASKED,GRINDING,NOT_ASKED,NOT_ASKED,NOT_ASKED,NOT_ASKED,NOT_ASKED,NOT_ASKED,BURNING_ELECTRICAL,"[""NONE""]","[""HARD_START"", ""UNUSUAL_NOISE"", ""NO_SIGNS""]",MONSOON,OUTDOOR,WITHIN_WEEK,Nissan,PETROL,STARTER_MOTOR,synthetic_template
WONT_START,NO_CRANK,NOT_ASKED,NOT_ASKED,DIM_LIGHTS,NOT_ASKED,NOT_ASKED,NOT_ASKED,NOT_ASKED,NOT_ASKED,NO_SMELL,"[""NONE""]","[""HARD_START""]",MONSOON,INDOOR,TODAY_USUAL,Mahindra,DIESEL,STARTER_MOTOR,synthetic_template
ENGINE_PROBLEM,STARTS_BUT_ISSUE,NOT_ASKED,NOT_ASKED,NOT_ASKED,NOT_ASKED,NOT_ASKED,NOT_ASKED,NOT_ASKED,NOT_ASKED,NO_SMELL,"[""NONE""]","[""UNUSUAL_NOISE"", ""NO_SIGNS""]",MONSOON,INDOOR,OVER_WEEK,Hyundai,PETROL,STARTER_MOTOR,synthetic_template
WONT_START,NO_CRANK,NOT_ASKED,NOT_ASKED,DIM_LIGHTS,NOT_ASKED,NOT_ASKED,NOT_ASKED,NOT_ASKED,NOT_ASKED,NO_SMELL,"[""NONE""]","[""HARD_START""]",NONE,OUTDOOR,WITHIN_WEEK,Toyota,PETROL,STARTER_MOTOR,synthetic_template
WONT_START,NO_CRANK,NOT_ASKED,NOT_ASKED,DIM_LIGHTS,NOT_ASKED,NOT_ASKED,NOT_ASKED,NOT_ASKED,NOT_ASKED,NO_SMELL,"[""NONE""]","[""UNUSUAL_NOISE"", ""NO_SIGNS""]",WITHIN_3_DAYS,OUTDOOR,TODAY_USUAL,Toyota,DIESEL,STARTER_MOTOR,synthetic_template
WONT_START,STARTS_BUT_ISSUE,NOT_ASKED,NOT_ASKED,NOT_ASKED,NOT_ASKED,NOT_ASKED,NOT_ASKED,NOT_ASKED,NOT_ASKED,NO_SMELL,"[""NONE""]","[""HARD_START"", ""NO_SIGNS""]",MONSOON,INDOOR,OVER_WEEK,Mitsubishi,PETROL,STARTER_MOTOR,synthetic_template
WONT_START,STARTS_BUT_ISSUE,NOT_ASKED,NOT_ASKED,NOT_ASKED,NOT_ASKED,NOT_ASKED,NOT_ASKED,NOT_ASKED,NOT_ASKED,NO_SMELL,"[""NONE""]","[""UNUSUAL_NOISE""]",YESTERDAY,OUTDOOR,TODAY_NEW_STATION,Suzuki,PETROL,STARTER_MOTOR,synthetic_template
ENGINE_PROBLEM,CRANKS_NO_START,NOT_ASKED,WHIRRING,NOT_ASKED,NOT_ASKED,NOT_ASKED,NOT_ASKED,NOT_ASKED,NOT_ASKED,NO_SMELL,"[""CHECK_ENGINE"", ""NONE""]","[""UNUSUAL_NOISE""]",WITHIN_3_DAYS,OUTDOOR,WITHIN_WEEK,Mitsubishi,PETROL,STARTER_MOTOR,synthetic_template
WONT_START,NO_CRANK,NOT_ASKED,NOT_ASKED,ALL_DEAD_NO_LIGHTS,NOT_ASKED,NOT_ASKED,NOT_ASKED,NOT_ASKED,NOT_ASKED,NO_SMELL,"[""NONE""]","[""NO_SIGNS""]",WITHIN_3_DAYS,OUTDOOR,WITHIN_WEEK,Mazda,DIESEL,STARTER_MOTOR,synthetic_template
WONT_START,NO_CRANK,NOT_ASKED,NOT_ASKED,SOME_LIGHTS_ON,NOT_ASKED,NOT_ASKED,NOT_ASKED,NOT_ASKED,NOT_ASKED,NO_SMELL,"[""CHECK_ENGINE"", ""NONE""]","[""HARD_START"", ""NO_SIGNS""]",WITHIN_3_DAYS,OUTDOOR,WITHIN_WEEK,Toyota,DIESEL,STARTER_MOTOR,synthetic_template
WONT_START,STARTS_BUT_ISSUE,NOT_ASKED,NOT_ASKED,NOT_ASKED,NOT_ASKED,NOT_ASKED,NOT_ASKED,NOT_ASKED,NOT_ASKED,NO_SMELL,"[""NONE""]","[""NO_SIGNS""]",NONE,OUTDOOR,TODAY_NEW_STATION,Mitsubishi,DIESEL,STARTER_MOTOR,synthetic_template
WONT_START,NO_CRANK,NOT_ASKED,NOT_ASKED,SOME_LIGHTS_ON,NOT_ASKED,NOT_ASKED,NOT_ASKED,NOT_ASKED,NOT_ASKED,NO_SMELL,"[""NONE""]","[""HARD_START""]",NONE,INDOOR,WITHIN_WEEK,Mitsubishi,PETROL,STARTER_MOTOR,synthetic_template
ENGINE_PROBLEM,NOT_ASKED,NOT_ASKED,NOT_ASKED,NOT_ASKED,NOT_ASKED,NOT_ASKED,NOT_ASKED,NOT_ASKED,NOT_ASKED,NO_SMELL,"[""CHECK_ENGINE"", ""SERVICE""]","[""NO_SIGNS""]",WITHIN_3_DAYS,INDOOR,TODAY_NEW_STATION,Kia,PETROL,TRANSMISSION_ISSUE,synthetic_template
GEAR_ISSUE,NOT_ASKED,NOT_ASKED,NOT_ASKED,NOT_ASKED,NOT_ASKED,NOT_ASKED,NOT_ASKED,NOT_ASKED,SLIPPING,BURNING_OIL,"[""CHECK_ENGINE""]","[""NO_SIGNS""]",WITHIN_3_DAYS,OUTDOOR,WITHIN_WEEK,Toyota,DIESEL,TRANSMISSION_ISSUE,synthetic_template
GEAR_ISSUE,NOT_ASKED,NOT_ASKED,NOT_ASKED,NOT_ASKED,NOT_ASKED,NOT_ASKED,NOT_ASKED,NOT_ASKED,SLIPPING,BURNING_OIL,"[""CHECK_ENGINE""]","[""NO_SIGNS""]",NONE,OUTDOOR,WITHIN_WEEK,Toyota,PETROL,TRANSMISSION_ISSUE,synthetic_template
GEAR_ISSUE,NOT_ASKED,NOT_ASKED,NOT_ASKED,NOT_ASKED,NOT_ASKED,NOT_ASKED,NOT_ASKED,NOT_ASKED,GRINDING,NO_SMELL,"[""CHECK_ENGINE"", ""SERVICE"", ""NONE""]","[""LOSS_OF_POWER"", ""UNUSUAL_NOISE""]",NONE,OUTDOOR,TODAY_NEW_STATION,Mitsubishi,DIESEL,TRANSMISSION_ISSUE,synthetic_template
GEAR_ISSUE,NOT_ASKED,NOT_ASKED,NOT_ASKED,NOT_ASKED,NOT_ASKED,NOT_ASKED,NOT_ASKED,NOT_ASKED,SLIPPING,BURNING_OIL,"[""CHECK_ENGINE""]","[""NO_SIGNS""]",MONSOON,OUTDOOR,WITHIN_WEEK,Suzuki,PETROL,TRANSMISSION_ISSUE,synthetic_template
GEAR_ISSUE,NOT_ASKED,NOT_ASKED,NOT_ASKED,NOT_ASKED,NOT_ASKED,NOT_ASKED,NOT_ASKED,NOT_ASKED,WONT_ENGAGE,NO_SMELL,"[""CHECK_ENGINE"", ""SERVICE""]","[""LOSS_OF_POWER"", ""UNUSUAL_NOISE""]",WITHIN_3_DAYS,INDOOR,TODAY_NEW_STATION,Mazda,PETROL,TRANSMISSION_ISSUE,synthetic_template
GEAR_ISSUE,NOT_ASKED,NOT_ASKED,NOT_ASKED,NOT_ASKED,NOT_ASKED,NOT_ASKED,NOT_ASKED,NOT_ASKED,GRINDING,NO_SMELL,"[""CHECK_ENGINE"", ""SERVICE"", ""NONE""]","[""LOSS_OF_POWER"", ""UNUSUAL_NOISE""]",MONSOON,INDOOR,WITHIN_WEEK,Toyota,PETROL,TRANSMISSION_ISSUE,synthetic_template
GEAR_ISSUE,NOT_ASKED,NOT_ASKED,NOT_ASKED,NOT_ASKED,NOT_ASKED,NOT_ASKED,NOT_ASKED,NOT_ASKED,WONT_ENGAGE,NO_SMELL,"[""CHECK_ENGINE"", ""SERVICE"", ""NONE""]","[""NO_SIGNS""]",WITHIN_3_DAYS,OUTDOOR,TODAY_USUAL,Toyota,HYBRID,TRANSMISSION_ISSUE,synthetic_template
WEIRD_BEHAVIOR,NOT_ASKED,NOT_ASKED,NOT_ASKED,NOT_ASKED,NOT_ASKED,NOT_ASKED,NOT_ASKED,NOT_ASKED,NOT_ASKED,NO_SMELL,"[""NONE""]","[""LOSS_OF_POWER"", ""NO_SIGNS""]",NONE,OUTDOOR,WITHIN_WEEK,Toyota,PETROL,TRANSMISSION_ISSUE,synthetic_template
GEAR_ISSUE,NOT_ASKED,NOT_ASKED,NOT_ASKED,NOT_ASKED,NOT_ASKED,NOT_ASKED,NOT_ASKED,NOT_ASKED,GRINDING,NO_SMELL,"[""NONE""]","[""UNUSUAL_NOISE""]",NONE,INDOOR,TODAY_USUAL,Hyundai,PETROL,TRANSMISSION_ISSUE,synthetic_template
GEAR_ISSUE,NOT_ASKED,NOT_ASKED,NOT_ASKED,NOT_ASKED,NOT_ASKED,NOT_ASKED,NOT_ASKED,NOT_ASKED,GRINDING,NO_SMELL,"[""CHECK_ENGINE"", ""SERVICE"", ""NONE""]","[""LOSS_OF_POWER"", ""UNUSUAL_NOISE""]",WITHIN_3_DAYS,OUTDOOR,WITHIN_WEEK,Mitsubishi,DIESEL,TRANSMISSION_ISSUE,synthetic_template
GEAR_ISSUE,NOT_ASKED,NOT_ASKED,NOT_ASKED,NOT_ASKED,NOT_ASKED,NOT_ASKED,NOT_ASKED,NOT_ASKED,GRINDING,NO_SMELL,"[""CHECK_ENGINE""]","[""LOSS_OF_POWER"", ""NO_SIGNS""]",YESTERDAY,INDOOR,TODAY_NEW_STATION,Suzuki,PETROL,TRANSMISSION_ISSUE,synthetic_template
GEAR_ISSUE,NOT_ASKED,NOT_ASKED,NOT_ASKED,NOT_ASKED,NOT_ASKED,NOT_ASKED,NOT_ASKED,NOT_ASKED,WONT_ENGAGE,NO_SMELL,"[""CHECK_ENGINE"", ""SERVICE"", ""NONE""]","[""NO_SIGNS""]",NONE,OUTDOOR,WITHIN_WEEK,Toyota,HYBRID,TRANSMISSION_ISSUE,synthetic_template
GEAR_ISSUE,NOT_ASKED,NOT_ASKED,NOT_ASKED,NOT_ASKED,NOT_ASKED,NOT_ASKED,NOT_ASKED,NOT_ASKED,WONT_ENGAGE,NO_SMELL,"[""CHECK_ENGINE""]","[""LOSS_OF_POWER"", ""UNUSUAL_NOISE""]",NONE,INDOOR,WITHIN_WEEK,Toyota,PETROL,TRANSMISSION_ISSUE,synthetic_template
GEAR_ISSUE,NOT_ASKED,NOT_ASKED,NOT_ASKED,NOT_ASKED,NOT_ASKED,NOT_ASKED,NOT_ASKED,NOT_ASKED,GRINDING,NO_SMELL,"[""CHECK_ENGINE"", ""SERVICE"", ""NONE""]","[""LOSS_OF_POWER"", ""UNUSUAL_NOISE""]",NONE,INDOOR,WITHIN_WEEK,Toyota,PETROL,TRANSMISSION_ISSUE,synthetic_template
GEAR_ISSUE,NOT_ASKED,NOT_ASKED,NOT_ASKED,NOT_ASKED,NOT_ASKED,NOT_ASKED,NOT_ASKED,NOT_ASKED,GRINDING,NO_SMELL,"[""CHECK_ENGINE""]","[""LOSS_OF_POWER"", ""NO_SIGNS""]",WITHIN_3_DAYS,OUTDOOR,WITHIN_WEEK,Toyota,HYBRID,TRANSMISSION_ISSUE,synthetic_template
WEIRD_BEHAVIOR,NOT_ASKED,NOT_ASKED,NOT_ASKED,NOT_ASKED,NOT_ASKED,NOT_ASKED,NOT_ASKED,NOT_ASKED,NOT_ASKED,NO_SMELL,"[""SERVICE""]","[""NO_SIGNS""]",NONE,OUTDOOR,OVER_WEEK,Toyota,PETROL,TRANSMISSION_ISSUE,synthetic_template
GEAR_ISSUE,NOT_ASKED,NOT_ASKED,NOT_ASKED,NOT_ASKED,NOT_ASKED,NOT_ASKED,NOT_ASKED,NOT_ASKED,WONT_ENGAGE,NO_SMELL,"[""NONE""]","[""NO_SIGNS""]",NONE,OUTDOOR,TODAY_USUAL,Toyota,HYBRID,TRANSMISSION_ISSUE,synthetic_template
GEAR_ISSUE,NOT_ASKED,NOT_ASKED,NOT_ASKED,NOT_ASKED,NOT_ASKED,NOT_ASKED,NOT_ASKED,NOT_ASKED,SLIPPING,BURNING_OIL,"[""CHECK_ENGINE""]","[""NO_SIGNS""]",NONE,OUTDOOR,OVER_WEEK,Toyota,HYBRID,TRANSMISSION_ISSUE,synthetic_template
GEAR_ISSUE,NOT_ASKED,NOT_ASKED,NOT_ASKED,NOT_ASKED,NOT_ASKED,NOT_ASKED,NOT_ASKED,NOT_ASKED,WONT_ENGAGE,NO_SMELL,"[""NONE""]","[""NO_SIGNS""]",NONE,OUTDOOR,TODAY_USUAL,Toyota,HYBRID,TRANSMISSION_ISSUE,synthetic_template
ENGINE_PROBLEM,NOT_ASKED,NOT_ASKED,NOT_ASKED,NOT_ASKED,NOT_ASKED,NOT_ASKED,NOT_ASKED,NOT_ASKED,NOT_ASKED,NO_SMELL,"[""CHECK_ENGINE"", ""SERVICE""]","[""NO_SIGNS""]",MONSOON,OUTDOOR,TODAY_USUAL,Suzuki,PETROL,TRANSMISSION_ISSUE,synthetic_template
GEAR_ISSUE,NOT_ASKED,NOT_ASKED,NOT_ASKED,NOT_ASKED,NOT_ASKED,NOT_ASKED,NOT_ASKED,NOT_ASKED,WONT_ENGAGE,NO_SMELL,"[""CHECK_ENGINE""]","[""LOSS_OF_POWER"", ""UNUSUAL_NOISE""]",NONE,OUTDOOR,TODAY_USUAL,Toyota,DIESEL,TRANSMISSION_ISSUE,synthetic_template
ENGINE_PROBLEM,NOT_ASKED,NOT_ASKED,NOT_ASKED,NOT_ASKED,NOT_ASKED,NOT_ASKED,NOT_ASKED,NOT_ASKED,NOT_ASKED,NO_SMELL,"[""CHECK_ENGINE"", ""SERVICE""]","[""NO_SIGNS""]",NONE,INDOOR,OVER_WEEK,Honda,HYBRID,TRANSMISSION_ISSUE,synthetic_template
GEAR_ISSUE,NOT_ASKED,NOT_ASKED,NOT_ASKED,NOT_ASKED,NOT_ASKED,NOT_ASKED,NOT_ASKED,NOT_ASKED,WONT_ENGAGE,NO_SMELL,"[""CHECK_ENGINE"", ""SERVICE""]","[""LOSS_OF_POWER"", ""UNUSUAL_NOISE""]",WITHIN_3_DAYS,OUTDOOR,WITHIN_WEEK,Toyota,PETROL,TRANSMISSION_ISSUE,synthetic_template
GEAR_ISSUE,NOT_ASKED,NOT_ASKED,NOT_ASKED,NOT_ASKED,NOT_ASKED,NOT_ASKED,NOT_ASKED,NOT_ASKED,SLIPPING,NO_SMELL,"[""SERVICE"", ""NONE""]","[""LOSS_OF_POWER"", ""UNUSUAL_NOISE""]",NONE,OUTDOOR,WITHIN_WEEK,Mazda,PETROL,TRANSMISSION_ISSUE,synthetic_template
GEAR_ISSUE,NOT_ASKED,NOT_ASKED,NOT_ASKED,NOT_ASKED,NOT_ASKED,NOT_ASKED,NOT_ASKED,NOT_ASKED,WONT_ENGAGE,NO_SMELL,"[""CHECK_ENGINE"", ""SERVICE""]","[""LOSS_OF_POWER"", ""UNUSUAL_NOISE""]",WITHIN_3_DAYS,OUTDOOR,WITHIN_WEEK,Toyota,HYBRID,TRANSMISSION_ISSUE,synthetic_template
GEAR_ISSUE,NOT_ASKED,NOT_ASKED,NOT_ASKED,NOT_ASKED,NOT_ASKED,NOT_ASKED,NOT_ASKED,NOT_ASKED,WONT_ENGAGE,NO_SMELL,"[""NONE""]","[""NO_SIGNS""]",WITHIN_3_DAYS,OUTDOOR,WITHIN_WEEK,Mitsubishi,PETROL,TRANSMISSION_ISSUE,synthetic_template
WEIRD_BEHAVIOR,NOT_ASKED,NOT_ASKED,NOT_ASKED,NOT_ASKED,NOT_ASKED,NOT_ASKED,NOT_ASKED,NOT_ASKED,NOT_ASKED,NO_SMELL,"[""CHECK_ENGINE"", ""SERVICE""]","[""NO_SIGNS""]",WITHIN_3_DAYS,INDOOR,WITHIN_WEEK,Toyota,PETROL,TRANSMISSION_ISSUE,synthetic_template
GEAR_ISSUE,NOT_ASKED,NOT_ASKED,NOT_ASKED,NOT_ASKED,NOT_ASKED,NOT_ASKED,NOT_ASKED,NOT_ASKED,WONT_ENGAGE,NO_SMELL,"[""CHECK_ENGINE"", ""SERVICE""]","[""LOSS_OF_POWER"", ""UNUSUAL_NOISE""]",NONE,OUTDOOR,TODAY_USUAL,Toyota,PETROL,TRANSMISSION_ISSUE,synthetic_template
GEAR_ISSUE,NOT_ASKED,NOT_ASKED,NOT_ASKED,NOT_ASKED,NOT_ASKED,NOT_ASKED,NOT_ASKED,NOT_ASKED,GRINDING,NO_SMELL,"[""NONE""]","[""UNUSUAL_NOISE""]",NONE,OUTDOOR,WITHIN_WEEK,Kia,PETROL,TRANSMISSION_ISSUE,synthetic_template
WEIRD_BEHAVIOR,NOT_ASKED,NOT_ASKED,NOT_ASKED,NOT_ASKED,NOT_ASKED,NOT_ASKED,NOT_ASKED,NOT_ASKED,NOT_ASKED,NO_SMELL,"[""CHECK_ENGINE"", ""SERVICE""]","[""NO_SIGNS""]",YESTERDAY,OUTDOOR,OVER_WEEK,Mahindra,DIESEL,TRANSMISSION_ISSUE,synthetic_template
GEAR_ISSUE,NOT_ASKED,NOT_ASKED,NOT_ASKED,NOT_ASKED,NOT_ASKED,NOT_ASKED,NOT_ASKED,NOT_ASKED,WONT_ENGAGE,NO_SMELL,"[""CHECK_ENGINE"", ""SERVICE"", ""NONE""]","[""NO_SIGNS""]",WITHIN_3_DAYS,INDOOR,WITHIN_WEEK,Toyota,PETROL,TRANSMISSION_ISSUE,synthetic_template
GEAR_ISSUE,NOT_ASKED,NOT_ASKED,NOT_ASKED,NOT_ASKED,NOT_ASKED,NOT_ASKED,NOT_ASKED,NOT_ASKED,WONT_ENGAGE,NO_SMELL,"[""CHECK_ENGINE"", ""SERVICE""]","[""LOSS_OF_POWER"", ""UNUSUAL_NOISE""]",NONE,OUTDOOR,OVER_WEEK,Suzuki,PETROL,TRANSMISSION_ISSUE,synthetic_template
GEAR_ISSUE,NOT_ASKED,NOT_ASKED,NOT_ASKED,NOT_ASKED,NOT_ASKED,NOT_ASKED,NOT_ASKED,NOT_ASKED,SLIPPING,NO_SMELL,"[""CHECK_ENGINE""]","[""UNUSUAL_NOISE""]",MONSOON,INDOOR,TODAY_USUAL,Mahindra,DIESEL,TRANSMISSION_ISSUE,synthetic_template
GEAR_ISSUE,NOT_ASKED,NOT_ASKED,NOT_ASKED,NOT_ASKED,NOT_ASKED,NOT_ASKED,NOT_ASKED,NOT_ASKED,SLIPPING,BURNING_OIL,"[""CHECK_ENGINE""]","[""NO_SIGNS""]",WITHIN_3_DAYS,OUTDOOR,OVER_WEEK,Honda,HYBRID,TRANSMISSION_ISSUE,synthetic_template
