strategy,incident_id,incident_index,true_service_type,predicted_service_type,provider_id,provider_capable,matched,resolution_time_min,was_re_dispatched,posterior_entropy_bits
UADO,inc_00000,0,BATTERY_JUMP,FUEL_FILTER_CLOGGED,prov_003_TOW_LIGHT,True,False,20.141872649869573,False,
UADO,inc_00001,1,FUEL_PUMP,FUEL_FILTER_CLOGGED,prov_014_MOBILE_MECHANIC,True,False,94.41789760622487,False,
UADO,inc_00002,2,BELT_BROKEN,FUEL_FILTER_CLOGGED,prov_016_MOBILE_MECHANIC,True,False,34.96887355038789,False,
UADO,inc_00003,3,BATTERY_JUMP,FUEL_FILTER_CLOGGED,prov_002_MOBILE_MECHANIC,True,False,22.877352736057098,False,
UADO,inc_00004,4,TRANSMISSION_ISSUE,TRANSMISSION_ISSUE,prov_011_TOW_LIGHT,True,True,192.3010084876635,False,
UADO,inc_00005,5,FUEL_FILTER_CLOGGED,FUEL_FILTER_CLOGGED,prov_009_TOW_LIGHT,True,True,30.189386522194496,False,
UADO,inc_00006,6,BATTERY_JUMP,BATTERY_TERMINAL_CLEAN,prov_013_MOBILE_MECHANIC,True,False,18.017336411400287,False,
UADO,inc_00007,7,BATTERY_JUMP,STARTER_MOTOR,prov_014_MOBILE_MECHANIC,True,False,19.91292657981052,False,
UADO,inc_00008,8,ALTERNATOR_ISSUE,BELT_BROKEN,prov_002_MOBILE_MECHANIC,True,False,67.25908758272723,False,
UADO,inc_00009,9,SEVERE_MECHANICAL_TOW,FUEL_FILTER_CLOGGED,prov_009_TOW_LIGHT,False,False,79.28266835845257,True,
UADO,inc_00010,10,IGNITION_SYSTEM,FUEL_PUMP,prov_014_MOBILE_MECHANIC,True,False,67.99800250290615,False,
UADO,inc_00011,11,IGNITION_SYSTEM,FUEL_FILTER_CLOGGED,prov_015_TOW_HEAVY,True,False,67.68231398077211,False,
UADO,inc_00012,12,BATTERY_JUMP,BATTERY_TERMINAL_CLEAN,prov_017_MOBILE_MECHANIC,True,False,17.15807709480557,False,
UADO,inc_00013,13,RADIATOR_FAN_ISSUE,FUEL_FILTER_CLOGGED,prov_017_MOBILE_MECHANIC,True,False,45.27540933957896,False,
UADO,inc_00014,14,FUEL_FILTER_CLOGGED,FUEL_FILTER_CLOGGED,prov_010_TOW_LIGHT,True,True,28.1143207542654,False,
UADO,inc_00015,15,BATTERY_JUMP,BATTERY_TERMINAL_CLEAN,prov_016_MOBILE_MECHANIC,True,False,19.294383268340628,False,
UADO,inc_00016,16,BRAKE_PAD_WORN,BRAKE_PAD_WORN,prov_011_TOW_LIGHT,True,True,67.40322006743635,False,
UADO,inc_00017,17,CLUTCH_WORN,CLUTCH_WORN,prov_018_TOW_LIGHT,True,True,163.07705701267204,False,
UADO,inc_00018,18,STARTER_MOTOR,STARTER_MOTOR,prov_007_MOBILE_MECHANIC,True,True,64.7348040715624,False,
UADO,inc_00019,19,BATTERY_REPLACE,STARTER_MOTOR,prov_001_TOW_HEAVY,True,False,35.51693450386457,False,
UADO,inc_00020,20,IGNITION_SYSTEM,FUEL_FILTER_CLOGGED,prov_012_TOW_HEAVY,True,False,66.24854034964417,False,
UADO,inc_00021,21,ENGINE_OVERHEAT_SEVERE,FUEL_FILTER_CLOGGED,prov_012_TOW_HEAVY,True,False,125.96837273372402,False,
UADO,inc_00022,22,FUEL_FILTER_CLOGGED,IGNITION_SYSTEM,prov_016_MOBILE_MECHANIC,True,False,26.37660822832666,False,
UADO,inc_00023,23,TRANSMISSION_ISSUE,TRANSMISSION_ISSUE,prov_005_TOW_LIGHT,True,True,188.00725253629562,False,
UADO,inc_00024,24,SEVERE_MECHANICAL_TOW,FUEL_FILTER_CLOGGED,prov_014_MOBILE_MECHANIC,False,False,82.65432958580315,True,
UADO,inc_00025,25,CLUTCH_WORN,TRANSMISSION_ISSUE,prov_015_TOW_HEAVY,True,False,158.266653271616,False,
UADO,inc_00026,26,ALTERNATOR_ISSUE,BELT_BROKEN,prov_017_MOBILE_MECHANIC,True,False,66.77793156206647,False,
UADO,inc_00027,27,ALTERNATOR_ISSUE,FUEL_FILTER_CLOGGED,prov_016_MOBILE_MECHANIC,True,False,62.75194653564423,False,
UADO,inc_00028,28,BELT_BROKEN,FUEL_FILTER_CLOGGED,prov_009_TOW_LIGHT,True,False,31.56182373041491,False,
UADO,inc_00029,29,BATTERY_TERMINAL_CLEAN,STARTER_MOTOR,prov_012_TOW_HEAVY,True,False,15.99906039069246,False,
UADO,inc_00030,30,BRAKE_PAD_WORN,CLUTCH_WORN,prov_012_TOW_HEAVY,True,False,67.2596253639347,False,
UADO,inc_00031,31,BRAKE_PAD_WORN,BRAKE_PAD_WORN,prov_001_TOW_HEAVY,True,True,66.05333777001881,False,
UADO,inc_00032,32,BATTERY_REPLACE,BATTERY_REPLACE,prov_003_TOW_LIGHT,True,True,31.987679694105058,False,
UADO,inc_00033,33,BATTERY_REPLACE,STARTER_MOTOR,prov_016_MOBILE_MECHANIC,True,False,35.30382551644807,False,
UADO,inc_00034,34,RADIATOR_HOSE_LEAK,FUEL_FILTER_CLOGGED,prov_001_TOW_HEAVY,True,False,34.5636464716888,False,
UADO,inc_00035,35,CLUTCH_WORN,TRANSMISSION_ISSUE,prov_018_TOW_LIGHT,True,False,159.67807324302626,False,
UADO,inc_00036,36,ALTERNATOR_ISSUE,BELT_BROKEN,prov_010_TOW_LIGHT,True,False,61.42405526136701,False,
UADO,inc_00037,37,CLUTCH_WORN,TRANSMISSION_ISSUE,prov_010_TOW_LIGHT,True,False,153.3554146732129,False,
UADO,inc_00038,38,ENGINE_OVERHEAT_SEVERE,FUEL_FILTER_CLOGGED,prov_014_MOBILE_MECHANIC,False,False,168.73147799928057,True,
UADO,inc_00039,39,IGNITION_SYSTEM,FUEL_FILTER_CLOGGED,prov_014_MOBILE_MECHANIC,True,False,63.287567026551955,False,
UADO,inc_00040,40,BRAKE_PAD_WORN,BRAKE_PAD_WORN,prov_017_MOBILE_MECHANIC,True,True,66.17354361687026,False,
UADO,inc_00041,41,BATTERY_REPLACE,BATTERY_REPLACE,prov_009_TOW_LIGHT,True,True,31.61482862691777,False,
UADO,inc_00042,42,BATTERY_REPLACE,ELECTRICAL_FAULT_RAIN,prov_015_TOW_HEAVY,True,False,33.22360215414999,False,
UADO,inc_00043,43,STARTER_MOTOR,FUEL_FILTER_CLOGGED,prov_010_TOW_LIGHT,True,False,62.76141796481369,False,
UADO,inc_00044,44,BRAKE_FAILURE,BRAKE_FAILURE,prov_011_TOW_LIGHT,True,True,95.60471409827527,False,
UADO,inc_00045,45,ALTERNATOR_ISSUE,FUEL_PUMP,prov_017_MOBILE_MECHANIC,True,False,65.66180164101,False,
UADO,inc_00046,46,ENGINE_OVERHEAT_SEVERE,FUEL_FILTER_CLOGGED,prov_002_MOBILE_MECHANIC,False,False,172.49840942823,True,
UADO,inc_00047,47,BELT_BROKEN,BELT_BROKEN,prov_012_TOW_HEAVY,True,True,36.8752085554252,False,
UADO,inc_00048,48,FUEL_PUMP,FUEL_FILTER_CLOGGED,prov_011_TOW_LIGHT,True,False,91.08426343054148,False,
UADO,inc_00049,49,ENGINE_OVERHEAT_SEVERE,FUEL_FILTER_CLOGGED,prov_002_MOBILE_MECHANIC,False,False,173.00371842610443,True,
UADO,inc_00050,50,BATTERY_JUMP,BATTERY_TERMINAL_CLEAN,prov_014_MOBILE_MECHANIC,True,False,19.94417509100598,False,
UADO,inc_00051,51,TRANSMISSION_ISSUE,CLUTCH_WORN,prov_018_TOW_LIGHT,True,False,186.52224074361527,False,
UADO,inc_00052,52,BATTERY_REPLACE,ELECTRICAL_FAULT_RAIN,prov_014_MOBILE_MECHANIC,True,False,34.01039969742406,False,
UADO,inc_00053,53,BRAKE_FAILURE,BRAKE_FAILURE,prov_006_TOW_LIGHT,True,True,95.96251776641463,False,
UADO,inc_00054,54,RADIATOR_FAN_ISSUE,RADIATOR_FAN_ISSUE,prov_014_MOBILE_MECHANIC,True,True,48.282769129428104,False,
UADO,inc_00055,55,BELT_BROKEN,FUEL_FILTER_CLOGGED,prov_016_MOBILE_MECHANIC,True,False,37.7771592419655,False,
UADO,inc_00056,56,RADIATOR_FAN_ISSUE,RADIATOR_FAN_ISSUE,prov_002_MOBILE_MECHANIC,True,True,53.51195174458219,False,
UADO,inc_00057,57,FUEL_PUMP,STARTER_MOTOR,prov_011_TOW_LIGHT,True,False,91.20806923475106,False,
UADO,inc_00058,58,FUEL_PUMP,FUEL_PUMP,prov_001_TOW_HEAVY,True,True,94.80774421670552,False,
UADO,inc_00059,59,BRAKE_FAILURE,BRAKE_FAILURE,prov_012_TOW_HEAVY,True,True,97.82382071963508,False,
UADO,inc_00060,60,TRANSMISSION_ISSUE,TRANSMISSION_ISSUE,prov_005_TOW_LIGHT,True,True,181.3621412705166,False,
UADO,inc_00061,61,ALTERNATOR_ISSUE,FUEL_FILTER_CLOGGED,prov_006_TOW_LIGHT,True,False,62.43495538596618,False,
UADO,inc_00062,62,BATTERY_REPLACE,FUEL_PUMP,prov_001_TOW_HEAVY,True,False,31.925156276962408,False,
UADO,inc_00063,63,BRAKE_FAILURE,TRANSMISSION_ISSUE,prov_005_TOW_LIGHT,True,False,94.6415805588154,False,
UADO,inc_00064,64,ENGINE_OVERHEAT_SEVERE,FUEL_FILTER_CLOGGED,prov_001_TOW_HEAVY,True,False,123.89279799110903,False,
UADO,inc_00065,65,FUEL_PUMP,FUEL_PUMP,prov_011_TOW_LIGHT,True,True,91.7600162891611,False,
UADO,inc_00066,66,ALTERNATOR_ISSUE,FUEL_FILTER_CLOGGED,prov_011_TOW_LIGHT,True,False,60.850449270042034,False,
UADO,inc_00067,67,FUEL_PUMP,FUEL_PUMP,prov_005_TOW_LIGHT,True,True,93.15114384119103,False,
UADO,inc_00068,68,RADIATOR_HOSE_LEAK,FUEL_FILTER_CLOGGED,prov_005_TOW_LIGHT,True,False,39.81879973644193,False,
UADO,inc_00069,69,BATTERY_JUMP,BATTERY_TERMINAL_CLEAN,prov_010_TOW_LIGHT,True,False,20.750589224947362,False,
UADO,inc_00070,70,FUEL_PUMP,FUEL_PUMP,prov_005_TOW_LIGHT,True,True,95.59244158467486,False,
UADO,inc_00071,71,IGNITION_SYSTEM,FUEL_FILTER_CLOGGED,prov_015_TOW_HEAVY,True,False,67.96847705322858,False,
UADO,inc_00072,72,COOLANT_LOW,FUEL_FILTER_CLOGGED,prov_002_MOBILE_MECHANIC,True,False,18.000706016861315,False,
UADO,inc_00073,73,BATTERY_REPLACE,ELECTRICAL_FAULT_RAIN,prov_006_TOW_LIGHT,True,False,32.54163271593139,False,
UADO,inc_00074,74,ENGINE_OVERHEAT_SEVERE,FUEL_FILTER_CLOGGED,prov_018_TOW_LIGHT,True,False,123.34857809358721,False,
UADO,inc_00075,75,SEVERE_MECHANICAL_TOW,FUEL_FILTER_CLOGGED,prov_012_TOW_HEAVY,True,False,36.27287087458421,False,
UADO,inc_00076,76,ENGINE_OVERHEAT_SEVERE,RADIATOR_FAN_ISSUE,prov_018_TOW_LIGHT,True,False,125.95467918147037,False,
UADO,inc_00077,77,SEVERE_MECHANICAL_TOW,FUEL_FILTER_CLOGGED,prov_011_TOW_LIGHT,False,False,79.81013954619107,True,
UADO,inc_00078,78,BRAKE_PAD_WORN,BRAKE_PAD_WORN,prov_015_TOW_HEAVY,True,True,63.817390865186994,False,
UADO,inc_00079,79,COOLANT_LOW,FUEL_FILTER_CLOGGED,prov_014_MOBILE_MECHANIC,True,False,10.748433143919895,False,
UADO,inc_00080,80,BATTERY_JUMP,FUEL_PUMP,prov_015_TOW_HEAVY,True,False,15.941691148324637,False,
UADO,inc_00081,81,RADIATOR_FAN_ISSUE,COOLANT_LOW,prov_002_MOBILE_MECHANIC,True,False,51.53761827378814,False,
UADO,inc_00082,82,BRAKE_PAD_WORN,BRAKE_PAD_WORN,prov_014_MOBILE_MECHANIC,True,True,63.48993524061195,False,
UADO,inc_00083,83,BRAKE_PAD_WORN,BRAKE_PAD_WORN,prov_015_TOW_HEAVY,True,True,63.71742162986008,False,
UADO,inc_00084,84,BATTERY_JUMP,FUEL_FILTER_CLOGGED,prov_009_TOW_LIGHT,True,False,17.528528711962338,False,
UADO,inc_00085,85,FUEL_FILTER_CLOGGED,FUEL_FILTER_CLOGGED,prov_011_TOW_LIGHT,True,True,29.397856218759173,False,
UADO,inc_00086,86,BRAKE_FAILURE,CLUTCH_WORN,prov_012_TOW_HEAVY,True,False,92.32099057827635,False,
UADO,inc_00087,87,RADIATOR_HOSE_LEAK,RADIATOR_FAN_ISSUE,prov_012_TOW_HEAVY,True,False,36.9471988702895,False,
UADO,inc_00088,88,BATTERY_JUMP,FUEL_FILTER_CLOGGED,prov_012_TOW_HEAVY,True,False,19.458131836275676,False,
UADO,inc_00089,89,COOLANT_LOW,FUEL_FILTER_CLOGGED,prov_002_MOBILE_MECHANIC,True,False,17.878900192020968,False,
UADO,inc_00090,90,RADIATOR_FAN_ISSUE,FUEL_FILTER_CLOGGED,prov_017_MOBILE_MECHANIC,True,False,49.52908723776917,False,
UADO,inc_00091,91,ALTERNATOR_ISSUE,BELT_BROKEN,prov_010_TOW_LIGHT,True,False,62.56590556847622,False,
UADO,inc_00092,92,BATTERY_REPLACE,FUEL_PUMP,prov_005_TOW_LIGHT,True,False,34.44237393578466,False,
UADO,inc_00093,93,IGNITION_SYSTEM,FUEL_PUMP,prov_002_MOBILE_MECHANIC,True,False,65.796652350972,False,
UADO,inc_00094,94,BELT_BROKEN,FUEL_FILTER_CLOGGED,prov_002_MOBILE_MECHANIC,True,False,34.97058513560891,False,
UADO,inc_00095,95,TRANSMISSION_ISSUE,TRANSMISSION_ISSUE,prov_018_TOW_LIGHT,True,True,184.7847140260113,False,
UADO,inc_00096,96,TRANSMISSION_ISSUE,TRANSMISSION_ISSUE,prov_009_TOW_LIGHT,True,True,184.7248180171995,False,
UADO,inc_00097,97,COOLANT_LOW,RADIATOR_FAN_ISSUE,prov_002_MOBILE_MECHANIC,True,False,16.83918677664423,False,
UADO,inc_00098,98,STARTER_MOTOR,FUEL_FILTER_CLOGGED,prov_017_MOBILE_MECHANIC,True,False,64.22230050028222,False,
UADO,inc_00099,99,BELT_BROKEN,BELT_BROKEN,prov_012_TOW_HEAVY,True,True,36.76511334059547,False,
UADO,inc_00100,100,BATTERY_TERMINAL_CLEAN,ELECTRICAL_FAULT_RAIN,prov_002_MOBILE_MECHANIC,True,False,14.33304830241402,False,
UADO,inc_00101,101,BRAKE_FAILURE,BRAKE_FAILURE,prov_001_TOW_HEAVY,True,True,91.44456731412515,False,
UADO,inc_00102,102,BATTERY_REPLACE,FUEL_PUMP,prov_002_MOBILE_MECHANIC,True,False,37.364687926672644,False,
UADO,inc_00103,103,BATTERY_REPLACE,FUEL_PUMP,prov_002_MOBILE_MECHANIC,True,False,31.439093378694817,False,
UADO,inc_00104,104,BATTERY_JUMP,FUEL_FILTER_CLOGGED,prov_018_TOW_LIGHT,True,False,20.69807039242076,False,
UADO,inc_00105,105,TRANSMISSION_ISSUE,CLUTCH_WORN,prov_011_TOW_LIGHT,True,False,185.77417663757421,False,
UADO,inc_00106,106,ALTERNATOR_ISSUE,BELT_BROKEN,prov_002_MOBILE_MECHANIC,True,False,63.08638576912375,False,
UADO,inc_00107,107,SEVERE_MECHANICAL_TOW,FUEL_FILTER_CLOGGED,prov_016_MOBILE_MECHANIC,False,False,82.0540531264576,True,
UADO,inc_00108,108,IGNITION_SYSTEM,FUEL_PUMP,prov_017_MOBILE_MECHANIC,True,False,65.77327091882034,False,
UADO,inc_00109,109,BRAKE_PAD_WORN,BRAKE_PAD_WORN,prov_012_TOW_HEAVY,True,True,61.56615866052865,False,
UADO,inc_00110,110,CLUTCH_WORN,TRANSMISSION_ISSUE,prov_010_TOW_LIGHT,True,False,151.74812506930863,False,
UADO,inc_00111,111,SEVERE_MECHANICAL_TOW,FUEL_FILTER_CLOGGED,prov_001_TOW_HEAVY,True,False,32.71295618280891,False,
UADO,inc_00112,112,BATTERY_JUMP,FUEL_FILTER_CLOGGED,prov_012_TOW_HEAVY,True,False,16.577733988978284,False,
UADO,inc_00113,113,BRAKE_PAD_WORN,CLUTCH_WORN,prov_018_TOW_LIGHT,True,False,64.0049940274109,False,
UADO,inc_00114,114,COOLANT_LOW,RADIATOR_FAN_ISSUE,prov_011_TOW_LIGHT,True,False,11.270224257098729,False,
UADO,inc_00115,115,ELECTRICAL_FAULT_RAIN,BATTERY_JUMP,prov_012_TOW_HEAVY,True,False,92.83356855893743,False,
UADO,inc_00116,116,STARTER_MOTOR,BATTERY_TERMINAL_CLEAN,prov_014_MOBILE_MECHANIC,True,False,65.7281926065268,False,
UADO,inc_00117,117,BATTERY_TERMINAL_CLEAN,SEVERE_MECHANICAL_TOW,prov_001_TOW_HEAVY,True,False,23.583717530443437,False,
UADO,inc_00118,118,BATTERY_JUMP,BATTERY_REPLACE,prov_011_TOW_LIGHT,True,False,17.848708617440742,False,
UADO,inc_00119,119,CLUTCH_WORN,TRANSMISSION_ISSUE,prov_015_TOW_HEAVY,True,False,157.38794762908876,False,
UADO,inc_00120,120,ALTERNATOR_ISSUE,BELT_BROKEN,prov_005_TOW_LIGHT,True,False,64.74933762317319,False,
UADO,inc_00121,121,BRAKE_FAILURE,CLUTCH_WORN,prov_005_TOW_LIGHT,True,False,99.59453274905776,False,
UADO,inc_00122,122,BRAKE_PAD_WORN,BRAKE_PAD_WORN,prov_002_MOBILE_MECHANIC,True,True,61.54053486741487,False,
UADO,inc_00123,123,CLUTCH_WORN,TRANSMISSION_ISSUE,prov_018_TOW_LIGHT,True,False,156.90136690272217,False,
UADO,inc_00124,124,RADIATOR_HOSE_LEAK,COOLANT_LOW,prov_015_TOW_HEAVY,True,False,30.920877183718357,False,
UADO,inc_00125,125,SEVERE_MECHANICAL_TOW,BELT_BROKEN,prov_002_MOBILE_MECHANIC,False,False,77.76303784585023,True,
UADO,inc_00126,126,BATTERY_REPLACE,ELECTRICAL_FAULT_RAIN,prov_012_TOW_HEAVY,True,False,36.348985233326914,False,
UADO,inc_00127,127,BATTERY_JUMP,STARTER_MOTOR,prov_002_MOBILE_MECHANIC,True,False,19.590283399191904,False,
UADO,inc_00128,128,CLUTCH_WORN,TRANSMISSION_ISSUE,prov_011_TOW_LIGHT,True,False,159.89260990959764,False,
UADO,inc_00129,129,BATTERY_JUMP,FUEL_FILTER_CLOGGED,prov_005_TOW_LIGHT,True,False,16.76442848081165,False,
UADO,inc_00130,130,COOLANT_LOW,FUEL_FILTER_CLOGGED,prov_002_MOBILE_MECHANIC,True,False,14.530827547626561,False,
UADO,inc_00131,131,FUEL_PUMP,FUEL_PUMP,prov_009_TOW_LIGHT,True,True,95.92898847212324,False,
UADO,inc_00132,132,SEVERE_MECHANICAL_TOW,BELT_BROKEN,prov_001_TOW_HEAVY,True,False,36.724514825437936,False,
UADO,inc_00133,133,ENGINE_OVERHEAT_SEVERE,FUEL_FILTER_CLOGGED,prov_009_TOW_LIGHT,True,False,123.43365910406573,False,
UADO,inc_00134,134,ALTERNATOR_ISSUE,BELT_BROKEN,prov_001_TOW_HEAVY,True,False,67.51705098545547,False,
UADO,inc_00135,135,BATTERY_JUMP,BATTERY_REPLACE,prov_001_TOW_HEAVY,True,False,18.48035238731267,False,
UADO,inc_00136,136,SEVERE_MECHANICAL_TOW,FUEL_FILTER_CLOGGED,prov_007_MOBILE_MECHANIC,False,False,76.97477106925109,True,
UADO,inc_00137,137,CLUTCH_WORN,TRANSMISSION_ISSUE,prov_010_TOW_LIGHT,True,False,155.60121274244648,False,
UADO,inc_00138,138,FUEL_FILTER_CLOGGED,IGNITION_SYSTEM,prov_012_TOW_HEAVY,True,False,29.083106919598496,False,
UADO,inc_00139,139,BRAKE_FAILURE,CLUTCH_WORN,prov_006_TOW_LIGHT,True,False,92.65472913019424,False,
UADO,inc_00140,140,STARTER_MOTOR,FUEL_FILTER_CLOGGED,prov_006_TOW_LIGHT,True,False,63.05773953856755,False,
UADO,inc_00141,141,BATTERY_REPLACE,FUEL_PUMP,prov_001_TOW_HEAVY,True,False,36.33218358549468,False,
UADO,inc_00142,142,SEVERE_MECHANICAL_TOW,FUEL_FILTER_CLOGGED,prov_001_TOW_HEAVY,True,False,38.28033287910878,False,
UADO,inc_00143,143,FUEL_PUMP,FUEL_FILTER_CLOGGED,prov_011_TOW_LIGHT,True,False,97.36097244604359,False,
UADO,inc_00144,144,FUEL_FILTER_CLOGGED,IGNITION_SYSTEM,prov_012_TOW_HEAVY,True,False,28.432409064356378,False,
UADO,inc_00145,145,ELECTRICAL_FAULT_RAIN,ELECTRICAL_FAULT_RAIN,prov_012_TOW_HEAVY,True,True,94.89214320253971,False,
UADO,inc_00146,146,BRAKE_PAD_WORN,BRAKE_PAD_WORN,prov_001_TOW_HEAVY,True,True,64.99770077654398,False,
UADO,inc_00147,147,IGNITION_SYSTEM,FUEL_FILTER_CLOGGED,prov_006_TOW_LIGHT,True,False,64.286523455967,False,
UADO,inc_00148,148,ALTERNATOR_ISSUE,FUEL_FILTER_CLOGGED,prov_007_MOBILE_MECHANIC,True,False,61.34221316504367,False,
UADO,inc_00149,149,BATTERY_JUMP,FUEL_FILTER_CLOGGED,prov_005_TOW_LIGHT,True,False,21.07688839760645,False,
UADO,inc_00150,150,BRAKE_FAILURE,CLUTCH_WORN,prov_001_TOW_HEAVY,True,False,95.31923722069867,False,
UADO,inc_00151,151,STARTER_MOTOR,FUEL_FILTER_CLOGGED,prov_012_TOW_HEAVY,True,False,65.08000114336589,False,
UADO,inc_00152,152,RADIATOR_FAN_ISSUE,RADIATOR_FAN_ISSUE,prov_012_TOW_HEAVY,True,True,52.134580369934696,False,
UADO,inc_00153,153,FUEL_FILTER_CLOGGED,FUEL_FILTER_CLOGGED,prov_001_TOW_HEAVY,True,True,27.044104434543506,False,
UADO,inc_00154,154,COOLANT_LOW,COOLANT_LOW,prov_009_TOW_LIGHT,True,True,12.65289687243855,False,
UADO,inc_00155,155,BATTERY_REPLACE,FUEL_PUMP,prov_006_TOW_LIGHT,True,False,34.02014422899513,False,
UADO,inc_00156,156,BRAKE_PAD_WORN,BRAKE_PAD_WORN,prov_005_TOW_LIGHT,True,True,62.093328148210176,False,
UADO,inc_00157,157,BRAKE_FAILURE,CLUTCH_WORN,prov_009_TOW_LIGHT,True,False,90.96073078293074,False,
UADO,inc_00158,158,BELT_BROKEN,FUEL_FILTER_CLOGGED,prov_010_TOW_LIGHT,True,False,30.823713433592953,False,
UADO,inc_00159,159,BATTERY_JUMP,BATTERY_REPLACE,prov_002_MOBILE_MECHANIC,True,False,18.583903159119807,False,
UADO,inc_00160,160,ALTERNATOR_ISSUE,BELT_BROKEN,prov_001_TOW_HEAVY,True,False,63.00419552098124,False,
UADO,inc_00161,161,BATTERY_JUMP,FUEL_PUMP,prov_011_TOW_LIGHT,True,False,18.081733577624703,False,
UADO,inc_00162,162,IGNITION_SYSTEM,STARTER_MOTOR,prov_001_TOW_HEAVY,True,False,66.79903368758488,False,
UADO,inc_00163,163,FUEL_FILTER_CLOGGED,FUEL_FILTER_CLOGGED,prov_013_MOBILE_MECHANIC,True,True,25.35519946558368,False,
UADO,inc_00164,164,IGNITION_SYSTEM,FUEL_PUMP,prov_011_TOW_LIGHT,True,False,62.69156078180622,False,
UADO,inc_00165,165,BRAKE_PAD_WORN,CLUTCH_WORN,prov_006_TOW_LIGHT,True,False,69.07178934954132,False,
UADO,inc_00166,166,BATTERY_REPLACE,STARTER_MOTOR,prov_002_MOBILE_MECHANIC,True,False,34.33501370036875,False,
UADO,inc_00167,167,COOLANT_LOW,COOLANT_LOW,prov_002_MOBILE_MECHANIC,True,True,12.997628939121217,False,
UADO,inc_00168,168,ALTERNATOR_ISSUE,FUEL_FILTER_CLOGGED,prov_005_TOW_LIGHT,True,False,67.69491573721247,False,
UADO,inc_00169,169,STARTER_MOTOR,BATTERY_REPLACE,prov_003_TOW_LIGHT,True,False,62.68155403044064,False,
UADO,inc_00170,170,COOLANT_LOW,FUEL_FILTER_CLOGGED,prov_002_MOBILE_MECHANIC,True,False,17.027808136217505,False,
UADO,inc_00171,171,FUEL_PUMP,FUEL_PUMP,prov_005_TOW_LIGHT,True,True,98.4582120552679,False,
UADO,inc_00172,172,BRAKE_PAD_WORN,BRAKE_PAD_WORN,prov_010_TOW_LIGHT,True,True,64.08556814223265,False,
UADO,inc_00173,173,SEVERE_MECHANICAL_TOW,FUEL_FILTER_CLOGGED,prov_005_TOW_LIGHT,False,False,81.36293021981116,True,
UADO,inc_00174,174,IGNITION_SYSTEM,FUEL_FILTER_CLOGGED,prov_002_MOBILE_MECHANIC,True,False,69.5860750674341,False,
UADO,inc_00175,175,BELT_BROKEN,FUEL_FILTER_CLOGGED,prov_015_TOW_HEAVY,True,False,34.45645930061388,False,
UADO,inc_00176,176,ALTERNATOR_ISSUE,FUEL_FILTER_CLOGGED,prov_002_MOBILE_MECHANIC,True,False,63.608526413314884,False,
UADO,inc_00177,177,ELECTRICAL_FAULT_RAIN,STARTER_MOTOR,prov_011_TOW_LIGHT,True,False,90.96357083168645,False,
UADO,inc_00178,178,ALTERNATOR_ISSUE,BELT_BROKEN,prov_005_TOW_LIGHT,True,False,64.64743160595026,False,
UADO,inc_00179,179,BRAKE_PAD_WORN,TRANSMISSION_ISSUE,prov_006_TOW_LIGHT,True,False,70.48268538494136,False,
UADO,inc_00180,180,BATTERY_JUMP,BATTERY_TERMINAL_CLEAN,prov_002_MOBILE_MECHANIC,True,False,20.944341070652264,False,
UADO,inc_00181,181,COOLANT_LOW,FUEL_FILTER_CLOGGED,prov_007_MOBILE_MECHANIC,True,False,12.591433884048358,False,
UADO,inc_00182,182,BATTERY_REPLACE,SEVERE_MECHANICAL_TOW,prov_001_TOW_HEAVY,True,False,45.89540583189306,False,
UADO,inc_00183,183,BRAKE_PAD_WORN,BRAKE_PAD_WORN,prov_014_MOBILE_MECHANIC,True,True,62.83639717491518,False,
UADO,inc_00184,184,BELT_BROKEN,FUEL_FILTER_CLOGGED,prov_017_MOBILE_MECHANIC,True,False,37.29981102068666,False,
UADO,inc_00185,185,BRAKE_PAD_WORN,BRAKE_PAD_WORN,prov_009_TOW_LIGHT,True,True,63.537428213277394,False,
UADO,inc_00186,186,BRAKE_FAILURE,CLUTCH_WORN,prov_012_TOW_HEAVY,True,False,99.35107223857337,False,
UADO,inc_00187,187,ELECTRICAL_FAULT_RAIN,STARTER_MOTOR,prov_007_MOBILE_MECHANIC,True,False,92.15592767075628,False,
UADO,inc_00188,188,CLUTCH_WORN,TRANSMISSION_ISSUE,prov_012_TOW_HEAVY,True,False,159.9310045049738,False,
UADO,inc_00189,189,IGNITION_SYSTEM,FUEL_FILTER_CLOGGED,prov_010_TOW_LIGHT,True,False,63.725959115275735,False,
UADO,inc_00190,190,SEVERE_MECHANICAL_TOW,FUEL_FILTER_CLOGGED,prov_010_TOW_LIGHT,False,False,75.13823645560043,True,
UADO,inc_00191,191,BATTERY_JUMP,FUEL_PUMP,prov_005_TOW_LIGHT,True,False,21.51718934777643,False,
UADO,inc_00192,192,CLUTCH_WORN,TRANSMISSION_ISSUE,prov_010_TOW_LIGHT,True,False,154.51984851097546,False,
UADO,inc_00193,193,BATTERY_JUMP,FUEL_PUMP,prov_010_TOW_LIGHT,True,False,17.655568203896006,False,
UADO,inc_00194,194,BATTERY_TERMINAL_CLEAN,BATTERY_TERMINAL_CLEAN,prov_015_TOW_HEAVY,True,True,16.39351919711971,False,
UADO,inc_00195,195,BATTERY_TERMINAL_CLEAN,STARTER_MOTOR,prov_001_TOW_HEAVY,True,False,15.425125990527263,False,
UADO,inc_00196,196,RADIATOR_FAN_ISSUE,RADIATOR_FAN_ISSUE,prov_014_MOBILE_MECHANIC,True,True,49.51507330508629,False,
UADO,inc_00197,197,TRANSMISSION_ISSUE,TRANSMISSION_ISSUE,prov_011_TOW_LIGHT,True,True,183.88850978570142,False,
UADO,inc_00198,198,TRANSMISSION_ISSUE,TRANSMISSION_ISSUE,prov_005_TOW_LIGHT,True,True,185.59294363869486,False,
UADO,inc_00199,199,TRANSMISSION_ISSUE,TRANSMISSION_ISSUE,prov_010_TOW_LIGHT,True,True,181.76064941744224,False,
UADO,inc_00200,200,BATTERY_JUMP,FUEL_PUMP,prov_001_TOW_HEAVY,True,False,16.298242909500388,False,
UADO,inc_00201,201,IGNITION_SYSTEM,STARTER_MOTOR,prov_005_TOW_LIGHT,True,False,65.57825003414972,False,
UADO,inc_00202,202,IGNITION_SYSTEM,FUEL_PUMP,prov_012_TOW_HEAVY,True,False,62.695002703169116,False,
UADO,inc_00203,203,IGNITION_SYSTEM,STARTER_MOTOR,prov_005_TOW_LIGHT,True,False,61.11836439896187,False,
UADO,inc_00204,204,BATTERY_REPLACE,BATTERY_REPLACE,prov_015_TOW_HEAVY,True,True,38.873807416799046,False,
UADO,inc_00205,205,ENGINE_OVERHEAT_SEVERE,RADIATOR_FAN_ISSUE,prov_014_MOBILE_MECHANIC,False,False,171.43825312609067,True,
UADO,inc_00206,206,SEVERE_MECHANICAL_TOW,FUEL_FILTER_CLOGGED,prov_005_TOW_LIGHT,False,False,82.18914679641378,True,
UADO,inc_00207,207,BATTERY_TERMINAL_CLEAN,STARTER_MOTOR,prov_009_TOW_LIGHT,True,False,13.657453844248149,False,
UADO,inc_00208,208,BATTERY_JUMP,FUEL_FILTER_CLOGGED,prov_012_TOW_HEAVY,True,False,20.114399256694284,False,
UADO,inc_00209,209,STARTER_MOTOR,FUEL_FILTER_CLOGGED,prov_011_TOW_LIGHT,True,False,61.99942321195545,False,
UADO,inc_00210,210,TRANSMISSION_ISSUE,TRANSMISSION_ISSUE,prov_005_TOW_LIGHT,True,True,183.5986324249587,False,
UADO,inc_00211,211,FUEL_PUMP,BATTERY_TERMINAL_CLEAN,prov_011_TOW_LIGHT,True,False,94.23379294737676,False,
UADO,inc_00212,212,BATTERY_JUMP,BATTERY_TERMINAL_CLEAN,prov_013_MOBILE_MECHANIC,True,False,17.746935084675886,False,
UADO,inc_00213,213,ALTERNATOR_ISSUE,FUEL_FILTER_CLOGGED,prov_002_MOBILE_MECHANIC,True,False,68.54494063995091,False,
UADO,inc_00214,214,COOLANT_LOW,FUEL_FILTER_CLOGGED,prov_002_MOBILE_MECHANIC,True,False,17.68343793559996,False,
UADO,inc_00215,215,BATTERY_TERMINAL_CLEAN,BATTERY_TERMINAL_CLEAN,prov_017_MOBILE_MECHANIC,True,True,15.249760202486538,False,
UADO,inc_00216,216,TRANSMISSION_ISSUE,TRANSMISSION_ISSUE,prov_001_TOW_HEAVY,True,True,183.53638676250466,False,
UADO,inc_00217,217,RADIATOR_HOSE_LEAK,RADIATOR_FAN_ISSUE,prov_018_TOW_LIGHT,True,False,41.37082465842548,False,
UADO,inc_00218,218,FUEL_FILTER_CLOGGED,FUEL_FILTER_CLOGGED,prov_011_TOW_LIGHT,True,True,32.41440232584002,False,
UADO,inc_00219,219,ELECTRICAL_FAULT_RAIN,SEVERE_MECHANICAL_TOW,prov_015_TOW_HEAVY,True,False,90.95637895152952,False,
UADO,inc_00220,220,BRAKE_PAD_WORN,CLUTCH_WORN,prov_005_TOW_LIGHT,True,False,66.09612009329877,False,
UADO,inc_00221,221,BATTERY_REPLACE,ELECTRICAL_FAULT_RAIN,prov_002_MOBILE_MECHANIC,True,False,32.924330798748706,False,
UADO,inc_00222,222,BATTERY_JUMP,STARTER_MOTOR,prov_007_MOBILE_MECHANIC,True,False,15.935748219293128,False,
UADO,inc_00223,223,BATTERY_JUMP,BATTERY_REPLACE,prov_002_MOBILE_MECHANIC,True,False,22.337959123319926,False,
UADO,inc_00224,224,BATTERY_TERMINAL_CLEAN,STARTER_MOTOR,prov_010_TOW_LIGHT,True,False,13.819061380067332,False,
UADO,inc_00225,225,BATTERY_REPLACE,BATTERY_JUMP,prov_001_TOW_HEAVY,True,False,36.44448453012356,False,
UADO,inc_00226,226,SEVERE_MECHANICAL_TOW,BELT_BROKEN,prov_001_TOW_HEAVY,True,False,35.85771190778088,False,
UADO,inc_00227,227,STARTER_MOTOR,FUEL_FILTER_CLOGGED,prov_001_TOW_HEAVY,True,False,64.46492344005746,False,
UADO,inc_00228,228,BRAKE_FAILURE,TRANSMISSION_ISSUE,prov_012_TOW_HEAVY,True,False,97.47097929997162,False,
UADO,inc_00229,229,FUEL_FILTER_CLOGGED,FUEL_FILTER_CLOGGED,prov_014_MOBILE_MECHANIC,True,True,32.815293674478255,False,
UADO,inc_00230,230,BATTERY_JUMP,FUEL_FILTER_CLOGGED,prov_018_TOW_LIGHT,True,False,15.662622723498153,False,
UADO,inc_00231,231,BRAKE_FAILURE,BRAKE_FAILURE,prov_009_TOW_LIGHT,True,True,95.72910513904532,False,
UADO,inc_00232,232,BRAKE_PAD_WORN,CLUTCH_WORN,prov_015_TOW_HEAVY,True,False,69.52799479681899,False,
UADO,inc_00233,233,BATTERY_REPLACE,SEVERE_MECHANICAL_TOW,prov_012_TOW_HEAVY,True,False,40.735401230655725,False,
UADO,inc_00234,234,CLUTCH_WORN,CLUTCH_WORN,prov_018_TOW_LIGHT,True,True,156.28545624826924,False,
UADO,inc_00235,235,ELECTRICAL_FAULT_RAIN,STARTER_MOTOR,prov_012_TOW_HEAVY,True,False,95.42922636616821,False,
UADO,inc_00236,236,STARTER_MOTOR,BATTERY_TERMINAL_CLEAN,prov_016_MOBILE_MECHANIC,True,False,61.77942993398162,False,
UADO,inc_00237,237,FUEL_FILTER_CLOGGED,FUEL_FILTER_CLOGGED,prov_014_MOBILE_MECHANIC,True,True,34.808385685660085,False,
UADO,inc_00238,238,ENGINE_OVERHEAT_SEVERE,RADIATOR_FAN_ISSUE,prov_012_TOW_HEAVY,True,False,129.58863428197625,False,
UADO,inc_00239,239,BATTERY_JUMP,FUEL_PUMP,prov_012_TOW_HEAVY,True,False,19.265170309432982,False,
UADO,inc_00240,240,RADIATOR_FAN_ISSUE,FUEL_FILTER_CLOGGED,prov_015_TOW_HEAVY,True,False,49.85567859413154,False,
UADO,inc_00241,241,BATTERY_JUMP,FUEL_FILTER_CLOGGED,prov_012_TOW_HEAVY,True,False,23.146551731618707,False,
UADO,inc_00242,242,SEVERE_MECHANICAL_TOW,BELT_BROKEN,prov_001_TOW_HEAVY,True,False,36.7135180080887,False,
UADO,inc_00243,243,BATTERY_JUMP,FUEL_FILTER_CLOGGED,prov_001_TOW_HEAVY,True,False,17.352203481489816,False,
UADO,inc_00244,244,ALTERNATOR_ISSUE,FUEL_FILTER_CLOGGED,prov_012_TOW_HEAVY,True,False,69.63078017606361,False,
UADO,inc_00245,245,STARTER_MOTOR,STARTER_MOTOR,prov_016_MOBILE_MECHANIC,True,True,64.59596082068887,False,
UADO,inc_00246,246,BRAKE_FAILURE,BRAKE_FAILURE,prov_012_TOW_HEAVY,True,True,99.54919570016887,False,
UADO,inc_00247,247,BATTERY_JUMP,BATTERY_TERMINAL_CLEAN,prov_001_TOW_HEAVY,True,False,20.05458618454464,False,
UADO,inc_00248,248,CLUTCH_WORN,CLUTCH_WORN,prov_005_TOW_LIGHT,True,True,155.680955796625,False,
UADO,inc_00249,249,BRAKE_PAD_WORN,CLUTCH_WORN,prov_005_TOW_LIGHT,True,False,62.52838884391961,False,
UADO,inc_00250,250,ALTERNATOR_ISSUE,BELT_BROKEN,prov_012_TOW_HEAVY,True,False,63.705903736621224,False,
UADO,inc_00251,251,BRAKE_PAD_WORN,BRAKE_PAD_WORN,prov_005_TOW_LIGHT,True,True,66.31554628260085,False,
UADO,inc_00252,252,BATTERY_JUMP,FUEL_FILTER_CLOGGED,prov_005_TOW_LIGHT,True,False,21.627283212126883,False,
UADO,inc_00253,253,BRAKE_FAILURE,CLUTCH_WORN,prov_015_TOW_HEAVY,True,False,95.19183851497338,False,
UADO,inc_00254,254,BATTERY_JUMP,STARTER_MOTOR,prov_001_TOW_HEAVY,True,False,17.066369280302,False,
UADO,inc_00255,255,BRAKE_PAD_WORN,CLUTCH_WORN,prov_012_TOW_HEAVY,True,False,64.95693888784447,False,
UADO,inc_00256,256,ALTERNATOR_ISSUE,FUEL_FILTER_CLOGGED,prov_016_MOBILE_MECHANIC,True,False,60.827161413794435,False,
UADO,inc_00257,257,BATTERY_REPLACE,SEVERE_MECHANICAL_TOW,prov_001_TOW_HEAVY,True,False,41.100141147911366,False,
UADO,inc_00258,258,BATTERY_REPLACE,ELECTRICAL_FAULT_RAIN,prov_014_MOBILE_MECHANIC,True,False,37.37318597743407,False,
UADO,inc_00259,259,BRAKE_PAD_WORN,BRAKE_PAD_WORN,prov_001_TOW_HEAVY,True,True,68.13072209329755,False,
UADO,inc_00260,260,COOLANT_LOW,FUEL_FILTER_CLOGGED,prov_016_MOBILE_MECHANIC,True,False,12.004850676089529,False,
UADO,inc_00261,261,SEVERE_MECHANICAL_TOW,BELT_BROKEN,prov_002_MOBILE_MECHANIC,False,False,78.67703976678246,True,
UADO,inc_00262,262,RADIATOR_HOSE_LEAK,COOLANT_LOW,prov_014_MOBILE_MECHANIC,True,False,33.1017310241177,False,
UADO,inc_00263,263,BATTERY_REPLACE,FUEL_PUMP,prov_012_TOW_HEAVY,True,False,32.82305843099938,False,
UADO,inc_00264,264,SEVERE_MECHANICAL_TOW,FUEL_FILTER_CLOGGED,prov_005_TOW_LIGHT,False,False,77.94271529662291,True,
UADO,inc_00265,265,BATTERY_TERMINAL_CLEAN,ELECTRICAL_FAULT_RAIN,prov_013_MOBILE_MECHANIC,True,False,12.727727360462477,False,
UADO,inc_00266,266,BATTERY_JUMP,FUEL_FILTER_CLOGGED,prov_002_MOBILE_MECHANIC,True,False,21.87750577992306,False,
UADO,inc_00267,267,BATTERY_JUMP,FUEL_FILTER_CLOGGED,prov_011_TOW_LIGHT,True,False,18.896491221596456,False,
UADO,inc_00268,268,IGNITION_SYSTEM,FUEL_FILTER_CLOGGED,prov_010_TOW_LIGHT,True,False,60.37827109595354,False,
UADO,inc_00269,269,BATTERY_REPLACE,BATTERY_TERMINAL_CLEAN,prov_009_TOW_LIGHT,True,False,32.303119766709244,False,
UADO,inc_00270,270,SEVERE_MECHANICAL_TOW,IGNITION_SYSTEM,prov_012_TOW_HEAVY,True,False,41.241299981868735,False,
UADO,inc_00271,271,BATTERY_REPLACE,BATTERY_JUMP,prov_002_MOBILE_MECHANIC,True,False,38.10800068805536,False,
UADO,inc_00272,272,ENGINE_OVERHEAT_SEVERE,RADIATOR_FAN_ISSUE,prov_009_TOW_LIGHT,True,False,122.03429247311423,False,
UADO,inc_00273,273,BATTERY_JUMP,BATTERY_REPLACE,prov_009_TOW_LIGHT,True,False,18.193253679120378,False,
UADO,inc_00274,274,BATTERY_REPLACE,SEVERE_MECHANICAL_TOW,prov_001_TOW_HEAVY,True,False,45.24912857516388,False,
UADO,inc_00275,275,ELECTRICAL_FAULT_RAIN,SEVERE_MECHANICAL_TOW,prov_012_TOW_HEAVY,True,False,98.28323493885729,False,
UADO,inc_00276,276,BATTERY_REPLACE,SEVERE_MECHANICAL_TOW,prov_001_TOW_HEAVY,True,False,33.60258994191822,False,
UADO,inc_00277,277,BATTERY_REPLACE,STARTER_MOTOR,prov_002_MOBILE_MECHANIC,True,False,34.561695657605455,False,
UADO,inc_00278,278,FUEL_PUMP,FUEL_FILTER_CLOGGED,prov_001_TOW_HEAVY,True,False,94.17033036852578,False,
UADO,inc_00279,279,BATTERY_JUMP,FUEL_PUMP,prov_005_TOW_LIGHT,True,False,23.6047550990572,False,
UADO,inc_00280,280,BATTERY_JUMP,STARTER_MOTOR,prov_012_TOW_HEAVY,True,False,21.98696395734984,False,
UADO,inc_00281,281,BATTERY_REPLACE,STARTER_MOTOR,prov_018_TOW_LIGHT,True,False,31.87402520410889,False,
UADO,inc_00282,282,ALTERNATOR_ISSUE,BELT_BROKEN,prov_015_TOW_HEAVY,True,False,63.13901574319939,False,
UADO,inc_00283,283,BELT_BROKEN,BELT_BROKEN,prov_013_MOBILE_MECHANIC,True,True,32.36416987147766,False,
UADO,inc_00284,284,IGNITION_SYSTEM,FUEL_FILTER_CLOGGED,prov_005_TOW_LIGHT,True,False,67.68357820955715,False,
UADO,inc_00285,285,STARTER_MOTOR,STARTER_MOTOR,prov_016_MOBILE_MECHANIC,True,True,63.68543657810165,False,
UADO,inc_00286,286,CLUTCH_WORN,TRANSMISSION_ISSUE,prov_005_TOW_LIGHT,True,False,156.168387733635,False,
UADO,inc_00287,287,ALTERNATOR_ISSUE,BELT_BROKEN,prov_012_TOW_HEAVY,True,False,67.90902256636714,False,
UADO,inc_00288,288,CLUTCH_WORN,TRANSMISSION_ISSUE,prov_011_TOW_LIGHT,True,False,158.7103343964567,False,
UADO,inc_00289,289,BATTERY_JUMP,BATTERY_REPLACE,prov_009_TOW_LIGHT,True,False,18.561427071748938,False,
UADO,inc_00290,290,FUEL_FILTER_CLOGGED,FUEL_FILTER_CLOGGED,prov_012_TOW_HEAVY,True,True,31.58281389317137,False,
UADO,inc_00291,291,FUEL_PUMP,FUEL_FILTER_CLOGGED,prov_015_TOW_HEAVY,True,False,95.53646621035507,False,
UADO,inc_00292,292,SEVERE_MECHANICAL_TOW,BELT_BROKEN,prov_001_TOW_HEAVY,True,False,42.40044479333588,False,
UADO,inc_00293,293,IGNITION_SYSTEM,FUEL_PUMP,prov_002_MOBILE_MECHANIC,True,False,62.23678240973539,False,
UADO,inc_00294,294,TRANSMISSION_ISSUE,TRANSMISSION_ISSUE,prov_005_TOW_LIGHT,True,True,186.0663705117393,False,
UADO,inc_00295,295,BATTERY_JUMP,FUEL_FILTER_CLOGGED,prov_002_MOBILE_MECHANIC,True,False,18.437889675888474,False,
UADO,inc_00296,296,BATTERY_REPLACE,SEVERE_MECHANICAL_TOW,prov_001_TOW_HEAVY,True,False,44.72456504450852,False,
UADO,inc_00297,297,IGNITION_SYSTEM,FUEL_PUMP,prov_014_MOBILE_MECHANIC,True,False,64.25941666020462,False,
UADO,inc_00298,298,BATTERY_REPLACE,SEVERE_MECHANICAL_TOW,prov_001_TOW_HEAVY,True,False,34.25272741721053,False,
UADO,inc_00299,299,TRANSMISSION_ISSUE,TRANSMISSION_ISSUE,prov_012_TOW_HEAVY,True,True,183.22755759631258,False,
UADO,inc_00300,300,TRANSMISSION_ISSUE,TRANSMISSION_ISSUE,prov_005_TOW_LIGHT,True,True,185.1542203733398,False,
UADO,inc_00301,301,BRAKE_PAD_WORN,CLUTCH_WORN,prov_006_TOW_LIGHT,True,False,68.31922075284717,False,
UADO,inc_00302,302,BRAKE_PAD_WORN,BRAKE_PAD_WORN,prov_002_MOBILE_MECHANIC,True,True,64.6706783337693,False,
UADO,inc_00303,303,IGNITION_SYSTEM,FUEL_FILTER_CLOGGED,prov_006_TOW_LIGHT,True,False,63.361545031139315,False,
UADO,inc_00304,304,STARTER_MOTOR,BATTERY_REPLACE,prov_011_TOW_LIGHT,True,False,60.15216335631943,False,
UADO,inc_00305,305,COOLANT_LOW,FUEL_FILTER_CLOGGED,prov_001_TOW_HEAVY,True,False,11.308124264726633,False,
UADO,inc_00306,306,BATTERY_JUMP,FUEL_FILTER_CLOGGED,prov_015_TOW_HEAVY,True,False,18.308813020669305,False,
UADO,inc_00307,307,BELT_BROKEN,BELT_BROKEN,prov_002_MOBILE_MECHANIC,True,True,33.229668741699925,False,
UADO,inc_00308,308,BELT_BROKEN,FUEL_FILTER_CLOGGED,prov_002_MOBILE_MECHANIC,True,False,38.79580636046174,False,
UADO,inc_00309,309,TRANSMISSION_ISSUE,CLUTCH_WORN,prov_001_TOW_HEAVY,True,False,183.32372160162677,False,
UADO,inc_00310,310,SEVERE_MECHANICAL_TOW,FUEL_FILTER_CLOGGED,prov_012_TOW_HEAVY,True,False,39.98637840075384,False,
UADO,inc_00311,311,BATTERY_REPLACE,ELECTRICAL_FAULT_RAIN,prov_005_TOW_LIGHT,True,False,36.55442563854249,False,
UADO,inc_00312,312,TRANSMISSION_ISSUE,TRANSMISSION_ISSUE,prov_018_TOW_LIGHT,True,True,185.47155702576288,False,
UADO,inc_00313,313,IGNITION_SYSTEM,FUEL_PUMP,prov_005_TOW_LIGHT,True,False,65.64630295977778,False,
UADO,inc_00314,314,CLUTCH_WORN,TRANSMISSION_ISSUE,prov_012_TOW_HEAVY,True,False,153.57966961977542,False,
UADO,inc_00315,315,TRANSMISSION_ISSUE,TRANSMISSION_ISSUE,prov_005_TOW_LIGHT,True,True,182.62897299200685,False,
UADO,inc_00316,316,BATTERY_REPLACE,STARTER_MOTOR,prov_006_TOW_LIGHT,True,False,31.54586836990869,False,
UADO,inc_00317,317,BATTERY_REPLACE,STARTER_MOTOR,prov_010_TOW_LIGHT,True,False,34.84269061559591,False,
UADO,inc_00318,318,FUEL_FILTER_CLOGGED,FUEL_FILTER_CLOGGED,prov_015_TOW_HEAVY,True,True,33.866476648533876,False,
UADO,inc_00319,319,BATTERY_JUMP,FUEL_FILTER_CLOGGED,prov_015_TOW_HEAVY,True,False,19.139422291502893,False,
UADO,inc_00320,320,BATTERY_REPLACE,FUEL_PUMP,prov_010_TOW_LIGHT,True,False,32.03085375709986,False,
UADO,inc_00321,321,ALTERNATOR_ISSUE,FUEL_FILTER_CLOGGED,prov_017_MOBILE_MECHANIC,True,False,61.93455784695842,False,
UADO,inc_00322,322,BATTERY_REPLACE,FUEL_PUMP,prov_001_TOW_HEAVY,True,False,36.98580022238985,False,
UADO,inc_00323,323,BATTERY_JUMP,BATTERY_JUMP,prov_017_MOBILE_MECHANIC,True,True,22.548641075287485,False,
UADO,inc_00324,324,BATTERY_JUMP,BATTERY_JUMP,prov_012_TOW_HEAVY,True,True,17.09668959420104,False,
UADO,inc_00325,325,STARTER_MOTOR,BATTERY_TERMINAL_CLEAN,prov_011_TOW_LIGHT,True,False,60.30539320889293,False,
UADO,inc_00326,326,IGNITION_SYSTEM,FUEL_PUMP,prov_016_MOBILE_MECHANIC,True,False,64.00285525597307,False,
UADO,inc_00327,327,RADIATOR_FAN_ISSUE,FUEL_FILTER_CLOGGED,prov_003_TOW_LIGHT,True,False,48.10816281417653,False,
UADO,inc_00328,328,ALTERNATOR_ISSUE,FUEL_FILTER_CLOGGED,prov_002_MOBILE_MECHANIC,True,False,63.250271952770724,False,
UADO,inc_00329,329,IGNITION_SYSTEM,BATTERY_REPLACE,prov_011_TOW_LIGHT,True,False,63.19135188990406,False,
UADO,inc_00330,330,BRAKE_FAILURE,BRAKE_FAILURE,prov_011_TOW_LIGHT,True,True,94.35156130856063,False,
UADO,inc_00331,331,BATTERY_REPLACE,BATTERY_TERMINAL_CLEAN,prov_011_TOW_LIGHT,True,False,32.03353534172035,False,
UADO,inc_00332,332,ENGINE_OVERHEAT_SEVERE,RADIATOR_FAN_ISSUE,prov_010_TOW_LIGHT,True,False,122.23181805142917,False,
UADO,inc_00333,333,BRAKE_PAD_WORN,CLUTCH_WORN,prov_010_TOW_LIGHT,True,False,67.04797703481495,False,
UADO,inc_00334,334,ELECTRICAL_FAULT_RAIN,STARTER_MOTOR,prov_017_MOBILE_MECHANIC,True,False,93.65683254392795,False,
UADO,inc_00335,335,IGNITION_SYSTEM,FUEL_PUMP,prov_005_TOW_LIGHT,True,False,64.03384958062203,False,
UADO,inc_00336,336,BATTERY_REPLACE,STARTER_MOTOR,prov_010_TOW_LIGHT,True,False,34.45322687013398,False,
UADO,inc_00337,337,BATTERY_REPLACE,SEVERE_MECHANICAL_TOW,prov_001_TOW_HEAVY,True,False,37.96437944342046,False,
UADO,inc_00338,338,STARTER_MOTOR,FUEL_FILTER_CLOGGED,prov_002_MOBILE_MECHANIC,True,False,65.39091340125664,False,
UADO,inc_00339,339,CLUTCH_WORN,TRANSMISSION_ISSUE,prov_012_TOW_HEAVY,True,False,156.10107964672412,False,
UADO,inc_00340,340,BATTERY_REPLACE,SEVERE_MECHANICAL_TOW,prov_001_TOW_HEAVY,True,False,35.73750152817357,False,
UADO,inc_00341,341,ALTERNATOR_ISSUE,FUEL_FILTER_CLOGGED,prov_012_TOW_HEAVY,True,False,60.981203704188566,False,
UADO,inc_00342,342,RADIATOR_FAN_ISSUE,FUEL_FILTER_CLOGGED,prov_017_MOBILE_MECHANIC,True,False,51.1373186361994,False,
UADO,inc_00343,343,BELT_BROKEN,FUEL_FILTER_CLOGGED,prov_012_TOW_HEAVY,True,False,32.546785825769604,False,
UADO,inc_00344,344,RADIATOR_HOSE_LEAK,FUEL_FILTER_CLOGGED,prov_006_TOW_LIGHT,True,False,39.06898222092555,False,
UADO,inc_00345,345,STARTER_MOTOR,BATTERY_TERMINAL_CLEAN,prov_015_TOW_HEAVY,True,False,68.72049641428362,False,
UADO,inc_00346,346,ALTERNATOR_ISSUE,BELT_BROKEN,prov_007_MOBILE_MECHANIC,True,False,60.44771312935462,False,
UADO,inc_00347,347,BELT_BROKEN,FUEL_FILTER_CLOGGED,prov_016_MOBILE_MECHANIC,True,False,36.66450630131604,False,
UADO,inc_00348,348,FUEL_FILTER_CLOGGED,FUEL_FILTER_CLOGGED,prov_001_TOW_HEAVY,True,True,30.267032250136854,False,
UADO,inc_00349,349,FUEL_PUMP,FUEL_PUMP,prov_005_TOW_LIGHT,True,True,94.85835113502554,False,
UADO,inc_00350,350,BRAKE_PAD_WORN,BRAKE_PAD_WORN,prov_002_MOBILE_MECHANIC,True,True,66.81960681923744,False,
UADO,inc_00351,351,ELECTRICAL_FAULT_RAIN,SEVERE_MECHANICAL_TOW,prov_001_TOW_HEAVY,True,False,103.89580342683762,False,
UADO,inc_00352,352,BATTERY_JUMP,FUEL_PUMP,prov_012_TOW_HEAVY,True,False,20.880685200795483,False,
UADO,inc_00353,353,ALTERNATOR_ISSUE,FUEL_FILTER_CLOGGED,prov_012_TOW_HEAVY,True,False,73.9258601417045,False,
UADO,inc_00354,354,BATTERY_JUMP,BATTERY_JUMP,prov_016_MOBILE_MECHANIC,True,True,16.027258380040244,False,
UADO,inc_00355,355,TRANSMISSION_ISSUE,CLUTCH_WORN,prov_006_TOW_LIGHT,True,False,183.75917789845928,False,
UADO,inc_00356,356,BRAKE_PAD_WORN,BRAKE_PAD_WORN,prov_016_MOBILE_MECHANIC,True,True,65.18226330781238,False,
UADO,inc_00357,357,ELECTRICAL_FAULT_RAIN,FUEL_PUMP,prov_001_TOW_HEAVY,True,False,95.39517627015006,False,
UADO,inc_00358,358,ALTERNATOR_ISSUE,FUEL_FILTER_CLOGGED,prov_011_TOW_LIGHT,True,False,66.8087220342463,False,
UADO,inc_00359,359,RADIATOR_HOSE_LEAK,FUEL_FILTER_CLOGGED,prov_002_MOBILE_MECHANIC,True,False,33.59823966027057,False,
UADO,inc_00360,360,SEVERE_MECHANICAL_TOW,BELT_BROKEN,prov_014_MOBILE_MECHANIC,False,False,81.22015829673805,True,
UADO,inc_00361,361,BATTERY_REPLACE,ELECTRICAL_FAULT_RAIN,prov_001_TOW_HEAVY,True,False,34.70799658896849,False,
UADO,inc_00362,362,BRAKE_PAD_WORN,BRAKE_PAD_WORN,prov_011_TOW_LIGHT,True,True,60.863833319361156,False,
UADO,inc_00363,363,BATTERY_REPLACE,BATTERY_REPLACE,prov_005_TOW_LIGHT,True,True,38.895775038630894,False,
UADO,inc_00364,364,BATTERY_REPLACE,STARTER_MOTOR,prov_005_TOW_LIGHT,True,False,35.909510594990074,False,
UADO,inc_00365,365,BELT_BROKEN,BELT_BROKEN,prov_012_TOW_HEAVY,True,True,37.22101422950102,False,
UADO,inc_00366,366,BATTERY_REPLACE,BATTERY_REPLACE,prov_001_TOW_HEAVY,True,True,34.1534249997123,False,
UADO,inc_00367,367,ELECTRICAL_FAULT_RAIN,BATTERY_REPLACE,prov_002_MOBILE_MECHANIC,True,False,94.10960933079748,False,
UADO,inc_00368,368,BATTERY_JUMP,BATTERY_JUMP,prov_012_TOW_HEAVY,True,True,21.89090802527404,False,
UADO,inc_00369,369,BRAKE_PAD_WORN,BRAKE_PAD_WORN,prov_015_TOW_HEAVY,True,True,65.42437235662413,False,
UADO,inc_00370,370,ELECTRICAL_FAULT_RAIN,ELECTRICAL_FAULT_RAIN,prov_002_MOBILE_MECHANIC,True,True,95.1794117696314,False,
UADO,inc_00371,371,ELECTRICAL_FAULT_RAIN,BATTERY_REPLACE,prov_001_TOW_HEAVY,True,False,91.55087612317612,False,
UADO,inc_00372,372,COOLANT_LOW,RADIATOR_FAN_ISSUE,prov_011_TOW_LIGHT,True,False,13.262716215874512,False,
UADO,inc_00373,373,BATTERY_REPLACE,BATTERY_REPLACE,prov_001_TOW_HEAVY,True,True,35.853398413883745,False,
UADO,inc_00374,374,BRAKE_FAILURE,BRAKE_FAILURE,prov_010_TOW_LIGHT,True,True,95.06308313777228,False,
UADO,inc_00375,375,TRANSMISSION_ISSUE,TRANSMISSION_ISSUE,prov_001_TOW_HEAVY,True,True,185.53117392439296,False,
UADO,inc_00376,376,BATTERY_REPLACE,FUEL_PUMP,prov_010_TOW_LIGHT,True,False,31.861714947045083,False,
UADO,inc_00377,377,ENGINE_OVERHEAT_SEVERE,FUEL_FILTER_CLOGGED,prov_009_TOW_LIGHT,True,False,124.39602617386178,False,
UADO,inc_00378,378,ELECTRICAL_FAULT_RAIN,BATTERY_REPLACE,prov_001_TOW_HEAVY,True,False,98.50622722719066,False,
UADO,inc_00379,379,FUEL_FILTER_CLOGGED,FUEL_FILTER_CLOGGED,prov_001_TOW_HEAVY,True,True,33.312581089165455,False,
UADO,inc_00380,380,FUEL_FILTER_CLOGGED,FUEL_FILTER_CLOGGED,prov_018_TOW_LIGHT,True,True,29.600395277960807,False,
UADO,inc_00381,381,STARTER_MOTOR,BATTERY_REPLACE,prov_001_TOW_HEAVY,True,False,64.54578845979472,False,
UADO,inc_00382,382,BRAKE_PAD_WORN,BRAKE_PAD_WORN,prov_011_TOW_LIGHT,True,True,67.03840626355083,False,
UADO,inc_00383,383,STARTER_MOTOR,STARTER_MOTOR,prov_013_MOBILE_MECHANIC,True,True,63.472106802440315,False,
UADO,inc_00384,384,COOLANT_LOW,RADIATOR_FAN_ISSUE,prov_015_TOW_HEAVY,True,False,15.586299877024892,False,
UADO,inc_00385,385,TRANSMISSION_ISSUE,TRANSMISSION_ISSUE,prov_010_TOW_LIGHT,True,True,181.75063134477145,False,
UADO,inc_00386,386,BATTERY_TERMINAL_CLEAN,BATTERY_REPLACE,prov_001_TOW_HEAVY,True,False,15.651624472395172,False,
UADO,inc_00387,387,RADIATOR_HOSE_LEAK,COOLANT_LOW,prov_016_MOBILE_MECHANIC,True,False,36.157745585562836,False,
UADO,inc_00388,388,BELT_BROKEN,BELT_BROKEN,prov_005_TOW_LIGHT,True,True,32.75645573484468,False,
UADO,inc_00389,389,BATTERY_JUMP,BATTERY_JUMP,prov_002_MOBILE_MECHANIC,True,True,21.51151416098387,False,
UADO,inc_00390,390,TRANSMISSION_ISSUE,TRANSMISSION_ISSUE,prov_015_TOW_HEAVY,True,True,184.50775448714086,False,
UADO,inc_00391,391,COOLANT_LOW,RADIATOR_FAN_ISSUE,prov_006_TOW_LIGHT,True,False,13.471083906954828,False,
UADO,inc_00392,392,ELECTRICAL_FAULT_RAIN,ELECTRICAL_FAULT_RAIN,prov_016_MOBILE_MECHANIC,True,True,96.10718502058393,False,
UADO,inc_00393,393,ENGINE_OVERHEAT_SEVERE,COOLANT_LOW,prov_006_TOW_LIGHT,True,False,122.3773457611847,False,
UADO,inc_00394,394,BRAKE_FAILURE,BRAKE_FAILURE,prov_001_TOW_HEAVY,True,True,92.14933779264284,False,
UADO,inc_00395,395,IGNITION_SYSTEM,FUEL_FILTER_CLOGGED,prov_001_TOW_HEAVY,True,False,65.28752110039224,False,
UADO,inc_00396,396,IGNITION_SYSTEM,FUEL_PUMP,prov_005_TOW_LIGHT,True,False,62.0778957631903,False,
UADO,inc_00397,397,BATTERY_JUMP,FUEL_FILTER_CLOGGED,prov_002_MOBILE_MECHANIC,True,False,19.270991614900282,False,
UADO,inc_00398,398,BATTERY_TERMINAL_CLEAN,BATTERY_REPLACE,prov_001_TOW_HEAVY,True,False,22.555841129974873,False,
UADO,inc_00399,399,RADIATOR_FAN_ISSUE,FUEL_FILTER_CLOGGED,prov_002_MOBILE_MECHANIC,True,False,45.83906484908156,False,
UADO,inc_00400,400,FUEL_PUMP,FUEL_PUMP,prov_018_TOW_LIGHT,True,True,90.95377455133686,False,
UADO,inc_00401,401,COOLANT_LOW,RADIATOR_FAN_ISSUE,prov_001_TOW_HEAVY,True,False,14.917962342006062,False,
UADO,inc_00402,402,FUEL_PUMP,BATTERY_TERMINAL_CLEAN,prov_014_MOBILE_MECHANIC,True,False,95.64459640233343,False,
UADO,inc_00403,403,ALTERNATOR_ISSUE,FUEL_FILTER_CLOGGED,prov_016_MOBILE_MECHANIC,True,False,61.91233229096088,False,
UADO,inc_00404,404,BRAKE_FAILURE,BRAKE_FAILURE,prov_018_TOW_LIGHT,True,True,100.20146287277966,False,
UADO,inc_00405,405,CLUTCH_WORN,CLUTCH_WORN,prov_006_TOW_LIGHT,True,True,159.80321683471993,False,
UADO,inc_00406,406,BATTERY_REPLACE,BATTERY_REPLACE,prov_002_MOBILE_MECHANIC,True,True,30.829085892173943,False,
UADO,inc_00407,407,ELECTRICAL_FAULT_RAIN,ELECTRICAL_FAULT_RAIN,prov_012_TOW_HEAVY,True,True,97.74269807841078,False,
UADO,inc_00408,408,ALTERNATOR_ISSUE,FUEL_FILTER_CLOGGED,prov_012_TOW_HEAVY,True,False,62.473266464742224,False,
UADO,inc_00409,409,CLUTCH_WORN,TRANSMISSION_ISSUE,prov_012_TOW_HEAVY,True,False,158.21829358506233,False,
UADO,inc_00410,410,IGNITION_SYSTEM,FUEL_PUMP,prov_016_MOBILE_MECHANIC,True,False,67.71503706684815,False,
UADO,inc_00411,411,BATTERY_JUMP,BATTERY_JUMP,prov_009_TOW_LIGHT,True,True,16.300497493303283,False,
UADO,inc_00412,412,BATTERY_TERMINAL_CLEAN,STARTER_MOTOR,prov_002_MOBILE_MECHANIC,True,False,17.592913047087528,False,
UADO,inc_00413,413,IGNITION_SYSTEM,FUEL_PUMP,prov_016_MOBILE_MECHANIC,True,False,66.04286247202839,False,
UADO,inc_00414,414,SEVERE_MECHANICAL_TOW,FUEL_FILTER_CLOGGED,prov_012_TOW_HEAVY,True,False,32.69492076552213,False,
UADO,inc_00415,415,FUEL_PUMP,FUEL_PUMP,prov_011_TOW_LIGHT,True,True,94.96560391691033,False,
UADO,inc_00416,416,IGNITION_SYSTEM,FUEL_FILTER_CLOGGED,prov_001_TOW_HEAVY,True,False,62.322845423346166,False,
UADO,inc_00417,417,SEVERE_MECHANICAL_TOW,FUEL_FILTER_CLOGGED,prov_013_MOBILE_MECHANIC,False,False,76.14581693153129,True,
UADO,inc_00418,418,BELT_BROKEN,BELT_BROKEN,prov_003_TOW_LIGHT,True,True,33.00169703872268,False,
UADO,inc_00419,419,RADIATOR_FAN_ISSUE,FUEL_FILTER_CLOGGED,prov_006_TOW_LIGHT,True,False,49.2473005171287,False,
UADO,inc_00420,420,BRAKE_FAILURE,CLUTCH_WORN,prov_001_TOW_HEAVY,True,False,93.79993973261207,False,
UADO,inc_00421,421,BATTERY_REPLACE,STARTER_MOTOR,prov_012_TOW_HEAVY,True,False,31.80018700865296,False,
UADO,inc_00422,422,BRAKE_FAILURE,BRAKE_FAILURE,prov_011_TOW_LIGHT,True,True,94.17414983182658,False,
UADO,inc_00423,423,RADIATOR_FAN_ISSUE,RADIATOR_FAN_ISSUE,prov_012_TOW_HEAVY,True,True,52.5319662453192,False,
UADO,inc_00424,424,ALTERNATOR_ISSUE,BELT_BROKEN,prov_010_TOW_LIGHT,True,False,63.4463508837524,False,
UADO,inc_00425,425,BATTERY_REPLACE,BATTERY_REPLACE,prov_011_TOW_LIGHT,True,True,34.132797292391345,False,
UADO,inc_00426,426,ALTERNATOR_ISSUE,FUEL_FILTER_CLOGGED,prov_005_TOW_LIGHT,True,False,64.06736564496791,False,
UADO,inc_00427,427,BATTERY_JUMP,STARTER_MOTOR,prov_012_TOW_HEAVY,True,False,21.02231780353056,False,
UADO,inc_00428,428,ALTERNATOR_ISSUE,FUEL_FILTER_CLOGGED,prov_002_MOBILE_MECHANIC,True,False,67.11009671024264,False,
UADO,inc_00429,429,ELECTRICAL_FAULT_RAIN,ELECTRICAL_FAULT_RAIN,prov_012_TOW_HEAVY,True,True,90.95281719884213,False,
UADO,inc_00430,430,RADIATOR_FAN_ISSUE,FUEL_FILTER_CLOGGED,prov_016_MOBILE_MECHANIC,True,False,48.19463801967348,False,
UADO,inc_00431,431,BATTERY_JUMP,FUEL_FILTER_CLOGGED,prov_015_TOW_HEAVY,True,False,18.419619317369392,False,
UADO,inc_00432,432,SEVERE_MECHANICAL_TOW,FUEL_FILTER_CLOGGED,prov_015_TOW_HEAVY,True,False,37.32157544532418,False,
UADO,inc_00433,433,TRANSMISSION_ISSUE,TRANSMISSION_ISSUE,prov_012_TOW_HEAVY,True,True,181.72816487278618,False,
UADO,inc_00434,434,BRAKE_PAD_WORN,BRAKE_PAD_WORN,prov_002_MOBILE_MECHANIC,True,True,64.21774653532586,False,
UADO,inc_00435,435,BATTERY_REPLACE,ELECTRICAL_FAULT_RAIN,prov_005_TOW_LIGHT,True,False,35.54189518807896,False,
UADO,inc_00436,436,IGNITION_SYSTEM,FUEL_PUMP,prov_005_TOW_LIGHT,True,False,61.950317707556614,False,
UADO,inc_00437,437,BATTERY_JUMP,FUEL_FILTER_CLOGGED,prov_012_TOW_HEAVY,True,False,18.19708790440457,False,
UADO,inc_00438,438,SEVERE_MECHANICAL_TOW,BELT_BROKEN,prov_002_MOBILE_MECHANIC,False,False,78.51221097271574,True,
UADO,inc_00439,439,ENGINE_OVERHEAT_SEVERE,RADIATOR_FAN_ISSUE,prov_001_TOW_HEAVY,True,False,124.00419075230204,False,
UADO,inc_00440,440,BELT_BROKEN,FUEL_FILTER_CLOGGED,prov_011_TOW_LIGHT,True,False,34.002758570896155,False,
UADO,inc_00441,441,CLUTCH_WORN,CLUTCH_WORN,prov_006_TOW_LIGHT,True,True,155.54654879229355,False,
UADO,inc_00442,442,BRAKE_PAD_WORN,CLUTCH_WORN,prov_015_TOW_HEAVY,True,False,69.76509233910954,False,
UADO,inc_00443,443,ELECTRICAL_FAULT_RAIN,BATTERY_REPLACE,prov_002_MOBILE_MECHANIC,True,False,95.09204895521647,False,
UADO,inc_00444,444,IGNITION_SYSTEM,FUEL_PUMP,prov_002_MOBILE_MECHANIC,True,False,63.54523993505424,False,
UADO,inc_00445,445,RADIATOR_HOSE_LEAK,FUEL_FILTER_CLOGGED,prov_010_TOW_LIGHT,True,False,32.84065010014443,False,
UADO,inc_00446,446,BRAKE_PAD_WORN,BRAKE_PAD_WORN,prov_012_TOW_HEAVY,True,True,63.73288554309704,False,
UADO,inc_00447,447,RADIATOR_FAN_ISSUE,RADIATOR_FAN_ISSUE,prov_001_TOW_HEAVY,True,True,52.484707631614945,False,
UADO,inc_00448,448,FUEL_PUMP,FUEL_FILTER_CLOGGED,prov_011_TOW_LIGHT,True,False,95.75661783008941,False,
UADO,inc_00449,449,BRAKE_PAD_WORN,TRANSMISSION_ISSUE,prov_006_TOW_LIGHT,True,False,62.278700888882476,False,
UADO,inc_00450,450,FUEL_PUMP,FUEL_PUMP,prov_013_MOBILE_MECHANIC,True,True,92.05224791844209,False,
UADO,inc_00451,451,BRAKE_FAILURE,BRAKE_FAILURE,prov_011_TOW_LIGHT,True,True,100.21234214904321,False,
UADO,inc_00452,452,ALTERNATOR_ISSUE,FUEL_FILTER_CLOGGED,prov_011_TOW_LIGHT,True,False,64.30450260029158,False,
UADO,inc_00453,453,ENGINE_OVERHEAT_SEVERE,RADIATOR_FAN_ISSUE,prov_005_TOW_LIGHT,True,False,122.51747080891299,False,
UADO,inc_00454,454,BATTERY_JUMP,BATTERY_JUMP,prov_011_TOW_LIGHT,True,True,17.64945101652508,False,
UADO,inc_00455,455,BRAKE_PAD_WORN,BRAKE_PAD_WORN,prov_002_MOBILE_MECHANIC,True,True,65.12369749022682,False,
UADO,inc_00456,456,BATTERY_TERMINAL_CLEAN,ELECTRICAL_FAULT_RAIN,prov_006_TOW_LIGHT,True,False,14.563479699956797,False,
UADO,inc_00457,457,BRAKE_PAD_WORN,BRAKE_PAD_WORN,prov_002_MOBILE_MECHANIC,True,True,64.84323319212551,False,
UADO,inc_00458,458,CLUTCH_WORN,CLUTCH_WORN,prov_018_TOW_LIGHT,True,True,154.86619828951913,False,
UADO,inc_00459,459,ELECTRICAL_FAULT_RAIN,SEVERE_MECHANICAL_TOW,prov_012_TOW_HEAVY,True,False,92.11940750648564,False,
UADO,inc_00460,460,BRAKE_PAD_WORN,CLUTCH_WORN,prov_001_TOW_HEAVY,True,False,64.26003225998886,False,
UADO,inc_00461,461,BATTERY_JUMP,BATTERY_JUMP,prov_016_MOBILE_MECHANIC,True,True,18.57244959254573,False,
UADO,inc_00462,462,ELECTRICAL_FAULT_RAIN,BATTERY_TERMINAL_CLEAN,prov_002_MOBILE_MECHANIC,True,False,93.40708365372903,False,
UADO,inc_00463,463,STARTER_MOTOR,FUEL_FILTER_CLOGGED,prov_010_TOW_LIGHT,True,False,64.28006994155722,False,
UADO,inc_00464,464,RADIATOR_FAN_ISSUE,FUEL_FILTER_CLOGGED,prov_011_TOW_LIGHT,True,False,53.544116407459335,False,
UADO,inc_00465,465,IGNITION_SYSTEM,FUEL_FILTER_CLOGGED,prov_009_TOW_LIGHT,True,False,63.98062436124151,False,
UADO,inc_00466,466,ELECTRICAL_FAULT_RAIN,BATTERY_REPLACE,prov_007_MOBILE_MECHANIC,True,False,93.94532583462794,False,
UADO,inc_00467,467,BATTERY_REPLACE,ELECTRICAL_FAULT_RAIN,prov_005_TOW_LIGHT,True,False,38.68470058342706,False,
UADO,inc_00468,468,IGNITION_SYSTEM,FUEL_FILTER_CLOGGED,prov_017_MOBILE_MECHANIC,True,False,62.92096094561905,False,
UADO,inc_00469,469,CLUTCH_WORN,CLUTCH_WORN,prov_012_TOW_HEAVY,True,True,156.2431755565105,False,
UADO,inc_00470,470,COOLANT_LOW,FUEL_FILTER_CLOGGED,prov_016_MOBILE_MECHANIC,True,False,11.419376587246358,False,
UADO,inc_00471,471,FUEL_PUMP,FUEL_PUMP,prov_012_TOW_HEAVY,True,True,96.73150825660433,False,
UADO,inc_00472,472,FUEL_FILTER_CLOGGED,FUEL_FILTER_CLOGGED,prov_016_MOBILE_MECHANIC,True,True,33.60621494575761,False,
UADO,inc_00473,473,RADIATOR_HOSE_LEAK,FUEL_FILTER_CLOGGED,prov_018_TOW_LIGHT,True,False,41.66253400785904,False,
UADO,inc_00474,474,ELECTRICAL_FAULT_RAIN,ELECTRICAL_FAULT_RAIN,prov_017_MOBILE_MECHANIC,True,True,93.27122674300824,False,
UADO,inc_00475,475,ALTERNATOR_ISSUE,BELT_BROKEN,prov_001_TOW_HEAVY,True,False,61.83749138503147,False,
UADO,inc_00476,476,IGNITION_SYSTEM,FUEL_FILTER_CLOGGED,prov_013_MOBILE_MECHANIC,True,False,64.4601406111469,False,
UADO,inc_00477,477,ALTERNATOR_ISSUE,BELT_BROKEN,prov_010_TOW_LIGHT,True,False,62.95201891799551,False,
UADO,inc_00478,478,CLUTCH_WORN,TRANSMISSION_ISSUE,prov_005_TOW_LIGHT,True,False,155.77126661069812,False,
UADO,inc_00479,479,IGNITION_SYSTEM,FUEL_FILTER_CLOGGED,prov_013_MOBILE_MECHANIC,True,False,62.70463520458563,False,
UADO,inc_00480,480,RADIATOR_FAN_ISSUE,FUEL_FILTER_CLOGGED,prov_011_TOW_LIGHT,True,False,53.1348241609377,False,
UADO,inc_00481,481,FUEL_FILTER_CLOGGED,IGNITION_SYSTEM,prov_014_MOBILE_MECHANIC,True,False,32.401628025136944,False,
UADO,inc_00482,482,BRAKE_PAD_WORN,BRAKE_PAD_WORN,prov_005_TOW_LIGHT,True,True,66.73860910234562,False,
UADO,inc_00483,483,RADIATOR_FAN_ISSUE,FUEL_FILTER_CLOGGED,prov_015_TOW_HEAVY,True,False,45.8113908299968,False,
UADO,inc_00484,484,CLUTCH_WORN,CLUTCH_WORN,prov_001_TOW_HEAVY,True,True,153.10579596234612,False,
UADO,inc_00485,485,COOLANT_LOW,FUEL_FILTER_CLOGGED,prov_013_MOBILE_MECHANIC,True,False,12.608566543319952,False,
UADO,inc_00486,486,RADIATOR_FAN_ISSUE,FUEL_FILTER_CLOGGED,prov_017_MOBILE_MECHANIC,True,False,49.452192321238336,False,
UADO,inc_00487,487,ALTERNATOR_ISSUE,FUEL_FILTER_CLOGGED,prov_001_TOW_HEAVY,True,False,69.36830826895878,False,
UADO,inc_00488,488,IGNITION_SYSTEM,FUEL_FILTER_CLOGGED,prov_001_TOW_HEAVY,True,False,65.86327021580989,False,
UADO,inc_00489,489,BATTERY_TERMINAL_CLEAN,ELECTRICAL_FAULT_RAIN,prov_014_MOBILE_MECHANIC,True,False,17.309687924894487,False,
UADO,inc_00490,490,SEVERE_MECHANICAL_TOW,BELT_BROKEN,prov_001_TOW_HEAVY,True,False,42.609556541258414,False,
UADO,inc_00491,491,ENGINE_OVERHEAT_SEVERE,FUEL_FILTER_CLOGGED,prov_018_TOW_LIGHT,True,False,128.7994620382497,False,
UADO,inc_00492,492,ELECTRICAL_FAULT_RAIN,BATTERY_REPLACE,prov_001_TOW_HEAVY,True,False,95.08539267790002,False,
UADO,inc_00493,493,RADIATOR_HOSE_LEAK,FUEL_FILTER_CLOGGED,prov_016_MOBILE_MECHANIC,True,False,35.172211814946394,False,
UADO,inc_00494,494,STARTER_MOTOR,BATTERY_TERMINAL_CLEAN,prov_012_TOW_HEAVY,True,False,62.91623031988279,False,
UADO,inc_00495,495,SEVERE_MECHANICAL_TOW,FUEL_FILTER_CLOGGED,prov_002_MOBILE_MECHANIC,False,False,79.51133281522215,True,
UADO,inc_00496,496,ELECTRICAL_FAULT_RAIN,BATTERY_REPLACE,prov_001_TOW_HEAVY,True,False,101.05709785593835,False,
UADO,inc_00497,497,BRAKE_PAD_WORN,BRAKE_PAD_WORN,prov_015_TOW_HEAVY,True,True,63.53750027977678,False,
UADO,inc_00498,498,RADIATOR_HOSE_LEAK,COOLANT_LOW,prov_015_TOW_HEAVY,True,False,36.897801744475466,False,
UADO,inc_00499,499,BRAKE_PAD_WORN,BRAKE_PAD_WORN,prov_012_TOW_HEAVY,True,True,62.57056049463944,False,
UADO,inc_00500,500,COOLANT_LOW,FUEL_FILTER_CLOGGED,prov_011_TOW_LIGHT,True,False,13.983092756548162,False,
UADO,inc_00501,501,STARTER_MOTOR,STARTER_MOTOR,prov_011_TOW_LIGHT,True,True,65.0614164039747,False,
UADO,inc_00502,502,BRAKE_PAD_WORN,BRAKE_PAD_WORN,prov_005_TOW_LIGHT,True,True,65.00228038769777,False,
UADO,inc_00503,503,BATTERY_REPLACE,BATTERY_REPLACE,prov_001_TOW_HEAVY,True,True,32.22061835034179,False,
UADO,inc_00504,504,CLUTCH_WORN,TRANSMISSION_ISSUE,prov_006_TOW_LIGHT,True,False,155.79421983344054,False,
UADO,inc_00505,505,STARTER_MOTOR,BATTERY_TERMINAL_CLEAN,prov_012_TOW_HEAVY,True,False,63.53442660797267,False,
UADO,inc_00506,506,BRAKE_PAD_WORN,BRAKE_PAD_WORN,prov_006_TOW_LIGHT,True,True,64.6189668522582,False,
UADO,inc_00507,507,BELT_BROKEN,BELT_BROKEN,prov_017_MOBILE_MECHANIC,True,True,32.20415986399212,False,
UADO,inc_00508,508,ELECTRICAL_FAULT_RAIN,BATTERY_REPLACE,prov_017_MOBILE_MECHANIC,True,False,93.29158789842445,False,
UADO,inc_00509,509,BRAKE_PAD_WORN,BRAKE_PAD_WORN,prov_005_TOW_LIGHT,True,True,66.51699002517942,False,
UADO,inc_00510,510,ALTERNATOR_ISSUE,BELT_BROKEN,prov_002_MOBILE_MECHANIC,True,False,66.32778043992434,False,
UADO,inc_00511,511,CLUTCH_WORN,TRANSMISSION_ISSUE,prov_018_TOW_LIGHT,True,False,154.38237163015424,False,
UADO,inc_00512,512,ELECTRICAL_FAULT_RAIN,BATTERY_REPLACE,prov_017_MOBILE_MECHANIC,True,False,91.86446315584344,False,
UADO,inc_00513,513,IGNITION_SYSTEM,FUEL_PUMP,prov_002_MOBILE_MECHANIC,True,False,66.43723693124807,False,
UADO,inc_00514,514,FUEL_PUMP,FUEL_PUMP,prov_002_MOBILE_MECHANIC,True,True,91.55411209264538,False,
UADO,inc_00515,515,CLUTCH_WORN,TRANSMISSION_ISSUE,prov_006_TOW_LIGHT,True,False,157.97179150268897,False,
UADO,inc_00516,516,ENGINE_OVERHEAT_SEVERE,FUEL_FILTER_CLOGGED,prov_006_TOW_LIGHT,True,False,127.47236164391346,False,
UADO,inc_00517,517,IGNITION_SYSTEM,FUEL_PUMP,prov_012_TOW_HEAVY,True,False,63.21790069640401,False,
UADO,inc_00518,518,BATTERY_REPLACE,BATTERY_REPLACE,prov_002_MOBILE_MECHANIC,True,True,34.173376033565994,False,
UADO,inc_00519,519,BATTERY_REPLACE,BATTERY_REPLACE,prov_014_MOBILE_MECHANIC,True,True,35.69370483404916,False,
UADO,inc_00520,520,BRAKE_PAD_WORN,BRAKE_PAD_WORN,prov_001_TOW_HEAVY,True,True,64.1693545058738,False,
UADO,inc_00521,521,BATTERY_JUMP,BATTERY_JUMP,prov_002_MOBILE_MECHANIC,True,True,22.345159710767344,False,
UADO,inc_00522,522,RADIATOR_FAN_ISSUE,RADIATOR_FAN_ISSUE,prov_002_MOBILE_MECHANIC,True,True,48.8438442048269,False,
UADO,inc_00523,523,RADIATOR_FAN_ISSUE,FUEL_FILTER_CLOGGED,prov_001_TOW_HEAVY,True,False,48.46129655065819,False,
UADO,inc_00524,524,STARTER_MOTOR,FUEL_FILTER_CLOGGED,prov_001_TOW_HEAVY,True,False,67.24959312596965,False,
UADO,inc_00525,525,ELECTRICAL_FAULT_RAIN,BATTERY_REPLACE,prov_012_TOW_HEAVY,True,False,96.29890625506762,False,
UADO,inc_00526,526,CLUTCH_WORN,TRANSMISSION_ISSUE,prov_011_TOW_LIGHT,True,False,157.522929664518,False,
UADO,inc_00527,527,COOLANT_LOW,RADIATOR_FAN_ISSUE,prov_015_TOW_HEAVY,True,False,19.491041716814806,False,
UADO,inc_00528,528,SEVERE_MECHANICAL_TOW,FUEL_FILTER_CLOGGED,prov_005_TOW_LIGHT,False,False,80.62246264706434,True,
UADO,inc_00529,529,STARTER_MOTOR,FUEL_FILTER_CLOGGED,prov_005_TOW_LIGHT,True,False,64.82487417284156,False,
UADO,inc_00530,530,BELT_BROKEN,BELT_BROKEN,prov_006_TOW_LIGHT,True,True,33.79856713555772,False,
UADO,inc_00531,531,ALTERNATOR_ISSUE,FUEL_FILTER_CLOGGED,prov_002_MOBILE_MECHANIC,True,False,63.083347324357355,False,
UADO,inc_00532,532,BELT_BROKEN,FUEL_FILTER_CLOGGED,prov_002_MOBILE_MECHANIC,True,False,36.73074055241702,False,
UADO,inc_00533,533,BATTERY_JUMP,BATTERY_JUMP,prov_014_MOBILE_MECHANIC,True,True,20.1020840808364,False,
UADO,inc_00534,534,ALTERNATOR_ISSUE,FUEL_FILTER_CLOGGED,prov_013_MOBILE_MECHANIC,True,False,62.39421624496775,False,
UADO,inc_00535,535,ENGINE_OVERHEAT_SEVERE,RADIATOR_FAN_ISSUE,prov_012_TOW_HEAVY,True,False,122.10110462839235,False,
UADO,inc_00536,536,ALTERNATOR_ISSUE,BELT_BROKEN,prov_001_TOW_HEAVY,True,False,73.41306089065515,False,
UADO,inc_00537,537,BATTERY_JUMP,BATTERY_JUMP,prov_001_TOW_HEAVY,True,True,19.108767197948257,False,
UADO,inc_00538,538,BATTERY_JUMP,FUEL_FILTER_CLOGGED,prov_015_TOW_HEAVY,True,False,19.534837059270377,False,
UADO,inc_00539,539,BATTERY_JUMP,BATTERY_JUMP,prov_015_TOW_HEAVY,True,True,23.695405765627648,False,
UADO,inc_00540,540,BATTERY_JUMP,BATTERY_JUMP,prov_017_MOBILE_MECHANIC,True,True,19.880466325684278,False,
UADO,inc_00541,541,FUEL_PUMP,FUEL_PUMP,prov_001_TOW_HEAVY,True,True,92.47445627148035,False,
UADO,inc_00542,542,BATTERY_TERMINAL_CLEAN,ELECTRICAL_FAULT_RAIN,prov_012_TOW_HEAVY,True,False,18.373428854845127,False,
UADO,inc_00543,543,CLUTCH_WORN,TRANSMISSION_ISSUE,prov_018_TOW_LIGHT,True,False,152.64092433491012,False,
UADO,inc_00544,544,BRAKE_FAILURE,BRAKE_FAILURE,prov_005_TOW_LIGHT,True,True,97.50301098296376,False,
UADO,inc_00545,545,ALTERNATOR_ISSUE,BELT_BROKEN,prov_014_MOBILE_MECHANIC,True,False,64.49212955126345,False,
UADO,inc_00546,546,BRAKE_PAD_WORN,BRAKE_PAD_WORN,prov_001_TOW_HEAVY,True,True,60.94895071921919,False,
UADO,inc_00547,547,SEVERE_MECHANICAL_TOW,BELT_BROKEN,prov_001_TOW_HEAVY,True,False,35.728838491102906,False,
UADO,inc_00548,548,FUEL_PUMP,FUEL_PUMP,prov_001_TOW_HEAVY,True,True,95.39045253684857,False,
UADO,inc_00549,549,SEVERE_MECHANICAL_TOW,FUEL_FILTER_CLOGGED,prov_001_TOW_HEAVY,True,False,36.254386050493,False,
UADO,inc_00550,550,FUEL_PUMP,FUEL_FILTER_CLOGGED,prov_010_TOW_LIGHT,True,False,94.27201771610942,False,
UADO,inc_00551,551,RADIATOR_FAN_ISSUE,FUEL_FILTER_CLOGGED,prov_002_MOBILE_MECHANIC,True,False,49.5967323799093,False,
UADO,inc_00552,552,ELECTRICAL_FAULT_RAIN,SEVERE_MECHANICAL_TOW,prov_001_TOW_HEAVY,True,False,98.41149762827916,False,
UADO,inc_00553,553,BATTERY_JUMP,FUEL_FILTER_CLOGGED,prov_007_MOBILE_MECHANIC,True,False,16.67929329651022,False,
UADO,inc_00554,554,BRAKE_PAD_WORN,BRAKE_PAD_WORN,prov_005_TOW_LIGHT,True,True,68.69531657226904,False,
UADO,inc_00555,555,IGNITION_SYSTEM,FUEL_PUMP,prov_001_TOW_HEAVY,True,False,64.53024018944868,False,
UADO,inc_00556,556,RADIATOR_HOSE_LEAK,FUEL_FILTER_CLOGGED,prov_018_TOW_LIGHT,True,False,32.815340047267284,False,
UADO,inc_00557,557,FUEL_PUMP,BATTERY_TERMINAL_CLEAN,prov_011_TOW_LIGHT,True,False,93.2541905073605,False,
UADO,inc_00558,558,BATTERY_JUMP,BATTERY_TERMINAL_CLEAN,prov_016_MOBILE_MECHANIC,True,False,20.94925074009142,False,
UADO,inc_00559,559,COOLANT_LOW,COOLANT_LOW,prov_013_MOBILE_MECHANIC,True,True,13.630515770960995,False,
UADO,inc_00560,560,STARTER_MOTOR,STARTER_MOTOR,prov_017_MOBILE_MECHANIC,True,True,61.91354550947241,False,
UADO,inc_00561,561,BATTERY_JUMP,BATTERY_JUMP,prov_012_TOW_HEAVY,True,True,20.44604675453411,False,
UADO,inc_00562,562,TRANSMISSION_ISSUE,CLUTCH_WORN,prov_018_TOW_LIGHT,True,False,188.81767069253866,False,
UADO,inc_00563,563,BRAKE_FAILURE,BRAKE_FAILURE,prov_006_TOW_LIGHT,True,True,98.22782478158322,False,
UADO,inc_00564,564,BELT_BROKEN,BELT_BROKEN,prov_001_TOW_HEAVY,True,True,33.74902028351592,False,
UADO,inc_00565,565,ALTERNATOR_ISSUE,BELT_BROKEN,prov_001_TOW_HEAVY,True,False,66.10249807783623,False,
UADO,inc_00566,566,RADIATOR_HOSE_LEAK,FUEL_FILTER_CLOGGED,prov_011_TOW_LIGHT,True,False,35.82229434889509,False,
UADO,inc_00567,567,BATTERY_REPLACE,BATTERY_REPLACE,prov_016_MOBILE_MECHANIC,True,True,30.293014193875646,False,
UADO,inc_00568,568,STARTER_MOTOR,BATTERY_TERMINAL_CLEAN,prov_001_TOW_HEAVY,True,False,63.636580688664964,False,
UADO,inc_00569,569,BATTERY_REPLACE,SEVERE_MECHANICAL_TOW,prov_001_TOW_HEAVY,True,False,37.15665361562651,False,
UADO,inc_00570,570,BRAKE_PAD_WORN,BRAKE_PAD_WORN,prov_005_TOW_LIGHT,True,True,69.40094260234838,False,
UADO,inc_00571,571,STARTER_MOTOR,BATTERY_REPLACE,prov_011_TOW_LIGHT,True,False,62.44653804087553,False,
UADO,inc_00572,572,BATTERY_REPLACE,ELECTRICAL_FAULT_RAIN,prov_018_TOW_LIGHT,True,False,33.628571469326864,False,
UADO,inc_00573,573,ALTERNATOR_ISSUE,FUEL_FILTER_CLOGGED,prov_001_TOW_HEAVY,True,False,66.40129212207518,False,
UADO,inc_00574,574,FUEL_PUMP,BATTERY_TERMINAL_CLEAN,prov_006_TOW_LIGHT,True,False,90.3733731038403,False,
UADO,inc_00575,575,TRANSMISSION_ISSUE,TRANSMISSION_ISSUE,prov_011_TOW_LIGHT,True,True,184.4182188930877,False,
UADO,inc_00576,576,IGNITION_SYSTEM,FUEL_PUMP,prov_002_MOBILE_MECHANIC,True,False,64.7872103100561,False,
UADO,inc_00577,577,BELT_BROKEN,BELT_BROKEN,prov_016_MOBILE_MECHANIC,True,True,33.16678204195932,False,
UADO,inc_00578,578,ELECTRICAL_FAULT_RAIN,BATTERY_REPLACE,prov_016_MOBILE_MECHANIC,True,False,96.29216443447683,False,
UADO,inc_00579,579,BATTERY_JUMP,BATTERY_JUMP,prov_011_TOW_LIGHT,True,True,18.485844300783683,False,
UADO,inc_00580,580,BRAKE_FAILURE,BRAKE_FAILURE,prov_012_TOW_HEAVY,True,True,95.37195971645811,False,
UADO,inc_00581,581,TRANSMISSION_ISSUE,TRANSMISSION_ISSUE,prov_010_TOW_LIGHT,True,True,185.87443091644468,False,
UADO,inc_00582,582,ENGINE_OVERHEAT_SEVERE,COOLANT_LOW,prov_014_MOBILE_MECHANIC,False,False,169.63836345770244,True,
UADO,inc_00583,583,COOLANT_LOW,COOLANT_LOW,prov_017_MOBILE_MECHANIC,True,True,12.128227477398642,False,
UADO,inc_00584,584,BATTERY_JUMP,BATTERY_JUMP,prov_010_TOW_LIGHT,True,True,18.050378955482834,False,
UADO,inc_00585,585,ELECTRICAL_FAULT_RAIN,BATTERY_REPLACE,prov_010_TOW_LIGHT,True,False,91.11985187797177,False,
UADO,inc_00586,586,BATTERY_REPLACE,STARTER_MOTOR,prov_017_MOBILE_MECHANIC,True,False,31.812209817875413,False,
UADO,inc_00587,587,RADIATOR_FAN_ISSUE,COOLANT_LOW,prov_002_MOBILE_MECHANIC,True,False,47.86886443528697,False,
UADO,inc_00588,588,BRAKE_FAILURE,BRAKE_FAILURE,prov_005_TOW_LIGHT,True,True,95.78166751331904,False,
UADO,inc_00589,589,BRAKE_PAD_WORN,BRAKE_PAD_WORN,prov_001_TOW_HEAVY,True,True,67.09913408305498,False,
UADO,inc_00590,590,ELECTRICAL_FAULT_RAIN,ELECTRICAL_FAULT_RAIN,prov_011_TOW_LIGHT,True,True,94.06935645472242,False,
UADO,inc_00591,591,BRAKE_PAD_WORN,TRANSMISSION_ISSUE,prov_012_TOW_HEAVY,True,False,68.318763833174,False,
UADO,inc_00592,592,RADIATOR_HOSE_LEAK,FUEL_FILTER_CLOGGED,prov_002_MOBILE_MECHANIC,True,False,35.31689966310935,False,
UADO,inc_00593,593,TRANSMISSION_ISSUE,TRANSMISSION_ISSUE,prov_012_TOW_HEAVY,True,True,185.43785264566228,False,
UADO,inc_00594,594,ENGINE_OVERHEAT_SEVERE,RADIATOR_FAN_ISSUE,prov_016_MOBILE_MECHANIC,False,False,169.7416546389238,True,
UADO,inc_00595,595,RADIATOR_HOSE_LEAK,FUEL_FILTER_CLOGGED,prov_005_TOW_LIGHT,True,False,31.05797917499742,False,
UADO,inc_00596,596,BRAKE_FAILURE,BRAKE_PAD_WORN,prov_012_TOW_HEAVY,True,False,95.45355187440055,False,
UADO,inc_00597,597,RADIATOR_HOSE_LEAK,COOLANT_LOW,prov_002_MOBILE_MECHANIC,True,False,32.58301539380049,False,
UADO,inc_00598,598,BATTERY_JUMP,FUEL_PUMP,prov_001_TOW_HEAVY,True,False,18.228323173044544,False,
UADO,inc_00599,599,IGNITION_SYSTEM,FUEL_FILTER_CLOGGED,prov_002_MOBILE_MECHANIC,True,False,67.19268147547002,False,
UADO,inc_00600,600,ALTERNATOR_ISSUE,FUEL_FILTER_CLOGGED,prov_001_TOW_HEAVY,True,False,64.65857508143797,False,
UADO,inc_00601,601,RADIATOR_FAN_ISSUE,FUEL_FILTER_CLOGGED,prov_010_TOW_LIGHT,True,False,46.53357243419821,False,
UADO,inc_00602,602,BATTERY_JUMP,BATTERY_JUMP,prov_002_MOBILE_MECHANIC,True,True,17.311647049502874,False,
UADO,inc_00603,603,BATTERY_REPLACE,SEVERE_MECHANICAL_TOW,prov_001_TOW_HEAVY,True,False,38.0493494364098,False,
UADO,inc_00604,604,BATTERY_REPLACE,BATTERY_REPLACE,prov_016_MOBILE_MECHANIC,True,True,31.247868249266148,False,
UADO,inc_00605,605,BATTERY_JUMP,FUEL_PUMP,prov_010_TOW_LIGHT,True,False,16.348309508056207,False,
UADO,inc_00606,606,STARTER_MOTOR,FUEL_FILTER_CLOGGED,prov_005_TOW_LIGHT,True,False,62.50739994500652,False,
UADO,inc_00607,607,CLUTCH_WORN,CLUTCH_WORN,prov_012_TOW_HEAVY,True,True,152.25026947163855,False,
UADO,inc_00608,608,STARTER_MOTOR,FUEL_FILTER_CLOGGED,prov_007_MOBILE_MECHANIC,True,False,61.86215634148393,False,
UADO,inc_00609,609,BRAKE_PAD_WORN,BRAKE_PAD_WORN,prov_015_TOW_HEAVY,True,True,65.6762322840236,False,
UADO,inc_00610,610,IGNITION_SYSTEM,FUEL_PUMP,prov_016_MOBILE_MECHANIC,True,False,65.1588348182926,False,
UADO,inc_00611,611,ELECTRICAL_FAULT_RAIN,ELECTRICAL_FAULT_RAIN,prov_013_MOBILE_MECHANIC,True,True,92.50408986106153,False,
UADO,inc_00612,612,IGNITION_SYSTEM,FUEL_PUMP,prov_014_MOBILE_MECHANIC,True,False,65.54423006022098,False,
UADO,inc_00613,613,ELECTRICAL_FAULT_RAIN,BATTERY_REPLACE,prov_001_TOW_HEAVY,True,False,99.13648285262406,False,
UADO,inc_00614,614,CLUTCH_WORN,TRANSMISSION_ISSUE,prov_010_TOW_LIGHT,True,False,153.22645630858958,False,
UADO,inc_00615,615,COOLANT_LOW,FUEL_FILTER_CLOGGED,prov_002_MOBILE_MECHANIC,True,False,16.136489668052317,False,
UADO,inc_00616,616,CLUTCH_WORN,TRANSMISSION_ISSUE,prov_010_TOW_LIGHT,True,False,155.22247986967133,False,
UADO,inc_00617,617,ALTERNATOR_ISSUE,FUEL_FILTER_CLOGGED,prov_005_TOW_LIGHT,True,False,67.30793336446828,False,
UADO,inc_00618,618,BRAKE_FAILURE,BRAKE_FAILURE,prov_005_TOW_LIGHT,True,True,97.9617779417146,False,
UADO,inc_00619,619,BATTERY_REPLACE,BATTERY_REPLACE,prov_005_TOW_LIGHT,True,True,38.758038535170186,False,
UADO,inc_00620,620,CLUTCH_WORN,CLUTCH_WORN,prov_018_TOW_LIGHT,True,True,156.1748807220871,False,
UADO,inc_00621,621,ALTERNATOR_ISSUE,BELT_BROKEN,prov_001_TOW_HEAVY,True,False,70.2530222689281,False,
UADO,inc_00622,622,SEVERE_MECHANICAL_TOW,BELT_BROKEN,prov_001_TOW_HEAVY,True,False,44.26721957572345,False,
UADO,inc_00623,623,BATTERY_JUMP,BATTERY_JUMP,prov_005_TOW_LIGHT,True,True,21.122259360216862,False,
UADO,inc_00624,624,BRAKE_PAD_WORN,BRAKE_PAD_WORN,prov_011_TOW_LIGHT,True,True,65.9309325529927,False,
UADO,inc_00625,625,FUEL_FILTER_CLOGGED,FUEL_FILTER_CLOGGED,prov_002_MOBILE_MECHANIC,True,True,26.64940563707253,False,
UADO,inc_00626,626,FUEL_FILTER_CLOGGED,FUEL_FILTER_CLOGGED,prov_001_TOW_HEAVY,True,True,31.156141838000423,False,
UADO,inc_00627,627,BATTERY_TERMINAL_CLEAN,BATTERY_REPLACE,prov_016_MOBILE_MECHANIC,True,False,13.747129613382635,False,
UADO,inc_00628,628,FUEL_PUMP,FUEL_PUMP,prov_012_TOW_HEAVY,True,True,95.77931247377597,False,
UADO,inc_00629,629,IGNITION_SYSTEM,FUEL_PUMP,prov_001_TOW_HEAVY,True,False,64.29382309641562,False,
UADO,inc_00630,630,BELT_BROKEN,BELT_BROKEN,prov_015_TOW_HEAVY,True,True,32.437449142306065,False,
UADO,inc_00631,631,BATTERY_REPLACE,ELECTRICAL_FAULT_RAIN,prov_001_TOW_HEAVY,True,False,33.898462273594845,False,
UADO,inc_00632,632,TRANSMISSION_ISSUE,TRANSMISSION_ISSUE,prov_001_TOW_HEAVY,True,True,182.61418709072387,False,
UADO,inc_00633,633,RADIATOR_FAN_ISSUE,FUEL_FILTER_CLOGGED,prov_015_TOW_HEAVY,True,False,54.13725521106481,False,
UADO,inc_00634,634,COOLANT_LOW,RADIATOR_FAN_ISSUE,prov_010_TOW_LIGHT,True,False,13.120765806453871,False,
UADO,inc_00635,635,ALTERNATOR_ISSUE,FUEL_FILTER_CLOGGED,prov_006_TOW_LIGHT,True,False,63.18400839350312,False,
UADO,inc_00636,636,SEVERE_MECHANICAL_TOW,FUEL_FILTER_CLOGGED,prov_001_TOW_HEAVY,True,False,44.036279838551415,False,
UADO,inc_00637,637,ELECTRICAL_FAULT_RAIN,ELECTRICAL_FAULT_RAIN,prov_016_MOBILE_MECHANIC,True,True,97.68109744133655,False,
UADO,inc_00638,638,COOLANT_LOW,COOLANT_LOW,prov_007_MOBILE_MECHANIC,True,True,12.500766853528699,False,
UADO,inc_00639,639,BELT_BROKEN,FUEL_FILTER_CLOGGED,prov_016_MOBILE_MECHANIC,True,False,36.87533497015473,False,
UADO,inc_00640,640,ELECTRICAL_FAULT_RAIN,BATTERY_REPLACE,prov_005_TOW_LIGHT,True,False,95.05603160891403,False,
UADO,inc_00641,641,BRAKE_PAD_WORN,BRAKE_PAD_WORN,prov_006_TOW_LIGHT,True,True,63.24122849434749,False,
UADO,inc_00642,642,IGNITION_SYSTEM,FUEL_FILTER_CLOGGED,prov_016_MOBILE_MECHANIC,True,False,63.26923026893481,False,
UADO,inc_00643,643,IGNITION_SYSTEM,FUEL_PUMP,prov_007_MOBILE_MECHANIC,True,False,60.74172036353114,False,
UADO,inc_00644,644,BATTERY_JUMP,STARTER_MOTOR,prov_014_MOBILE_MECHANIC,True,False,20.484958861577702,False,
UADO,inc_00645,645,ENGINE_OVERHEAT_SEVERE,FUEL_FILTER_CLOGGED,prov_001_TOW_HEAVY,True,False,129.72954230721064,False,
UADO,inc_00646,646,BATTERY_REPLACE,BATTERY_REPLACE,prov_016_MOBILE_MECHANIC,True,True,34.270331974727426,False,
UADO,inc_00647,647,SEVERE_MECHANICAL_TOW,BELT_BROKEN,prov_001_TOW_HEAVY,True,False,37.15336598225135,False,
UADO,inc_00648,648,ALTERNATOR_ISSUE,FUEL_FILTER_CLOGGED,prov_012_TOW_HEAVY,True,False,67.21049222242662,False,
UADO,inc_00649,649,BATTERY_JUMP,BATTERY_JUMP,prov_012_TOW_HEAVY,True,True,21.90780145633794,False,
UADO,inc_00650,650,BRAKE_PAD_WORN,BRAKE_PAD_WORN,prov_011_TOW_LIGHT,True,True,64.7047825649326,False,
UADO,inc_00651,651,BATTERY_JUMP,BATTERY_JUMP,prov_001_TOW_HEAVY,True,True,18.547060342051495,False,
UADO,inc_00652,652,COOLANT_LOW,FUEL_FILTER_CLOGGED,prov_011_TOW_LIGHT,True,False,11.0192444341626,False,
UADO,inc_00653,653,FUEL_FILTER_CLOGGED,ALTERNATOR_ISSUE,prov_017_MOBILE_MECHANIC,True,False,31.736540990628377,False,
UADO,inc_00654,654,COOLANT_LOW,FUEL_FILTER_CLOGGED,prov_007_MOBILE_MECHANIC,True,False,12.820720606293495,False,
UADO,inc_00655,655,ELECTRICAL_FAULT_RAIN,BATTERY_REPLACE,prov_001_TOW_HEAVY,True,False,97.23434155994852,False,
UADO,inc_00656,656,IGNITION_SYSTEM,FUEL_PUMP,prov_014_MOBILE_MECHANIC,True,False,68.13347087796703,False,
UADO,inc_00657,657,ALTERNATOR_ISSUE,FUEL_FILTER_CLOGGED,prov_012_TOW_HEAVY,True,False,72.78458456549666,False,
UADO,inc_00658,658,IGNITION_SYSTEM,FUEL_PUMP,prov_006_TOW_LIGHT,True,False,65.18087047802256,False,
UADO,inc_00659,659,BATTERY_REPLACE,BATTERY_REPLACE,prov_014_MOBILE_MECHANIC,True,True,36.01506835781717,False,
UADO,inc_00660,660,BATTERY_REPLACE,ELECTRICAL_FAULT_RAIN,prov_015_TOW_HEAVY,True,False,38.303169029066076,False,
UADO,inc_00661,661,BATTERY_JUMP,BATTERY_JUMP,prov_001_TOW_HEAVY,True,True,20.203129235499595,False,
UADO,inc_00662,662,ALTERNATOR_ISSUE,FUEL_FILTER_CLOGGED,prov_017_MOBILE_MECHANIC,True,False,61.91951814182504,False,
UADO,inc_00663,663,BRAKE_PAD_WORN,BRAKE_PAD_WORN,prov_011_TOW_LIGHT,True,True,66.49233882199952,False,
UADO,inc_00664,664,RADIATOR_FAN_ISSUE,COOLANT_LOW,prov_012_TOW_HEAVY,True,False,51.90756081465105,False,
UADO,inc_00665,665,TRANSMISSION_ISSUE,CLUTCH_WORN,prov_001_TOW_HEAVY,True,False,182.94582197691736,False,
UADO,inc_00666,666,TRANSMISSION_ISSUE,TRANSMISSION_ISSUE,prov_018_TOW_LIGHT,True,True,185.8066340096752,False,
UADO,inc_00667,667,BRAKE_PAD_WORN,BRAKE_PAD_WORN,prov_006_TOW_LIGHT,True,True,64.25970399939872,False,
UADO,inc_00668,668,FUEL_PUMP,FUEL_PUMP,prov_006_TOW_LIGHT,True,True,94.44134404821853,False,
UADO,inc_00669,669,COOLANT_LOW,RADIATOR_FAN_ISSUE,prov_012_TOW_HEAVY,True,False,16.424819200247207,False,
UADO,inc_00670,670,CLUTCH_WORN,TRANSMISSION_ISSUE,prov_018_TOW_LIGHT,True,False,163.60436945344463,False,
UADO,inc_00671,671,COOLANT_LOW,RADIATOR_FAN_ISSUE,prov_002_MOBILE_MECHANIC,True,False,16.332496222632162,False,
UADO,inc_00672,672,TRANSMISSION_ISSUE,CLUTCH_WORN,prov_009_TOW_LIGHT,True,False,184.0073443890436,False,
UADO,inc_00673,673,FUEL_FILTER_CLOGGED,FUEL_FILTER_CLOGGED,prov_012_TOW_HEAVY,True,True,31.7361610424851,False,
UADO,inc_00674,674,CLUTCH_WORN,CLUTCH_WORN,prov_005_TOW_LIGHT,True,True,154.72168723521057,False,
UADO,inc_00675,675,ALTERNATOR_ISSUE,FUEL_FILTER_CLOGGED,prov_018_TOW_LIGHT,True,False,67.06868279512614,False,
UADO,inc_00676,676,FUEL_FILTER_CLOGGED,FUEL_FILTER_CLOGGED,prov_010_TOW_LIGHT,True,True,27.12078316605562,False,
UADO,inc_00677,677,STARTER_MOTOR,BATTERY_REPLACE,prov_002_MOBILE_MECHANIC,True,False,64.46610904375504,False,
UADO,inc_00678,678,BATTERY_JUMP,BATTERY_JUMP,prov_014_MOBILE_MECHANIC,True,True,21.382330928638552,False,
UADO,inc_00679,679,SEVERE_MECHANICAL_TOW,BELT_BROKEN,prov_012_TOW_HEAVY,True,False,36.37359229110669,False,
UADO,inc_00680,680,BATTERY_REPLACE,SEVERE_MECHANICAL_TOW,prov_012_TOW_HEAVY,True,False,33.26983067031055,False,
UADO,inc_00681,681,SEVERE_MECHANICAL_TOW,BELT_BROKEN,prov_015_TOW_HEAVY,True,False,43.418670980701464,False,
UADO,inc_00682,682,COOLANT_LOW,RADIATOR_FAN_ISSUE,prov_002_MOBILE_MECHANIC,True,False,18.04180357673247,False,
UADO,inc_00683,683,RADIATOR_HOSE_LEAK,FUEL_FILTER_CLOGGED,prov_009_TOW_LIGHT,True,False,32.39232056501358,False,
UADO,inc_00684,684,STARTER_MOTOR,BATTERY_JUMP,prov_013_MOBILE_MECHANIC,True,False,62.43982125391886,False,
UADO,inc_00685,685,BATTERY_REPLACE,SEVERE_MECHANICAL_TOW,prov_001_TOW_HEAVY,True,False,46.0597805356464,False,
UADO,inc_00686,686,CLUTCH_WORN,TRANSMISSION_ISSUE,prov_005_TOW_LIGHT,True,False,155.7367373197085,False,
UADO,inc_00687,687,BATTERY_REPLACE,BATTERY_REPLACE,prov_001_TOW_HEAVY,True,True,33.09684080802158,False,
UADO,inc_00688,688,BATTERY_REPLACE,BATTERY_REPLACE,prov_001_TOW_HEAVY,True,True,35.77056119459589,False,
UADO,inc_00689,689,BRAKE_PAD_WORN,BRAKE_PAD_WORN,prov_001_TOW_HEAVY,True,True,67.00126110303091,False,
UADO,inc_00690,690,BRAKE_PAD_WORN,BRAKE_PAD_WORN,prov_018_TOW_LIGHT,True,True,73.293659367542,False,
UADO,inc_00691,691,BATTERY_TERMINAL_CLEAN,BATTERY_REPLACE,prov_011_TOW_LIGHT,True,False,12.92441614632129,False,
UADO,inc_00692,692,RADIATOR_FAN_ISSUE,FUEL_FILTER_CLOGGED,prov_007_MOBILE_MECHANIC,True,False,46.77625390727565,False,
UADO,inc_00693,693,BATTERY_JUMP,FUEL_PUMP,prov_012_TOW_HEAVY,True,False,19.37903273330996,False,
UADO,inc_00694,694,BATTERY_JUMP,BATTERY_JUMP,prov_014_MOBILE_MECHANIC,True,True,20.789899420906742,False,
UADO,inc_00695,695,TRANSMISSION_ISSUE,TRANSMISSION_ISSUE,prov_012_TOW_HEAVY,True,True,188.8876040729058,False,
UADO,inc_00696,696,TRANSMISSION_ISSUE,CLUTCH_WORN,prov_001_TOW_HEAVY,True,False,189.76538988698795,False,
UADO,inc_00697,697,BATTERY_REPLACE,BATTERY_REPLACE,prov_002_MOBILE_MECHANIC,True,True,37.28315866478587,False,
UADO,inc_00698,698,ELECTRICAL_FAULT_RAIN,ELECTRICAL_FAULT_RAIN,prov_012_TOW_HEAVY,True,True,104.56145278124761,False,
UADO,inc_00699,699,IGNITION_SYSTEM,FUEL_PUMP,prov_012_TOW_HEAVY,True,False,64.86650074300282,False,
UADO,inc_00700,700,COOLANT_LOW,RADIATOR_FAN_ISSUE,prov_005_TOW_LIGHT,True,False,14.900682188327881,False,
UADO,inc_00701,701,ALTERNATOR_ISSUE,FUEL_FILTER_CLOGGED,prov_002_MOBILE_MECHANIC,True,False,63.114684722636625,False,
UADO,inc_00702,702,BATTERY_REPLACE,BATTERY_REPLACE,prov_014_MOBILE_MECHANIC,True,True,37.670905375152884,False,
UADO,inc_00703,703,BATTERY_TERMINAL_CLEAN,BATTERY_REPLACE,prov_016_MOBILE_MECHANIC,True,False,15.18301552045111,False,
UADO,inc_00704,704,BELT_BROKEN,BELT_BROKEN,prov_001_TOW_HEAVY,True,True,36.265487753313685,False,
UADO,inc_00705,705,BRAKE_FAILURE,BRAKE_FAILURE,prov_001_TOW_HEAVY,True,True,95.92054599979893,False,
UADO,inc_00706,706,FUEL_FILTER_CLOGGED,ALTERNATOR_ISSUE,prov_010_TOW_LIGHT,True,False,27.715825568305885,False,
UADO,inc_00707,707,FUEL_PUMP,FUEL_PUMP,prov_017_MOBILE_MECHANIC,True,True,97.13662884807708,False,
UADO,inc_00708,708,FUEL_PUMP,FUEL_PUMP,prov_002_MOBILE_MECHANIC,True,True,94.94128093979664,False,
UADO,inc_00709,709,BATTERY_REPLACE,SEVERE_MECHANICAL_TOW,prov_012_TOW_HEAVY,True,False,36.74809701996118,False,
UADO,inc_00710,710,TRANSMISSION_ISSUE,TRANSMISSION_ISSUE,prov_011_TOW_LIGHT,True,True,191.2621838716692,False,
UADO,inc_00711,711,STARTER_MOTOR,FUEL_FILTER_CLOGGED,prov_012_TOW_HEAVY,True,False,63.49279148170692,False,
UADO,inc_00712,712,RADIATOR_FAN_ISSUE,RADIATOR_FAN_ISSUE,prov_017_MOBILE_MECHANIC,True,True,50.21589872109028,False,
UADO,inc_00713,713,BRAKE_FAILURE,CLUTCH_WORN,prov_001_TOW_HEAVY,True,False,95.94153961114198,False,
UADO,inc_00714,714,BATTERY_JUMP,FUEL_PUMP,prov_011_TOW_LIGHT,True,False,19.872799616574405,False,
UADO,inc_00715,715,BATTERY_REPLACE,BATTERY_REPLACE,prov_012_TOW_HEAVY,True,True,41.590987653546506,False,
UADO,inc_00716,716,FUEL_FILTER_CLOGGED,FUEL_FILTER_CLOGGED,prov_001_TOW_HEAVY,True,True,27.040451228363622,False,
UADO,inc_00717,717,TRANSMISSION_ISSUE,TRANSMISSION_ISSUE,prov_006_TOW_LIGHT,True,True,187.84824921317647,False,
UADO,inc_00718,718,BATTERY_REPLACE,STARTER_MOTOR,prov_011_TOW_LIGHT,True,False,32.62683178396462,False,
UADO,inc_00719,719,BATTERY_REPLACE,SEVERE_MECHANICAL_TOW,prov_001_TOW_HEAVY,True,False,39.37710171433653,False,
UADO,inc_00720,720,ALTERNATOR_ISSUE,FUEL_FILTER_CLOGGED,prov_001_TOW_HEAVY,True,False,69.08070093659903,False,
UADO,inc_00721,721,BATTERY_JUMP,FUEL_FILTER_CLOGGED,prov_002_MOBILE_MECHANIC,True,False,23.283100435809043,False,
UADO,inc_00722,722,BATTERY_JUMP,BATTERY_JUMP,prov_016_MOBILE_MECHANIC,True,True,21.704866270099,False,
UADO,inc_00723,723,SEVERE_MECHANICAL_TOW,IGNITION_SYSTEM,prov_001_TOW_HEAVY,True,False,37.862723150524005,False,
UADO,inc_00724,724,ALTERNATOR_ISSUE,SEVERE_MECHANICAL_TOW,prov_001_TOW_HEAVY,True,False,69.38284960852728,False,
UADO,inc_00725,725,STARTER_MOTOR,BATTERY_TERMINAL_CLEAN,prov_001_TOW_HEAVY,True,False,64.26193180987464,False,
UADO,inc_00726,726,BELT_BROKEN,BELT_BROKEN,prov_014_MOBILE_MECHANIC,True,True,33.97751681049586,False,
UADO,inc_00727,727,BATTERY_REPLACE,SEVERE_MECHANICAL_TOW,prov_012_TOW_HEAVY,True,False,31.923980199578637,False,
UADO,inc_00728,728,FUEL_PUMP,FUEL_PUMP,prov_003_TOW_LIGHT,True,True,92.92141040464622,False,
UADO,inc_00729,729,SEVERE_MECHANICAL_TOW,BELT_BROKEN,prov_001_TOW_HEAVY,True,False,40.80916037143142,False,
UADO,inc_00730,730,CLUTCH_WORN,CLUTCH_WORN,prov_006_TOW_LIGHT,True,True,154.12482147655592,False,
UADO,inc_00731,731,IGNITION_SYSTEM,STARTER_MOTOR,prov_016_MOBILE_MECHANIC,True,False,63.17888598911032,False,
UADO,inc_00732,732,ALTERNATOR_ISSUE,SEVERE_MECHANICAL_TOW,prov_001_TOW_HEAVY,True,False,64.17684611690511,False,
UADO,inc_00733,733,COOLANT_LOW,FUEL_FILTER_CLOGGED,prov_006_TOW_LIGHT,True,False,12.543425592707122,False,
UADO,inc_00734,734,BELT_BROKEN,SEVERE_MECHANICAL_TOW,prov_001_TOW_HEAVY,True,False,41.995564392954684,False,
UADO,inc_00735,735,BRAKE_FAILURE,BRAKE_FAILURE,prov_011_TOW_LIGHT,True,True,93.38034862250188,False,
UADO,inc_00736,736,BATTERY_TERMINAL_CLEAN,BATTERY_REPLACE,prov_016_MOBILE_MECHANIC,True,False,10.373461801035763,False,
UADO,inc_00737,737,ENGINE_OVERHEAT_SEVERE,FUEL_FILTER_CLOGGED,prov_010_TOW_LIGHT,True,False,124.35406434125532,False,
UADO,inc_00738,738,RADIATOR_FAN_ISSUE,COOLANT_LOW,prov_002_MOBILE_MECHANIC,True,False,47.79788451309965,False,
UADO,inc_00739,739,SEVERE_MECHANICAL_TOW,BELT_BROKEN,prov_001_TOW_HEAVY,True,False,43.07286070540178,False,
UADO,inc_00740,740,BATTERY_JUMP,BATTERY_JUMP,prov_017_MOBILE_MECHANIC,True,True,18.445711778848757,False,
UADO,inc_00741,741,BELT_BROKEN,FUEL_FILTER_CLOGGED,prov_015_TOW_HEAVY,True,False,36.22566507698504,False,
UADO,inc_00742,742,TRANSMISSION_ISSUE,TRANSMISSION_ISSUE,prov_005_TOW_LIGHT,True,True,185.21120010836455,False,
UADO,inc_00743,743,BELT_BROKEN,SEVERE_MECHANICAL_TOW,prov_001_TOW_HEAVY,True,False,45.052473416893235,False,
UADO,inc_00744,744,BRAKE_FAILURE,TRANSMISSION_ISSUE,prov_005_TOW_LIGHT,True,False,94.78195769987447,False,
UADO,inc_00745,745,STARTER_MOTOR,STARTER_MOTOR,prov_005_TOW_LIGHT,True,True,61.384900068982375,False,
UADO,inc_00746,746,BATTERY_JUMP,FUEL_PUMP,prov_016_MOBILE_MECHANIC,True,False,18.43106061711215,False,
UADO,inc_00747,747,TRANSMISSION_ISSUE,CLUTCH_WORN,prov_011_TOW_LIGHT,True,False,193.25725434436663,False,
UADO,inc_00748,748,BRAKE_PAD_WORN,CLUTCH_WORN,prov_011_TOW_LIGHT,True,False,66.86076640918809,False,
UADO,inc_00749,749,BELT_BROKEN,FUEL_FILTER_CLOGGED,prov_013_MOBILE_MECHANIC,True,False,31.21856540004307,False,
UADO,inc_00750,750,IGNITION_SYSTEM,FUEL_PUMP,prov_005_TOW_LIGHT,True,False,66.67151953455996,False,
UADO,inc_00751,751,BATTERY_JUMP,BATTERY_JUMP,prov_011_TOW_LIGHT,True,True,19.222688234166423,False,
UADO,inc_00752,752,TRANSMISSION_ISSUE,TRANSMISSION_ISSUE,prov_006_TOW_LIGHT,True,True,186.07086938872658,False,
UADO,inc_00753,753,SEVERE_MECHANICAL_TOW,FUEL_FILTER_CLOGGED,prov_012_TOW_HEAVY,True,False,33.165128191728236,False,
UADO,inc_00754,754,COOLANT_LOW,COOLANT_LOW,prov_013_MOBILE_MECHANIC,True,True,11.568205814323436,False,
UADO,inc_00755,755,ELECTRICAL_FAULT_RAIN,SEVERE_MECHANICAL_TOW,prov_012_TOW_HEAVY,True,False,103.93834772332137,False,
UADO,inc_00756,756,FUEL_FILTER_CLOGGED,ALTERNATOR_ISSUE,prov_001_TOW_HEAVY,True,False,29.282237044542086,False,
UADO,inc_00757,757,BELT_BROKEN,BELT_BROKEN,prov_010_TOW_LIGHT,True,True,33.84661748050971,False,
UADO,inc_00758,758,BATTERY_REPLACE,ELECTRICAL_FAULT_RAIN,prov_002_MOBILE_MECHANIC,True,False,33.94651292597618,False,
UADO,inc_00759,759,IGNITION_SYSTEM,STARTER_MOTOR,prov_007_MOBILE_MECHANIC,True,False,61.57682251583584,False,
UADO,inc_00760,760,BRAKE_PAD_WORN,BRAKE_PAD_WORN,prov_001_TOW_HEAVY,True,True,62.71405210427939,False,
UADO,inc_00761,761,TRANSMISSION_ISSUE,TRANSMISSION_ISSUE,prov_011_TOW_LIGHT,True,True,183.67214146570626,False,
UADO,inc_00762,762,RADIATOR_HOSE_LEAK,RADIATOR_FAN_ISSUE,prov_001_TOW_HEAVY,True,False,34.15896357274973,False,
UADO,inc_00763,763,FUEL_FILTER_CLOGGED,ALTERNATOR_ISSUE,prov_001_TOW_HEAVY,True,False,31.959484780431218,False,
UADO,inc_00764,764,BATTERY_REPLACE,SEVERE_MECHANICAL_TOW,prov_001_TOW_HEAVY,True,False,38.0117065349525,False,
UADO,inc_00765,765,BATTERY_REPLACE,BATTERY_REPLACE,prov_015_TOW_HEAVY,True,True,33.377051116565305,False,
UADO,inc_00766,766,FUEL_FILTER_CLOGGED,FUEL_FILTER_CLOGGED,prov_016_MOBILE_MECHANIC,True,True,31.398948406344523,False,
UADO,inc_00767,767,STARTER_MOTOR,STARTER_MOTOR,prov_005_TOW_LIGHT,True,True,67.47202067165559,False,
UADO,inc_00768,768,BRAKE_PAD_WORN,BRAKE_PAD_WORN,prov_014_MOBILE_MECHANIC,True,True,67.37103449450099,False,
UADO,inc_00769,769,BATTERY_JUMP,BATTERY_JUMP,prov_014_MOBILE_MECHANIC,True,True,24.16139643214908,False,
UADO,inc_00770,770,ALTERNATOR_ISSUE,FUEL_FILTER_CLOGGED,prov_001_TOW_HEAVY,True,False,66.69014318959401,False,
UADO,inc_00771,771,FUEL_FILTER_CLOGGED,FUEL_FILTER_CLOGGED,prov_017_MOBILE_MECHANIC,True,True,25.88609141229177,False,
UADO,inc_00772,772,BRAKE_PAD_WORN,BRAKE_PAD_WORN,prov_005_TOW_LIGHT,True,True,65.47023198377707,False,
UADO,inc_00773,773,CLUTCH_WORN,CLUTCH_WORN,prov_018_TOW_LIGHT,True,True,153.63703350502325,False,
UADO,inc_00774,774,ELECTRICAL_FAULT_RAIN,BATTERY_TERMINAL_CLEAN,prov_005_TOW_LIGHT,True,False,92.9169879269705,False,
UADO,inc_00775,775,TRANSMISSION_ISSUE,CLUTCH_WORN,prov_012_TOW_HEAVY,True,False,190.04248289474808,False,
UADO,inc_00776,776,BATTERY_REPLACE,FUEL_PUMP,prov_002_MOBILE_MECHANIC,True,False,31.615329025613782,False,
UADO,inc_00777,777,ELECTRICAL_FAULT_RAIN,BATTERY_REPLACE,prov_002_MOBILE_MECHANIC,True,False,95.17246626469165,False,
UADO,inc_00778,778,ALTERNATOR_ISSUE,ALTERNATOR_ISSUE,prov_016_MOBILE_MECHANIC,True,True,64.44540338521867,False,
UADO,inc_00779,779,ALTERNATOR_ISSUE,FUEL_FILTER_CLOGGED,prov_015_TOW_HEAVY,True,False,61.786204934705985,False,
UADO,inc_00780,780,FUEL_FILTER_CLOGGED,IGNITION_SYSTEM,prov_005_TOW_LIGHT,True,False,28.19274581363667,False,
UADO,inc_00781,781,BRAKE_FAILURE,BRAKE_PAD_WORN,prov_016_MOBILE_MECHANIC,False,False,137.09719903029304,True,
UADO,inc_00782,782,IGNITION_SYSTEM,FUEL_PUMP,prov_002_MOBILE_MECHANIC,True,False,69.27082642180689,False,
UADO,inc_00783,783,BRAKE_PAD_WORN,BRAKE_PAD_WORN,prov_014_MOBILE_MECHANIC,True,True,67.29066425994085,False,
UADO,inc_00784,784,CLUTCH_WORN,CLUTCH_WORN,prov_011_TOW_LIGHT,True,True,153.33011973888483,False,
UADO,inc_00785,785,CLUTCH_WORN,TRANSMISSION_ISSUE,prov_005_TOW_LIGHT,True,False,156.0077525093695,False,
UADO,inc_00786,786,STARTER_MOTOR,STARTER_MOTOR,prov_005_TOW_LIGHT,True,True,67.08198830260478,False,
UADO,inc_00787,787,ALTERNATOR_ISSUE,FUEL_FILTER_CLOGGED,prov_012_TOW_HEAVY,True,False,64.26449434415555,False,
UADO,inc_00788,788,BATTERY_JUMP,BATTERY_JUMP,prov_006_TOW_LIGHT,True,True,16.514265710139867,False,
UADO,inc_00789,789,RADIATOR_FAN_ISSUE,FUEL_FILTER_CLOGGED,prov_002_MOBILE_MECHANIC,True,False,50.05707986943259,False,
UADO,inc_00790,790,BATTERY_REPLACE,BATTERY_REPLACE,prov_001_TOW_HEAVY,True,True,40.9956523204571,False,
UADO,inc_00791,791,COOLANT_LOW,RADIATOR_FAN_ISSUE,prov_012_TOW_HEAVY,True,False,15.539050687999115,False,
UADO,inc_00792,792,BATTERY_REPLACE,BATTERY_REPLACE,prov_010_TOW_LIGHT,True,True,31.389094089243653,False,
UADO,inc_00793,793,BATTERY_JUMP,BATTERY_JUMP,prov_014_MOBILE_MECHANIC,True,True,17.948470139477504,False,
UADO,inc_00794,794,RADIATOR_HOSE_LEAK,FUEL_FILTER_CLOGGED,prov_001_TOW_HEAVY,True,False,35.05758852059472,False,
UADO,inc_00795,795,BATTERY_JUMP,BATTERY_JUMP,prov_002_MOBILE_MECHANIC,True,True,18.971785675885354,False,
UADO,inc_00796,796,FUEL_FILTER_CLOGGED,FUEL_FILTER_CLOGGED,prov_011_TOW_LIGHT,True,True,28.718402962404596,False,
UADO,inc_00797,797,RADIATOR_FAN_ISSUE,COOLANT_LOW,prov_010_TOW_LIGHT,True,False,48.040856625049905,False,
UADO,inc_00798,798,ALTERNATOR_ISSUE,FUEL_FILTER_CLOGGED,prov_014_MOBILE_MECHANIC,True,False,64.80952562330371,False,
UADO,inc_00799,799,BRAKE_PAD_WORN,BRAKE_PAD_WORN,prov_012_TOW_HEAVY,True,True,70.7030642941072,False,
UADO,inc_00800,800,TRANSMISSION_ISSUE,CLUTCH_WORN,prov_006_TOW_LIGHT,True,False,184.00899689311487,False,
UADO,inc_00801,801,TRANSMISSION_ISSUE,TRANSMISSION_ISSUE,prov_012_TOW_HEAVY,True,True,184.91174654116404,False,
UADO,inc_00802,802,BATTERY_JUMP,BATTERY_JUMP,prov_016_MOBILE_MECHANIC,True,True,23.925404106957895,False,
UADO,inc_00803,803,ALTERNATOR_ISSUE,FUEL_FILTER_CLOGGED,prov_012_TOW_HEAVY,True,False,66.10432282981066,False,
UADO,inc_00804,804,BATTERY_REPLACE,BATTERY_REPLACE,prov_006_TOW_LIGHT,True,True,32.727245961390615,False,
UADO,inc_00805,805,CLUTCH_WORN,CLUTCH_WORN,prov_011_TOW_LIGHT,True,True,158.3681518041319,False,
UADO,inc_00806,806,RADIATOR_HOSE_LEAK,COOLANT_LOW,prov_009_TOW_LIGHT,True,False,34.06029374866645,False,
UADO,inc_00807,807,FUEL_FILTER_CLOGGED,FUEL_FILTER_CLOGGED,prov_001_TOW_HEAVY,True,True,31.154766241676647,False,
UADO,inc_00808,808,BRAKE_PAD_WORN,CLUTCH_WORN,prov_018_TOW_LIGHT,True,False,67.22054748466152,False,
UADO,inc_00809,809,BATTERY_JUMP,BATTERY_JUMP,prov_012_TOW_HEAVY,True,True,21.492403733395758,False,
UADO,inc_00810,810,FUEL_FILTER_CLOGGED,FUEL_FILTER_CLOGGED,prov_001_TOW_HEAVY,True,True,30.331192273528973,False,
UADO,inc_00811,811,IGNITION_SYSTEM,FUEL_PUMP,prov_014_MOBILE_MECHANIC,True,False,64.36121420765652,False,
UADO,inc_00812,812,CLUTCH_WORN,TRANSMISSION_ISSUE,prov_005_TOW_LIGHT,True,False,155.87584370601564,False,
UADO,inc_00813,813,ALTERNATOR_ISSUE,BELT_BROKEN,prov_011_TOW_LIGHT,True,False,63.75441977843534,False,
UADO,inc_00814,814,BATTERY_JUMP,BATTERY_JUMP,prov_015_TOW_HEAVY,True,True,21.278141778515625,False,
UADO,inc_00815,815,ALTERNATOR_ISSUE,FUEL_FILTER_CLOGGED,prov_015_TOW_HEAVY,True,False,65.1884957757229,False,
UADO,inc_00816,816,BATTERY_REPLACE,BATTERY_REPLACE,prov_014_MOBILE_MECHANIC,True,True,31.389601080397558,False,
UADO,inc_00817,817,BATTERY_JUMP,BATTERY_JUMP,prov_001_TOW_HEAVY,True,True,20.55073144479037,False,
UADO,inc_00818,818,COOLANT_LOW,RADIATOR_FAN_ISSUE,prov_010_TOW_LIGHT,True,False,15.785587604571395,False,
UADO,inc_00819,819,ALTERNATOR_ISSUE,FUEL_FILTER_CLOGGED,prov_010_TOW_LIGHT,True,False,61.54630736987997,False,
UADO,inc_00820,820,BATTERY_JUMP,BATTERY_JUMP,prov_002_MOBILE_MECHANIC,True,True,18.51028201756652,False,
UADO,inc_00821,821,IGNITION_SYSTEM,IGNITION_SYSTEM,prov_016_MOBILE_MECHANIC,True,True,61.337965347909396,False,
UADO,inc_00822,822,COOLANT_LOW,RADIATOR_FAN_ISSUE,prov_006_TOW_LIGHT,True,False,14.254469845750593,False,
UADO,inc_00823,823,IGNITION_SYSTEM,FUEL_FILTER_CLOGGED,prov_016_MOBILE_MECHANIC,True,False,62.73092503999421,False,
UADO,inc_00824,824,RADIATOR_FAN_ISSUE,COOLANT_LOW,prov_002_MOBILE_MECHANIC,True,False,50.54892803535758,False,
UADO,inc_00825,825,BRAKE_FAILURE,BRAKE_PAD_WORN,prov_018_TOW_LIGHT,True,False,98.44928439885145,False,
UADO,inc_00826,826,COOLANT_LOW,COOLANT_LOW,prov_015_TOW_HEAVY,True,True,15.173509213549277,False,
UADO,inc_00827,827,BELT_BROKEN,FUEL_FILTER_CLOGGED,prov_017_MOBILE_MECHANIC,True,False,32.62984732361588,False,
UADO,inc_00828,828,TRANSMISSION_ISSUE,TRANSMISSION_ISSUE,prov_011_TOW_LIGHT,True,True,190.04287725813816,False,
UADO,inc_00829,829,RADIATOR_HOSE_LEAK,COOLANT_LOW,prov_001_TOW_HEAVY,True,False,33.20151240615658,False,
UADO,inc_00830,830,BATTERY_REPLACE,STARTER_MOTOR,prov_007_MOBILE_MECHANIC,True,False,31.9428229858094,False,
UADO,inc_00831,831,BRAKE_FAILURE,BRAKE_PAD_WORN,prov_010_TOW_LIGHT,True,False,93.40852940865878,False,
UADO,inc_00832,832,BELT_BROKEN,BELT_BROKEN,prov_013_MOBILE_MECHANIC,True,True,31.507510262556572,False,
UADO,inc_00833,833,FUEL_FILTER_CLOGGED,FUEL_FILTER_CLOGGED,prov_002_MOBILE_MECHANIC,True,True,34.423495175245456,False,
UADO,inc_00834,834,BATTERY_TERMINAL_CLEAN,BATTERY_REPLACE,prov_014_MOBILE_MECHANIC,True,False,15.705264062481767,False,
UADO,inc_00835,835,ENGINE_OVERHEAT_SEVERE,FUEL_FILTER_CLOGGED,prov_011_TOW_LIGHT,True,False,122.61043517433795,False,
UADO,inc_00836,836,CLUTCH_WORN,TRANSMISSION_ISSUE,prov_006_TOW_LIGHT,True,False,152.65633671785025,False,
UADO,inc_00837,837,RADIATOR_HOSE_LEAK,FUEL_FILTER_CLOGGED,prov_001_TOW_HEAVY,True,False,38.14098197233236,False,
UADO,inc_00838,838,COOLANT_LOW,FUEL_FILTER_CLOGGED,prov_010_TOW_LIGHT,True,False,12.401602549855719,False,
UADO,inc_00839,839,FUEL_FILTER_CLOGGED,FUEL_FILTER_CLOGGED,prov_011_TOW_LIGHT,True,True,28.870617068966304,False,
UADO,inc_00840,840,BATTERY_REPLACE,BATTERY_REPLACE,prov_001_TOW_HEAVY,True,True,37.45477172791576,False,
UADO,inc_00841,841,FUEL_FILTER_CLOGGED,IGNITION_SYSTEM,prov_017_MOBILE_MECHANIC,True,False,31.21434524015607,False,
UADO,inc_00842,842,BRAKE_PAD_WORN,BRAKE_PAD_WORN,prov_002_MOBILE_MECHANIC,True,True,68.16847677675501,False,
UADO,inc_00843,843,BATTERY_REPLACE,BATTERY_TERMINAL_CLEAN,prov_016_MOBILE_MECHANIC,True,False,35.18264588568272,False,
UADO,inc_00844,844,IGNITION_SYSTEM,FUEL_PUMP,prov_018_TOW_LIGHT,True,False,61.47394618461152,False,
UADO,inc_00845,845,CLUTCH_WORN,TRANSMISSION_ISSUE,prov_001_TOW_HEAVY,True,False,155.1122823795941,False,
UADO,inc_00846,846,ELECTRICAL_FAULT_RAIN,BATTERY_REPLACE,prov_014_MOBILE_MECHANIC,True,False,93.49479277198024,False,
UADO,inc_00847,847,BATTERY_TERMINAL_CLEAN,BATTERY_TERMINAL_CLEAN,prov_016_MOBILE_MECHANIC,True,True,14.197506888843222,False,
UADO,inc_00848,848,ALTERNATOR_ISSUE,FUEL_FILTER_CLOGGED,prov_002_MOBILE_MECHANIC,True,False,64.56651175314352,False,
UADO,inc_00849,849,ALTERNATOR_ISSUE,FUEL_PUMP,prov_010_TOW_LIGHT,True,False,65.66903940883734,False,
UADO,inc_00850,850,ALTERNATOR_ISSUE,BELT_BROKEN,prov_009_TOW_LIGHT,True,False,61.842319447711375,False,
UADO,inc_00851,851,BELT_BROKEN,FUEL_FILTER_CLOGGED,prov_015_TOW_HEAVY,True,False,31.203168600758765,False,
UADO,inc_00852,852,ALTERNATOR_ISSUE,FUEL_FILTER_CLOGGED,prov_007_MOBILE_MECHANIC,True,False,62.129610277170535,False,
UADO,inc_00853,853,CLUTCH_WORN,CLUTCH_WORN,prov_001_TOW_HEAVY,True,True,153.10289708560876,False,
UADO,inc_00854,854,BRAKE_PAD_WORN,BRAKE_PAD_WORN,prov_011_TOW_LIGHT,True,True,62.89152491664379,False,
UADO,inc_00855,855,RADIATOR_HOSE_LEAK,COOLANT_LOW,prov_014_MOBILE_MECHANIC,True,False,38.029870393633345,False,
UADO,inc_00856,856,BATTERY_TERMINAL_CLEAN,BATTERY_TERMINAL_CLEAN,prov_005_TOW_LIGHT,True,True,14.161460809052567,False,
UADO,inc_00857,857,CLUTCH_WORN,CLUTCH_WORN,prov_005_TOW_LIGHT,True,True,154.80138379710482,False,
UADO,inc_00858,858,CLUTCH_WORN,TRANSMISSION_ISSUE,prov_010_TOW_LIGHT,True,False,157.71957760006958,False,
UADO,inc_00859,859,STARTER_MOTOR,STARTER_MOTOR,prov_016_MOBILE_MECHANIC,True,True,63.92709006516114,False,
UADO,inc_00860,860,ALTERNATOR_ISSUE,BELT_BROKEN,prov_002_MOBILE_MECHANIC,True,False,64.3062619806744,False,
UADO,inc_00861,861,RADIATOR_FAN_ISSUE,RADIATOR_FAN_ISSUE,prov_001_TOW_HEAVY,True,True,46.790337934880874,False,
UADO,inc_00862,862,COOLANT_LOW,FUEL_FILTER_CLOGGED,prov_002_MOBILE_MECHANIC,True,False,15.507906759628039,False,
UADO,inc_00863,863,BRAKE_PAD_WORN,BRAKE_PAD_WORN,prov_016_MOBILE_MECHANIC,True,True,65.88499261693889,False,
UADO,inc_00864,864,ELECTRICAL_FAULT_RAIN,BATTERY_REPLACE,prov_002_MOBILE_MECHANIC,True,False,98.69964037307035,False,
UADO,inc_00865,865,BATTERY_JUMP,BATTERY_JUMP,prov_016_MOBILE_MECHANIC,True,True,17.916081053304875,False,
UADO,inc_00866,866,FUEL_FILTER_CLOGGED,ALTERNATOR_ISSUE,prov_010_TOW_LIGHT,True,False,30.498897514774118,False,
UADO,inc_00867,867,COOLANT_LOW,RADIATOR_FAN_ISSUE,prov_002_MOBILE_MECHANIC,True,False,11.07253825541636,False,
UADO,inc_00868,868,BATTERY_JUMP,BATTERY_JUMP,prov_014_MOBILE_MECHANIC,True,True,20.41405613324072,False,
UADO,inc_00869,869,BRAKE_PAD_WORN,BRAKE_PAD_WORN,prov_015_TOW_HEAVY,True,True,62.19334152567713,False,
UADO,inc_00870,870,SEVERE_MECHANICAL_TOW,BELT_BROKEN,prov_001_TOW_HEAVY,True,False,43.12569212302667,False,
UADO,inc_00871,871,ALTERNATOR_ISSUE,FUEL_FILTER_CLOGGED,prov_002_MOBILE_MECHANIC,True,False,64.8003055520022,False,
UADO,inc_00872,872,BRAKE_PAD_WORN,BRAKE_PAD_WORN,prov_016_MOBILE_MECHANIC,True,True,64.0473223574218,False,
UADO,inc_00873,873,FUEL_PUMP,FUEL_PUMP,prov_016_MOBILE_MECHANIC,True,True,93.61567821443657,False,
UADO,inc_00874,874,BATTERY_REPLACE,BATTERY_REPLACE,prov_010_TOW_LIGHT,True,True,34.54919977781417,False,
UADO,inc_00875,875,RADIATOR_HOSE_LEAK,FUEL_FILTER_CLOGGED,prov_018_TOW_LIGHT,True,False,37.42402239239635,False,
UADO,inc_00876,876,BRAKE_PAD_WORN,BRAKE_PAD_WORN,prov_002_MOBILE_MECHANIC,True,True,64.24883055249343,False,
UADO,inc_00877,877,RADIATOR_HOSE_LEAK,COOLANT_LOW,prov_010_TOW_LIGHT,True,False,32.29239151619353,False,
UADO,inc_00878,878,CLUTCH_WORN,CLUTCH_WORN,prov_012_TOW_HEAVY,True,True,150.46239758405878,False,
UADO,inc_00879,879,BRAKE_PAD_WORN,BRAKE_PAD_WORN,prov_009_TOW_LIGHT,True,True,62.110338191003535,False,
UADO,inc_00880,880,BATTERY_REPLACE,BATTERY_TERMINAL_CLEAN,prov_002_MOBILE_MECHANIC,True,False,36.82994781362535,False,
UADO,inc_00881,881,STARTER_MOTOR,BATTERY_TERMINAL_CLEAN,prov_011_TOW_LIGHT,True,False,60.85884268041163,False,
UADO,inc_00882,882,STARTER_MOTOR,BATTERY_TERMINAL_CLEAN,prov_007_MOBILE_MECHANIC,True,False,63.49169892089398,False,
UADO,inc_00883,883,ENGINE_OVERHEAT_SEVERE,FUEL_FILTER_CLOGGED,prov_011_TOW_LIGHT,True,False,126.08734329281394,False,
UADO,inc_00884,884,BATTERY_TERMINAL_CLEAN,ELECTRICAL_FAULT_RAIN,prov_014_MOBILE_MECHANIC,True,False,15.443175534843977,False,
UADO,inc_00885,885,BRAKE_PAD_WORN,BRAKE_PAD_WORN,prov_015_TOW_HEAVY,True,True,61.62918515144693,False,
UADO,inc_00886,886,BATTERY_JUMP,IGNITION_SYSTEM,prov_014_MOBILE_MECHANIC,True,False,21.691948234022707,False,
UADO,inc_00887,887,ALTERNATOR_ISSUE,BELT_BROKEN,prov_012_TOW_HEAVY,True,False,66.01032805981498,False,
UADO,inc_00888,888,SEVERE_MECHANICAL_TOW,BELT_BROKEN,prov_015_TOW_HEAVY,True,False,36.859435097561025,False,
UADO,inc_00889,889,BELT_BROKEN,SEVERE_MECHANICAL_TOW,prov_001_TOW_HEAVY,True,False,39.4349928459535,False,
UADO,inc_00890,890,BELT_BROKEN,FUEL_FILTER_CLOGGED,prov_017_MOBILE_MECHANIC,True,False,33.728636845809845,False,
UADO,inc_00891,891,ELECTRICAL_FAULT_RAIN,BATTERY_REPLACE,prov_012_TOW_HEAVY,True,False,99.22815744450807,False,
UADO,inc_00892,892,ALTERNATOR_ISSUE,FUEL_FILTER_CLOGGED,prov_010_TOW_LIGHT,True,False,62.59344375527282,False,
UADO,inc_00893,893,ALTERNATOR_ISSUE,BELT_BROKEN,prov_014_MOBILE_MECHANIC,True,False,67.11473561058618,False,
UADO,inc_00894,894,BATTERY_TERMINAL_CLEAN,SEVERE_MECHANICAL_TOW,prov_012_TOW_HEAVY,True,False,24.405728554567443,False,
UADO,inc_00895,895,COOLANT_LOW,FUEL_FILTER_CLOGGED,prov_012_TOW_HEAVY,True,False,14.025034274820259,False,
UADO,inc_00896,896,CLUTCH_WORN,TRANSMISSION_ISSUE,prov_001_TOW_HEAVY,True,False,155.41793723119008,False,
UADO,inc_00897,897,ALTERNATOR_ISSUE,ALTERNATOR_ISSUE,prov_014_MOBILE_MECHANIC,True,True,65.13595952251823,False,
UADO,inc_00898,898,RADIATOR_FAN_ISSUE,COOLANT_LOW,prov_001_TOW_HEAVY,True,False,50.616194356534,False,
UADO,inc_00899,899,FUEL_PUMP,FUEL_PUMP,prov_001_TOW_HEAVY,True,True,94.51397191013578,False,
UADO,inc_00900,900,BRAKE_PAD_WORN,BRAKE_PAD_WORN,prov_001_TOW_HEAVY,True,True,64.70387926049926,False,
UADO,inc_00901,901,IGNITION_SYSTEM,BATTERY_REPLACE,prov_010_TOW_LIGHT,True,False,62.6602538459011,False,
UADO,inc_00902,902,BRAKE_FAILURE,TRANSMISSION_ISSUE,prov_009_TOW_LIGHT,True,False,92.89297508679293,False,
UADO,inc_00903,903,BRAKE_PAD_WORN,BRAKE_PAD_WORN,prov_010_TOW_LIGHT,True,True,62.51006786650338,False,
UADO,inc_00904,904,BRAKE_FAILURE,BRAKE_FAILURE,prov_012_TOW_HEAVY,True,True,97.7626850530408,False,
UADO,inc_00905,905,ELECTRICAL_FAULT_RAIN,ELECTRICAL_FAULT_RAIN,prov_011_TOW_LIGHT,True,True,95.66124456118449,False,
UADO,inc_00906,906,BATTERY_JUMP,BATTERY_REPLACE,prov_005_TOW_LIGHT,True,False,20.598952497435832,False,
UADO,inc_00907,907,SEVERE_MECHANICAL_TOW,SEVERE_MECHANICAL_TOW,prov_012_TOW_HEAVY,True,True,43.968703565415474,False,
UADO,inc_00908,908,BATTERY_JUMP,BATTERY_JUMP,prov_016_MOBILE_MECHANIC,True,True,18.712598410608166,False,
UADO,inc_00909,909,COOLANT_LOW,RADIATOR_FAN_ISSUE,prov_001_TOW_HEAVY,True,False,13.333210813043625,False,
UADO,inc_00910,910,TRANSMISSION_ISSUE,CLUTCH_WORN,prov_011_TOW_LIGHT,True,False,185.90440771448004,False,
UADO,inc_00911,911,ENGINE_OVERHEAT_SEVERE,RADIATOR_FAN_ISSUE,prov_001_TOW_HEAVY,True,False,123.32864116510149,False,
UADO,inc_00912,912,TRANSMISSION_ISSUE,TRANSMISSION_ISSUE,prov_005_TOW_LIGHT,True,True,188.52208141872768,False,
UADO,inc_00913,913,TRANSMISSION_ISSUE,TRANSMISSION_ISSUE,prov_012_TOW_HEAVY,True,True,184.32189221806146,False,
UADO,inc_00914,914,BRAKE_PAD_WORN,CLUTCH_WORN,prov_018_TOW_LIGHT,True,False,63.989186792162414,False,
UADO,inc_00915,915,FUEL_FILTER_CLOGGED,ALTERNATOR_ISSUE,prov_015_TOW_HEAVY,True,False,32.434687447550175,False,
UADO,inc_00916,916,STARTER_MOTOR,BATTERY_REPLACE,prov_018_TOW_LIGHT,True,False,62.302483027915066,False,
UADO,inc_00917,917,BATTERY_JUMP,BATTERY_JUMP,prov_002_MOBILE_MECHANIC,True,True,20.05481328437643,False,
UADO,inc_00918,918,BATTERY_JUMP,BATTERY_JUMP,prov_014_MOBILE_MECHANIC,True,True,19.61391953022136,False,
UADO,inc_00919,919,CLUTCH_WORN,CLUTCH_WORN,prov_011_TOW_LIGHT,True,True,154.44532879903966,False,
UADO,inc_00920,920,BATTERY_REPLACE,BATTERY_REPLACE,prov_011_TOW_LIGHT,True,True,32.982660382359114,False,
UADO,inc_00921,921,BATTERY_TERMINAL_CLEAN,BATTERY_REPLACE,prov_009_TOW_LIGHT,True,False,11.192407415818947,False,
UADO,inc_00922,922,BATTERY_JUMP,BATTERY_JUMP,prov_011_TOW_LIGHT,True,True,18.844933806034366,False,
UADO,inc_00923,923,BRAKE_PAD_WORN,BRAKE_PAD_WORN,prov_002_MOBILE_MECHANIC,True,True,62.71390826456575,False,
UADO,inc_00924,924,COOLANT_LOW,COOLANT_LOW,prov_002_MOBILE_MECHANIC,True,True,17.590729707300675,False,
UADO,inc_00925,925,FUEL_FILTER_CLOGGED,ALTERNATOR_ISSUE,prov_014_MOBILE_MECHANIC,True,False,30.400589792117504,False,
UADO,inc_00926,926,BATTERY_JUMP,BATTERY_JUMP,prov_015_TOW_HEAVY,True,True,16.5654971575582,False,
UADO,inc_00927,927,ELECTRICAL_FAULT_RAIN,ELECTRICAL_FAULT_RAIN,prov_001_TOW_HEAVY,True,True,93.65200681538636,False,
UADO,inc_00928,928,CLUTCH_WORN,CLUTCH_WORN,prov_018_TOW_LIGHT,True,True,158.6271057600819,False,
UADO,inc_00929,929,BATTERY_JUMP,FUEL_FILTER_CLOGGED,prov_001_TOW_HEAVY,True,False,20.70009827840579,False,
UADO,inc_00930,930,ALTERNATOR_ISSUE,BELT_BROKEN,prov_012_TOW_HEAVY,True,False,63.022119428544215,False,
UADO,inc_00931,931,RADIATOR_FAN_ISSUE,COOLANT_LOW,prov_018_TOW_LIGHT,True,False,45.38674396456458,False,
UADO,inc_00932,932,CLUTCH_WORN,TRANSMISSION_ISSUE,prov_003_TOW_LIGHT,True,False,153.89719875063332,False,
UADO,inc_00933,933,BATTERY_JUMP,BATTERY_JUMP,prov_002_MOBILE_MECHANIC,True,True,21.552412424015586,False,
UADO,inc_00934,934,BATTERY_REPLACE,BATTERY_REPLACE,prov_012_TOW_HEAVY,True,True,31.796412706267333,False,
UADO,inc_00935,935,TRANSMISSION_ISSUE,TRANSMISSION_ISSUE,prov_011_TOW_LIGHT,True,True,188.74495294128576,False,
UADO,inc_00936,936,COOLANT_LOW,COOLANT_LOW,prov_017_MOBILE_MECHANIC,True,True,17.218823990868103,False,
UADO,inc_00937,937,BATTERY_REPLACE,BATTERY_REPLACE,prov_001_TOW_HEAVY,True,True,39.59272170173171,False,
UADO,inc_00938,938,COOLANT_LOW,COOLANT_LOW,prov_006_TOW_LIGHT,True,True,12.379961596057505,False,
UADO,inc_00939,939,SEVERE_MECHANICAL_TOW,SEVERE_MECHANICAL_TOW,prov_001_TOW_HEAVY,True,True,39.72414808993611,False,
UADO,inc_00940,940,IGNITION_SYSTEM,IGNITION_SYSTEM,prov_009_TOW_LIGHT,True,True,62.27798819117666,False,
UADO,inc_00941,941,BATTERY_JUMP,FUEL_FILTER_CLOGGED,prov_001_TOW_HEAVY,True,False,19.469313223509346,False,
UADO,inc_00942,942,BATTERY_REPLACE,BATTERY_REPLACE,prov_002_MOBILE_MECHANIC,True,True,35.09652497078434,False,
UADO,inc_00943,943,ELECTRICAL_FAULT_RAIN,BATTERY_REPLACE,prov_012_TOW_HEAVY,True,False,96.54283864394826,False,
UADO,inc_00944,944,BATTERY_REPLACE,STARTER_MOTOR,prov_007_MOBILE_MECHANIC,True,False,33.0660846386797,False,
UADO,inc_00945,945,CLUTCH_WORN,CLUTCH_WORN,prov_001_TOW_HEAVY,True,True,157.6078826139616,False,
UADO,inc_00946,946,TRANSMISSION_ISSUE,TRANSMISSION_ISSUE,prov_015_TOW_HEAVY,True,True,185.95574869907026,False,
UADO,inc_00947,947,ALTERNATOR_ISSUE,BELT_BROKEN,prov_016_MOBILE_MECHANIC,True,False,68.36392668770844,False,
UADO,inc_00948,948,TRANSMISSION_ISSUE,TRANSMISSION_ISSUE,prov_010_TOW_LIGHT,True,True,184.04772287814853,False,
UADO,inc_00949,949,STARTER_MOTOR,STARTER_MOTOR,prov_017_MOBILE_MECHANIC,True,True,64.50130943389532,False,
UADO,inc_00950,950,STARTER_MOTOR,FUEL_FILTER_CLOGGED,prov_010_TOW_LIGHT,True,False,65.00273708155655,False,
UADO,inc_00951,951,TRANSMISSION_ISSUE,TRANSMISSION_ISSUE,prov_018_TOW_LIGHT,True,True,183.6813700576275,False,
UADO,inc_00952,952,TRANSMISSION_ISSUE,CLUTCH_WORN,prov_015_TOW_HEAVY,True,False,186.2686097150082,False,
UADO,inc_00953,953,BATTERY_REPLACE,SEVERE_MECHANICAL_TOW,prov_001_TOW_HEAVY,True,False,37.130376430724816,False,
UADO,inc_00954,954,BRAKE_PAD_WORN,BRAKE_PAD_WORN,prov_002_MOBILE_MECHANIC,True,True,66.05622890880295,False,
UADO,inc_00955,955,BRAKE_PAD_WORN,BRAKE_PAD_WORN,prov_005_TOW_LIGHT,True,True,63.70573353713583,False,
UADO,inc_00956,956,RADIATOR_HOSE_LEAK,FUEL_FILTER_CLOGGED,prov_011_TOW_LIGHT,True,False,34.165100193700894,False,
UADO,inc_00957,957,BRAKE_FAILURE,TRANSMISSION_ISSUE,prov_005_TOW_LIGHT,True,False,96.89879881517254,False,
UADO,inc_00958,958,RADIATOR_FAN_ISSUE,COOLANT_LOW,prov_014_MOBILE_MECHANIC,True,False,50.143856840458874,False,
UADO,inc_00959,959,COOLANT_LOW,RADIATOR_FAN_ISSUE,prov_016_MOBILE_MECHANIC,True,False,16.622134012223178,False,
UADO,inc_00960,960,BELT_BROKEN,ALTERNATOR_ISSUE,prov_011_TOW_LIGHT,True,False,33.796141236397524,False,
UADO,inc_00961,961,ENGINE_OVERHEAT_SEVERE,RADIATOR_FAN_ISSUE,prov_005_TOW_LIGHT,True,False,127.29091747031973,False,
UADO,inc_00962,962,RADIATOR_HOSE_LEAK,RADIATOR_FAN_ISSUE,prov_001_TOW_HEAVY,True,False,35.35313257058408,False,
UADO,inc_00963,963,ALTERNATOR_ISSUE,BELT_BROKEN,prov_002_MOBILE_MECHANIC,True,False,65.04719929873913,False,
UADO,inc_00964,964,ELECTRICAL_FAULT_RAIN,BATTERY_REPLACE,prov_002_MOBILE_MECHANIC,True,False,96.32146214989083,False,
UADO,inc_00965,965,STARTER_MOTOR,STARTER_MOTOR,prov_002_MOBILE_MECHANIC,True,True,67.37268034073709,False,
UADO,inc_00966,966,CLUTCH_WORN,TRANSMISSION_ISSUE,prov_006_TOW_LIGHT,True,False,156.15798754703084,False,
UADO,inc_00967,967,SEVERE_MECHANICAL_TOW,SEVERE_MECHANICAL_TOW,prov_015_TOW_HEAVY,True,True,34.21669869853862,False,
UADO,inc_00968,968,COOLANT_LOW,RADIATOR_FAN_ISSUE,prov_012_TOW_HEAVY,True,False,13.342784187485732,False,
UADO,inc_00969,969,BATTERY_JUMP,FUEL_FILTER_CLOGGED,prov_005_TOW_LIGHT,True,False,18.22064147546343,False,
UADO,inc_00970,970,FUEL_FILTER_CLOGGED,IGNITION_SYSTEM,prov_011_TOW_LIGHT,True,False,31.492900152027502,False,
UADO,inc_00971,971,BATTERY_REPLACE,SEVERE_MECHANICAL_TOW,prov_001_TOW_HEAVY,True,False,34.61470674063861,False,
UADO,inc_00972,972,FUEL_PUMP,BATTERY_REPLACE,prov_001_TOW_HEAVY,True,False,92.07067839212353,False,
UADO,inc_00973,973,BATTERY_JUMP,BATTERY_JUMP,prov_012_TOW_HEAVY,True,True,15.908862787561615,False,
UADO,inc_00974,974,BELT_BROKEN,ALTERNATOR_ISSUE,prov_014_MOBILE_MECHANIC,True,False,38.20767667572304,False,
UADO,inc_00975,975,FUEL_PUMP,FUEL_PUMP,prov_002_MOBILE_MECHANIC,True,True,96.41184079709767,False,
UADO,inc_00976,976,STARTER_MOTOR,STARTER_MOTOR,prov_005_TOW_LIGHT,True,True,64.69380313945989,False,
UADO,inc_00977,977,IGNITION_SYSTEM,BATTERY_REPLACE,prov_007_MOBILE_MECHANIC,True,False,62.4199691607323,False,
UADO,inc_00978,978,COOLANT_LOW,RADIATOR_FAN_ISSUE,prov_015_TOW_HEAVY,True,False,18.914391907925484,False,
UADO,inc_00979,979,BRAKE_PAD_WORN,BRAKE_PAD_WORN,prov_005_TOW_LIGHT,True,True,69.22837712074806,False,
UADO,inc_00980,980,BRAKE_PAD_WORN,BRAKE_PAD_WORN,prov_001_TOW_HEAVY,True,True,61.84917511389962,False,
UADO,inc_00981,981,FUEL_FILTER_CLOGGED,FUEL_FILTER_CLOGGED,prov_013_MOBILE_MECHANIC,True,True,28.12535688196296,False,
UADO,inc_00982,982,RADIATOR_FAN_ISSUE,COOLANT_LOW,prov_002_MOBILE_MECHANIC,True,False,47.81879241202589,False,
UADO,inc_00983,983,IGNITION_SYSTEM,STARTER_MOTOR,prov_014_MOBILE_MECHANIC,True,False,67.31361698817857,False,
UADO,inc_00984,984,BATTERY_REPLACE,BATTERY_REPLACE,prov_002_MOBILE_MECHANIC,True,True,34.002898912206874,False,
UADO,inc_00985,985,BRAKE_PAD_WORN,BRAKE_PAD_WORN,prov_015_TOW_HEAVY,True,True,65.59495203513869,False,
UADO,inc_00986,986,ELECTRICAL_FAULT_RAIN,ELECTRICAL_FAULT_RAIN,prov_001_TOW_HEAVY,True,True,99.87674599283588,False,
UADO,inc_00987,987,STARTER_MOTOR,STARTER_MOTOR,prov_017_MOBILE_MECHANIC,True,True,64.09457048453557,False,
UADO,inc_00988,988,BRAKE_PAD_WORN,CLUTCH_WORN,prov_018_TOW_LIGHT,True,False,66.13666536972191,False,
UADO,inc_00989,989,BATTERY_REPLACE,BATTERY_REPLACE,prov_011_TOW_LIGHT,True,True,33.536269357643164,False,
UADO,inc_00990,990,BATTERY_REPLACE,ELECTRICAL_FAULT_RAIN,prov_014_MOBILE_MECHANIC,True,False,35.85100906011802,False,
UADO,inc_00991,991,TRANSMISSION_ISSUE,TRANSMISSION_ISSUE,prov_011_TOW_LIGHT,True,True,186.68162563869532,False,
UADO,inc_00992,992,ELECTRICAL_FAULT_RAIN,BATTERY_REPLACE,prov_001_TOW_HEAVY,True,False,99.91928221320457,False,
UADO,inc_00993,993,BELT_BROKEN,SEVERE_MECHANICAL_TOW,prov_012_TOW_HEAVY,True,False,41.82775924171117,False,
UADO,inc_00994,994,BATTERY_REPLACE,SEVERE_MECHANICAL_TOW,prov_001_TOW_HEAVY,True,False,42.69286400533985,False,
UADO,inc_00995,995,BATTERY_TERMINAL_CLEAN,BATTERY_REPLACE,prov_010_TOW_LIGHT,True,False,13.141628163558046,False,
UADO,inc_00996,996,FUEL_FILTER_CLOGGED,FUEL_FILTER_CLOGGED,prov_005_TOW_LIGHT,True,True,29.124902823163456,False,
UADO,inc_00997,997,SEVERE_MECHANICAL_TOW,SEVERE_MECHANICAL_TOW,prov_012_TOW_HEAVY,True,True,43.84078518862006,False,
UADO,inc_00998,998,ELECTRICAL_FAULT_RAIN,SEVERE_MECHANICAL_TOW,prov_015_TOW_HEAVY,True,False,92.62753321468452,False,
UADO,inc_00999,999,TRANSMISSION_ISSUE,CLUTCH_WORN,prov_018_TOW_LIGHT,True,False,185.44138753867827,False,
ArgmaxECM,inc_00000,0,BATTERY_JUMP,FUEL_FILTER_CLOGGED,prov_003_TOW_LIGHT,True,False,20.141872649869573,False,
ArgmaxECM,inc_00001,1,FUEL_PUMP,FUEL_FILTER_CLOGGED,prov_014_MOBILE_MECHANIC,True,False,94.41789760622487,False,
ArgmaxECM,inc_00002,2,BELT_BROKEN,FUEL_FILTER_CLOGGED,prov_016_MOBILE_MECHANIC,True,False,34.96887355038789,False,
ArgmaxECM,inc_00003,3,BATTERY_JUMP,FUEL_FILTER_CLOGGED,prov_002_MOBILE_MECHANIC,True,False,22.877352736057098,False,
ArgmaxECM,inc_00004,4,TRANSMISSION_ISSUE,TRANSMISSION_ISSUE,prov_011_TOW_LIGHT,True,True,192.3010084876635,False,
ArgmaxECM,inc_00005,5,FUEL_FILTER_CLOGGED,FUEL_FILTER_CLOGGED,prov_009_TOW_LIGHT,True,True,30.189386522194496,False,
ArgmaxECM,inc_00006,6,BATTERY_JUMP,BATTERY_TERMINAL_CLEAN,prov_013_MOBILE_MECHANIC,True,False,18.017336411400287,False,
ArgmaxECM,inc_00007,7,BATTERY_JUMP,STARTER_MOTOR,prov_014_MOBILE_MECHANIC,True,False,19.91292657981052,False,
ArgmaxECM,inc_00008,8,ALTERNATOR_ISSUE,BELT_BROKEN,prov_002_MOBILE_MECHANIC,True,False,67.25908758272723,False,
ArgmaxECM,inc_00009,9,SEVERE_MECHANICAL_TOW,FUEL_FILTER_CLOGGED,prov_009_TOW_LIGHT,False,False,79.28266835845257,True,
ArgmaxECM,inc_00010,10,IGNITION_SYSTEM,FUEL_PUMP,prov_014_MOBILE_MECHANIC,True,False,67.99800250290615,False,
ArgmaxECM,inc_00011,11,IGNITION_SYSTEM,FUEL_FILTER_CLOGGED,prov_015_TOW_HEAVY,True,False,67.68231398077211,False,
ArgmaxECM,inc_00012,12,BATTERY_JUMP,BATTERY_TERMINAL_CLEAN,prov_017_MOBILE_MECHANIC,True,False,17.15807709480557,False,
ArgmaxECM,inc_00013,13,RADIATOR_FAN_ISSUE,FUEL_FILTER_CLOGGED,prov_017_MOBILE_MECHANIC,True,False,45.27540933957896,False,
ArgmaxECM,inc_00014,14,FUEL_FILTER_CLOGGED,FUEL_FILTER_CLOGGED,prov_010_TOW_LIGHT,True,True,28.1143207542654,False,
ArgmaxECM,inc_00015,15,BATTERY_JUMP,BATTERY_TERMINAL_CLEAN,prov_016_MOBILE_MECHANIC,True,False,19.294383268340628,False,
ArgmaxECM,inc_00016,16,BRAKE_PAD_WORN,BRAKE_PAD_WORN,prov_011_TOW_LIGHT,True,True,67.40322006743635,False,
ArgmaxECM,inc_00017,17,CLUTCH_WORN,CLUTCH_WORN,prov_018_TOW_LIGHT,True,True,163.07705701267204,False,
ArgmaxECM,inc_00018,18,STARTER_MOTOR,STARTER_MOTOR,prov_007_MOBILE_MECHANIC,True,True,64.7348040715624,False,
ArgmaxECM,inc_00019,19,BATTERY_REPLACE,STARTER_MOTOR,prov_001_TOW_HEAVY,True,False,35.51693450386457,False,
ArgmaxECM,inc_00020,20,IGNITION_SYSTEM,FUEL_FILTER_CLOGGED,prov_012_TOW_HEAVY,True,False,66.24854034964417,False,
ArgmaxECM,inc_00021,21,ENGINE_OVERHEAT_SEVERE,FUEL_FILTER_CLOGGED,prov_012_TOW_HEAVY,True,False,125.96837273372402,False,
ArgmaxECM,inc_00022,22,FUEL_FILTER_CLOGGED,IGNITION_SYSTEM,prov_016_MOBILE_MECHANIC,True,False,26.37660822832666,False,
ArgmaxECM,inc_00023,23,TRANSMISSION_ISSUE,TRANSMISSION_ISSUE,prov_005_TOW_LIGHT,True,True,188.00725253629562,False,
ArgmaxECM,inc_00024,24,SEVERE_MECHANICAL_TOW,FUEL_FILTER_CLOGGED,prov_014_MOBILE_MECHANIC,False,False,82.65432958580315,True,
ArgmaxECM,inc_00025,25,CLUTCH_WORN,TRANSMISSION_ISSUE,prov_015_TOW_HEAVY,True,False,158.266653271616,False,
ArgmaxECM,inc_00026,26,ALTERNATOR_ISSUE,BELT_BROKEN,prov_017_MOBILE_MECHANIC,True,False,66.77793156206647,False,
ArgmaxECM,inc_00027,27,ALTERNATOR_ISSUE,FUEL_FILTER_CLOGGED,prov_016_MOBILE_MECHANIC,True,False,62.75194653564423,False,
ArgmaxECM,inc_00028,28,BELT_BROKEN,FUEL_FILTER_CLOGGED,prov_009_TOW_LIGHT,True,False,31.56182373041491,False,
ArgmaxECM,inc_00029,29,BATTERY_TERMINAL_CLEAN,STARTER_MOTOR,prov_012_TOW_HEAVY,True,False,15.99906039069246,False,
ArgmaxECM,inc_00030,30,BRAKE_PAD_WORN,CLUTCH_WORN,prov_012_TOW_HEAVY,True,False,67.2596253639347,False,
ArgmaxECM,inc_00031,31,BRAKE_PAD_WORN,BRAKE_PAD_WORN,prov_001_TOW_HEAVY,True,True,66.05333777001881,False,
ArgmaxECM,inc_00032,32,BATTERY_REPLACE,BATTERY_REPLACE,prov_003_TOW_LIGHT,True,True,31.987679694105058,False,
ArgmaxECM,inc_00033,33,BATTERY_REPLACE,STARTER_MOTOR,prov_016_MOBILE_MECHANIC,True,False,35.30382551644807,False,
ArgmaxECM,inc_00034,34,RADIATOR_HOSE_LEAK,FUEL_FILTER_CLOGGED,prov_001_TOW_HEAVY,True,False,34.5636464716888,False,
ArgmaxECM,inc_00035,35,CLUTCH_WORN,TRANSMISSION_ISSUE,prov_018_TOW_LIGHT,True,False,159.67807324302626,False,
ArgmaxECM,inc_00036,36,ALTERNATOR_ISSUE,BELT_BROKEN,prov_010_TOW_LIGHT,True,False,61.42405526136701,False,
ArgmaxECM,inc_00037,37,CLUTCH_WORN,TRANSMISSION_ISSUE,prov_010_TOW_LIGHT,True,False,153.3554146732129,False,
ArgmaxECM,inc_00038,38,ENGINE_OVERHEAT_SEVERE,FUEL_FILTER_CLOGGED,prov_014_MOBILE_MECHANIC,False,False,168.73147799928057,True,
ArgmaxECM,inc_00039,39,IGNITION_SYSTEM,FUEL_FILTER_CLOGGED,prov_014_MOBILE_MECHANIC,True,False,63.287567026551955,False,
ArgmaxECM,inc_00040,40,BRAKE_PAD_WORN,BRAKE_PAD_WORN,prov_017_MOBILE_MECHANIC,True,True,66.17354361687026,False,
ArgmaxECM,inc_00041,41,BATTERY_REPLACE,BATTERY_REPLACE,prov_009_TOW_LIGHT,True,True,31.61482862691777,False,
ArgmaxECM,inc_00042,42,BATTERY_REPLACE,ELECTRICAL_FAULT_RAIN,prov_015_TOW_HEAVY,True,False,33.22360215414999,False,
ArgmaxECM,inc_00043,43,STARTER_MOTOR,FUEL_FILTER_CLOGGED,prov_010_TOW_LIGHT,True,False,62.76141796481369,False,
ArgmaxECM,inc_00044,44,BRAKE_FAILURE,BRAKE_FAILURE,prov_011_TOW_LIGHT,True,True,95.60471409827527,False,
ArgmaxECM,inc_00045,45,ALTERNATOR_ISSUE,FUEL_PUMP,prov_017_MOBILE_MECHANIC,True,False,65.66180164101,False,
ArgmaxECM,inc_00046,46,ENGINE_OVERHEAT_SEVERE,FUEL_FILTER_CLOGGED,prov_002_MOBILE_MECHANIC,False,False,172.49840942823,True,
ArgmaxECM,inc_00047,47,BELT_BROKEN,BELT_BROKEN,prov_012_TOW_HEAVY,True,True,36.8752085554252,False,
ArgmaxECM,inc_00048,48,FUEL_PUMP,FUEL_FILTER_CLOGGED,prov_011_TOW_LIGHT,True,False,91.08426343054148,False,
ArgmaxECM,inc_00049,49,ENGINE_OVERHEAT_SEVERE,FUEL_FILTER_CLOGGED,prov_002_MOBILE_MECHANIC,False,False,173.00371842610443,True,
ArgmaxECM,inc_00050,50,BATTERY_JUMP,BATTERY_TERMINAL_CLEAN,prov_014_MOBILE_MECHANIC,True,False,19.94417509100598,False,
ArgmaxECM,inc_00051,51,TRANSMISSION_ISSUE,CLUTCH_WORN,prov_018_TOW_LIGHT,True,False,186.52224074361527,False,
ArgmaxECM,inc_00052,52,BATTERY_REPLACE,ELECTRICAL_FAULT_RAIN,prov_014_MOBILE_MECHANIC,True,False,34.01039969742406,False,
ArgmaxECM,inc_00053,53,BRAKE_FAILURE,BRAKE_FAILURE,prov_006_TOW_LIGHT,True,True,95.96251776641463,False,
ArgmaxECM,inc_00054,54,RADIATOR_FAN_ISSUE,RADIATOR_FAN_ISSUE,prov_014_MOBILE_MECHANIC,True,True,48.282769129428104,False,
ArgmaxECM,inc_00055,55,BELT_BROKEN,FUEL_FILTER_CLOGGED,prov_016_MOBILE_MECHANIC,True,False,37.7771592419655,False,
ArgmaxECM,inc_00056,56,RADIATOR_FAN_ISSUE,RADIATOR_FAN_ISSUE,prov_002_MOBILE_MECHANIC,True,True,53.51195174458219,False,
ArgmaxECM,inc_00057,57,FUEL_PUMP,STARTER_MOTOR,prov_011_TOW_LIGHT,True,False,91.20806923475106,False,
ArgmaxECM,inc_00058,58,FUEL_PUMP,FUEL_PUMP,prov_001_TOW_HEAVY,True,True,94.80774421670552,False,
ArgmaxECM,inc_00059,59,BRAKE_FAILURE,BRAKE_FAILURE,prov_012_TOW_HEAVY,True,True,97.82382071963508,False,
ArgmaxECM,inc_00060,60,TRANSMISSION_ISSUE,TRANSMISSION_ISSUE,prov_005_TOW_LIGHT,True,True,181.3621412705166,False,
ArgmaxECM,inc_00061,61,ALTERNATOR_ISSUE,FUEL_FILTER_CLOGGED,prov_006_TOW_LIGHT,True,False,62.43495538596618,False,
ArgmaxECM,inc_00062,62,BATTERY_REPLACE,FUEL_PUMP,prov_001_TOW_HEAVY,True,False,31.925156276962408,False,
ArgmaxECM,inc_00063,63,BRAKE_FAILURE,TRANSMISSION_ISSUE,prov_005_TOW_LIGHT,True,False,94.6415805588154,False,
ArgmaxECM,inc_00064,64,ENGINE_OVERHEAT_SEVERE,FUEL_FILTER_CLOGGED,prov_001_TOW_HEAVY,True,False,123.89279799110903,False,
ArgmaxECM,inc_00065,65,FUEL_PUMP,FUEL_PUMP,prov_011_TOW_LIGHT,True,True,91.7600162891611,False,
ArgmaxECM,inc_00066,66,ALTERNATOR_ISSUE,FUEL_FILTER_CLOGGED,prov_011_TOW_LIGHT,True,False,60.850449270042034,False,
ArgmaxECM,inc_00067,67,FUEL_PUMP,FUEL_PUMP,prov_014_MOBILE_MECHANIC,True,True,93.29440295446906,False,
ArgmaxECM,inc_00068,68,RADIATOR_HOSE_LEAK,FUEL_FILTER_CLOGGED,prov_014_MOBILE_MECHANIC,True,False,39.67543420430651,False,
ArgmaxECM,inc_00069,69,BATTERY_JUMP,BATTERY_TERMINAL_CLEAN,prov_010_TOW_LIGHT,True,False,20.750589224947362,False,
ArgmaxECM,inc_00070,70,FUEL_PUMP,FUEL_PUMP,prov_014_MOBILE_MECHANIC,True,True,95.71282693678873,False,
ArgmaxECM,inc_00071,71,IGNITION_SYSTEM,FUEL_FILTER_CLOGGED,prov_015_TOW_HEAVY,True,False,67.96847705322858,False,
ArgmaxECM,inc_00072,72,COOLANT_LOW,FUEL_FILTER_CLOGGED,prov_002_MOBILE_MECHANIC,True,False,18.000706016861315,False,
ArgmaxECM,inc_00073,73,BATTERY_REPLACE,ELECTRICAL_FAULT_RAIN,prov_006_TOW_LIGHT,True,False,32.54163271593139,False,
ArgmaxECM,inc_00074,74,ENGINE_OVERHEAT_SEVERE,FUEL_FILTER_CLOGGED,prov_016_MOBILE_MECHANIC,False,False,166.1615680690095,True,
ArgmaxECM,inc_00075,75,SEVERE_MECHANICAL_TOW,FUEL_FILTER_CLOGGED,prov_012_TOW_HEAVY,True,False,36.27287087458421,False,
ArgmaxECM,inc_00076,76,ENGINE_OVERHEAT_SEVERE,RADIATOR_FAN_ISSUE,prov_016_MOBILE_MECHANIC,False,False,168.62505241204963,True,
ArgmaxECM,inc_00077,77,SEVERE_MECHANICAL_TOW,FUEL_FILTER_CLOGGED,prov_017_MOBILE_MECHANIC,False,False,78.29382193730616,True,
ArgmaxECM,inc_00078,78,BRAKE_PAD_WORN,BRAKE_PAD_WORN,prov_015_TOW_HEAVY,True,True,63.817390865186994,False,
ArgmaxECM,inc_00079,79,COOLANT_LOW,FUEL_FILTER_CLOGGED,prov_014_MOBILE_MECHANIC,True,False,10.748433143919895,False,
ArgmaxECM,inc_00080,80,BATTERY_JUMP,FUEL_PUMP,prov_015_TOW_HEAVY,True,False,15.941691148324637,False,
ArgmaxECM,inc_00081,81,RADIATOR_FAN_ISSUE,COOLANT_LOW,prov_002_MOBILE_MECHANIC,True,False,51.53761827378814,False,
ArgmaxECM,inc_00082,82,BRAKE_PAD_WORN,BRAKE_PAD_WORN,prov_014_MOBILE_MECHANIC,True,True,63.48993524061195,False,
ArgmaxECM,inc_00083,83,BRAKE_PAD_WORN,BRAKE_PAD_WORN,prov_015_TOW_HEAVY,True,True,63.71742162986008,False,
ArgmaxECM,inc_00084,84,BATTERY_JUMP,FUEL_FILTER_CLOGGED,prov_009_TOW_LIGHT,True,False,17.528528711962338,False,
ArgmaxECM,inc_00085,85,FUEL_FILTER_CLOGGED,FUEL_FILTER_CLOGGED,prov_011_TOW_LIGHT,True,True,29.397856218759173,False,
ArgmaxECM,inc_00086,86,BRAKE_FAILURE,CLUTCH_WORN,prov_012_TOW_HEAVY,True,False,92.32099057827635,False,
ArgmaxECM,inc_00087,87,RADIATOR_HOSE_LEAK,RADIATOR_FAN_ISSUE,prov_012_TOW_HEAVY,True,False,36.9471988702895,False,
ArgmaxECM,inc_00088,88,BATTERY_JUMP,FUEL_FILTER_CLOGGED,prov_012_TOW_HEAVY,True,False,19.458131836275676,False,
ArgmaxECM,inc_00089,89,COOLANT_LOW,FUEL_FILTER_CLOGGED,prov_002_MOBILE_MECHANIC,True,False,17.878900192020968,False,
ArgmaxECM,inc_00090,90,RADIATOR_FAN_ISSUE,FUEL_FILTER_CLOGGED,prov_017_MOBILE_MECHANIC,True,False,49.52908723776917,False,
ArgmaxECM,inc_00091,91,ALTERNATOR_ISSUE,BELT_BROKEN,prov_010_TOW_LIGHT,True,False,62.56590556847622,False,
ArgmaxECM,inc_00092,92,BATTERY_REPLACE,FUEL_PUMP,prov_014_MOBILE_MECHANIC,True,False,34.2608443253963,False,
ArgmaxECM,inc_00093,93,IGNITION_SYSTEM,FUEL_PUMP,prov_002_MOBILE_MECHANIC,True,False,65.796652350972,False,
ArgmaxECM,inc_00094,94,BELT_BROKEN,FUEL_FILTER_CLOGGED,prov_002_MOBILE_MECHANIC,True,False,34.97058513560891,False,
ArgmaxECM,inc_00095,95,TRANSMISSION_ISSUE,TRANSMISSION_ISSUE,prov_018_TOW_LIGHT,True,True,184.7847140260113,False,
ArgmaxECM,inc_00096,96,TRANSMISSION_ISSUE,TRANSMISSION_ISSUE,prov_009_TOW_LIGHT,True,True,184.7248180171995,False,
ArgmaxECM,inc_00097,97,COOLANT_LOW,RADIATOR_FAN_ISSUE,prov_002_MOBILE_MECHANIC,True,False,16.83918677664423,False,
ArgmaxECM,inc_00098,98,STARTER_MOTOR,FUEL_FILTER_CLOGGED,prov_017_MOBILE_MECHANIC,True,False,64.22230050028222,False,
ArgmaxECM,inc_00099,99,BELT_BROKEN,BELT_BROKEN,prov_016_MOBILE_MECHANIC,True,True,37.541506242508504,False,
ArgmaxECM,inc_00100,100,BATTERY_TERMINAL_CLEAN,ELECTRICAL_FAULT_RAIN,prov_002_MOBILE_MECHANIC,True,False,14.33304830241402,False,
ArgmaxECM,inc_00101,101,BRAKE_FAILURE,BRAKE_FAILURE,prov_001_TOW_HEAVY,True,True,91.44456731412515,False,
ArgmaxECM,inc_00102,102,BATTERY_REPLACE,FUEL_PUMP,prov_002_MOBILE_MECHANIC,True,False,37.364687926672644,False,
ArgmaxECM,inc_00103,103,BATTERY_REPLACE,FUEL_PUMP,prov_002_MOBILE_MECHANIC,True,False,31.439093378694817,False,
ArgmaxECM,inc_00104,104,BATTERY_JUMP,FUEL_FILTER_CLOGGED,prov_018_TOW_LIGHT,True,False,20.69807039242076,False,
ArgmaxECM,inc_00105,105,TRANSMISSION_ISSUE,CLUTCH_WORN,prov_011_TOW_LIGHT,True,False,185.77417663757421,False,
ArgmaxECM,inc_00106,106,ALTERNATOR_ISSUE,BELT_BROKEN,prov_002_MOBILE_MECHANIC,True,False,63.08638576912375,False,
ArgmaxECM,inc_00107,107,SEVERE_MECHANICAL_TOW,FUEL_FILTER_CLOGGED,prov_016_MOBILE_MECHANIC,False,False,82.0540531264576,True,
ArgmaxECM,inc_00108,108,IGNITION_SYSTEM,FUEL_PUMP,prov_017_MOBILE_MECHANIC,True,False,65.77327091882034,False,
ArgmaxECM,inc_00109,109,BRAKE_PAD_WORN,BRAKE_PAD_WORN,prov_012_TOW_HEAVY,True,True,61.56615866052865,False,
ArgmaxECM,inc_00110,110,CLUTCH_WORN,TRANSMISSION_ISSUE,prov_010_TOW_LIGHT,True,False,151.74812506930863,False,
ArgmaxECM,inc_00111,111,SEVERE_MECHANICAL_TOW,FUEL_FILTER_CLOGGED,prov_001_TOW_HEAVY,True,False,32.71295618280891,False,
ArgmaxECM,inc_00112,112,BATTERY_JUMP,FUEL_FILTER_CLOGGED,prov_012_TOW_HEAVY,True,False,16.577733988978284,False,
ArgmaxECM,inc_00113,113,BRAKE_PAD_WORN,CLUTCH_WORN,prov_018_TOW_LIGHT,True,False,64.0049940274109,False,
ArgmaxECM,inc_00114,114,COOLANT_LOW,RADIATOR_FAN_ISSUE,prov_011_TOW_LIGHT,True,False,11.270224257098729,False,
ArgmaxECM,inc_00115,115,ELECTRICAL_FAULT_RAIN,BATTERY_JUMP,prov_012_TOW_HEAVY,True,False,92.83356855893743,False,
ArgmaxECM,inc_00116,116,STARTER_MOTOR,BATTERY_TERMINAL_CLEAN,prov_014_MOBILE_MECHANIC,True,False,65.7281926065268,False,
ArgmaxECM,inc_00117,117,BATTERY_TERMINAL_CLEAN,SEVERE_MECHANICAL_TOW,prov_001_TOW_HEAVY,True,False,23.583717530443437,False,
ArgmaxECM,inc_00118,118,BATTERY_JUMP,BATTERY_REPLACE,prov_017_MOBILE_MECHANIC,True,False,16.675479818718575,False,
ArgmaxECM,inc_00119,119,CLUTCH_WORN,TRANSMISSION_ISSUE,prov_015_TOW_HEAVY,True,False,157.38794762908876,False,
ArgmaxECM,inc_00120,120,ALTERNATOR_ISSUE,BELT_BROKEN,prov_013_MOBILE_MECHANIC,True,False,63.35506852152748,False,
ArgmaxECM,inc_00121,121,BRAKE_FAILURE,CLUTCH_WORN,prov_005_TOW_LIGHT,True,False,99.59453274905776,False,
ArgmaxECM,inc_00122,122,BRAKE_PAD_WORN,BRAKE_PAD_WORN,prov_002_MOBILE_MECHANIC,True,True,61.54053486741487,False,
ArgmaxECM,inc_00123,123,CLUTCH_WORN,TRANSMISSION_ISSUE,prov_018_TOW_LIGHT,True,False,156.90136690272217,False,
ArgmaxECM,inc_00124,124,RADIATOR_HOSE_LEAK,COOLANT_LOW,prov_015_TOW_HEAVY,True,False,30.920877183718357,False,
ArgmaxECM,inc_00125,125,SEVERE_MECHANICAL_TOW,BELT_BROKEN,prov_002_MOBILE_MECHANIC,False,False,77.76303784585023,True,
ArgmaxECM,inc_00126,126,BATTERY_REPLACE,ELECTRICAL_FAULT_RAIN,prov_012_TOW_HEAVY,True,False,36.348985233326914,False,
ArgmaxECM,inc_00127,127,BATTERY_JUMP,STARTER_MOTOR,prov_002_MOBILE_MECHANIC,True,False,19.590283399191904,False,
ArgmaxECM,inc_00128,128,CLUTCH_WORN,TRANSMISSION_ISSUE,prov_011_TOW_LIGHT,True,False,159.89260990959764,False,
ArgmaxECM,inc_00129,129,BATTERY_JUMP,FUEL_FILTER_CLOGGED,prov_014_MOBILE_MECHANIC,True,False,16.93207015469214,False,
ArgmaxECM,inc_00130,130,COOLANT_LOW,FUEL_FILTER_CLOGGED,prov_002_MOBILE_MECHANIC,True,False,14.530827547626561,False,
ArgmaxECM,inc_00131,131,FUEL_PUMP,FUEL_PUMP,prov_009_TOW_LIGHT,True,True,95.92898847212324,False,
ArgmaxECM,inc_00132,132,SEVERE_MECHANICAL_TOW,BELT_BROKEN,prov_010_TOW_LIGHT,False,False,80.17767782558381,True,
ArgmaxECM,inc_00133,133,ENGINE_OVERHEAT_SEVERE,FUEL_FILTER_CLOGGED,prov_007_MOBILE_MECHANIC,False,False,166.04543251398198,True,
ArgmaxECM,inc_00134,134,ALTERNATOR_ISSUE,BELT_BROKEN,prov_017_MOBILE_MECHANIC,True,False,64.986108438572,False,
ArgmaxECM,inc_00135,135,BATTERY_JUMP,BATTERY_REPLACE,prov_001_TOW_HEAVY,True,False,18.48035238731267,False,
ArgmaxECM,inc_00136,136,SEVERE_MECHANICAL_TOW,FUEL_FILTER_CLOGGED,prov_007_MOBILE_MECHANIC,False,False,76.97477106925109,True,
ArgmaxECM,inc_00137,137,CLUTCH_WORN,TRANSMISSION_ISSUE,prov_010_TOW_LIGHT,True,False,155.60121274244648,False,
ArgmaxECM,inc_00138,138,FUEL_FILTER_CLOGGED,IGNITION_SYSTEM,prov_012_TOW_HEAVY,True,False,29.083106919598496,False,
ArgmaxECM,inc_00139,139,BRAKE_FAILURE,CLUTCH_WORN,prov_006_TOW_LIGHT,True,False,92.65472913019424,False,
ArgmaxECM,inc_00140,140,STARTER_MOTOR,FUEL_FILTER_CLOGGED,prov_006_TOW_LIGHT,True,False,63.05773953856755,False,
ArgmaxECM,inc_00141,141,BATTERY_REPLACE,FUEL_PUMP,prov_001_TOW_HEAVY,True,False,36.33218358549468,False,
ArgmaxECM,inc_00142,142,SEVERE_MECHANICAL_TOW,FUEL_FILTER_CLOGGED,prov_010_TOW_LIGHT,False,False,78.94746575995354,True,
ArgmaxECM,inc_00143,143,FUEL_PUMP,FUEL_FILTER_CLOGGED,prov_011_TOW_LIGHT,True,False,97.36097244604359,False,
ArgmaxECM,inc_00144,144,FUEL_FILTER_CLOGGED,IGNITION_SYSTEM,prov_012_TOW_HEAVY,True,False,28.432409064356378,False,
ArgmaxECM,inc_00145,145,ELECTRICAL_FAULT_RAIN,ELECTRICAL_FAULT_RAIN,prov_012_TOW_HEAVY,True,True,94.89214320253971,False,
ArgmaxECM,inc_00146,146,BRAKE_PAD_WORN,BRAKE_PAD_WORN,prov_001_TOW_HEAVY,True,True,64.99770077654398,False,
ArgmaxECM,inc_00147,147,IGNITION_SYSTEM,FUEL_FILTER_CLOGGED,prov_002_MOBILE_MECHANIC,True,False,66.16352704631474,False,
ArgmaxECM,inc_00148,148,ALTERNATOR_ISSUE,FUEL_FILTER_CLOGGED,prov_007_MOBILE_MECHANIC,True,False,61.34221316504367,False,
ArgmaxECM,inc_00149,149,BATTERY_JUMP,FUEL_FILTER_CLOGGED,prov_014_MOBILE_MECHANIC,True,False,21.253052968912222,False,
ArgmaxECM,inc_00150,150,BRAKE_FAILURE,CLUTCH_WORN,prov_001_TOW_HEAVY,True,False,95.31923722069867,False,
ArgmaxECM,inc_00151,151,STARTER_MOTOR,FUEL_FILTER_CLOGGED,prov_012_TOW_HEAVY,True,False,65.08000114336589,False,
ArgmaxECM,inc_00152,152,RADIATOR_FAN_ISSUE,RADIATOR_FAN_ISSUE,prov_012_TOW_HEAVY,True,True,52.134580369934696,False,
ArgmaxECM,inc_00153,153,FUEL_FILTER_CLOGGED,FUEL_FILTER_CLOGGED,prov_001_TOW_HEAVY,True,True,27.044104434543506,False,
ArgmaxECM,inc_00154,154,COOLANT_LOW,COOLANT_LOW,prov_009_TOW_LIGHT,True,True,12.65289687243855,False,
ArgmaxECM,inc_00155,155,BATTERY_REPLACE,FUEL_PUMP,prov_006_TOW_LIGHT,True,False,34.02014422899513,False,
ArgmaxECM,inc_00156,156,BRAKE_PAD_WORN,BRAKE_PAD_WORN,prov_014_MOBILE_MECHANIC,True,True,61.96731906086418,False,
ArgmaxECM,inc_00157,157,BRAKE_FAILURE,CLUTCH_WORN,prov_009_TOW_LIGHT,True,False,90.96073078293074,False,
ArgmaxECM,inc_00158,158,BELT_BROKEN,FUEL_FILTER_CLOGGED,prov_010_TOW_LIGHT,True,False,30.823713433592953,False,
ArgmaxECM,inc_00159,159,BATTERY_JUMP,BATTERY_REPLACE,prov_002_MOBILE_MECHANIC,True,False,18.583903159119807,False,
ArgmaxECM,inc_00160,160,ALTERNATOR_ISSUE,BELT_BROKEN,prov_001_TOW_HEAVY,True,False,63.00419552098124,False,
ArgmaxECM,inc_00161,161,BATTERY_JUMP,FUEL_PUMP,prov_011_TOW_LIGHT,True,False,18.081733577624703,False,
ArgmaxECM,inc_00162,162,IGNITION_SYSTEM,STARTER_MOTOR,prov_001_TOW_HEAVY,True,False,66.79903368758488,False,
ArgmaxECM,inc_00163,163,FUEL_FILTER_CLOGGED,FUEL_FILTER_CLOGGED,prov_013_MOBILE_MECHANIC,True,True,25.35519946558368,False,
ArgmaxECM,inc_00164,164,IGNITION_SYSTEM,FUEL_PUMP,prov_011_TOW_LIGHT,True,False,62.69156078180622,False,
ArgmaxECM,inc_00165,165,BRAKE_PAD_WORN,CLUTCH_WORN,prov_006_TOW_LIGHT,True,False,69.07178934954132,False,
ArgmaxECM,inc_00166,166,BATTERY_REPLACE,STARTER_MOTOR,prov_002_MOBILE_MECHANIC,True,False,34.33501370036875,False,
ArgmaxECM,inc_00167,167,COOLANT_LOW,COOLANT_LOW,prov_002_MOBILE_MECHANIC,True,True,12.997628939121217,False,
ArgmaxECM,inc_00168,168,ALTERNATOR_ISSUE,FUEL_FILTER_CLOGGED,prov_014_MOBILE_MECHANIC,True,False,67.75592016943132,False,
ArgmaxECM,inc_00169,169,STARTER_MOTOR,BATTERY_REPLACE,prov_003_TOW_LIGHT,True,False,62.68155403044064,False,
ArgmaxECM,inc_00170,170,COOLANT_LOW,FUEL_FILTER_CLOGGED,prov_002_MOBILE_MECHANIC,True,False,17.027808136217505,False,
ArgmaxECM,inc_00171,171,FUEL_PUMP,FUEL_PUMP,prov_014_MOBILE_MECHANIC,True,True,98.46462313873097,False,
ArgmaxECM,inc_00172,172,BRAKE_PAD_WORN,BRAKE_PAD_WORN,prov_010_TOW_LIGHT,True,True,64.08556814223265,False,
ArgmaxECM,inc_00173,173,SEVERE_MECHANICAL_TOW,FUEL_FILTER_CLOGGED,prov_014_MOBILE_MECHANIC,False,False,81.23547955814325,True,
ArgmaxECM,inc_00174,174,IGNITION_SYSTEM,FUEL_FILTER_CLOGGED,prov_002_MOBILE_MECHANIC,True,False,69.5860750674341,False,
ArgmaxECM,inc_00175,175,BELT_BROKEN,FUEL_FILTER_CLOGGED,prov_015_TOW_HEAVY,True,False,34.45645930061388,False,
ArgmaxECM,inc_00176,176,ALTERNATOR_ISSUE,FUEL_FILTER_CLOGGED,prov_002_MOBILE_MECHANIC,True,False,63.608526413314884,False,
ArgmaxECM,inc_00177,177,ELECTRICAL_FAULT_RAIN,STARTER_MOTOR,prov_011_TOW_LIGHT,True,False,90.96357083168645,False,
ArgmaxECM,inc_00178,178,ALTERNATOR_ISSUE,BELT_BROKEN,prov_014_MOBILE_MECHANIC,True,False,64.68196639232735,False,
ArgmaxECM,inc_00179,179,BRAKE_PAD_WORN,TRANSMISSION_ISSUE,prov_006_TOW_LIGHT,True,False,70.48268538494136,False,
ArgmaxECM,inc_00180,180,BATTERY_JUMP,BATTERY_TERMINAL_CLEAN,prov_002_MOBILE_MECHANIC,True,False,20.944341070652264,False,
ArgmaxECM,inc_00181,181,COOLANT_LOW,FUEL_FILTER_CLOGGED,prov_007_MOBILE_MECHANIC,True,False,12.591433884048358,False,
ArgmaxECM,inc_00182,182,BATTERY_REPLACE,SEVERE_MECHANICAL_TOW,prov_001_TOW_HEAVY,True,False,45.89540583189306,False,
ArgmaxECM,inc_00183,183,BRAKE_PAD_WORN,BRAKE_PAD_WORN,prov_014_MOBILE_MECHANIC,True,True,62.83639717491518,False,
ArgmaxECM,inc_00184,184,BELT_BROKEN,FUEL_FILTER_CLOGGED,prov_017_MOBILE_MECHANIC,True,False,37.29981102068666,False,
ArgmaxECM,inc_00185,185,BRAKE_PAD_WORN,BRAKE_PAD_WORN,prov_007_MOBILE_MECHANIC,True,True,62.677326692975974,False,
ArgmaxECM,inc_00186,186,BRAKE_FAILURE,CLUTCH_WORN,prov_012_TOW_HEAVY,True,False,99.35107223857337,False,
ArgmaxECM,inc_00187,187,ELECTRICAL_FAULT_RAIN,STARTER_MOTOR,prov_007_MOBILE_MECHANIC,True,False,92.15592767075628,False,
ArgmaxECM,inc_00188,188,CLUTCH_WORN,TRANSMISSION_ISSUE,prov_012_TOW_HEAVY,True,False,159.9310045049738,False,
ArgmaxECM,inc_00189,189,IGNITION_SYSTEM,FUEL_FILTER_CLOGGED,prov_010_TOW_LIGHT,True,False,63.725959115275735,False,
ArgmaxECM,inc_00190,190,SEVERE_MECHANICAL_TOW,FUEL_FILTER_CLOGGED,prov_010_TOW_LIGHT,False,False,75.13823645560043,True,
ArgmaxECM,inc_00191,191,BATTERY_JUMP,FUEL_PUMP,prov_014_MOBILE_MECHANIC,True,False,21.335367895014105,False,
ArgmaxECM,inc_00192,192,CLUTCH_WORN,TRANSMISSION_ISSUE,prov_010_TOW_LIGHT,True,False,154.51984851097546,False,
ArgmaxECM,inc_00193,193,BATTERY_JUMP,FUEL_PUMP,prov_010_TOW_LIGHT,True,False,17.655568203896006,False,
ArgmaxECM,inc_00194,194,BATTERY_TERMINAL_CLEAN,BATTERY_TERMINAL_CLEAN,prov_015_TOW_HEAVY,True,True,16.39351919711971,False,
ArgmaxECM,inc_00195,195,BATTERY_TERMINAL_CLEAN,STARTER_MOTOR,prov_001_TOW_HEAVY,True,False,15.425125990527263,False,
ArgmaxECM,inc_00196,196,RADIATOR_FAN_ISSUE,RADIATOR_FAN_ISSUE,prov_014_MOBILE_MECHANIC,True,True,49.51507330508629,False,
ArgmaxECM,inc_00197,197,TRANSMISSION_ISSUE,TRANSMISSION_ISSUE,prov_011_TOW_LIGHT,True,True,183.88850978570142,False,
ArgmaxECM,inc_00198,198,TRANSMISSION_ISSUE,TRANSMISSION_ISSUE,prov_005_TOW_LIGHT,True,True,185.59294363869486,False,
ArgmaxECM,inc_00199,199,TRANSMISSION_ISSUE,TRANSMISSION_ISSUE,prov_010_TOW_LIGHT,True,True,181.76064941744224,False,
ArgmaxECM,inc_00200,200,BATTERY_JUMP,FUEL_PUMP,prov_001_TOW_HEAVY,True,False,16.298242909500388,False,
ArgmaxECM,inc_00201,201,IGNITION_SYSTEM,STARTER_MOTOR,prov_014_MOBILE_MECHANIC,True,False,65.66753257770574,False,
ArgmaxECM,inc_00202,202,IGNITION_SYSTEM,FUEL_PUMP,prov_012_TOW_HEAVY,True,False,62.695002703169116,False,
ArgmaxECM,inc_00203,203,IGNITION_SYSTEM,STARTER_MOTOR,prov_014_MOBILE_MECHANIC,True,False,61.12856679137625,False,
ArgmaxECM,inc_00204,204,BATTERY_REPLACE,BATTERY_REPLACE,prov_015_TOW_HEAVY,True,True,38.873807416799046,False,
ArgmaxECM,inc_00205,205,ENGINE_OVERHEAT_SEVERE,RADIATOR_FAN_ISSUE,prov_014_MOBILE_MECHANIC,False,False,171.43825312609067,True,
ArgmaxECM,inc_00206,206,SEVERE_MECHANICAL_TOW,FUEL_FILTER_CLOGGED,prov_014_MOBILE_MECHANIC,False,False,82.11417805969168,True,
ArgmaxECM,inc_00207,207,BATTERY_TERMINAL_CLEAN,STARTER_MOTOR,prov_007_MOBILE_MECHANIC,True,False,13.498714960883138,False,
ArgmaxECM,inc_00208,208,BATTERY_JUMP,FUEL_FILTER_CLOGGED,prov_012_TOW_HEAVY,True,False,20.114399256694284,False,
ArgmaxECM,inc_00209,209,STARTER_MOTOR,FUEL_FILTER_CLOGGED,prov_011_TOW_LIGHT,True,False,61.99942321195545,False,
ArgmaxECM,inc_00210,210,TRANSMISSION_ISSUE,TRANSMISSION_ISSUE,prov_005_TOW_LIGHT,True,True,183.5986324249587,False,
ArgmaxECM,inc_00211,211,FUEL_PUMP,BATTERY_TERMINAL_CLEAN,prov_011_TOW_LIGHT,True,False,94.23379294737676,False,
ArgmaxECM,inc_00212,212,BATTERY_JUMP,BATTERY_TERMINAL_CLEAN,prov_013_MOBILE_MECHANIC,True,False,17.746935084675886,False,
ArgmaxECM,inc_00213,213,ALTERNATOR_ISSUE,FUEL_FILTER_CLOGGED,prov_002_MOBILE_MECHANIC,True,False,68.54494063995091,False,
ArgmaxECM,inc_00214,214,COOLANT_LOW,FUEL_FILTER_CLOGGED,prov_002_MOBILE_MECHANIC,True,False,17.68343793559996,False,
ArgmaxECM,inc_00215,215,BATTERY_TERMINAL_CLEAN,BATTERY_TERMINAL_CLEAN,prov_017_MOBILE_MECHANIC,True,True,15.249760202486538,False,
ArgmaxECM,inc_00216,216,TRANSMISSION_ISSUE,TRANSMISSION_ISSUE,prov_001_TOW_HEAVY,True,True,183.53638676250466,False,
ArgmaxECM,inc_00217,217,RADIATOR_HOSE_LEAK,RADIATOR_FAN_ISSUE,prov_002_MOBILE_MECHANIC,True,False,37.74522901141621,False,
ArgmaxECM,inc_00218,218,FUEL_FILTER_CLOGGED,FUEL_FILTER_CLOGGED,prov_011_TOW_LIGHT,True,True,32.41440232584002,False,
ArgmaxECM,inc_00219,219,ELECTRICAL_FAULT_RAIN,SEVERE_MECHANICAL_TOW,prov_015_TOW_HEAVY,True,False,90.95637895152952,False,
ArgmaxECM,inc_00220,220,BRAKE_PAD_WORN,CLUTCH_WORN,prov_005_TOW_LIGHT,True,False,66.09612009329877,False,
ArgmaxECM,inc_00221,221,BATTERY_REPLACE,ELECTRICAL_FAULT_RAIN,prov_002_MOBILE_MECHANIC,True,False,32.924330798748706,False,
ArgmaxECM,inc_00222,222,BATTERY_JUMP,STARTER_MOTOR,prov_007_MOBILE_MECHANIC,True,False,15.935748219293128,False,
ArgmaxECM,inc_00223,223,BATTERY_JUMP,BATTERY_REPLACE,prov_002_MOBILE_MECHANIC,True,False,22.337959123319926,False,
ArgmaxECM,inc_00224,224,BATTERY_TERMINAL_CLEAN,STARTER_MOTOR,prov_013_MOBILE_MECHANIC,True,False,13.722492336666441,False,
ArgmaxECM,inc_00225,225,BATTERY_REPLACE,BATTERY_JUMP,prov_001_TOW_HEAVY,True,False,36.44448453012356,False,
ArgmaxECM,inc_00226,226,SEVERE_MECHANICAL_TOW,BELT_BROKEN,prov_009_TOW_LIGHT,False,False,79.45508087356279,True,
ArgmaxECM,inc_00227,227,STARTER_MOTOR,FUEL_FILTER_CLOGGED,prov_001_TOW_HEAVY,True,False,64.46492344005746,False,
ArgmaxECM,inc_00228,228,BRAKE_FAILURE,TRANSMISSION_ISSUE,prov_012_TOW_HEAVY,True,False,97.47097929997162,False,
ArgmaxECM,inc_00229,229,FUEL_FILTER_CLOGGED,FUEL_FILTER_CLOGGED,prov_014_MOBILE_MECHANIC,True,True,32.815293674478255,False,
ArgmaxECM,inc_00230,230,BATTERY_JUMP,FUEL_FILTER_CLOGGED,prov_018_TOW_LIGHT,True,False,15.662622723498153,False,
ArgmaxECM,inc_00231,231,BRAKE_FAILURE,BRAKE_FAILURE,prov_009_TOW_LIGHT,True,True,95.72910513904532,False,
ArgmaxECM,inc_00232,232,BRAKE_PAD_WORN,CLUTCH_WORN,prov_005_TOW_LIGHT,True,False,69.46692734139758,False,
ArgmaxECM,inc_00233,233,BATTERY_REPLACE,SEVERE_MECHANICAL_TOW,prov_012_TOW_HEAVY,True,False,40.735401230655725,False,
ArgmaxECM,inc_00234,234,CLUTCH_WORN,CLUTCH_WORN,prov_018_TOW_LIGHT,True,True,156.28545624826924,False,
ArgmaxECM,inc_00235,235,ELECTRICAL_FAULT_RAIN,STARTER_MOTOR,prov_012_TOW_HEAVY,True,False,95.42922636616821,False,
ArgmaxECM,inc_00236,236,STARTER_MOTOR,BATTERY_TERMINAL_CLEAN,prov_016_MOBILE_MECHANIC,True,False,61.77942993398162,False,
ArgmaxECM,inc_00237,237,FUEL_FILTER_CLOGGED,FUEL_FILTER_CLOGGED,prov_014_MOBILE_MECHANIC,True,True,34.808385685660085,False,
ArgmaxECM,inc_00238,238,ENGINE_OVERHEAT_SEVERE,RADIATOR_FAN_ISSUE,prov_002_MOBILE_MECHANIC,False,False,171.85734455625126,True,
ArgmaxECM,inc_00239,239,BATTERY_JUMP,FUEL_PUMP,prov_012_TOW_HEAVY,True,False,19.265170309432982,False,
ArgmaxECM,inc_00240,240,RADIATOR_FAN_ISSUE,FUEL_FILTER_CLOGGED,prov_015_TOW_HEAVY,True,False,49.85567859413154,False,
ArgmaxECM,inc_00241,241,BATTERY_JUMP,FUEL_FILTER_CLOGGED,prov_002_MOBILE_MECHANIC,True,False,23.223989459494113,False,
ArgmaxECM,inc_00242,242,SEVERE_MECHANICAL_TOW,BELT_BROKEN,prov_011_TOW_LIGHT,False,False,77.867213026153,True,
ArgmaxECM,inc_00243,243,BATTERY_JUMP,FUEL_FILTER_CLOGGED,prov_001_TOW_HEAVY,True,False,17.352203481489816,False,
ArgmaxECM,inc_00244,244,ALTERNATOR_ISSUE,FUEL_FILTER_CLOGGED,prov_014_MOBILE_MECHANIC,True,False,68.85927868010012,False,
ArgmaxECM,inc_00245,245,STARTER_MOTOR,STARTER_MOTOR,prov_016_MOBILE_MECHANIC,True,True,64.59596082068887,False,
ArgmaxECM,inc_00246,246,BRAKE_FAILURE,BRAKE_FAILURE,prov_012_TOW_HEAVY,True,True,99.54919570016887,False,
ArgmaxECM,inc_00247,247,BATTERY_JUMP,BATTERY_TERMINAL_CLEAN,prov_003_TOW_LIGHT,True,False,18.863093528777558,False,
ArgmaxECM,inc_00248,248,CLUTCH_WORN,CLUTCH_WORN,prov_005_TOW_LIGHT,True,True,155.680955796625,False,
ArgmaxECM,inc_00249,249,BRAKE_PAD_WORN,CLUTCH_WORN,prov_005_TOW_LIGHT,True,False,62.52838884391961,False,
ArgmaxECM,inc_00250,250,ALTERNATOR_ISSUE,BELT_BROKEN,prov_012_TOW_HEAVY,True,False,63.705903736621224,False,
ArgmaxECM,inc_00251,251,BRAKE_PAD_WORN,BRAKE_PAD_WORN,prov_014_MOBILE_MECHANIC,True,True,66.14478372185101,False,
ArgmaxECM,inc_00252,252,BATTERY_JUMP,FUEL_FILTER_CLOGGED,prov_002_MOBILE_MECHANIC,True,False,21.054619991926923,False,
ArgmaxECM,inc_00253,253,BRAKE_FAILURE,CLUTCH_WORN,prov_015_TOW_HEAVY,True,False,95.19183851497338,False,
ArgmaxECM,inc_00254,254,BATTERY_JUMP,STARTER_MOTOR,prov_001_TOW_HEAVY,True,False,17.066369280302,False,
ArgmaxECM,inc_00255,255,BRAKE_PAD_WORN,CLUTCH_WORN,prov_012_TOW_HEAVY,True,False,64.95693888784447,False,
ArgmaxECM,inc_00256,256,ALTERNATOR_ISSUE,FUEL_FILTER_CLOGGED,prov_016_MOBILE_MECHANIC,True,False,60.827161413794435,False,
ArgmaxECM,inc_00257,257,BATTERY_REPLACE,SEVERE_MECHANICAL_TOW,prov_001_TOW_HEAVY,True,False,41.100141147911366,False,
ArgmaxECM,inc_00258,258,BATTERY_REPLACE,ELECTRICAL_FAULT_RAIN,prov_014_MOBILE_MECHANIC,True,False,37.37318597743407,False,
ArgmaxECM,inc_00259,259,BRAKE_PAD_WORN,BRAKE_PAD_WORN,prov_017_MOBILE_MECHANIC,True,True,67.26225330745699,False,
ArgmaxECM,inc_00260,260,COOLANT_LOW,FUEL_FILTER_CLOGGED,prov_016_MOBILE_MECHANIC,True,False,12.004850676089529,False,
ArgmaxECM,inc_00261,261,SEVERE_MECHANICAL_TOW,BELT_BROKEN,prov_002_MOBILE_MECHANIC,False,False,78.67703976678246,True,
ArgmaxECM,inc_00262,262,RADIATOR_HOSE_LEAK,COOLANT_LOW,prov_014_MOBILE_MECHANIC,True,False,33.1017310241177,False,
ArgmaxECM,inc_00263,263,BATTERY_REPLACE,FUEL_PUMP,prov_012_TOW_HEAVY,True,False,32.82305843099938,False,
ArgmaxECM,inc_00264,264,SEVERE_MECHANICAL_TOW,FUEL_FILTER_CLOGGED,prov_014_MOBILE_MECHANIC,False,False,77.77936280407378,True,
ArgmaxECM,inc_00265,265,BATTERY_TERMINAL_CLEAN,ELECTRICAL_FAULT_RAIN,prov_013_MOBILE_MECHANIC,True,False,12.727727360462477,False,
ArgmaxECM,inc_00266,266,BATTERY_JUMP,FUEL_FILTER_CLOGGED,prov_002_MOBILE_MECHANIC,True,False,21.87750577992306,False,
ArgmaxECM,inc_00267,267,BATTERY_JUMP,FUEL_FILTER_CLOGGED,prov_017_MOBILE_MECHANIC,True,False,17.606387048376046,False,
ArgmaxECM,inc_00268,268,IGNITION_SYSTEM,FUEL_FILTER_CLOGGED,prov_010_TOW_LIGHT,True,False,60.37827109595354,False,
ArgmaxECM,inc_00269,269,BATTERY_REPLACE,BATTERY_TERMINAL_CLEAN,prov_007_MOBILE_MECHANIC,True,False,32.28317312021664,False,
ArgmaxECM,inc_00270,270,SEVERE_MECHANICAL_TOW,IGNITION_SYSTEM,prov_014_MOBILE_MECHANIC,False,False,82.33235502232296,True,
ArgmaxECM,inc_00271,271,BATTERY_REPLACE,BATTERY_JUMP,prov_002_MOBILE_MECHANIC,True,False,38.10800068805536,False,
ArgmaxECM,inc_00272,272,ENGINE_OVERHEAT_SEVERE,RADIATOR_FAN_ISSUE,prov_009_TOW_LIGHT,True,False,122.03429247311423,False,
ArgmaxECM,inc_00273,273,BATTERY_JUMP,BATTERY_REPLACE,prov_009_TOW_LIGHT,True,False,18.193253679120378,False,
ArgmaxECM,inc_00274,274,BATTERY_REPLACE,SEVERE_MECHANICAL_TOW,prov_001_TOW_HEAVY,True,False,45.24912857516388,False,
ArgmaxECM,inc_00275,275,ELECTRICAL_FAULT_RAIN,SEVERE_MECHANICAL_TOW,prov_012_TOW_HEAVY,True,False,98.28323493885729,False,
ArgmaxECM,inc_00276,276,BATTERY_REPLACE,SEVERE_MECHANICAL_TOW,prov_001_TOW_HEAVY,True,False,33.60258994191822,False,
ArgmaxECM,inc_00277,277,BATTERY_REPLACE,STARTER_MOTOR,prov_002_MOBILE_MECHANIC,True,False,34.561695657605455,False,
ArgmaxECM,inc_00278,278,FUEL_PUMP,FUEL_FILTER_CLOGGED,prov_001_TOW_HEAVY,True,False,94.17033036852578,False,
ArgmaxECM,inc_00279,279,BATTERY_JUMP,FUEL_PUMP,prov_014_MOBILE_MECHANIC,True,False,23.635020621859496,False,
ArgmaxECM,inc_00280,280,BATTERY_JUMP,STARTER_MOTOR,prov_012_TOW_HEAVY,True,False,21.98696395734984,False,
ArgmaxECM,inc_00281,281,BATTERY_REPLACE,STARTER_MOTOR,prov_018_TOW_LIGHT,True,False,31.87402520410889,False,
ArgmaxECM,inc_00282,282,ALTERNATOR_ISSUE,BELT_BROKEN,prov_015_TOW_HEAVY,True,False,63.13901574319939,False,
ArgmaxECM,inc_00283,283,BELT_BROKEN,BELT_BROKEN,prov_013_MOBILE_MECHANIC,True,True,32.36416987147766,False,
ArgmaxECM,inc_00284,284,IGNITION_SYSTEM,FUEL_FILTER_CLOGGED,prov_014_MOBILE_MECHANIC,True,False,67.65891185709148,False,
ArgmaxECM,inc_00285,285,STARTER_MOTOR,STARTER_MOTOR,prov_016_MOBILE_MECHANIC,True,True,63.68543657810165,False,
ArgmaxECM,inc_00286,286,CLUTCH_WORN,TRANSMISSION_ISSUE,prov_005_TOW_LIGHT,True,False,156.168387733635,False,
ArgmaxECM,inc_00287,287,ALTERNATOR_ISSUE,BELT_BROKEN,prov_012_TOW_HEAVY,True,False,67.90902256636714,False,
ArgmaxECM,inc_00288,288,CLUTCH_WORN,TRANSMISSION_ISSUE,prov_011_TOW_LIGHT,True,False,158.7103343964567,False,
ArgmaxECM,inc_00289,289,BATTERY_JUMP,BATTERY_REPLACE,prov_009_TOW_LIGHT,True,False,18.561427071748938,False,
ArgmaxECM,inc_00290,290,FUEL_FILTER_CLOGGED,FUEL_FILTER_CLOGGED,prov_012_TOW_HEAVY,True,True,31.58281389317137,False,
ArgmaxECM,inc_00291,291,FUEL_PUMP,FUEL_FILTER_CLOGGED,prov_015_TOW_HEAVY,True,False,95.53646621035507,False,
ArgmaxECM,inc_00292,292,SEVERE_MECHANICAL_TOW,BELT_BROKEN,prov_007_MOBILE_MECHANIC,False,False,76.47908717096853,True,
ArgmaxECM,inc_00293,293,IGNITION_SYSTEM,FUEL_PUMP,prov_002_MOBILE_MECHANIC,True,False,62.23678240973539,False,
ArgmaxECM,inc_00294,294,TRANSMISSION_ISSUE,TRANSMISSION_ISSUE,prov_005_TOW_LIGHT,True,True,186.0663705117393,False,
ArgmaxECM,inc_00295,295,BATTERY_JUMP,FUEL_FILTER_CLOGGED,prov_002_MOBILE_MECHANIC,True,False,18.437889675888474,False,
ArgmaxECM,inc_00296,296,BATTERY_REPLACE,SEVERE_MECHANICAL_TOW,prov_001_TOW_HEAVY,True,False,44.72456504450852,False,
ArgmaxECM,inc_00297,297,IGNITION_SYSTEM,FUEL_PUMP,prov_014_MOBILE_MECHANIC,True,False,64.25941666020462,False,
ArgmaxECM,inc_00298,298,BATTERY_REPLACE,SEVERE_MECHANICAL_TOW,prov_001_TOW_HEAVY,True,False,34.25272741721053,False,
ArgmaxECM,inc_00299,299,TRANSMISSION_ISSUE,TRANSMISSION_ISSUE,prov_012_TOW_HEAVY,True,True,183.22755759631258,False,
ArgmaxECM,inc_00300,300,TRANSMISSION_ISSUE,TRANSMISSION_ISSUE,prov_005_TOW_LIGHT,True,True,185.1542203733398,False,
ArgmaxECM,inc_00301,301,BRAKE_PAD_WORN,CLUTCH_WORN,prov_006_TOW_LIGHT,True,False,68.31922075284717,False,
ArgmaxECM,inc_00302,302,BRAKE_PAD_WORN,BRAKE_PAD_WORN,prov_002_MOBILE_MECHANIC,True,True,64.6706783337693,False,
ArgmaxECM,inc_00303,303,IGNITION_SYSTEM,FUEL_FILTER_CLOGGED,prov_006_TOW_LIGHT,True,False,63.361545031139315,False,
ArgmaxECM,inc_00304,304,STARTER_MOTOR,BATTERY_REPLACE,prov_011_TOW_LIGHT,True,False,60.15216335631943,False,
ArgmaxECM,inc_00305,305,COOLANT_LOW,FUEL_FILTER_CLOGGED,prov_001_TOW_HEAVY,True,False,11.308124264726633,False,
ArgmaxECM,inc_00306,306,BATTERY_JUMP,FUEL_FILTER_CLOGGED,prov_015_TOW_HEAVY,True,False,18.308813020669305,False,
ArgmaxECM,inc_00307,307,BELT_BROKEN,BELT_BROKEN,prov_002_MOBILE_MECHANIC,True,True,33.229668741699925,False,
ArgmaxECM,inc_00308,308,BELT_BROKEN,FUEL_FILTER_CLOGGED,prov_002_MOBILE_MECHANIC,True,False,38.79580636046174,False,
ArgmaxECM,inc_00309,309,TRANSMISSION_ISSUE,CLUTCH_WORN,prov_001_TOW_HEAVY,True,False,183.32372160162677,False,
ArgmaxECM,inc_00310,310,SEVERE_MECHANICAL_TOW,FUEL_FILTER_CLOGGED,prov_002_MOBILE_MECHANIC,False,False,81.9933548388768,True,
ArgmaxECM,inc_00311,311,BATTERY_REPLACE,ELECTRICAL_FAULT_RAIN,prov_014_MOBILE_MECHANIC,True,False,36.43008851454406,False,
ArgmaxECM,inc_00312,312,TRANSMISSION_ISSUE,TRANSMISSION_ISSUE,prov_018_TOW_LIGHT,True,True,185.47155702576288,False,
ArgmaxECM,inc_00313,313,IGNITION_SYSTEM,FUEL_PUMP,prov_014_MOBILE_MECHANIC,True,False,65.46442989543856,False,
ArgmaxECM,inc_00314,314,CLUTCH_WORN,TRANSMISSION_ISSUE,prov_012_TOW_HEAVY,True,False,153.57966961977542,False,
ArgmaxECM,inc_00315,315,TRANSMISSION_ISSUE,TRANSMISSION_ISSUE,prov_005_TOW_LIGHT,True,True,182.62897299200685,False,
ArgmaxECM,inc_00316,316,BATTERY_REPLACE,STARTER_MOTOR,prov_006_TOW_LIGHT,True,False,31.54586836990869,False,
ArgmaxECM,inc_00317,317,BATTERY_REPLACE,STARTER_MOTOR,prov_010_TOW_LIGHT,True,False,34.84269061559591,False,
ArgmaxECM,inc_00318,318,FUEL_FILTER_CLOGGED,FUEL_FILTER_CLOGGED,prov_015_TOW_HEAVY,True,True,33.866476648533876,False,
ArgmaxECM,inc_00319,319,BATTERY_JUMP,FUEL_FILTER_CLOGGED,prov_015_TOW_HEAVY,True,False,19.139422291502893,False,
ArgmaxECM,inc_00320,320,BATTERY_REPLACE,FUEL_PUMP,prov_010_TOW_LIGHT,True,False,32.03085375709986,False,
ArgmaxECM,inc_00321,321,ALTERNATOR_ISSUE,FUEL_FILTER_CLOGGED,prov_017_MOBILE_MECHANIC,True,False,61.93455784695842,False,
ArgmaxECM,inc_00322,322,BATTERY_REPLACE,FUEL_PUMP,prov_001_TOW_HEAVY,True,False,36.98580022238985,False,
ArgmaxECM,inc_00323,323,BATTERY_JUMP,BATTERY_JUMP,prov_017_MOBILE_MECHANIC,True,True,22.548641075287485,False,
ArgmaxECM,inc_00324,324,BATTERY_JUMP,BATTERY_JUMP,prov_012_TOW_HEAVY,True,True,17.09668959420104,False,
ArgmaxECM,inc_00325,325,STARTER_MOTOR,BATTERY_TERMINAL_CLEAN,prov_011_TOW_LIGHT,True,False,60.30539320889293,False,
ArgmaxECM,inc_00326,326,IGNITION_SYSTEM,FUEL_PUMP,prov_016_MOBILE_MECHANIC,True,False,64.00285525597307,False,
ArgmaxECM,inc_00327,327,RADIATOR_FAN_ISSUE,FUEL_FILTER_CLOGGED,prov_003_TOW_LIGHT,True,False,48.10816281417653,False,
ArgmaxECM,inc_00328,328,ALTERNATOR_ISSUE,FUEL_FILTER_CLOGGED,prov_002_MOBILE_MECHANIC,True,False,63.250271952770724,False,
ArgmaxECM,inc_00329,329,IGNITION_SYSTEM,BATTERY_REPLACE,prov_011_TOW_LIGHT,True,False,63.19135188990406,False,
ArgmaxECM,inc_00330,330,BRAKE_FAILURE,BRAKE_FAILURE,prov_011_TOW_LIGHT,True,True,94.35156130856063,False,
ArgmaxECM,inc_00331,331,BATTERY_REPLACE,BATTERY_TERMINAL_CLEAN,prov_011_TOW_LIGHT,True,False,32.03353534172035,False,
ArgmaxECM,inc_00332,332,ENGINE_OVERHEAT_SEVERE,RADIATOR_FAN_ISSUE,prov_010_TOW_LIGHT,True,False,122.23181805142917,False,
ArgmaxECM,inc_00333,333,BRAKE_PAD_WORN,CLUTCH_WORN,prov_010_TOW_LIGHT,True,False,67.04797703481495,False,
ArgmaxECM,inc_00334,334,ELECTRICAL_FAULT_RAIN,STARTER_MOTOR,prov_017_MOBILE_MECHANIC,True,False,93.65683254392795,False,
ArgmaxECM,inc_00335,335,IGNITION_SYSTEM,FUEL_PUMP,prov_014_MOBILE_MECHANIC,True,False,64.16827876865074,False,
ArgmaxECM,inc_00336,336,BATTERY_REPLACE,STARTER_MOTOR,prov_010_TOW_LIGHT,True,False,34.45322687013398,False,
ArgmaxECM,inc_00337,337,BATTERY_REPLACE,SEVERE_MECHANICAL_TOW,prov_001_TOW_HEAVY,True,False,37.96437944342046,False,
ArgmaxECM,inc_00338,338,STARTER_MOTOR,FUEL_FILTER_CLOGGED,prov_002_MOBILE_MECHANIC,True,False,65.39091340125664,False,
ArgmaxECM,inc_00339,339,CLUTCH_WORN,TRANSMISSION_ISSUE,prov_012_TOW_HEAVY,True,False,156.10107964672412,False,
ArgmaxECM,inc_00340,340,BATTERY_REPLACE,SEVERE_MECHANICAL_TOW,prov_001_TOW_HEAVY,True,False,35.73750152817357,False,
ArgmaxECM,inc_00341,341,ALTERNATOR_ISSUE,FUEL_FILTER_CLOGGED,prov_012_TOW_HEAVY,True,False,60.981203704188566,False,
ArgmaxECM,inc_00342,342,RADIATOR_FAN_ISSUE,FUEL_FILTER_CLOGGED,prov_017_MOBILE_MECHANIC,True,False,51.1373186361994,False,
ArgmaxECM,inc_00343,343,BELT_BROKEN,FUEL_FILTER_CLOGGED,prov_012_TOW_HEAVY,True,False,32.546785825769604,False,
ArgmaxECM,inc_00344,344,RADIATOR_HOSE_LEAK,FUEL_FILTER_CLOGGED,prov_002_MOBILE_MECHANIC,True,False,33.54543133320305,False,
ArgmaxECM,inc_00345,345,STARTER_MOTOR,BATTERY_TERMINAL_CLEAN,prov_015_TOW_HEAVY,True,False,68.72049641428362,False,
ArgmaxECM,inc_00346,346,ALTERNATOR_ISSUE,BELT_BROKEN,prov_007_MOBILE_MECHANIC,True,False,60.44771312935462,False,
ArgmaxECM,inc_00347,347,BELT_BROKEN,FUEL_FILTER_CLOGGED,prov_016_MOBILE_MECHANIC,True,False,36.66450630131604,False,
ArgmaxECM,inc_00348,348,FUEL_FILTER_CLOGGED,FUEL_FILTER_CLOGGED,prov_001_TOW_HEAVY,True,True,30.267032250136854,False,
ArgmaxECM,inc_00349,349,FUEL_PUMP,FUEL_PUMP,prov_014_MOBILE_MECHANIC,True,True,94.6814709194674,False,
ArgmaxECM,inc_00350,350,BRAKE_PAD_WORN,BRAKE_PAD_WORN,prov_002_MOBILE_MECHANIC,True,True,66.81960681923744,False,
ArgmaxECM,inc_00351,351,ELECTRICAL_FAULT_RAIN,SEVERE_MECHANICAL_TOW,prov_001_TOW_HEAVY,True,False,103.89580342683762,False,
ArgmaxECM,inc_00352,352,BATTERY_JUMP,FUEL_PUMP,prov_012_TOW_HEAVY,True,False,20.880685200795483,False,
ArgmaxECM,inc_00353,353,ALTERNATOR_ISSUE,FUEL_FILTER_CLOGGED,prov_002_MOBILE_MECHANIC,True,False,63.633163867125766,False,
ArgmaxECM,inc_00354,354,BATTERY_JUMP,BATTERY_JUMP,prov_016_MOBILE_MECHANIC,True,True,16.027258380040244,False,
ArgmaxECM,inc_00355,355,TRANSMISSION_ISSUE,CLUTCH_WORN,prov_006_TOW_LIGHT,True,False,183.75917789845928,False,
ArgmaxECM,inc_00356,356,BRAKE_PAD_WORN,BRAKE_PAD_WORN,prov_016_MOBILE_MECHANIC,True,True,65.18226330781238,False,
ArgmaxECM,inc_00357,357,ELECTRICAL_FAULT_RAIN,FUEL_PUMP,prov_001_TOW_HEAVY,True,False,95.39517627015006,False,
ArgmaxECM,inc_00358,358,ALTERNATOR_ISSUE,FUEL_FILTER_CLOGGED,prov_002_MOBILE_MECHANIC,True,False,66.32688771177865,False,
ArgmaxECM,inc_00359,359,RADIATOR_HOSE_LEAK,FUEL_FILTER_CLOGGED,prov_002_MOBILE_MECHANIC,True,False,33.59823966027057,False,
ArgmaxECM,inc_00360,360,SEVERE_MECHANICAL_TOW,BELT_BROKEN,prov_014_MOBILE_MECHANIC,False,False,81.22015829673805,True,
ArgmaxECM,inc_00361,361,BATTERY_REPLACE,ELECTRICAL_FAULT_RAIN,prov_001_TOW_HEAVY,True,False,34.70799658896849,False,
ArgmaxECM,inc_00362,362,BRAKE_PAD_WORN,BRAKE_PAD_WORN,prov_011_TOW_LIGHT,True,True,60.863833319361156,False,
ArgmaxECM,inc_00363,363,BATTERY_REPLACE,BATTERY_REPLACE,prov_014_MOBILE_MECHANIC,True,True,38.85195031843322,False,
ArgmaxECM,inc_00364,364,BATTERY_REPLACE,STARTER_MOTOR,prov_014_MOBILE_MECHANIC,True,False,35.94173411658887,False,
ArgmaxECM,inc_00365,365,BELT_BROKEN,BELT_BROKEN,prov_012_TOW_HEAVY,True,True,37.22101422950102,False,
ArgmaxECM,inc_00366,366,BATTERY_REPLACE,BATTERY_REPLACE,prov_001_TOW_HEAVY,True,True,34.1534249997123,False,
ArgmaxECM,inc_00367,367,ELECTRICAL_FAULT_RAIN,BATTERY_REPLACE,prov_002_MOBILE_MECHANIC,True,False,94.10960933079748,False,
ArgmaxECM,inc_00368,368,BATTERY_JUMP,BATTERY_JUMP,prov_012_TOW_HEAVY,True,True,21.89090802527404,False,
ArgmaxECM,inc_00369,369,BRAKE_PAD_WORN,BRAKE_PAD_WORN,prov_015_TOW_HEAVY,True,True,65.42437235662413,False,
ArgmaxECM,inc_00370,370,ELECTRICAL_FAULT_RAIN,ELECTRICAL_FAULT_RAIN,prov_002_MOBILE_MECHANIC,True,True,95.1794117696314,False,
ArgmaxECM,inc_00371,371,ELECTRICAL_FAULT_RAIN,BATTERY_REPLACE,prov_001_TOW_HEAVY,True,False,91.55087612317612,False,
ArgmaxECM,inc_00372,372,COOLANT_LOW,RADIATOR_FAN_ISSUE,prov_011_TOW_LIGHT,True,False,13.262716215874512,False,
ArgmaxECM,inc_00373,373,BATTERY_REPLACE,BATTERY_REPLACE,prov_017_MOBILE_MECHANIC,True,True,35.38727767950849,False,
ArgmaxECM,inc_00374,374,BRAKE_FAILURE,BRAKE_FAILURE,prov_010_TOW_LIGHT,True,True,95.06308313777228,False,
ArgmaxECM,inc_00375,375,TRANSMISSION_ISSUE,TRANSMISSION_ISSUE,prov_001_TOW_HEAVY,True,True,185.53117392439296,False,
ArgmaxECM,inc_00376,376,BATTERY_REPLACE,FUEL_PUMP,prov_010_TOW_LIGHT,True,False,31.861714947045083,False,
ArgmaxECM,inc_00377,377,ENGINE_OVERHEAT_SEVERE,FUEL_FILTER_CLOGGED,prov_009_TOW_LIGHT,True,False,124.39602617386178,False,
ArgmaxECM,inc_00378,378,ELECTRICAL_FAULT_RAIN,BATTERY_REPLACE,prov_001_TOW_HEAVY,True,False,98.50622722719066,False,
ArgmaxECM,inc_00379,379,FUEL_FILTER_CLOGGED,FUEL_FILTER_CLOGGED,prov_001_TOW_HEAVY,True,True,33.312581089165455,False,
ArgmaxECM,inc_00380,380,FUEL_FILTER_CLOGGED,FUEL_FILTER_CLOGGED,prov_018_TOW_LIGHT,True,True,29.600395277960807,False,
ArgmaxECM,inc_00381,381,STARTER_MOTOR,BATTERY_REPLACE,prov_001_TOW_HEAVY,True,False,64.54578845979472,False,
ArgmaxECM,inc_00382,382,BRAKE_PAD_WORN,BRAKE_PAD_WORN,prov_011_TOW_LIGHT,True,True,67.03840626355083,False,
ArgmaxECM,inc_00383,383,STARTER_MOTOR,STARTER_MOTOR,prov_013_MOBILE_MECHANIC,True,True,63.472106802440315,False,
ArgmaxECM,inc_00384,384,COOLANT_LOW,RADIATOR_FAN_ISSUE,prov_015_TOW_HEAVY,True,False,15.586299877024892,False,
ArgmaxECM,inc_00385,385,TRANSMISSION_ISSUE,TRANSMISSION_ISSUE,prov_010_TOW_LIGHT,True,True,181.75063134477145,False,
ArgmaxECM,inc_00386,386,BATTERY_TERMINAL_CLEAN,BATTERY_REPLACE,prov_001_TOW_HEAVY,True,False,15.651624472395172,False,
ArgmaxECM,inc_00387,387,RADIATOR_HOSE_LEAK,COOLANT_LOW,prov_016_MOBILE_MECHANIC,True,False,36.157745585562836,False,
ArgmaxECM,inc_00388,388,BELT_BROKEN,BELT_BROKEN,prov_014_MOBILE_MECHANIC,True,True,32.911352203132616,False,
ArgmaxECM,inc_00389,389,BATTERY_JUMP,BATTERY_JUMP,prov_002_MOBILE_MECHANIC,True,True,21.51151416098387,False,
ArgmaxECM,inc_00390,390,TRANSMISSION_ISSUE,TRANSMISSION_ISSUE,prov_015_TOW_HEAVY,True,True,184.50775448714086,False,
ArgmaxECM,inc_00391,391,COOLANT_LOW,RADIATOR_FAN_ISSUE,prov_006_TOW_LIGHT,True,False,13.471083906954828,False,
ArgmaxECM,inc_00392,392,ELECTRICAL_FAULT_RAIN,ELECTRICAL_FAULT_RAIN,prov_016_MOBILE_MECHANIC,True,True,96.10718502058393,False,
ArgmaxECM,inc_00393,393,ENGINE_OVERHEAT_SEVERE,COOLANT_LOW,prov_006_TOW_LIGHT,True,False,122.3773457611847,False,
ArgmaxECM,inc_00394,394,BRAKE_FAILURE,BRAKE_FAILURE,prov_001_TOW_HEAVY,True,True,92.14933779264284,False,
ArgmaxECM,inc_00395,395,IGNITION_SYSTEM,FUEL_FILTER_CLOGGED,prov_001_TOW_HEAVY,True,False,65.28752110039224,False,
ArgmaxECM,inc_00396,396,IGNITION_SYSTEM,FUEL_PUMP,prov_014_MOBILE_MECHANIC,True,False,61.917902391531484,False,
ArgmaxECM,inc_00397,397,BATTERY_JUMP,FUEL_FILTER_CLOGGED,prov_002_MOBILE_MECHANIC,True,False,19.270991614900282,False,
ArgmaxECM,inc_00398,398,BATTERY_TERMINAL_CLEAN,BATTERY_REPLACE,prov_017_MOBILE_MECHANIC,True,False,17.343665711797556,False,
ArgmaxECM,inc_00399,399,RADIATOR_FAN_ISSUE,FUEL_FILTER_CLOGGED,prov_002_MOBILE_MECHANIC,True,False,45.83906484908156,False,
ArgmaxECM,inc_00400,400,FUEL_PUMP,FUEL_PUMP,prov_018_TOW_LIGHT,True,True,90.95377455133686,False,
ArgmaxECM,inc_00401,401,COOLANT_LOW,RADIATOR_FAN_ISSUE,prov_003_TOW_LIGHT,True,False,13.986070440406717,False,
ArgmaxECM,inc_00402,402,FUEL_PUMP,BATTERY_TERMINAL_CLEAN,prov_014_MOBILE_MECHANIC,True,False,95.64459640233343,False,
ArgmaxECM,inc_00403,403,ALTERNATOR_ISSUE,FUEL_FILTER_CLOGGED,prov_016_MOBILE_MECHANIC,True,False,61.91233229096088,False,
ArgmaxECM,inc_00404,404,BRAKE_FAILURE,BRAKE_FAILURE,prov_018_TOW_LIGHT,True,True,100.20146287277966,False,
ArgmaxECM,inc_00405,405,CLUTCH_WORN,CLUTCH_WORN,prov_006_TOW_LIGHT,True,True,159.80321683471993,False,
ArgmaxECM,inc_00406,406,BATTERY_REPLACE,BATTERY_REPLACE,prov_002_MOBILE_MECHANIC,True,True,30.829085892173943,False,
ArgmaxECM,inc_00407,407,ELECTRICAL_FAULT_RAIN,ELECTRICAL_FAULT_RAIN,prov_012_TOW_HEAVY,True,True,97.74269807841078,False,
ArgmaxECM,inc_00408,408,ALTERNATOR_ISSUE,FUEL_FILTER_CLOGGED,prov_012_TOW_HEAVY,True,False,62.473266464742224,False,
ArgmaxECM,inc_00409,409,CLUTCH_WORN,TRANSMISSION_ISSUE,prov_012_TOW_HEAVY,True,False,158.21829358506233,False,
ArgmaxECM,inc_00410,410,IGNITION_SYSTEM,FUEL_PUMP,prov_016_MOBILE_MECHANIC,True,False,67.71503706684815,False,
ArgmaxECM,inc_00411,411,BATTERY_JUMP,BATTERY_JUMP,prov_009_TOW_LIGHT,True,True,16.300497493303283,False,
ArgmaxECM,inc_00412,412,BATTERY_TERMINAL_CLEAN,STARTER_MOTOR,prov_002_MOBILE_MECHANIC,True,False,17.592913047087528,False,
ArgmaxECM,inc_00413,413,IGNITION_SYSTEM,FUEL_PUMP,prov_016_MOBILE_MECHANIC,True,False,66.04286247202839,False,
ArgmaxECM,inc_00414,414,SEVERE_MECHANICAL_TOW,FUEL_FILTER_CLOGGED,prov_012_TOW_HEAVY,True,False,32.69492076552213,False,
ArgmaxECM,inc_00415,415,FUEL_PUMP,FUEL_PUMP,prov_017_MOBILE_MECHANIC,True,True,92.67779439060821,False,
ArgmaxECM,inc_00416,416,IGNITION_SYSTEM,FUEL_FILTER_CLOGGED,prov_001_TOW_HEAVY,True,False,62.322845423346166,False,
ArgmaxECM,inc_00417,417,SEVERE_MECHANICAL_TOW,FUEL_FILTER_CLOGGED,prov_013_MOBILE_MECHANIC,False,False,76.14581693153129,True,
ArgmaxECM,inc_00418,418,BELT_BROKEN,BELT_BROKEN,prov_003_TOW_LIGHT,True,True,33.00169703872268,False,
ArgmaxECM,inc_00419,419,RADIATOR_FAN_ISSUE,FUEL_FILTER_CLOGGED,prov_006_TOW_LIGHT,True,False,49.2473005171287,False,
ArgmaxECM,inc_00420,420,BRAKE_FAILURE,CLUTCH_WORN,prov_001_TOW_HEAVY,True,False,93.79993973261207,False,
ArgmaxECM,inc_00421,421,BATTERY_REPLACE,STARTER_MOTOR,prov_012_TOW_HEAVY,True,False,31.80018700865296,False,
ArgmaxECM,inc_00422,422,BRAKE_FAILURE,BRAKE_FAILURE,prov_011_TOW_LIGHT,True,True,94.17414983182658,False,
ArgmaxECM,inc_00423,423,RADIATOR_FAN_ISSUE,RADIATOR_FAN_ISSUE,prov_016_MOBILE_MECHANIC,True,True,52.692825750650286,False,
ArgmaxECM,inc_00424,424,ALTERNATOR_ISSUE,BELT_BROKEN,prov_010_TOW_LIGHT,True,False,63.4463508837524,False,
ArgmaxECM,inc_00425,425,BATTERY_REPLACE,BATTERY_REPLACE,prov_011_TOW_LIGHT,True,True,34.132797292391345,False,
ArgmaxECM,inc_00426,426,ALTERNATOR_ISSUE,FUEL_FILTER_CLOGGED,prov_014_MOBILE_MECHANIC,True,False,64.22724989380535,False,
ArgmaxECM,inc_00427,427,BATTERY_JUMP,STARTER_MOTOR,prov_012_TOW_HEAVY,True,False,21.02231780353056,False,
ArgmaxECM,inc_00428,428,ALTERNATOR_ISSUE,FUEL_FILTER_CLOGGED,prov_002_MOBILE_MECHANIC,True,False,67.11009671024264,False,
ArgmaxECM,inc_00429,429,ELECTRICAL_FAULT_RAIN,ELECTRICAL_FAULT_RAIN,prov_012_TOW_HEAVY,True,True,90.95281719884213,False,
ArgmaxECM,inc_00430,430,RADIATOR_FAN_ISSUE,FUEL_FILTER_CLOGGED,prov_016_MOBILE_MECHANIC,True,False,48.19463801967348,False,
ArgmaxECM,inc_00431,431,BATTERY_JUMP,FUEL_FILTER_CLOGGED,prov_015_TOW_HEAVY,True,False,18.419619317369392,False,
ArgmaxECM,inc_00432,432,SEVERE_MECHANICAL_TOW,FUEL_FILTER_CLOGGED,prov_015_TOW_HEAVY,True,False,37.32157544532418,False,
ArgmaxECM,inc_00433,433,TRANSMISSION_ISSUE,TRANSMISSION_ISSUE,prov_012_TOW_HEAVY,True,True,181.72816487278618,False,
ArgmaxECM,inc_00434,434,BRAKE_PAD_WORN,BRAKE_PAD_WORN,prov_002_MOBILE_MECHANIC,True,True,64.21774653532586,False,
ArgmaxECM,inc_00435,435,BATTERY_REPLACE,ELECTRICAL_FAULT_RAIN,prov_014_MOBILE_MECHANIC,True,False,35.64294856868302,False,
ArgmaxECM,inc_00436,436,IGNITION_SYSTEM,FUEL_PUMP,prov_014_MOBILE_MECHANIC,True,False,61.94468498527082,False,
ArgmaxECM,inc_00437,437,BATTERY_JUMP,FUEL_FILTER_CLOGGED,prov_012_TOW_HEAVY,True,False,18.19708790440457,False,
ArgmaxECM,inc_00438,438,SEVERE_MECHANICAL_TOW,BELT_BROKEN,prov_002_MOBILE_MECHANIC,False,False,78.51221097271574,True,
ArgmaxECM,inc_00439,439,ENGINE_OVERHEAT_SEVERE,RADIATOR_FAN_ISSUE,prov_003_TOW_LIGHT,True,False,122.8555938787494,False,
ArgmaxECM,inc_00440,440,BELT_BROKEN,FUEL_FILTER_CLOGGED,prov_011_TOW_LIGHT,True,False,34.002758570896155,False,
ArgmaxECM,inc_00441,441,CLUTCH_WORN,CLUTCH_WORN,prov_006_TOW_LIGHT,True,True,155.54654879229355,False,
ArgmaxECM,inc_00442,442,BRAKE_PAD_WORN,CLUTCH_WORN,prov_015_TOW_HEAVY,True,False,69.76509233910954,False,
ArgmaxECM,inc_00443,443,ELECTRICAL_FAULT_RAIN,BATTERY_REPLACE,prov_002_MOBILE_MECHANIC,True,False,95.09204895521647,False,
ArgmaxECM,inc_00444,444,IGNITION_SYSTEM,FUEL_PUMP,prov_002_MOBILE_MECHANIC,True,False,63.54523993505424,False,
ArgmaxECM,inc_00445,445,RADIATOR_HOSE_LEAK,FUEL_FILTER_CLOGGED,prov_010_TOW_LIGHT,True,False,32.84065010014443,False,
ArgmaxECM,inc_00446,446,BRAKE_PAD_WORN,BRAKE_PAD_WORN,prov_012_TOW_HEAVY,True,True,63.73288554309704,False,
ArgmaxECM,inc_00447,447,RADIATOR_FAN_ISSUE,RADIATOR_FAN_ISSUE,prov_001_TOW_HEAVY,True,True,52.484707631614945,False,
ArgmaxECM,inc_00448,448,FUEL_PUMP,FUEL_FILTER_CLOGGED,prov_011_TOW_LIGHT,True,False,95.75661783008941,False,
ArgmaxECM,inc_00449,449,BRAKE_PAD_WORN,TRANSMISSION_ISSUE,prov_006_TOW_LIGHT,True,False,62.278700888882476,False,
ArgmaxECM,inc_00450,450,FUEL_PUMP,FUEL_PUMP,prov_013_MOBILE_MECHANIC,True,True,92.05224791844209,False,
ArgmaxECM,inc_00451,451,BRAKE_FAILURE,BRAKE_FAILURE,prov_011_TOW_LIGHT,True,True,100.21234214904321,False,
ArgmaxECM,inc_00452,452,ALTERNATOR_ISSUE,FUEL_FILTER_CLOGGED,prov_011_TOW_LIGHT,True,False,64.30450260029158,False,
ArgmaxECM,inc_00453,453,ENGINE_OVERHEAT_SEVERE,RADIATOR_FAN_ISSUE,prov_014_MOBILE_MECHANIC,False,False,167.64810050572424,True,
ArgmaxECM,inc_00454,454,BATTERY_JUMP,BATTERY_JUMP,prov_011_TOW_LIGHT,True,True,17.64945101652508,False,
ArgmaxECM,inc_00455,455,BRAKE_PAD_WORN,BRAKE_PAD_WORN,prov_002_MOBILE_MECHANIC,True,True,65.12369749022682,False,
ArgmaxECM,inc_00456,456,BATTERY_TERMINAL_CLEAN,ELECTRICAL_FAULT_RAIN,prov_002_MOBILE_MECHANIC,True,False,15.642923492312642,False,
ArgmaxECM,inc_00457,457,BRAKE_PAD_WORN,BRAKE_PAD_WORN,prov_002_MOBILE_MECHANIC,True,True,64.84323319212551,False,
ArgmaxECM,inc_00458,458,CLUTCH_WORN,CLUTCH_WORN,prov_018_TOW_LIGHT,True,True,154.86619828951913,False,
ArgmaxECM,inc_00459,459,ELECTRICAL_FAULT_RAIN,SEVERE_MECHANICAL_TOW,prov_012_TOW_HEAVY,True,False,92.11940750648564,False,
ArgmaxECM,inc_00460,460,BRAKE_PAD_WORN,CLUTCH_WORN,prov_001_TOW_HEAVY,True,False,64.26003225998886,False,
ArgmaxECM,inc_00461,461,BATTERY_JUMP,BATTERY_JUMP,prov_016_MOBILE_MECHANIC,True,True,18.57244959254573,False,
ArgmaxECM,inc_00462,462,ELECTRICAL_FAULT_RAIN,BATTERY_TERMINAL_CLEAN,prov_002_MOBILE_MECHANIC,True,False,93.40708365372903,False,
ArgmaxECM,inc_00463,463,STARTER_MOTOR,FUEL_FILTER_CLOGGED,prov_013_MOBILE_MECHANIC,True,False,64.73675244415189,False,
ArgmaxECM,inc_00464,464,RADIATOR_FAN_ISSUE,FUEL_FILTER_CLOGGED,prov_002_MOBILE_MECHANIC,True,False,52.465740248703945,False,
ArgmaxECM,inc_00465,465,IGNITION_SYSTEM,FUEL_FILTER_CLOGGED,prov_009_TOW_LIGHT,True,False,63.98062436124151,False,
ArgmaxECM,inc_00466,466,ELECTRICAL_FAULT_RAIN,BATTERY_REPLACE,prov_007_MOBILE_MECHANIC,True,False,93.94532583462794,False,
ArgmaxECM,inc_00467,467,BATTERY_REPLACE,ELECTRICAL_FAULT_RAIN,prov_014_MOBILE_MECHANIC,True,False,38.731459383673446,False,
ArgmaxECM,inc_00468,468,IGNITION_SYSTEM,FUEL_FILTER_CLOGGED,prov_017_MOBILE_MECHANIC,True,False,62.92096094561905,False,
ArgmaxECM,inc_00469,469,CLUTCH_WORN,CLUTCH_WORN,prov_012_TOW_HEAVY,True,True,156.2431755565105,False,
ArgmaxECM,inc_00470,470,COOLANT_LOW,FUEL_FILTER_CLOGGED,prov_016_MOBILE_MECHANIC,True,False,11.419376587246358,False,
ArgmaxECM,inc_00471,471,FUEL_PUMP,FUEL_PUMP,prov_016_MOBILE_MECHANIC,True,True,97.42360907536738,False,
ArgmaxECM,inc_00472,472,FUEL_FILTER_CLOGGED,FUEL_FILTER_CLOGGED,prov_016_MOBILE_MECHANIC,True,True,33.60621494575761,False,
ArgmaxECM,inc_00473,473,RADIATOR_HOSE_LEAK,FUEL_FILTER_CLOGGED,prov_016_MOBILE_MECHANIC,True,False,37.82241118105011,False,
ArgmaxECM,inc_00474,474,ELECTRICAL_FAULT_RAIN,ELECTRICAL_FAULT_RAIN,prov_017_MOBILE_MECHANIC,True,True,93.27122674300824,False,
ArgmaxECM,inc_00475,475,ALTERNATOR_ISSUE,BELT_BROKEN,prov_001_TOW_HEAVY,True,False,61.83749138503147,False,
ArgmaxECM,inc_00476,476,IGNITION_SYSTEM,FUEL_FILTER_CLOGGED,prov_013_MOBILE_MECHANIC,True,False,64.4601406111469,False,
ArgmaxECM,inc_00477,477,ALTERNATOR_ISSUE,BELT_BROKEN,prov_010_TOW_LIGHT,True,False,62.95201891799551,False,
ArgmaxECM,inc_00478,478,CLUTCH_WORN,TRANSMISSION_ISSUE,prov_005_TOW_LIGHT,True,False,155.77126661069812,False,
ArgmaxECM,inc_00479,479,IGNITION_SYSTEM,FUEL_FILTER_CLOGGED,prov_013_MOBILE_MECHANIC,True,False,62.70463520458563,False,
ArgmaxECM,inc_00480,480,RADIATOR_FAN_ISSUE,FUEL_FILTER_CLOGGED,prov_002_MOBILE_MECHANIC,True,False,52.20099573701022,False,
ArgmaxECM,inc_00481,481,FUEL_FILTER_CLOGGED,IGNITION_SYSTEM,prov_014_MOBILE_MECHANIC,True,False,32.401628025136944,False,
ArgmaxECM,inc_00482,482,BRAKE_PAD_WORN,BRAKE_PAD_WORN,prov_014_MOBILE_MECHANIC,True,True,66.58361335455879,False,
ArgmaxECM,inc_00483,483,RADIATOR_FAN_ISSUE,FUEL_FILTER_CLOGGED,prov_015_TOW_HEAVY,True,False,45.8113908299968,False,
ArgmaxECM,inc_00484,484,CLUTCH_WORN,CLUTCH_WORN,prov_001_TOW_HEAVY,True,True,153.10579596234612,False,
ArgmaxECM,inc_00485,485,COOLANT_LOW,FUEL_FILTER_CLOGGED,prov_013_MOBILE_MECHANIC,True,False,12.608566543319952,False,
ArgmaxECM,inc_00486,486,RADIATOR_FAN_ISSUE,FUEL_FILTER_CLOGGED,prov_017_MOBILE_MECHANIC,True,False,49.452192321238336,False,
ArgmaxECM,inc_00487,487,ALTERNATOR_ISSUE,FUEL_FILTER_CLOGGED,prov_011_TOW_LIGHT,True,False,62.434717771145934,False,
ArgmaxECM,inc_00488,488,IGNITION_SYSTEM,FUEL_FILTER_CLOGGED,prov_001_TOW_HEAVY,True,False,65.86327021580989,False,
ArgmaxECM,inc_00489,489,BATTERY_TERMINAL_CLEAN,ELECTRICAL_FAULT_RAIN,prov_014_MOBILE_MECHANIC,True,False,17.309687924894487,False,
ArgmaxECM,inc_00490,490,SEVERE_MECHANICAL_TOW,BELT_BROKEN,prov_010_TOW_LIGHT,False,False,75.94792270221872,True,
ArgmaxECM,inc_00491,491,ENGINE_OVERHEAT_SEVERE,FUEL_FILTER_CLOGGED,prov_016_MOBILE_MECHANIC,False,False,169.6752335654586,True,
ArgmaxECM,inc_00492,492,ELECTRICAL_FAULT_RAIN,BATTERY_REPLACE,prov_001_TOW_HEAVY,True,False,95.08539267790002,False,
ArgmaxECM,inc_00493,493,RADIATOR_HOSE_LEAK,FUEL_FILTER_CLOGGED,prov_016_MOBILE_MECHANIC,True,False,35.172211814946394,False,
ArgmaxECM,inc_00494,494,STARTER_MOTOR,BATTERY_TERMINAL_CLEAN,prov_012_TOW_HEAVY,True,False,62.91623031988279,False,
ArgmaxECM,inc_00495,495,SEVERE_MECHANICAL_TOW,FUEL_FILTER_CLOGGED,prov_002_MOBILE_MECHANIC,False,False,79.51133281522215,True,
ArgmaxECM,inc_00496,496,ELECTRICAL_FAULT_RAIN,BATTERY_REPLACE,prov_002_MOBILE_MECHANIC,True,False,93.77961893566741,False,
ArgmaxECM,inc_00497,497,BRAKE_PAD_WORN,BRAKE_PAD_WORN,prov_015_TOW_HEAVY,True,True,63.53750027977678,False,
ArgmaxECM,inc_00498,498,RADIATOR_HOSE_LEAK,COOLANT_LOW,prov_015_TOW_HEAVY,True,False,36.897801744475466,False,
ArgmaxECM,inc_00499,499,BRAKE_PAD_WORN,BRAKE_PAD_WORN,prov_012_TOW_HEAVY,True,True,62.57056049463944,False,
ArgmaxECM,inc_00500,500,COOLANT_LOW,FUEL_FILTER_CLOGGED,prov_011_TOW_LIGHT,True,False,13.983092756548162,False,
ArgmaxECM,inc_00501,501,STARTER_MOTOR,STARTER_MOTOR,prov_011_TOW_LIGHT,True,True,65.0614164039747,False,
ArgmaxECM,inc_00502,502,BRAKE_PAD_WORN,BRAKE_PAD_WORN,prov_014_MOBILE_MECHANIC,True,True,65.09339031650553,False,
ArgmaxECM,inc_00503,503,BATTERY_REPLACE,BATTERY_REPLACE,prov_001_TOW_HEAVY,True,True,32.22061835034179,False,
ArgmaxECM,inc_00504,504,CLUTCH_WORN,TRANSMISSION_ISSUE,prov_006_TOW_LIGHT,True,False,155.79421983344054,False,
ArgmaxECM,inc_00505,505,STARTER_MOTOR,BATTERY_TERMINAL_CLEAN,prov_012_TOW_HEAVY,True,False,63.53442660797267,False,
ArgmaxECM,inc_00506,506,BRAKE_PAD_WORN,BRAKE_PAD_WORN,prov_014_MOBILE_MECHANIC,True,True,66.72379818689976,False,
ArgmaxECM,inc_00507,507,BELT_BROKEN,BELT_BROKEN,prov_017_MOBILE_MECHANIC,True,True,32.20415986399212,False,
ArgmaxECM,inc_00508,508,ELECTRICAL_FAULT_RAIN,BATTERY_REPLACE,prov_017_MOBILE_MECHANIC,True,False,93.29158789842445,False,
ArgmaxECM,inc_00509,509,BRAKE_PAD_WORN,BRAKE_PAD_WORN,prov_014_MOBILE_MECHANIC,True,True,66.58167800466157,False,
ArgmaxECM,inc_00510,510,ALTERNATOR_ISSUE,BELT_BROKEN,prov_002_MOBILE_MECHANIC,True,False,66.32778043992434,False,
ArgmaxECM,inc_00511,511,CLUTCH_WORN,TRANSMISSION_ISSUE,prov_018_TOW_LIGHT,True,False,154.38237163015424,False,
ArgmaxECM,inc_00512,512,ELECTRICAL_FAULT_RAIN,BATTERY_REPLACE,prov_017_MOBILE_MECHANIC,True,False,91.86446315584344,False,
ArgmaxECM,inc_00513,513,IGNITION_SYSTEM,FUEL_PUMP,prov_002_MOBILE_MECHANIC,True,False,66.43723693124807,False,
ArgmaxECM,inc_00514,514,FUEL_PUMP,FUEL_PUMP,prov_002_MOBILE_MECHANIC,True,True,91.55411209264538,False,
ArgmaxECM,inc_00515,515,CLUTCH_WORN,TRANSMISSION_ISSUE,prov_006_TOW_LIGHT,True,False,157.97179150268897,False,
ArgmaxECM,inc_00516,516,ENGINE_OVERHEAT_SEVERE,FUEL_FILTER_CLOGGED,prov_002_MOBILE_MECHANIC,False,False,167.05379162073882,True,
ArgmaxECM,inc_00517,517,IGNITION_SYSTEM,FUEL_PUMP,prov_012_TOW_HEAVY,True,False,63.21790069640401,False,
ArgmaxECM,inc_00518,518,BATTERY_REPLACE,BATTERY_REPLACE,prov_002_MOBILE_MECHANIC,True,True,34.173376033565994,False,
ArgmaxECM,inc_00519,519,BATTERY_REPLACE,BATTERY_REPLACE,prov_014_MOBILE_MECHANIC,True,True,35.69370483404916,False,
ArgmaxECM,inc_00520,520,BRAKE_PAD_WORN,BRAKE_PAD_WORN,prov_001_TOW_HEAVY,True,True,64.1693545058738,False,
ArgmaxECM,inc_00521,521,BATTERY_JUMP,BATTERY_JUMP,prov_002_MOBILE_MECHANIC,True,True,22.345159710767344,False,
ArgmaxECM,inc_00522,522,RADIATOR_FAN_ISSUE,RADIATOR_FAN_ISSUE,prov_002_MOBILE_MECHANIC,True,True,48.8438442048269,False,
ArgmaxECM,inc_00523,523,RADIATOR_FAN_ISSUE,FUEL_FILTER_CLOGGED,prov_001_TOW_HEAVY,True,False,48.46129655065819,False,
ArgmaxECM,inc_00524,524,STARTER_MOTOR,FUEL_FILTER_CLOGGED,prov_001_TOW_HEAVY,True,False,67.24959312596965,False,
ArgmaxECM,inc_00525,525,ELECTRICAL_FAULT_RAIN,BATTERY_REPLACE,prov_012_TOW_HEAVY,True,False,96.29890625506762,False,
ArgmaxECM,inc_00526,526,CLUTCH_WORN,TRANSMISSION_ISSUE,prov_011_TOW_LIGHT,True,False,157.522929664518,False,
ArgmaxECM,inc_00527,527,COOLANT_LOW,RADIATOR_FAN_ISSUE,prov_014_MOBILE_MECHANIC,True,False,20.152040545535048,False,
ArgmaxECM,inc_00528,528,SEVERE_MECHANICAL_TOW,FUEL_FILTER_CLOGGED,prov_002_MOBILE_MECHANIC,False,False,80.34037309166396,True,
ArgmaxECM,inc_00529,529,STARTER_MOTOR,FUEL_FILTER_CLOGGED,prov_014_MOBILE_MECHANIC,True,False,64.82179801471318,False,
ArgmaxECM,inc_00530,530,BELT_BROKEN,BELT_BROKEN,prov_006_TOW_LIGHT,True,True,33.79856713555772,False,
ArgmaxECM,inc_00531,531,ALTERNATOR_ISSUE,FUEL_FILTER_CLOGGED,prov_002_MOBILE_MECHANIC,True,False,63.083347324357355,False,
ArgmaxECM,inc_00532,532,BELT_BROKEN,FUEL_FILTER_CLOGGED,prov_002_MOBILE_MECHANIC,True,False,36.73074055241702,False,
ArgmaxECM,inc_00533,533,BATTERY_JUMP,BATTERY_JUMP,prov_014_MOBILE_MECHANIC,True,True,20.1020840808364,False,
ArgmaxECM,inc_00534,534,ALTERNATOR_ISSUE,FUEL_FILTER_CLOGGED,prov_013_MOBILE_MECHANIC,True,False,62.39421624496775,False,
ArgmaxECM,inc_00535,535,ENGINE_OVERHEAT_SEVERE,RADIATOR_FAN_ISSUE,prov_012_TOW_HEAVY,True,False,122.10110462839235,False,
ArgmaxECM,inc_00536,536,ALTERNATOR_ISSUE,BELT_BROKEN,prov_014_MOBILE_MECHANIC,True,False,61.3138270090266,False,
ArgmaxECM,inc_00537,537,BATTERY_JUMP,BATTERY_JUMP,prov_001_TOW_HEAVY,True,True,19.108767197948257,False,
ArgmaxECM,inc_00538,538,BATTERY_JUMP,FUEL_FILTER_CLOGGED,prov_015_TOW_HEAVY,True,False,19.534837059270377,False,
ArgmaxECM,inc_00539,539,BATTERY_JUMP,BATTERY_JUMP,prov_015_TOW_HEAVY,True,True,23.695405765627648,False,
ArgmaxECM,inc_00540,540,BATTERY_JUMP,BATTERY_JUMP,prov_017_MOBILE_MECHANIC,True,True,19.880466325684278,False,
ArgmaxECM,inc_00541,541,FUEL_PUMP,FUEL_PUMP,prov_001_TOW_HEAVY,True,True,92.47445627148035,False,
ArgmaxECM,inc_00542,542,BATTERY_TERMINAL_CLEAN,ELECTRICAL_FAULT_RAIN,prov_014_MOBILE_MECHANIC,True,False,20.11582478770942,False,
ArgmaxECM,inc_00543,543,CLUTCH_WORN,TRANSMISSION_ISSUE,prov_018_TOW_LIGHT,True,False,152.64092433491012,False,
ArgmaxECM,inc_00544,544,BRAKE_FAILURE,BRAKE_FAILURE,prov_005_TOW_LIGHT,True,True,97.50301098296376,False,
ArgmaxECM,inc_00545,545,ALTERNATOR_ISSUE,BELT_BROKEN,prov_014_MOBILE_MECHANIC,True,False,64.49212955126345,False,
ArgmaxECM,inc_00546,546,BRAKE_PAD_WORN,BRAKE_PAD_WORN,prov_001_TOW_HEAVY,True,True,60.94895071921919,False,
ArgmaxECM,inc_00547,547,SEVERE_MECHANICAL_TOW,BELT_BROKEN,prov_001_TOW_HEAVY,True,False,35.728838491102906,False,
ArgmaxECM,inc_00548,548,FUEL_PUMP,FUEL_PUMP,prov_001_TOW_HEAVY,True,True,95.39045253684857,False,
ArgmaxECM,inc_00549,549,SEVERE_MECHANICAL_TOW,FUEL_FILTER_CLOGGED,prov_001_TOW_HEAVY,True,False,36.254386050493,False,
ArgmaxECM,inc_00550,550,FUEL_PUMP,FUEL_FILTER_CLOGGED,prov_013_MOBILE_MECHANIC,True,False,93.80832654789603,False,
ArgmaxECM,inc_00551,551,RADIATOR_FAN_ISSUE,FUEL_FILTER_CLOGGED,prov_002_MOBILE_MECHANIC,True,False,49.5967323799093,False,
ArgmaxECM,inc_00552,552,ELECTRICAL_FAULT_RAIN,SEVERE_MECHANICAL_TOW,prov_001_TOW_HEAVY,True,False,98.41149762827916,False,
ArgmaxECM,inc_00553,553,BATTERY_JUMP,FUEL_FILTER_CLOGGED,prov_007_MOBILE_MECHANIC,True,False,16.67929329651022,False,
ArgmaxECM,inc_00554,554,BRAKE_PAD_WORN,BRAKE_PAD_WORN,prov_014_MOBILE_MECHANIC,True,True,68.74015253457651,False,
ArgmaxECM,inc_00555,555,IGNITION_SYSTEM,FUEL_PUMP,prov_001_TOW_HEAVY,True,False,64.53024018944868,False,
ArgmaxECM,inc_00556,556,RADIATOR_HOSE_LEAK,FUEL_FILTER_CLOGGED,prov_018_TOW_LIGHT,True,False,32.815340047267284,False,
ArgmaxECM,inc_00557,557,FUEL_PUMP,BATTERY_TERMINAL_CLEAN,prov_011_TOW_LIGHT,True,False,93.2541905073605,False,
ArgmaxECM,inc_00558,558,BATTERY_JUMP,BATTERY_TERMINAL_CLEAN,prov_016_MOBILE_MECHANIC,True,False,20.94925074009142,False,
ArgmaxECM,inc_00559,559,COOLANT_LOW,COOLANT_LOW,prov_013_MOBILE_MECHANIC,True,True,13.630515770960995,False,
ArgmaxECM,inc_00560,560,STARTER_MOTOR,STARTER_MOTOR,prov_017_MOBILE_MECHANIC,True,True,61.91354550947241,False,
ArgmaxECM,inc_00561,561,BATTERY_JUMP,BATTERY_JUMP,prov_012_TOW_HEAVY,True,True,20.44604675453411,False,
ArgmaxECM,inc_00562,562,TRANSMISSION_ISSUE,CLUTCH_WORN,prov_018_TOW_LIGHT,True,False,188.81767069253866,False,
ArgmaxECM,inc_00563,563,BRAKE_FAILURE,BRAKE_FAILURE,prov_006_TOW_LIGHT,True,True,98.22782478158322,False,
ArgmaxECM,inc_00564,564,BELT_BROKEN,BELT_BROKEN,prov_001_TOW_HEAVY,True,True,33.74902028351592,False,
ArgmaxECM,inc_00565,565,ALTERNATOR_ISSUE,BELT_BROKEN,prov_003_TOW_LIGHT,True,False,64.84072291245525,False,
ArgmaxECM,inc_00566,566,RADIATOR_HOSE_LEAK,FUEL_FILTER_CLOGGED,prov_011_TOW_LIGHT,True,False,35.82229434889509,False,
ArgmaxECM,inc_00567,567,BATTERY_REPLACE,BATTERY_REPLACE,prov_016_MOBILE_MECHANIC,True,True,30.293014193875646,False,
ArgmaxECM,inc_00568,568,STARTER_MOTOR,BATTERY_TERMINAL_CLEAN,prov_001_TOW_HEAVY,True,False,63.636580688664964,False,
ArgmaxECM,inc_00569,569,BATTERY_REPLACE,SEVERE_MECHANICAL_TOW,prov_001_TOW_HEAVY,True,False,37.15665361562651,False,
ArgmaxECM,inc_00570,570,BRAKE_PAD_WORN,BRAKE_PAD_WORN,prov_014_MOBILE_MECHANIC,True,True,69.36183616408852,False,
ArgmaxECM,inc_00571,571,STARTER_MOTOR,BATTERY_REPLACE,prov_011_TOW_LIGHT,True,False,62.44653804087553,False,
ArgmaxECM,inc_00572,572,BATTERY_REPLACE,ELECTRICAL_FAULT_RAIN,prov_018_TOW_LIGHT,True,False,33.628571469326864,False,
ArgmaxECM,inc_00573,573,ALTERNATOR_ISSUE,FUEL_FILTER_CLOGGED,prov_010_TOW_LIGHT,True,False,65.60360897499595,False,
ArgmaxECM,inc_00574,574,FUEL_PUMP,BATTERY_TERMINAL_CLEAN,prov_006_TOW_LIGHT,True,False,90.3733731038403,False,
ArgmaxECM,inc_00575,575,TRANSMISSION_ISSUE,TRANSMISSION_ISSUE,prov_011_TOW_LIGHT,True,True,184.4182188930877,False,
ArgmaxECM,inc_00576,576,IGNITION_SYSTEM,FUEL_PUMP,prov_002_MOBILE_MECHANIC,True,False,64.7872103100561,False,
ArgmaxECM,inc_00577,577,BELT_BROKEN,BELT_BROKEN,prov_016_MOBILE_MECHANIC,True,True,33.16678204195932,False,
ArgmaxECM,inc_00578,578,ELECTRICAL_FAULT_RAIN,BATTERY_REPLACE,prov_016_MOBILE_MECHANIC,True,False,96.29216443447683,False,
ArgmaxECM,inc_00579,579,BATTERY_JUMP,BATTERY_JUMP,prov_011_TOW_LIGHT,True,True,18.485844300783683,False,
ArgmaxECM,inc_00580,580,BRAKE_FAILURE,BRAKE_FAILURE,prov_012_TOW_HEAVY,True,True,95.37195971645811,False,
ArgmaxECM,inc_00581,581,TRANSMISSION_ISSUE,TRANSMISSION_ISSUE,prov_010_TOW_LIGHT,True,True,185.87443091644468,False,
ArgmaxECM,inc_00582,582,ENGINE_OVERHEAT_SEVERE,COOLANT_LOW,prov_014_MOBILE_MECHANIC,False,False,169.63836345770244,True,
ArgmaxECM,inc_00583,583,COOLANT_LOW,COOLANT_LOW,prov_017_MOBILE_MECHANIC,True,True,12.128227477398642,False,
ArgmaxECM,inc_00584,584,BATTERY_JUMP,BATTERY_JUMP,prov_010_TOW_LIGHT,True,True,18.050378955482834,False,
ArgmaxECM,inc_00585,585,ELECTRICAL_FAULT_RAIN,BATTERY_REPLACE,prov_010_TOW_LIGHT,True,False,91.11985187797177,False,
ArgmaxECM,inc_00586,586,BATTERY_REPLACE,STARTER_MOTOR,prov_017_MOBILE_MECHANIC,True,False,31.812209817875413,False,
ArgmaxECM,inc_00587,587,RADIATOR_FAN_ISSUE,COOLANT_LOW,prov_002_MOBILE_MECHANIC,True,False,47.86886443528697,False,
ArgmaxECM,inc_00588,588,BRAKE_FAILURE,BRAKE_FAILURE,prov_005_TOW_LIGHT,True,True,95.78166751331904,False,
ArgmaxECM,inc_00589,589,BRAKE_PAD_WORN,BRAKE_PAD_WORN,prov_001_TOW_HEAVY,True,True,67.09913408305498,False,
ArgmaxECM,inc_00590,590,ELECTRICAL_FAULT_RAIN,ELECTRICAL_FAULT_RAIN,prov_011_TOW_LIGHT,True,True,94.06935645472242,False,
ArgmaxECM,inc_00591,591,BRAKE_PAD_WORN,TRANSMISSION_ISSUE,prov_012_TOW_HEAVY,True,False,68.318763833174,False,
ArgmaxECM,inc_00592,592,RADIATOR_HOSE_LEAK,FUEL_FILTER_CLOGGED,prov_002_MOBILE_MECHANIC,True,False,35.31689966310935,False,
ArgmaxECM,inc_00593,593,TRANSMISSION_ISSUE,TRANSMISSION_ISSUE,prov_012_TOW_HEAVY,True,True,185.43785264566228,False,
ArgmaxECM,inc_00594,594,ENGINE_OVERHEAT_SEVERE,RADIATOR_FAN_ISSUE,prov_016_MOBILE_MECHANIC,False,False,169.7416546389238,True,
ArgmaxECM,inc_00595,595,RADIATOR_HOSE_LEAK,FUEL_FILTER_CLOGGED,prov_014_MOBILE_MECHANIC,True,False,31.242387261782838,False,
ArgmaxECM,inc_00596,596,BRAKE_FAILURE,BRAKE_PAD_WORN,prov_012_TOW_HEAVY,True,False,95.45355187440055,False,
ArgmaxECM,inc_00597,597,RADIATOR_HOSE_LEAK,COOLANT_LOW,prov_002_MOBILE_MECHANIC,True,False,32.58301539380049,False,
ArgmaxECM,inc_00598,598,BATTERY_JUMP,FUEL_PUMP,prov_003_TOW_LIGHT,True,False,17.26955372002812,False,
ArgmaxECM,inc_00599,599,IGNITION_SYSTEM,FUEL_FILTER_CLOGGED,prov_002_MOBILE_MECHANIC,True,False,67.19268147547002,False,
ArgmaxECM,inc_00600,600,ALTERNATOR_ISSUE,FUEL_FILTER_CLOGGED,prov_001_TOW_HEAVY,True,False,64.65857508143797,False,
ArgmaxECM,inc_00601,601,RADIATOR_FAN_ISSUE,FUEL_FILTER_CLOGGED,prov_010_TOW_LIGHT,True,False,46.53357243419821,False,
ArgmaxECM,inc_00602,602,BATTERY_JUMP,BATTERY_JUMP,prov_002_MOBILE_MECHANIC,True,True,17.311647049502874,False,
ArgmaxECM,inc_00603,603,BATTERY_REPLACE,SEVERE_MECHANICAL_TOW,prov_001_TOW_HEAVY,True,False,38.0493494364098,False,
ArgmaxECM,inc_00604,604,BATTERY_REPLACE,BATTERY_REPLACE,prov_016_MOBILE_MECHANIC,True,True,31.247868249266148,False,
ArgmaxECM,inc_00605,605,BATTERY_JUMP,FUEL_PUMP,prov_010_TOW_LIGHT,True,False,16.348309508056207,False,
ArgmaxECM,inc_00606,606,STARTER_MOTOR,FUEL_FILTER_CLOGGED,prov_014_MOBILE_MECHANIC,True,False,62.62674254346858,False,
ArgmaxECM,inc_00607,607,CLUTCH_WORN,CLUTCH_WORN,prov_012_TOW_HEAVY,True,True,152.25026947163855,False,
ArgmaxECM,inc_00608,608,STARTER_MOTOR,FUEL_FILTER_CLOGGED,prov_007_MOBILE_MECHANIC,True,False,61.86215634148393,False,
ArgmaxECM,inc_00609,609,BRAKE_PAD_WORN,BRAKE_PAD_WORN,prov_015_TOW_HEAVY,True,True,65.6762322840236,False,
ArgmaxECM,inc_00610,610,IGNITION_SYSTEM,FUEL_PUMP,prov_016_MOBILE_MECHANIC,True,False,65.1588348182926,False,
ArgmaxECM,inc_00611,611,ELECTRICAL_FAULT_RAIN,ELECTRICAL_FAULT_RAIN,prov_013_MOBILE_MECHANIC,True,True,92.50408986106153,False,
ArgmaxECM,inc_00612,612,IGNITION_SYSTEM,FUEL_PUMP,prov_014_MOBILE_MECHANIC,True,False,65.54423006022098,False,
ArgmaxECM,inc_00613,613,ELECTRICAL_FAULT_RAIN,BATTERY_REPLACE,prov_011_TOW_LIGHT,True,False,92.19809305880692,False,
ArgmaxECM,inc_00614,614,CLUTCH_WORN,TRANSMISSION_ISSUE,prov_010_TOW_LIGHT,True,False,153.22645630858958,False,
ArgmaxECM,inc_00615,615,COOLANT_LOW,FUEL_FILTER_CLOGGED,prov_002_MOBILE_MECHANIC,True,False,16.136489668052317,False,
ArgmaxECM,inc_00616,616,CLUTCH_WORN,TRANSMISSION_ISSUE,prov_010_TOW_LIGHT,True,False,155.22247986967133,False,
ArgmaxECM,inc_00617,617,ALTERNATOR_ISSUE,FUEL_FILTER_CLOGGED,prov_014_MOBILE_MECHANIC,True,False,67.14400034688198,False,
ArgmaxECM,inc_00618,618,BRAKE_FAILURE,BRAKE_FAILURE,prov_005_TOW_LIGHT,True,True,97.9617779417146,False,
ArgmaxECM,inc_00619,619,BATTERY_REPLACE,BATTERY_REPLACE,prov_014_MOBILE_MECHANIC,True,True,38.760702002727115,False,
ArgmaxECM,inc_00620,620,CLUTCH_WORN,CLUTCH_WORN,prov_018_TOW_LIGHT,True,True,156.1748807220871,False,
ArgmaxECM,inc_00621,621,ALTERNATOR_ISSUE,BELT_BROKEN,prov_017_MOBILE_MECHANIC,True,False,66.93038452023487,False,
ArgmaxECM,inc_00622,622,SEVERE_MECHANICAL_TOW,BELT_BROKEN,prov_010_TOW_LIGHT,False,False,77.48330885109517,True,
ArgmaxECM,inc_00623,623,BATTERY_JUMP,BATTERY_JUMP,prov_014_MOBILE_MECHANIC,True,True,21.300007358122695,False,
ArgmaxECM,inc_00624,624,BRAKE_PAD_WORN,BRAKE_PAD_WORN,prov_017_MOBILE_MECHANIC,True,True,62.37257582338611,False,
ArgmaxECM,inc_00625,625,FUEL_FILTER_CLOGGED,FUEL_FILTER_CLOGGED,prov_002_MOBILE_MECHANIC,True,True,26.64940563707253,False,
ArgmaxECM,inc_00626,626,FUEL_FILTER_CLOGGED,FUEL_FILTER_CLOGGED,prov_017_MOBILE_MECHANIC,True,True,31.244806893987857,False,
ArgmaxECM,inc_00627,627,BATTERY_TERMINAL_CLEAN,BATTERY_REPLACE,prov_016_MOBILE_MECHANIC,True,False,13.747129613382635,False,
ArgmaxECM,inc_00628,628,FUEL_PUMP,FUEL_PUMP,prov_012_TOW_HEAVY,True,True,95.77931247377597,False,
ArgmaxECM,inc_00629,629,IGNITION_SYSTEM,FUEL_PUMP,prov_001_TOW_HEAVY,True,False,64.29382309641562,False,
ArgmaxECM,inc_00630,630,BELT_BROKEN,BELT_BROKEN,prov_015_TOW_HEAVY,True,True,32.437449142306065,False,
ArgmaxECM,inc_00631,631,BATTERY_REPLACE,ELECTRICAL_FAULT_RAIN,prov_001_TOW_HEAVY,True,False,33.898462273594845,False,
ArgmaxECM,inc_00632,632,TRANSMISSION_ISSUE,TRANSMISSION_ISSUE,prov_001_TOW_HEAVY,True,True,182.61418709072387,False,
ArgmaxECM,inc_00633,633,RADIATOR_FAN_ISSUE,FUEL_FILTER_CLOGGED,prov_014_MOBILE_MECHANIC,True,False,54.82847592193798,False,
ArgmaxECM,inc_00634,634,COOLANT_LOW,RADIATOR_FAN_ISSUE,prov_010_TOW_LIGHT,True,False,13.120765806453871,False,
ArgmaxECM,inc_00635,635,ALTERNATOR_ISSUE,FUEL_FILTER_CLOGGED,prov_006_TOW_LIGHT,True,False,63.18400839350312,False,
ArgmaxECM,inc_00636,636,SEVERE_MECHANICAL_TOW,FUEL_FILTER_CLOGGED,prov_013_MOBILE_MECHANIC,False,False,76.6148242288341,True,
ArgmaxECM,inc_00637,637,ELECTRICAL_FAULT_RAIN,ELECTRICAL_FAULT_RAIN,prov_016_MOBILE_MECHANIC,True,True,97.68109744133655,False,
ArgmaxECM,inc_00638,638,COOLANT_LOW,COOLANT_LOW,prov_007_MOBILE_MECHANIC,True,True,12.500766853528699,False,
ArgmaxECM,inc_00639,639,BELT_BROKEN,FUEL_FILTER_CLOGGED,prov_016_MOBILE_MECHANIC,True,False,36.87533497015473,False,
ArgmaxECM,inc_00640,640,ELECTRICAL_FAULT_RAIN,BATTERY_REPLACE,prov_014_MOBILE_MECHANIC,True,False,94.895004447743,False,
ArgmaxECM,inc_00641,641,BRAKE_PAD_WORN,BRAKE_PAD_WORN,prov_002_MOBILE_MECHANIC,True,True,64.97743996862648,False,
ArgmaxECM,inc_00642,642,IGNITION_SYSTEM,FUEL_FILTER_CLOGGED,prov_016_MOBILE_MECHANIC,True,False,63.26923026893481,False,
ArgmaxECM,inc_00643,643,IGNITION_SYSTEM,FUEL_PUMP,prov_007_MOBILE_MECHANIC,True,False,60.74172036353114,False,
ArgmaxECM,inc_00644,644,BATTERY_JUMP,STARTER_MOTOR,prov_014_MOBILE_MECHANIC,True,False,20.484958861577702,False,
ArgmaxECM,inc_00645,645,ENGINE_OVERHEAT_SEVERE,FUEL_FILTER_CLOGGED,prov_017_MOBILE_MECHANIC,False,False,173.3276823204517,True,
ArgmaxECM,inc_00646,646,BATTERY_REPLACE,BATTERY_REPLACE,prov_016_MOBILE_MECHANIC,True,True,34.270331974727426,False,
ArgmaxECM,inc_00647,647,SEVERE_MECHANICAL_TOW,BELT_BROKEN,prov_011_TOW_LIGHT,False,False,79.30348213086918,True,
ArgmaxECM,inc_00648,648,ALTERNATOR_ISSUE,FUEL_FILTER_CLOGGED,prov_012_TOW_HEAVY,True,False,67.21049222242662,False,
ArgmaxECM,inc_00649,649,BATTERY_JUMP,BATTERY_JUMP,prov_016_MOBILE_MECHANIC,True,True,22.26981538069021,False,
ArgmaxECM,inc_00650,650,BRAKE_PAD_WORN,BRAKE_PAD_WORN,prov_017_MOBILE_MECHANIC,True,True,62.26006545579315,False,
ArgmaxECM,inc_00651,651,BATTERY_JUMP,BATTERY_JUMP,prov_001_TOW_HEAVY,True,True,18.547060342051495,False,
ArgmaxECM,inc_00652,652,COOLANT_LOW,FUEL_FILTER_CLOGGED,prov_011_TOW_LIGHT,True,False,11.0192444341626,False,
ArgmaxECM,inc_00653,653,FUEL_FILTER_CLOGGED,ALTERNATOR_ISSUE,prov_017_MOBILE_MECHANIC,True,False,31.736540990628377,False,
ArgmaxECM,inc_00654,654,COOLANT_LOW,FUEL_FILTER_CLOGGED,prov_007_MOBILE_MECHANIC,True,False,12.820720606293495,False,
ArgmaxECM,inc_00655,655,ELECTRICAL_FAULT_RAIN,BATTERY_REPLACE,prov_017_MOBILE_MECHANIC,True,False,96.42569056429221,False,
ArgmaxECM,inc_00656,656,IGNITION_SYSTEM,FUEL_PUMP,prov_014_MOBILE_MECHANIC,True,False,68.13347087796703,False,
ArgmaxECM,inc_00657,657,ALTERNATOR_ISSUE,FUEL_FILTER_CLOGGED,prov_002_MOBILE_MECHANIC,True,False,66.84626926197123,False,
ArgmaxECM,inc_00658,658,IGNITION_SYSTEM,FUEL_PUMP,prov_006_TOW_LIGHT,True,False,65.18087047802256,False,
ArgmaxECM,inc_00659,659,BATTERY_REPLACE,BATTERY_REPLACE,prov_014_MOBILE_MECHANIC,True,True,36.01506835781717,False,
ArgmaxECM,inc_00660,660,BATTERY_REPLACE,ELECTRICAL_FAULT_RAIN,prov_015_TOW_HEAVY,True,False,38.303169029066076,False,
ArgmaxECM,inc_00661,661,BATTERY_JUMP,BATTERY_JUMP,prov_001_TOW_HEAVY,True,True,20.203129235499595,False,
ArgmaxECM,inc_00662,662,ALTERNATOR_ISSUE,FUEL_FILTER_CLOGGED,prov_017_MOBILE_MECHANIC,True,False,61.91951814182504,False,
ArgmaxECM,inc_00663,663,BRAKE_PAD_WORN,BRAKE_PAD_WORN,prov_011_TOW_LIGHT,True,True,66.49233882199952,False,
ArgmaxECM,inc_00664,664,RADIATOR_FAN_ISSUE,COOLANT_LOW,prov_016_MOBILE_MECHANIC,True,False,51.86640262480175,False,
ArgmaxECM,inc_00665,665,TRANSMISSION_ISSUE,CLUTCH_WORN,prov_001_TOW_HEAVY,True,False,182.94582197691736,False,
ArgmaxECM,inc_00666,666,TRANSMISSION_ISSUE,TRANSMISSION_ISSUE,prov_018_TOW_LIGHT,True,True,185.8066340096752,False,
ArgmaxECM,inc_00667,667,BRAKE_PAD_WORN,BRAKE_PAD_WORN,prov_002_MOBILE_MECHANIC,True,True,63.801181250458676,False,
ArgmaxECM,inc_00668,668,FUEL_PUMP,FUEL_PUMP,prov_002_MOBILE_MECHANIC,True,True,95.8702245704193,False,
ArgmaxECM,inc_00669,669,COOLANT_LOW,RADIATOR_FAN_ISSUE,prov_012_TOW_HEAVY,True,False,16.424819200247207,False,
ArgmaxECM,inc_00670,670,CLUTCH_WORN,TRANSMISSION_ISSUE,prov_018_TOW_LIGHT,True,False,163.60436945344463,False,
ArgmaxECM,inc_00671,671,COOLANT_LOW,RADIATOR_FAN_ISSUE,prov_002_MOBILE_MECHANIC,True,False,16.332496222632162,False,
ArgmaxECM,inc_00672,672,TRANSMISSION_ISSUE,CLUTCH_WORN,prov_009_TOW_LIGHT,True,False,184.0073443890436,False,
ArgmaxECM,inc_00673,673,FUEL_FILTER_CLOGGED,FUEL_FILTER_CLOGGED,prov_012_TOW_HEAVY,True,True,31.7361610424851,False,
ArgmaxECM,inc_00674,674,CLUTCH_WORN,CLUTCH_WORN,prov_005_TOW_LIGHT,True,True,154.72168723521057,False,
ArgmaxECM,inc_00675,675,ALTERNATOR_ISSUE,FUEL_FILTER_CLOGGED,prov_016_MOBILE_MECHANIC,True,False,66.1556828270304,False,
ArgmaxECM,inc_00676,676,FUEL_FILTER_CLOGGED,FUEL_FILTER_CLOGGED,prov_010_TOW_LIGHT,True,True,27.12078316605562,False,
ArgmaxECM,inc_00677,677,STARTER_MOTOR,BATTERY_REPLACE,prov_002_MOBILE_MECHANIC,True,False,64.46610904375504,False,
ArgmaxECM,inc_00678,678,BATTERY_JUMP,BATTERY_JUMP,prov_014_MOBILE_MECHANIC,True,True,21.382330928638552,False,
ArgmaxECM,inc_00679,679,SEVERE_MECHANICAL_TOW,BELT_BROKEN,prov_012_TOW_HEAVY,True,False,36.37359229110669,False,
ArgmaxECM,inc_00680,680,BATTERY_REPLACE,SEVERE_MECHANICAL_TOW,prov_012_TOW_HEAVY,True,False,33.26983067031055,False,
ArgmaxECM,inc_00681,681,SEVERE_MECHANICAL_TOW,BELT_BROKEN,prov_014_MOBILE_MECHANIC,False,False,80.4188786105768,True,
ArgmaxECM,inc_00682,682,COOLANT_LOW,RADIATOR_FAN_ISSUE,prov_002_MOBILE_MECHANIC,True,False,18.04180357673247,False,
ArgmaxECM,inc_00683,683,RADIATOR_HOSE_LEAK,FUEL_FILTER_CLOGGED,prov_007_MOBILE_MECHANIC,True,False,32.032005872752805,False,
ArgmaxECM,inc_00684,684,STARTER_MOTOR,BATTERY_JUMP,prov_013_MOBILE_MECHANIC,True,False,62.43982125391886,False,
ArgmaxECM,inc_00685,685,BATTERY_REPLACE,SEVERE_MECHANICAL_TOW,prov_001_TOW_HEAVY,True,False,46.0597805356464,False,
ArgmaxECM,inc_00686,686,CLUTCH_WORN,TRANSMISSION_ISSUE,prov_005_TOW_LIGHT,True,False,155.7367373197085,False,
ArgmaxECM,inc_00687,687,BATTERY_REPLACE,BATTERY_REPLACE,prov_001_TOW_HEAVY,True,True,33.09684080802158,False,
ArgmaxECM,inc_00688,688,BATTERY_REPLACE,BATTERY_REPLACE,prov_001_TOW_HEAVY,True,True,35.77056119459589,False,
ArgmaxECM,inc_00689,689,BRAKE_PAD_WORN,BRAKE_PAD_WORN,prov_014_MOBILE_MECHANIC,True,True,67.84262531652163,False,
ArgmaxECM,inc_00690,690,BRAKE_PAD_WORN,BRAKE_PAD_WORN,prov_002_MOBILE_MECHANIC,True,True,65.50174611481819,False,
ArgmaxECM,inc_00691,691,BATTERY_TERMINAL_CLEAN,BATTERY_REPLACE,prov_017_MOBILE_MECHANIC,True,False,11.700868314323827,False,
ArgmaxECM,inc_00692,692,RADIATOR_FAN_ISSUE,FUEL_FILTER_CLOGGED,prov_007_MOBILE_MECHANIC,True,False,46.77625390727565,False,
ArgmaxECM,inc_00693,693,BATTERY_JUMP,FUEL_PUMP,prov_012_TOW_HEAVY,True,False,19.37903273330996,False,
ArgmaxECM,inc_00694,694,BATTERY_JUMP,BATTERY_JUMP,prov_014_MOBILE_MECHANIC,True,True,20.789899420906742,False,
ArgmaxECM,inc_00695,695,TRANSMISSION_ISSUE,TRANSMISSION_ISSUE,prov_005_TOW_LIGHT,True,True,189.6244457170412,False,
ArgmaxECM,inc_00696,696,TRANSMISSION_ISSUE,CLUTCH_WORN,prov_001_TOW_HEAVY,True,False,189.76538988698795,False,
ArgmaxECM,inc_00697,697,BATTERY_REPLACE,BATTERY_REPLACE,prov_002_MOBILE_MECHANIC,True,True,37.28315866478587,False,
ArgmaxECM,inc_00698,698,ELECTRICAL_FAULT_RAIN,ELECTRICAL_FAULT_RAIN,prov_016_MOBILE_MECHANIC,True,True,93.07220889971875,False,
ArgmaxECM,inc_00699,699,IGNITION_SYSTEM,FUEL_PUMP,prov_012_TOW_HEAVY,True,False,64.86650074300282,False,
ArgmaxECM,inc_00700,700,COOLANT_LOW,RADIATOR_FAN_ISSUE,prov_014_MOBILE_MECHANIC,True,False,15.061511500968303,False,
ArgmaxECM,inc_00701,701,ALTERNATOR_ISSUE,FUEL_FILTER_CLOGGED,prov_002_MOBILE_MECHANIC,True,False,63.114684722636625,False,
ArgmaxECM,inc_00702,702,BATTERY_REPLACE,BATTERY_REPLACE,prov_014_MOBILE_MECHANIC,True,True,37.670905375152884,False,
ArgmaxECM,inc_00703,703,BATTERY_TERMINAL_CLEAN,BATTERY_REPLACE,prov_016_MOBILE_MECHANIC,True,False,15.18301552045111,False,
ArgmaxECM,inc_00704,704,BELT_BROKEN,BELT_BROKEN,prov_001_TOW_HEAVY,True,True,36.265487753313685,False,
ArgmaxECM,inc_00705,705,BRAKE_FAILURE,BRAKE_FAILURE,prov_001_TOW_HEAVY,True,True,95.92054599979893,False,
ArgmaxECM,inc_00706,706,FUEL_FILTER_CLOGGED,ALTERNATOR_ISSUE,prov_010_TOW_LIGHT,True,False,27.715825568305885,False,
ArgmaxECM,inc_00707,707,FUEL_PUMP,FUEL_PUMP,prov_017_MOBILE_MECHANIC,True,True,97.13662884807708,False,
ArgmaxECM,inc_00708,708,FUEL_PUMP,FUEL_PUMP,prov_002_MOBILE_MECHANIC,True,True,94.94128093979664,False,
ArgmaxECM,inc_00709,709,BATTERY_REPLACE,SEVERE_MECHANICAL_TOW,prov_012_TOW_HEAVY,True,False,36.74809701996118,False,
ArgmaxECM,inc_00710,710,TRANSMISSION_ISSUE,TRANSMISSION_ISSUE,prov_011_TOW_LIGHT,True,True,191.2621838716692,False,
ArgmaxECM,inc_00711,711,STARTER_MOTOR,FUEL_FILTER_CLOGGED,prov_012_TOW_HEAVY,True,False,63.49279148170692,False,
ArgmaxECM,inc_00712,712,RADIATOR_FAN_ISSUE,RADIATOR_FAN_ISSUE,prov_017_MOBILE_MECHANIC,True,True,50.21589872109028,False,
ArgmaxECM,inc_00713,713,BRAKE_FAILURE,CLUTCH_WORN,prov_001_TOW_HEAVY,True,False,95.94153961114198,False,
ArgmaxECM,inc_00714,714,BATTERY_JUMP,FUEL_PUMP,prov_011_TOW_LIGHT,True,False,19.872799616574405,False,
ArgmaxECM,inc_00715,715,BATTERY_REPLACE,BATTERY_REPLACE,prov_002_MOBILE_MECHANIC,True,True,37.043210766936774,False,
ArgmaxECM,inc_00716,716,FUEL_FILTER_CLOGGED,FUEL_FILTER_CLOGGED,prov_001_TOW_HEAVY,True,True,27.040451228363622,False,
ArgmaxECM,inc_00717,717,TRANSMISSION_ISSUE,TRANSMISSION_ISSUE,prov_006_TOW_LIGHT,True,True,187.84824921317647,False,
ArgmaxECM,inc_00718,718,BATTERY_REPLACE,STARTER_MOTOR,prov_011_TOW_LIGHT,True,False,32.62683178396462,False,
ArgmaxECM,inc_00719,719,BATTERY_REPLACE,SEVERE_MECHANICAL_TOW,prov_001_TOW_HEAVY,True,False,39.37710171433653,False,
ArgmaxECM,inc_00720,720,ALTERNATOR_ISSUE,FUEL_FILTER_CLOGGED,prov_017_MOBILE_MECHANIC,True,False,66.73567285199381,False,
ArgmaxECM,inc_00721,721,BATTERY_JUMP,FUEL_FILTER_CLOGGED,prov_002_MOBILE_MECHANIC,True,False,23.283100435809043,False,
ArgmaxECM,inc_00722,722,BATTERY_JUMP,BATTERY_JUMP,prov_016_MOBILE_MECHANIC,True,True,21.704866270099,False,
ArgmaxECM,inc_00723,723,SEVERE_MECHANICAL_TOW,IGNITION_SYSTEM,prov_009_TOW_LIGHT,False,False,77.93996371898001,True,
ArgmaxECM,inc_00724,724,ALTERNATOR_ISSUE,SEVERE_MECHANICAL_TOW,prov_001_TOW_HEAVY,True,False,69.38284960852728,False,
ArgmaxECM,inc_00725,725,STARTER_MOTOR,BATTERY_TERMINAL_CLEAN,prov_001_TOW_HEAVY,True,False,64.26193180987464,False,
ArgmaxECM,inc_00726,726,BELT_BROKEN,BELT_BROKEN,prov_014_MOBILE_MECHANIC,True,True,33.97751681049586,False,
ArgmaxECM,inc_00727,727,BATTERY_REPLACE,SEVERE_MECHANICAL_TOW,prov_012_TOW_HEAVY,True,False,31.923980199578637,False,
ArgmaxECM,inc_00728,728,FUEL_PUMP,FUEL_PUMP,prov_003_TOW_LIGHT,True,True,92.92141040464622,False,
ArgmaxECM,inc_00729,729,SEVERE_MECHANICAL_TOW,BELT_BROKEN,prov_017_MOBILE_MECHANIC,False,False,76.89290203391492,True,
ArgmaxECM,inc_00730,730,CLUTCH_WORN,CLUTCH_WORN,prov_006_TOW_LIGHT,True,True,154.12482147655592,False,
ArgmaxECM,inc_00731,731,IGNITION_SYSTEM,STARTER_MOTOR,prov_016_MOBILE_MECHANIC,True,False,63.17888598911032,False,
ArgmaxECM,inc_00732,732,ALTERNATOR_ISSUE,SEVERE_MECHANICAL_TOW,prov_001_TOW_HEAVY,True,False,64.17684611690511,False,
ArgmaxECM,inc_00733,733,COOLANT_LOW,FUEL_FILTER_CLOGGED,prov_006_TOW_LIGHT,True,False,12.543425592707122,False,
ArgmaxECM,inc_00734,734,BELT_BROKEN,SEVERE_MECHANICAL_TOW,prov_001_TOW_HEAVY,True,False,41.995564392954684,False,
ArgmaxECM,inc_00735,735,BRAKE_FAILURE,BRAKE_FAILURE,prov_011_TOW_LIGHT,True,True,93.38034862250188,False,
ArgmaxECM,inc_00736,736,BATTERY_TERMINAL_CLEAN,BATTERY_REPLACE,prov_016_MOBILE_MECHANIC,True,False,10.373461801035763,False,
ArgmaxECM,inc_00737,737,ENGINE_OVERHEAT_SEVERE,FUEL_FILTER_CLOGGED,prov_013_MOBILE_MECHANIC,False,False,169.2345207025805,True,
ArgmaxECM,inc_00738,738,RADIATOR_FAN_ISSUE,COOLANT_LOW,prov_002_MOBILE_MECHANIC,True,False,47.79788451309965,False,
ArgmaxECM,inc_00739,739,SEVERE_MECHANICAL_TOW,BELT_BROKEN,prov_013_MOBILE_MECHANIC,False,False,77.58719454029772,True,
ArgmaxECM,inc_00740,740,BATTERY_JUMP,BATTERY_JUMP,prov_017_MOBILE_MECHANIC,True,True,18.445711778848757,False,
ArgmaxECM,inc_00741,741,BELT_BROKEN,FUEL_FILTER_CLOGGED,prov_015_TOW_HEAVY,True,False,36.22566507698504,False,
ArgmaxECM,inc_00742,742,TRANSMISSION_ISSUE,TRANSMISSION_ISSUE,prov_005_TOW_LIGHT,True,True,185.21120010836455,False,
ArgmaxECM,inc_00743,743,BELT_BROKEN,SEVERE_MECHANICAL_TOW,prov_001_TOW_HEAVY,True,False,45.052473416893235,False,
ArgmaxECM,inc_00744,744,BRAKE_FAILURE,TRANSMISSION_ISSUE,prov_005_TOW_LIGHT,True,False,94.78195769987447,False,
ArgmaxECM,inc_00745,745,STARTER_MOTOR,STARTER_MOTOR,prov_014_MOBILE_MECHANIC,True,True,61.37555782180023,False,
ArgmaxECM,inc_00746,746,BATTERY_JUMP,FUEL_PUMP,prov_016_MOBILE_MECHANIC,True,False,18.43106061711215,False,
ArgmaxECM,inc_00747,747,TRANSMISSION_ISSUE,CLUTCH_WORN,prov_011_TOW_LIGHT,True,False,193.25725434436663,False,
ArgmaxECM,inc_00748,748,BRAKE_PAD_WORN,CLUTCH_WORN,prov_011_TOW_LIGHT,True,False,66.86076640918809,False,
ArgmaxECM,inc_00749,749,BELT_BROKEN,FUEL_FILTER_CLOGGED,prov_013_MOBILE_MECHANIC,True,False,31.21856540004307,False,
ArgmaxECM,inc_00750,750,IGNITION_SYSTEM,FUEL_PUMP,prov_014_MOBILE_MECHANIC,True,False,66.64287142492056,False,
ArgmaxECM,inc_00751,751,BATTERY_JUMP,BATTERY_JUMP,prov_011_TOW_LIGHT,True,True,19.222688234166423,False,
ArgmaxECM,inc_00752,752,TRANSMISSION_ISSUE,TRANSMISSION_ISSUE,prov_006_TOW_LIGHT,True,True,186.07086938872658,False,
ArgmaxECM,inc_00753,753,SEVERE_MECHANICAL_TOW,FUEL_FILTER_CLOGGED,prov_012_TOW_HEAVY,True,False,33.165128191728236,False,
ArgmaxECM,inc_00754,754,COOLANT_LOW,COOLANT_LOW,prov_013_MOBILE_MECHANIC,True,True,11.568205814323436,False,
ArgmaxECM,inc_00755,755,ELECTRICAL_FAULT_RAIN,SEVERE_MECHANICAL_TOW,prov_012_TOW_HEAVY,True,False,103.93834772332137,False,
ArgmaxECM,inc_00756,756,FUEL_FILTER_CLOGGED,ALTERNATOR_ISSUE,prov_011_TOW_LIGHT,True,False,29.596833781897644,False,
ArgmaxECM,inc_00757,757,BELT_BROKEN,BELT_BROKEN,prov_010_TOW_LIGHT,True,True,33.84661748050971,False,
ArgmaxECM,inc_00758,758,BATTERY_REPLACE,ELECTRICAL_FAULT_RAIN,prov_002_MOBILE_MECHANIC,True,False,33.94651292597618,False,
ArgmaxECM,inc_00759,759,IGNITION_SYSTEM,STARTER_MOTOR,prov_007_MOBILE_MECHANIC,True,False,61.57682251583584,False,
ArgmaxECM,inc_00760,760,BRAKE_PAD_WORN,BRAKE_PAD_WORN,prov_001_TOW_HEAVY,True,True,62.71405210427939,False,
ArgmaxECM,inc_00761,761,TRANSMISSION_ISSUE,TRANSMISSION_ISSUE,prov_011_TOW_LIGHT,True,True,183.67214146570626,False,
ArgmaxECM,inc_00762,762,RADIATOR_HOSE_LEAK,RADIATOR_FAN_ISSUE,prov_001_TOW_HEAVY,True,False,34.15896357274973,False,
ArgmaxECM,inc_00763,763,FUEL_FILTER_CLOGGED,ALTERNATOR_ISSUE,prov_009_TOW_LIGHT,True,False,30.436257642155674,False,
ArgmaxECM,inc_00764,764,BATTERY_REPLACE,SEVERE_MECHANICAL_TOW,prov_001_TOW_HEAVY,True,False,38.0117065349525,False,
ArgmaxECM,inc_00765,765,BATTERY_REPLACE,BATTERY_REPLACE,prov_015_TOW_HEAVY,True,True,33.377051116565305,False,
ArgmaxECM,inc_00766,766,FUEL_FILTER_CLOGGED,FUEL_FILTER_CLOGGED,prov_016_MOBILE_MECHANIC,True,True,31.398948406344523,False,
ArgmaxECM,inc_00767,767,STARTER_MOTOR,STARTER_MOTOR,prov_014_MOBILE_MECHANIC,True,True,67.46946299737048,False,
ArgmaxECM,inc_00768,768,BRAKE_PAD_WORN,BRAKE_PAD_WORN,prov_014_MOBILE_MECHANIC,True,True,67.37103449450099,False,
ArgmaxECM,inc_00769,769,BATTERY_JUMP,BATTERY_JUMP,prov_014_MOBILE_MECHANIC,True,True,24.16139643214908,False,
ArgmaxECM,inc_00770,770,ALTERNATOR_ISSUE,FUEL_FILTER_CLOGGED,prov_001_TOW_HEAVY,True,False,66.69014318959401,False,
ArgmaxECM,inc_00771,771,FUEL_FILTER_CLOGGED,FUEL_FILTER_CLOGGED,prov_017_MOBILE_MECHANIC,True,True,25.88609141229177,False,
ArgmaxECM,inc_00772,772,BRAKE_PAD_WORN,BRAKE_PAD_WORN,prov_014_MOBILE_MECHANIC,True,True,65.51489960337392,False,
ArgmaxECM,inc_00773,773,CLUTCH_WORN,CLUTCH_WORN,prov_018_TOW_LIGHT,True,True,153.63703350502325,False,
ArgmaxECM,inc_00774,774,ELECTRICAL_FAULT_RAIN,BATTERY_TERMINAL_CLEAN,prov_014_MOBILE_MECHANIC,True,False,93.05396233816258,False,
ArgmaxECM,inc_00775,775,TRANSMISSION_ISSUE,CLUTCH_WORN,prov_012_TOW_HEAVY,True,False,190.04248289474808,False,
ArgmaxECM,inc_00776,776,BATTERY_REPLACE,FUEL_PUMP,prov_002_MOBILE_MECHANIC,True,False,31.615329025613782,False,
ArgmaxECM,inc_00777,777,ELECTRICAL_FAULT_RAIN,BATTERY_REPLACE,prov_002_MOBILE_MECHANIC,True,False,95.17246626469165,False,
ArgmaxECM,inc_00778,778,ALTERNATOR_ISSUE,ALTERNATOR_ISSUE,prov_016_MOBILE_MECHANIC,True,True,64.44540338521867,False,
ArgmaxECM,inc_00779,779,ALTERNATOR_ISSUE,FUEL_FILTER_CLOGGED,prov_015_TOW_HEAVY,True,False,61.786204934705985,False,
ArgmaxECM,inc_00780,780,FUEL_FILTER_CLOGGED,IGNITION_SYSTEM,prov_014_MOBILE_MECHANIC,True,False,28.296441233292555,False,
ArgmaxECM,inc_00781,781,BRAKE_FAILURE,BRAKE_PAD_WORN,prov_016_MOBILE_MECHANIC,False,False,137.09719903029304,True,
ArgmaxECM,inc_00782,782,IGNITION_SYSTEM,FUEL_PUMP,prov_002_MOBILE_MECHANIC,True,False,69.27082642180689,False,
ArgmaxECM,inc_00783,783,BRAKE_PAD_WORN,BRAKE_PAD_WORN,prov_014_MOBILE_MECHANIC,True,True,67.29066425994085,False,
ArgmaxECM,inc_00784,784,CLUTCH_WORN,CLUTCH_WORN,prov_011_TOW_LIGHT,True,True,153.33011973888483,False,
ArgmaxECM,inc_00785,785,CLUTCH_WORN,TRANSMISSION_ISSUE,prov_005_TOW_LIGHT,True,False,156.0077525093695,False,
ArgmaxECM,inc_00786,786,STARTER_MOTOR,STARTER_MOTOR,prov_014_MOBILE_MECHANIC,True,True,67.23274585722457,False,
ArgmaxECM,inc_00787,787,ALTERNATOR_ISSUE,FUEL_FILTER_CLOGGED,prov_012_TOW_HEAVY,True,False,64.26449434415555,False,
ArgmaxECM,inc_00788,788,BATTERY_JUMP,BATTERY_JUMP,prov_006_TOW_LIGHT,True,True,16.514265710139867,False,
ArgmaxECM,inc_00789,789,RADIATOR_FAN_ISSUE,FUEL_FILTER_CLOGGED,prov_002_MOBILE_MECHANIC,True,False,50.05707986943259,False,
ArgmaxECM,inc_00790,790,BATTERY_REPLACE,BATTERY_REPLACE,prov_014_MOBILE_MECHANIC,True,True,34.026213321313904,False,
ArgmaxECM,inc_00791,791,COOLANT_LOW,RADIATOR_FAN_ISSUE,prov_012_TOW_HEAVY,True,False,15.539050687999115,False,
ArgmaxECM,inc_00792,792,BATTERY_REPLACE,BATTERY_REPLACE,prov_010_TOW_LIGHT,True,True,31.389094089243653,False,
ArgmaxECM,inc_00793,793,BATTERY_JUMP,BATTERY_JUMP,prov_014_MOBILE_MECHANIC,True,True,17.948470139477504,False,
ArgmaxECM,inc_00794,794,RADIATOR_HOSE_LEAK,FUEL_FILTER_CLOGGED,prov_001_TOW_HEAVY,True,False,35.05758852059472,False,
ArgmaxECM,inc_00795,795,BATTERY_JUMP,BATTERY_JUMP,prov_002_MOBILE_MECHANIC,True,True,18.971785675885354,False,
ArgmaxECM,inc_00796,796,FUEL_FILTER_CLOGGED,FUEL_FILTER_CLOGGED,prov_017_MOBILE_MECHANIC,True,True,27.297307388240363,False,
ArgmaxECM,inc_00797,797,RADIATOR_FAN_ISSUE,COOLANT_LOW,prov_010_TOW_LIGHT,True,False,48.040856625049905,False,
ArgmaxECM,inc_00798,798,ALTERNATOR_ISSUE,FUEL_FILTER_CLOGGED,prov_014_MOBILE_MECHANIC,True,False,64.80952562330371,False,
ArgmaxECM,inc_00799,799,BRAKE_PAD_WORN,BRAKE_PAD_WORN,prov_002_MOBILE_MECHANIC,True,True,65.68116983196134,False,
ArgmaxECM,inc_00800,800,TRANSMISSION_ISSUE,CLUTCH_WORN,prov_006_TOW_LIGHT,True,False,184.00899689311487,False,
ArgmaxECM,inc_00801,801,TRANSMISSION_ISSUE,TRANSMISSION_ISSUE,prov_012_TOW_HEAVY,True,True,184.91174654116404,False,
ArgmaxECM,inc_00802,802,BATTERY_JUMP,BATTERY_JUMP,prov_016_MOBILE_MECHANIC,True,True,23.925404106957895,False,
ArgmaxECM,inc_00803,803,ALTERNATOR_ISSUE,FUEL_FILTER_CLOGGED,prov_012_TOW_HEAVY,True,False,66.10432282981066,False,
ArgmaxECM,inc_00804,804,BATTERY_REPLACE,BATTERY_REPLACE,prov_006_TOW_LIGHT,True,True,32.727245961390615,False,
ArgmaxECM,inc_00805,805,CLUTCH_WORN,CLUTCH_WORN,prov_011_TOW_LIGHT,True,True,158.3681518041319,False,
ArgmaxECM,inc_00806,806,RADIATOR_HOSE_LEAK,COOLANT_LOW,prov_009_TOW_LIGHT,True,False,34.06029374866645,False,
ArgmaxECM,inc_00807,807,FUEL_FILTER_CLOGGED,FUEL_FILTER_CLOGGED,prov_001_TOW_HEAVY,True,True,31.154766241676647,False,
ArgmaxECM,inc_00808,808,BRAKE_PAD_WORN,CLUTCH_WORN,prov_018_TOW_LIGHT,True,False,67.22054748466152,False,
ArgmaxECM,inc_00809,809,BATTERY_JUMP,BATTERY_JUMP,prov_012_TOW_HEAVY,True,True,21.492403733395758,False,
ArgmaxECM,inc_00810,810,FUEL_FILTER_CLOGGED,FUEL_FILTER_CLOGGED,prov_017_MOBILE_MECHANIC,True,True,29.899489046211148,False,
ArgmaxECM,inc_00811,811,IGNITION_SYSTEM,FUEL_PUMP,prov_014_MOBILE_MECHANIC,True,False,64.36121420765652,False,
ArgmaxECM,inc_00812,812,CLUTCH_WORN,TRANSMISSION_ISSUE,prov_005_TOW_LIGHT,True,False,155.87584370601564,False,
ArgmaxECM,inc_00813,813,ALTERNATOR_ISSUE,BELT_BROKEN,prov_011_TOW_LIGHT,True,False,63.75441977843534,False,
ArgmaxECM,inc_00814,814,BATTERY_JUMP,BATTERY_JUMP,prov_015_TOW_HEAVY,True,True,21.278141778515625,False,
ArgmaxECM,inc_00815,815,ALTERNATOR_ISSUE,FUEL_FILTER_CLOGGED,prov_015_TOW_HEAVY,True,False,65.1884957757229,False,
ArgmaxECM,inc_00816,816,BATTERY_REPLACE,BATTERY_REPLACE,prov_014_MOBILE_MECHANIC,True,True,31.389601080397558,False,
ArgmaxECM,inc_00817,817,BATTERY_JUMP,BATTERY_JUMP,prov_001_TOW_HEAVY,True,True,20.55073144479037,False,
ArgmaxECM,inc_00818,818,COOLANT_LOW,RADIATOR_FAN_ISSUE,prov_010_TOW_LIGHT,True,False,15.785587604571395,False,
ArgmaxECM,inc_00819,819,ALTERNATOR_ISSUE,FUEL_FILTER_CLOGGED,prov_010_TOW_LIGHT,True,False,61.54630736987997,False,
ArgmaxECM,inc_00820,820,BATTERY_JUMP,BATTERY_JUMP,prov_002_MOBILE_MECHANIC,True,True,18.51028201756652,False,
ArgmaxECM,inc_00821,821,IGNITION_SYSTEM,IGNITION_SYSTEM,prov_016_MOBILE_MECHANIC,True,True,61.337965347909396,False,
ArgmaxECM,inc_00822,822,COOLANT_LOW,RADIATOR_FAN_ISSUE,prov_006_TOW_LIGHT,True,False,14.254469845750593,False,
ArgmaxECM,inc_00823,823,IGNITION_SYSTEM,FUEL_FILTER_CLOGGED,prov_016_MOBILE_MECHANIC,True,False,62.73092503999421,False,
ArgmaxECM,inc_00824,824,RADIATOR_FAN_ISSUE,COOLANT_LOW,prov_002_MOBILE_MECHANIC,True,False,50.54892803535758,False,
ArgmaxECM,inc_00825,825,BRAKE_FAILURE,BRAKE_PAD_WORN,prov_016_MOBILE_MECHANIC,False,False,142.69499874699557,True,
ArgmaxECM,inc_00826,826,COOLANT_LOW,COOLANT_LOW,prov_015_TOW_HEAVY,True,True,15.173509213549277,False,
ArgmaxECM,inc_00827,827,BELT_BROKEN,FUEL_FILTER_CLOGGED,prov_017_MOBILE_MECHANIC,True,False,32.62984732361588,False,
ArgmaxECM,inc_00828,828,TRANSMISSION_ISSUE,TRANSMISSION_ISSUE,prov_011_TOW_LIGHT,True,True,190.04287725813816,False,
ArgmaxECM,inc_00829,829,RADIATOR_HOSE_LEAK,COOLANT_LOW,prov_001_TOW_HEAVY,True,False,33.20151240615658,False,
ArgmaxECM,inc_00830,830,BATTERY_REPLACE,STARTER_MOTOR,prov_007_MOBILE_MECHANIC,True,False,31.9428229858094,False,
ArgmaxECM,inc_00831,831,BRAKE_FAILURE,BRAKE_PAD_WORN,prov_010_TOW_LIGHT,True,False,93.40852940865878,False,
ArgmaxECM,inc_00832,832,BELT_BROKEN,BELT_BROKEN,prov_013_MOBILE_MECHANIC,True,True,31.507510262556572,False,
ArgmaxECM,inc_00833,833,FUEL_FILTER_CLOGGED,FUEL_FILTER_CLOGGED,prov_002_MOBILE_MECHANIC,True,True,34.423495175245456,False,
ArgmaxECM,inc_00834,834,BATTERY_TERMINAL_CLEAN,BATTERY_REPLACE,prov_014_MOBILE_MECHANIC,True,False,15.705264062481767,False,
ArgmaxECM,inc_00835,835,ENGINE_OVERHEAT_SEVERE,FUEL_FILTER_CLOGGED,prov_011_TOW_LIGHT,True,False,122.61043517433795,False,
ArgmaxECM,inc_00836,836,CLUTCH_WORN,TRANSMISSION_ISSUE,prov_006_TOW_LIGHT,True,False,152.65633671785025,False,
ArgmaxECM,inc_00837,837,RADIATOR_HOSE_LEAK,FUEL_FILTER_CLOGGED,prov_001_TOW_HEAVY,True,False,38.14098197233236,False,
ArgmaxECM,inc_00838,838,COOLANT_LOW,FUEL_FILTER_CLOGGED,prov_010_TOW_LIGHT,True,False,12.401602549855719,False,
ArgmaxECM,inc_00839,839,FUEL_FILTER_CLOGGED,FUEL_FILTER_CLOGGED,prov_011_TOW_LIGHT,True,True,28.870617068966304,False,
ArgmaxECM,inc_00840,840,BATTERY_REPLACE,BATTERY_REPLACE,prov_006_TOW_LIGHT,True,True,33.623721793738056,False,
ArgmaxECM,inc_00841,841,FUEL_FILTER_CLOGGED,IGNITION_SYSTEM,prov_017_MOBILE_MECHANIC,True,False,31.21434524015607,False,
ArgmaxECM,inc_00842,842,BRAKE_PAD_WORN,BRAKE_PAD_WORN,prov_002_MOBILE_MECHANIC,True,True,68.16847677675501,False,
ArgmaxECM,inc_00843,843,BATTERY_REPLACE,BATTERY_TERMINAL_CLEAN,prov_016_MOBILE_MECHANIC,True,False,35.18264588568272,False,
ArgmaxECM,inc_00844,844,IGNITION_SYSTEM,FUEL_PUMP,prov_018_TOW_LIGHT,True,False,61.47394618461152,False,
ArgmaxECM,inc_00845,845,CLUTCH_WORN,TRANSMISSION_ISSUE,prov_001_TOW_HEAVY,True,False,155.1122823795941,False,
ArgmaxECM,inc_00846,846,ELECTRICAL_FAULT_RAIN,BATTERY_REPLACE,prov_014_MOBILE_MECHANIC,True,False,93.49479277198024,False,
ArgmaxECM,inc_00847,847,BATTERY_TERMINAL_CLEAN,BATTERY_TERMINAL_CLEAN,prov_016_MOBILE_MECHANIC,True,True,14.197506888843222,False,
ArgmaxECM,inc_00848,848,ALTERNATOR_ISSUE,FUEL_FILTER_CLOGGED,prov_002_MOBILE_MECHANIC,True,False,64.56651175314352,False,
ArgmaxECM,inc_00849,849,ALTERNATOR_ISSUE,FUEL_PUMP,prov_010_TOW_LIGHT,True,False,65.66903940883734,False,
ArgmaxECM,inc_00850,850,ALTERNATOR_ISSUE,BELT_BROKEN,prov_009_TOW_LIGHT,True,False,61.842319447711375,False,
ArgmaxECM,inc_00851,851,BELT_BROKEN,FUEL_FILTER_CLOGGED,prov_015_TOW_HEAVY,True,False,31.203168600758765,False,
ArgmaxECM,inc_00852,852,ALTERNATOR_ISSUE,FUEL_FILTER_CLOGGED,prov_007_MOBILE_MECHANIC,True,False,62.129610277170535,False,
ArgmaxECM,inc_00853,853,CLUTCH_WORN,CLUTCH_WORN,prov_001_TOW_HEAVY,True,True,153.10289708560876,False,
ArgmaxECM,inc_00854,854,BRAKE_PAD_WORN,BRAKE_PAD_WORN,prov_011_TOW_LIGHT,True,True,62.89152491664379,False,
ArgmaxECM,inc_00855,855,RADIATOR_HOSE_LEAK,COOLANT_LOW,prov_014_MOBILE_MECHANIC,True,False,38.029870393633345,False,
ArgmaxECM,inc_00856,856,BATTERY_TERMINAL_CLEAN,BATTERY_TERMINAL_CLEAN,prov_014_MOBILE_MECHANIC,True,True,14.097401019351652,False,
ArgmaxECM,inc_00857,857,CLUTCH_WORN,CLUTCH_WORN,prov_005_TOW_LIGHT,True,True,154.80138379710482,False,
ArgmaxECM,inc_00858,858,CLUTCH_WORN,TRANSMISSION_ISSUE,prov_010_TOW_LIGHT,True,False,157.71957760006958,False,
ArgmaxECM,inc_00859,859,STARTER_MOTOR,STARTER_MOTOR,prov_016_MOBILE_MECHANIC,True,True,63.92709006516114,False,
ArgmaxECM,inc_00860,860,ALTERNATOR_ISSUE,BELT_BROKEN,prov_002_MOBILE_MECHANIC,True,False,64.3062619806744,False,
ArgmaxECM,inc_00861,861,RADIATOR_FAN_ISSUE,RADIATOR_FAN_ISSUE,prov_003_TOW_LIGHT,True,True,45.84108242522334,False,
ArgmaxECM,inc_00862,862,COOLANT_LOW,FUEL_FILTER_CLOGGED,prov_002_MOBILE_MECHANIC,True,False,15.507906759628039,False,
ArgmaxECM,inc_00863,863,BRAKE_PAD_WORN,BRAKE_PAD_WORN,prov_016_MOBILE_MECHANIC,True,True,65.88499261693889,False,
ArgmaxECM,inc_00864,864,ELECTRICAL_FAULT_RAIN,BATTERY_REPLACE,prov_002_MOBILE_MECHANIC,True,False,98.69964037307035,False,
ArgmaxECM,inc_00865,865,BATTERY_JUMP,BATTERY_JUMP,prov_016_MOBILE_MECHANIC,True,True,17.916081053304875,False,
ArgmaxECM,inc_00866,866,FUEL_FILTER_CLOGGED,ALTERNATOR_ISSUE,prov_010_TOW_LIGHT,True,False,30.498897514774118,False,
ArgmaxECM,inc_00867,867,COOLANT_LOW,RADIATOR_FAN_ISSUE,prov_002_MOBILE_MECHANIC,True,False,11.07253825541636,False,
ArgmaxECM,inc_00868,868,BATTERY_JUMP,BATTERY_JUMP,prov_014_MOBILE_MECHANIC,True,True,20.41405613324072,False,
ArgmaxECM,inc_00869,869,BRAKE_PAD_WORN,BRAKE_PAD_WORN,prov_015_TOW_HEAVY,True,True,62.19334152567713,False,
ArgmaxECM,inc_00870,870,SEVERE_MECHANICAL_TOW,BELT_BROKEN,prov_007_MOBILE_MECHANIC,False,False,76.35827380793158,True,
ArgmaxECM,inc_00871,871,ALTERNATOR_ISSUE,FUEL_FILTER_CLOGGED,prov_002_MOBILE_MECHANIC,True,False,64.8003055520022,False,
ArgmaxECM,inc_00872,872,BRAKE_PAD_WORN,BRAKE_PAD_WORN,prov_016_MOBILE_MECHANIC,True,True,64.0473223574218,False,
ArgmaxECM,inc_00873,873,FUEL_PUMP,FUEL_PUMP,prov_016_MOBILE_MECHANIC,True,True,93.61567821443657,False,
ArgmaxECM,inc_00874,874,BATTERY_REPLACE,BATTERY_REPLACE,prov_010_TOW_LIGHT,True,True,34.54919977781417,False,
ArgmaxECM,inc_00875,875,RADIATOR_HOSE_LEAK,FUEL_FILTER_CLOGGED,prov_016_MOBILE_MECHANIC,True,False,33.56883894924144,False,
ArgmaxECM,inc_00876,876,BRAKE_PAD_WORN,BRAKE_PAD_WORN,prov_002_MOBILE_MECHANIC,True,True,64.24883055249343,False,
ArgmaxECM,inc_00877,877,RADIATOR_HOSE_LEAK,COOLANT_LOW,prov_010_TOW_LIGHT,True,False,32.29239151619353,False,
ArgmaxECM,inc_00878,878,CLUTCH_WORN,CLUTCH_WORN,prov_012_TOW_HEAVY,True,True,150.46239758405878,False,
ArgmaxECM,inc_00879,879,BRAKE_PAD_WORN,BRAKE_PAD_WORN,prov_009_TOW_LIGHT,True,True,62.110338191003535,False,
ArgmaxECM,inc_00880,880,BATTERY_REPLACE,BATTERY_TERMINAL_CLEAN,prov_002_MOBILE_MECHANIC,True,False,36.82994781362535,False,
ArgmaxECM,inc_00881,881,STARTER_MOTOR,BATTERY_TERMINAL_CLEAN,prov_011_TOW_LIGHT,True,False,60.85884268041163,False,
ArgmaxECM,inc_00882,882,STARTER_MOTOR,BATTERY_TERMINAL_CLEAN,prov_007_MOBILE_MECHANIC,True,False,63.49169892089398,False,
ArgmaxECM,inc_00883,883,ENGINE_OVERHEAT_SEVERE,FUEL_FILTER_CLOGGED,prov_017_MOBILE_MECHANIC,False,False,167.92001709202822,True,
ArgmaxECM,inc_00884,884,BATTERY_TERMINAL_CLEAN,ELECTRICAL_FAULT_RAIN,prov_014_MOBILE_MECHANIC,True,False,15.443175534843977,False,
ArgmaxECM,inc_00885,885,BRAKE_PAD_WORN,BRAKE_PAD_WORN,prov_015_TOW_HEAVY,True,True,61.62918515144693,False,
ArgmaxECM,inc_00886,886,BATTERY_JUMP,IGNITION_SYSTEM,prov_014_MOBILE_MECHANIC,True,False,21.691948234022707,False,
ArgmaxECM,inc_00887,887,ALTERNATOR_ISSUE,BELT_BROKEN,prov_012_TOW_HEAVY,True,False,66.01032805981498,False,
ArgmaxECM,inc_00888,888,SEVERE_MECHANICAL_TOW,BELT_BROKEN,prov_015_TOW_HEAVY,True,False,36.859435097561025,False,
ArgmaxECM,inc_00889,889,BELT_BROKEN,SEVERE_MECHANICAL_TOW,prov_001_TOW_HEAVY,True,False,39.4349928459535,False,
ArgmaxECM,inc_00890,890,BELT_BROKEN,FUEL_FILTER_CLOGGED,prov_017_MOBILE_MECHANIC,True,False,33.728636845809845,False,
ArgmaxECM,inc_00891,891,ELECTRICAL_FAULT_RAIN,BATTERY_REPLACE,prov_018_TOW_LIGHT,True,False,96.76231358621759,False,
ArgmaxECM,inc_00892,892,ALTERNATOR_ISSUE,FUEL_FILTER_CLOGGED,prov_010_TOW_LIGHT,True,False,62.59344375527282,False,
ArgmaxECM,inc_00893,893,ALTERNATOR_ISSUE,BELT_BROKEN,prov_014_MOBILE_MECHANIC,True,False,67.11473561058618,False,
ArgmaxECM,inc_00894,894,BATTERY_TERMINAL_CLEAN,SEVERE_MECHANICAL_TOW,prov_012_TOW_HEAVY,True,False,24.405728554567443,False,
ArgmaxECM,inc_00895,895,COOLANT_LOW,FUEL_FILTER_CLOGGED,prov_012_TOW_HEAVY,True,False,14.025034274820259,False,
ArgmaxECM,inc_00896,896,CLUTCH_WORN,TRANSMISSION_ISSUE,prov_001_TOW_HEAVY,True,False,155.41793723119008,False,
ArgmaxECM,inc_00897,897,ALTERNATOR_ISSUE,ALTERNATOR_ISSUE,prov_014_MOBILE_MECHANIC,True,True,65.13595952251823,False,
ArgmaxECM,inc_00898,898,RADIATOR_FAN_ISSUE,COOLANT_LOW,prov_001_TOW_HEAVY,True,False,50.616194356534,False,
ArgmaxECM,inc_00899,899,FUEL_PUMP,FUEL_PUMP,prov_001_TOW_HEAVY,True,True,94.51397191013578,False,
ArgmaxECM,inc_00900,900,BRAKE_PAD_WORN,BRAKE_PAD_WORN,prov_001_TOW_HEAVY,True,True,64.70387926049926,False,
ArgmaxECM,inc_00901,901,IGNITION_SYSTEM,BATTERY_REPLACE,prov_010_TOW_LIGHT,True,False,62.6602538459011,False,
ArgmaxECM,inc_00902,902,BRAKE_FAILURE,TRANSMISSION_ISSUE,prov_009_TOW_LIGHT,True,False,92.89297508679293,False,
ArgmaxECM,inc_00903,903,BRAKE_PAD_WORN,BRAKE_PAD_WORN,prov_010_TOW_LIGHT,True,True,62.51006786650338,False,
ArgmaxECM,inc_00904,904,BRAKE_FAILURE,BRAKE_FAILURE,prov_012_TOW_HEAVY,True,True,97.7626850530408,False,
ArgmaxECM,inc_00905,905,ELECTRICAL_FAULT_RAIN,ELECTRICAL_FAULT_RAIN,prov_011_TOW_LIGHT,True,True,95.66124456118449,False,
ArgmaxECM,inc_00906,906,BATTERY_JUMP,BATTERY_REPLACE,prov_014_MOBILE_MECHANIC,True,False,20.442498158315168,False,
ArgmaxECM,inc_00907,907,SEVERE_MECHANICAL_TOW,SEVERE_MECHANICAL_TOW,prov_012_TOW_HEAVY,True,True,43.968703565415474,False,
ArgmaxECM,inc_00908,908,BATTERY_JUMP,BATTERY_JUMP,prov_016_MOBILE_MECHANIC,True,True,18.712598410608166,False,
ArgmaxECM,inc_00909,909,COOLANT_LOW,RADIATOR_FAN_ISSUE,prov_001_TOW_HEAVY,True,False,13.333210813043625,False,
ArgmaxECM,inc_00910,910,TRANSMISSION_ISSUE,CLUTCH_WORN,prov_011_TOW_LIGHT,True,False,185.90440771448004,False,
ArgmaxECM,inc_00911,911,ENGINE_OVERHEAT_SEVERE,RADIATOR_FAN_ISSUE,prov_003_TOW_LIGHT,True,False,122.24640495625984,False,
ArgmaxECM,inc_00912,912,TRANSMISSION_ISSUE,TRANSMISSION_ISSUE,prov_005_TOW_LIGHT,True,True,188.52208141872768,False,
ArgmaxECM,inc_00913,913,TRANSMISSION_ISSUE,TRANSMISSION_ISSUE,prov_012_TOW_HEAVY,True,True,184.32189221806146,False,
ArgmaxECM,inc_00914,914,BRAKE_PAD_WORN,CLUTCH_WORN,prov_018_TOW_LIGHT,True,False,63.989186792162414,False,
ArgmaxECM,inc_00915,915,FUEL_FILTER_CLOGGED,ALTERNATOR_ISSUE,prov_015_TOW_HEAVY,True,False,32.434687447550175,False,
ArgmaxECM,inc_00916,916,STARTER_MOTOR,BATTERY_REPLACE,prov_018_TOW_LIGHT,True,False,62.302483027915066,False,
ArgmaxECM,inc_00917,917,BATTERY_JUMP,BATTERY_JUMP,prov_002_MOBILE_MECHANIC,True,True,20.05481328437643,False,
ArgmaxECM,inc_00918,918,BATTERY_JUMP,BATTERY_JUMP,prov_014_MOBILE_MECHANIC,True,True,19.61391953022136,False,
ArgmaxECM,inc_00919,919,CLUTCH_WORN,CLUTCH_WORN,prov_011_TOW_LIGHT,True,True,154.44532879903966,False,
ArgmaxECM,inc_00920,920,BATTERY_REPLACE,BATTERY_REPLACE,prov_011_TOW_LIGHT,True,True,32.982660382359114,False,
ArgmaxECM,inc_00921,921,BATTERY_TERMINAL_CLEAN,BATTERY_REPLACE,prov_009_TOW_LIGHT,True,False,11.192407415818947,False,
ArgmaxECM,inc_00922,922,BATTERY_JUMP,BATTERY_JUMP,prov_011_TOW_LIGHT,True,True,18.844933806034366,False,
ArgmaxECM,inc_00923,923,BRAKE_PAD_WORN,BRAKE_PAD_WORN,prov_002_MOBILE_MECHANIC,True,True,62.71390826456575,False,
ArgmaxECM,inc_00924,924,COOLANT_LOW,COOLANT_LOW,prov_002_MOBILE_MECHANIC,True,True,17.590729707300675,False,
ArgmaxECM,inc_00925,925,FUEL_FILTER_CLOGGED,ALTERNATOR_ISSUE,prov_014_MOBILE_MECHANIC,True,False,30.400589792117504,False,
ArgmaxECM,inc_00926,926,BATTERY_JUMP,BATTERY_JUMP,prov_015_TOW_HEAVY,True,True,16.5654971575582,False,
ArgmaxECM,inc_00927,927,ELECTRICAL_FAULT_RAIN,ELECTRICAL_FAULT_RAIN,prov_001_TOW_HEAVY,True,True,93.65200681538636,False,
ArgmaxECM,inc_00928,928,CLUTCH_WORN,CLUTCH_WORN,prov_018_TOW_LIGHT,True,True,158.6271057600819,False,
ArgmaxECM,inc_00929,929,BATTERY_JUMP,FUEL_FILTER_CLOGGED,prov_001_TOW_HEAVY,True,False,20.70009827840579,False,
ArgmaxECM,inc_00930,930,ALTERNATOR_ISSUE,BELT_BROKEN,prov_012_TOW_HEAVY,True,False,63.022119428544215,False,
ArgmaxECM,inc_00931,931,RADIATOR_FAN_ISSUE,COOLANT_LOW,prov_018_TOW_LIGHT,True,False,45.38674396456458,False,
ArgmaxECM,inc_00932,932,CLUTCH_WORN,TRANSMISSION_ISSUE,prov_003_TOW_LIGHT,True,False,153.89719875063332,False,
ArgmaxECM,inc_00933,933,BATTERY_JUMP,BATTERY_JUMP,prov_002_MOBILE_MECHANIC,True,True,21.552412424015586,False,
ArgmaxECM,inc_00934,934,BATTERY_REPLACE,BATTERY_REPLACE,prov_012_TOW_HEAVY,True,True,31.796412706267333,False,
ArgmaxECM,inc_00935,935,TRANSMISSION_ISSUE,TRANSMISSION_ISSUE,prov_011_TOW_LIGHT,True,True,188.74495294128576,False,
ArgmaxECM,inc_00936,936,COOLANT_LOW,COOLANT_LOW,prov_017_MOBILE_MECHANIC,True,True,17.218823990868103,False,
ArgmaxECM,inc_00937,937,BATTERY_REPLACE,BATTERY_REPLACE,prov_009_TOW_LIGHT,True,True,31.459123321963045,False,
ArgmaxECM,inc_00938,938,COOLANT_LOW,COOLANT_LOW,prov_006_TOW_LIGHT,True,True,12.379961596057505,False,
ArgmaxECM,inc_00939,939,SEVERE_MECHANICAL_TOW,SEVERE_MECHANICAL_TOW,prov_001_TOW_HEAVY,True,True,39.72414808993611,False,
ArgmaxECM,inc_00940,940,IGNITION_SYSTEM,IGNITION_SYSTEM,prov_009_TOW_LIGHT,True,True,62.27798819117666,False,
ArgmaxECM,inc_00941,941,BATTERY_JUMP,FUEL_FILTER_CLOGGED,prov_001_TOW_HEAVY,True,False,19.469313223509346,False,
ArgmaxECM,inc_00942,942,BATTERY_REPLACE,BATTERY_REPLACE,prov_002_MOBILE_MECHANIC,True,True,35.09652497078434,False,
ArgmaxECM,inc_00943,943,ELECTRICAL_FAULT_RAIN,BATTERY_REPLACE,prov_012_TOW_HEAVY,True,False,96.54283864394826,False,
ArgmaxECM,inc_00944,944,BATTERY_REPLACE,STARTER_MOTOR,prov_007_MOBILE_MECHANIC,True,False,33.0660846386797,False,
ArgmaxECM,inc_00945,945,CLUTCH_WORN,CLUTCH_WORN,prov_001_TOW_HEAVY,True,True,157.6078826139616,False,
ArgmaxECM,inc_00946,946,TRANSMISSION_ISSUE,TRANSMISSION_ISSUE,prov_015_TOW_HEAVY,True,True,185.95574869907026,False,
ArgmaxECM,inc_00947,947,ALTERNATOR_ISSUE,BELT_BROKEN,prov_016_MOBILE_MECHANIC,True,False,68.36392668770844,False,
ArgmaxECM,inc_00948,948,TRANSMISSION_ISSUE,TRANSMISSION_ISSUE,prov_010_TOW_LIGHT,True,True,184.04772287814853,False,
ArgmaxECM,inc_00949,949,STARTER_MOTOR,STARTER_MOTOR,prov_017_MOBILE_MECHANIC,True,True,64.50130943389532,False,
ArgmaxECM,inc_00950,950,STARTER_MOTOR,FUEL_FILTER_CLOGGED,prov_010_TOW_LIGHT,True,False,65.00273708155655,False,
ArgmaxECM,inc_00951,951,TRANSMISSION_ISSUE,TRANSMISSION_ISSUE,prov_018_TOW_LIGHT,True,True,183.6813700576275,False,
ArgmaxECM,inc_00952,952,TRANSMISSION_ISSUE,CLUTCH_WORN,prov_015_TOW_HEAVY,True,False,186.2686097150082,False,
ArgmaxECM,inc_00953,953,BATTERY_REPLACE,SEVERE_MECHANICAL_TOW,prov_001_TOW_HEAVY,True,False,37.130376430724816,False,
ArgmaxECM,inc_00954,954,BRAKE_PAD_WORN,BRAKE_PAD_WORN,prov_002_MOBILE_MECHANIC,True,True,66.05622890880295,False,
ArgmaxECM,inc_00955,955,BRAKE_PAD_WORN,BRAKE_PAD_WORN,prov_014_MOBILE_MECHANIC,True,True,63.80627911463164,False,
ArgmaxECM,inc_00956,956,RADIATOR_HOSE_LEAK,FUEL_FILTER_CLOGGED,prov_011_TOW_LIGHT,True,False,34.165100193700894,False,
ArgmaxECM,inc_00957,957,BRAKE_FAILURE,TRANSMISSION_ISSUE,prov_005_TOW_LIGHT,True,False,96.89879881517254,False,
ArgmaxECM,inc_00958,958,RADIATOR_FAN_ISSUE,COOLANT_LOW,prov_014_MOBILE_MECHANIC,True,False,50.143856840458874,False,
ArgmaxECM,inc_00959,959,COOLANT_LOW,RADIATOR_FAN_ISSUE,prov_016_MOBILE_MECHANIC,True,False,16.622134012223178,False,
ArgmaxECM,inc_00960,960,BELT_BROKEN,ALTERNATOR_ISSUE,prov_011_TOW_LIGHT,True,False,33.796141236397524,False,
ArgmaxECM,inc_00961,961,ENGINE_OVERHEAT_SEVERE,RADIATOR_FAN_ISSUE,prov_014_MOBILE_MECHANIC,False,False,172.13211296227382,True,
ArgmaxECM,inc_00962,962,RADIATOR_HOSE_LEAK,RADIATOR_FAN_ISSUE,prov_001_TOW_HEAVY,True,False,35.35313257058408,False,
ArgmaxECM,inc_00963,963,ALTERNATOR_ISSUE,BELT_BROKEN,prov_002_MOBILE_MECHANIC,True,False,65.04719929873913,False,
ArgmaxECM,inc_00964,964,ELECTRICAL_FAULT_RAIN,BATTERY_REPLACE,prov_002_MOBILE_MECHANIC,True,False,96.32146214989083,False,
ArgmaxECM,inc_00965,965,STARTER_MOTOR,STARTER_MOTOR,prov_002_MOBILE_MECHANIC,True,True,67.37268034073709,False,
ArgmaxECM,inc_00966,966,CLUTCH_WORN,TRANSMISSION_ISSUE,prov_006_TOW_LIGHT,True,False,156.15798754703084,False,
ArgmaxECM,inc_00967,967,SEVERE_MECHANICAL_TOW,SEVERE_MECHANICAL_TOW,prov_015_TOW_HEAVY,True,True,34.21669869853862,False,
ArgmaxECM,inc_00968,968,COOLANT_LOW,RADIATOR_FAN_ISSUE,prov_012_TOW_HEAVY,True,False,13.342784187485732,False,
ArgmaxECM,inc_00969,969,BATTERY_JUMP,FUEL_FILTER_CLOGGED,prov_014_MOBILE_MECHANIC,True,False,18.15788096811752,False,
ArgmaxECM,inc_00970,970,FUEL_FILTER_CLOGGED,IGNITION_SYSTEM,prov_011_TOW_LIGHT,True,False,31.492900152027502,False,
ArgmaxECM,inc_00971,971,BATTERY_REPLACE,SEVERE_MECHANICAL_TOW,prov_001_TOW_HEAVY,True,False,34.61470674063861,False,
ArgmaxECM,inc_00972,972,FUEL_PUMP,BATTERY_REPLACE,prov_001_TOW_HEAVY,True,False,92.07067839212353,False,
ArgmaxECM,inc_00973,973,BATTERY_JUMP,BATTERY_JUMP,prov_012_TOW_HEAVY,True,True,15.908862787561615,False,
ArgmaxECM,inc_00974,974,BELT_BROKEN,ALTERNATOR_ISSUE,prov_014_MOBILE_MECHANIC,True,False,38.20767667572304,False,
ArgmaxECM,inc_00975,975,FUEL_PUMP,FUEL_PUMP,prov_002_MOBILE_MECHANIC,True,True,96.41184079709767,False,
ArgmaxECM,inc_00976,976,STARTER_MOTOR,STARTER_MOTOR,prov_014_MOBILE_MECHANIC,True,True,64.86792007753539,False,
ArgmaxECM,inc_00977,977,IGNITION_SYSTEM,BATTERY_REPLACE,prov_007_MOBILE_MECHANIC,True,False,62.4199691607323,False,
ArgmaxECM,inc_00978,978,COOLANT_LOW,RADIATOR_FAN_ISSUE,prov_015_TOW_HEAVY,True,False,18.914391907925484,False,
ArgmaxECM,inc_00979,979,BRAKE_PAD_WORN,BRAKE_PAD_WORN,prov_014_MOBILE_MECHANIC,True,True,69.22516405788257,False,
ArgmaxECM,inc_00980,980,BRAKE_PAD_WORN,BRAKE_PAD_WORN,prov_001_TOW_HEAVY,True,True,61.84917511389962,False,
ArgmaxECM,inc_00981,981,FUEL_FILTER_CLOGGED,FUEL_FILTER_CLOGGED,prov_013_MOBILE_MECHANIC,True,True,28.12535688196296,False,
ArgmaxECM,inc_00982,982,RADIATOR_FAN_ISSUE,COOLANT_LOW,prov_002_MOBILE_MECHANIC,True,False,47.81879241202589,False,
ArgmaxECM,inc_00983,983,IGNITION_SYSTEM,STARTER_MOTOR,prov_014_MOBILE_MECHANIC,True,False,67.31361698817857,False,
ArgmaxECM,inc_00984,984,BATTERY_REPLACE,BATTERY_REPLACE,prov_002_MOBILE_MECHANIC,True,True,34.002898912206874,False,
ArgmaxECM,inc_00985,985,BRAKE_PAD_WORN,BRAKE_PAD_WORN,prov_015_TOW_HEAVY,True,True,65.59495203513869,False,
ArgmaxECM,inc_00986,986,ELECTRICAL_FAULT_RAIN,ELECTRICAL_FAULT_RAIN,prov_010_TOW_LIGHT,True,True,95.06303861755983,False,
ArgmaxECM,inc_00987,987,STARTER_MOTOR,STARTER_MOTOR,prov_017_MOBILE_MECHANIC,True,True,64.09457048453557,False,
ArgmaxECM,inc_00988,988,BRAKE_PAD_WORN,CLUTCH_WORN,prov_018_TOW_LIGHT,True,False,66.13666536972191,False,
ArgmaxECM,inc_00989,989,BATTERY_REPLACE,BATTERY_REPLACE,prov_011_TOW_LIGHT,True,True,33.536269357643164,False,
ArgmaxECM,inc_00990,990,BATTERY_REPLACE,ELECTRICAL_FAULT_RAIN,prov_014_MOBILE_MECHANIC,True,False,35.85100906011802,False,
ArgmaxECM,inc_00991,991,TRANSMISSION_ISSUE,TRANSMISSION_ISSUE,prov_011_TOW_LIGHT,True,True,186.68162563869532,False,
ArgmaxECM,inc_00992,992,ELECTRICAL_FAULT_RAIN,BATTERY_REPLACE,prov_014_MOBILE_MECHANIC,True,False,94.8085373681973,False,
ArgmaxECM,inc_00993,993,BELT_BROKEN,SEVERE_MECHANICAL_TOW,prov_012_TOW_HEAVY,True,False,41.82775924171117,False,
ArgmaxECM,inc_00994,994,BATTERY_REPLACE,SEVERE_MECHANICAL_TOW,prov_001_TOW_HEAVY,True,False,42.69286400533985,False,
ArgmaxECM,inc_00995,995,BATTERY_TERMINAL_CLEAN,BATTERY_REPLACE,prov_010_TOW_LIGHT,True,False,13.141628163558046,False,
ArgmaxECM,inc_00996,996,FUEL_FILTER_CLOGGED,FUEL_FILTER_CLOGGED,prov_014_MOBILE_MECHANIC,True,True,29.281585091227925,False,
ArgmaxECM,inc_00997,997,SEVERE_MECHANICAL_TOW,SEVERE_MECHANICAL_TOW,prov_012_TOW_HEAVY,True,True,43.84078518862006,False,
ArgmaxECM,inc_00998,998,ELECTRICAL_FAULT_RAIN,SEVERE_MECHANICAL_TOW,prov_015_TOW_HEAVY,True,False,92.62753321468452,False,
ArgmaxECM,inc_00999,999,TRANSMISSION_ISSUE,CLUTCH_WORN,prov_018_TOW_LIGHT,True,False,185.44138753867827,False,
