strategy,incident_id,incident_index,true_service_type,predicted_service_type,provider_id,provider_capable,matched,resolution_time_min,was_re_dispatched,posterior_entropy_bits
UADO,inc_00000,0,BATTERY_JUMP,BRAKE_PAD_WORN,prov_003_TOW_LIGHT,True,False,20.141872649869573,False,0.0
UADO,inc_00001,1,FUEL_PUMP,BRAKE_PAD_WORN,prov_014_MOBILE_MECHANIC,True,False,94.41789760622487,False,0.0
UADO,inc_00002,2,BELT_BROKEN,BELT_BROKEN,prov_016_MOBILE_MECHANIC,True,True,34.96887355038789,False,0.0
UADO,inc_00003,3,BATTERY_JUMP,BRAKE_PAD_WORN,prov_002_MOBILE_MECHANIC,True,False,22.877352736057098,False,0.0
UADO,inc_00004,4,TRANSMISSION_ISSUE,TRANSMISSION_ISSUE,prov_011_TOW_LIGHT,True,True,192.3010084876635,False,0.0
UADO,inc_00005,5,FUEL_FILTER_CLOGGED,BRAKE_PAD_WORN,prov_009_TOW_LIGHT,True,False,30.189386522194496,False,0.0
UADO,inc_00006,6,BATTERY_JUMP,FUEL_PUMP,prov_013_MOBILE_MECHANIC,True,False,18.017336411400287,False,0.0
UADO,inc_00007,7,BATTERY_JUMP,FUEL_PUMP,prov_014_MOBILE_MECHANIC,True,False,19.91292657981052,False,0.0
UADO,inc_00008,8,ALTERNATOR_ISSUE,BRAKE_PAD_WORN,prov_002_MOBILE_MECHANIC,True,False,67.25908758272723,False,0.0
UADO,inc_00009,9,SEVERE_MECHANICAL_TOW,BELT_BROKEN,prov_009_TOW_LIGHT,False,False,79.28266835845257,True,0.0
UADO,inc_00010,10,IGNITION_SYSTEM,FUEL_PUMP,prov_014_MOBILE_MECHANIC,True,False,67.99800250290615,False,0.0
UADO,inc_00011,11,IGNITION_SYSTEM,BRAKE_PAD_WORN,prov_015_TOW_HEAVY,True,False,67.68231398077211,False,0.0
UADO,inc_00012,12,BATTERY_JUMP,FUEL_PUMP,prov_017_MOBILE_MECHANIC,True,False,17.15807709480557,False,0.0
UADO,inc_00013,13,RADIATOR_FAN_ISSUE,RADIATOR_FAN_ISSUE,prov_017_MOBILE_MECHANIC,True,True,45.27540933957896,False,0.0
UADO,inc_00014,14,FUEL_FILTER_CLOGGED,BRAKE_PAD_WORN,prov_010_TOW_LIGHT,True,False,28.1143207542654,False,0.0
UADO,inc_00015,15,BATTERY_JUMP,FUEL_PUMP,prov_016_MOBILE_MECHANIC,True,False,19.294383268340628,False,1.0068929466715897
UADO,inc_00016,16,BRAKE_PAD_WORN,BRAKE_PAD_WORN,prov_011_TOW_LIGHT,True,True,67.40322006743635,False,0.0
UADO,inc_00017,17,CLUTCH_WORN,BRAKE_PAD_WORN,prov_002_MOBILE_MECHANIC,False,False,200.50565702043937,True,0.0
UADO,inc_00018,18,STARTER_MOTOR,FUEL_PUMP,prov_007_MOBILE_MECHANIC,True,False,64.7348040715624,False,0.0
UADO,inc_00019,19,BATTERY_REPLACE,STARTER_MOTOR,prov_001_TOW_HEAVY,True,False,35.51693450386457,False,0.0
UADO,inc_00020,20,IGNITION_SYSTEM,BRAKE_PAD_WORN,prov_012_TOW_HEAVY,True,False,66.24854034964417,False,0.0
UADO,inc_00021,21,ENGINE_OVERHEAT_SEVERE,FUEL_FILTER_CLOGGED,prov_012_TOW_HEAVY,True,False,125.96837273372402,False,0.0
UADO,inc_00022,22,FUEL_FILTER_CLOGGED,IGNITION_SYSTEM,prov_016_MOBILE_MECHANIC,True,False,26.37660822832666,False,0.0
UADO,inc_00023,23,TRANSMISSION_ISSUE,TRANSMISSION_ISSUE,prov_005_TOW_LIGHT,True,True,188.00725253629562,False,0.0
UADO,inc_00024,24,SEVERE_MECHANICAL_TOW,BELT_BROKEN,prov_014_MOBILE_MECHANIC,False,False,82.65432958580315,True,0.0
UADO,inc_00025,25,CLUTCH_WORN,TRANSMISSION_ISSUE,prov_015_TOW_HEAVY,True,False,158.266653271616,False,0.0
UADO,inc_00026,26,ALTERNATOR_ISSUE,ALTERNATOR_ISSUE,prov_017_MOBILE_MECHANIC,True,True,66.77793156206647,False,0.9586010307034052
UADO,inc_00027,27,ALTERNATOR_ISSUE,BELT_BROKEN,prov_016_MOBILE_MECHANIC,True,False,62.75194653564423,False,0.0
UADO,inc_00028,28,BELT_BROKEN,BELT_BROKEN,prov_009_TOW_LIGHT,True,True,31.56182373041491,False,1.1710746613293488
UADO,inc_00029,29,BATTERY_TERMINAL_CLEAN,BATTERY_REPLACE,prov_012_TOW_HEAVY,True,False,15.99906039069246,False,0.0
UADO,inc_00030,30,BRAKE_PAD_WORN,BRAKE_PAD_WORN,prov_012_TOW_HEAVY,True,True,67.2596253639347,False,0.0
UADO,inc_00031,31,BRAKE_PAD_WORN,BRAKE_PAD_WORN,prov_001_TOW_HEAVY,True,True,66.05333777001881,False,0.0
UADO,inc_00032,32,BATTERY_REPLACE,BATTERY_JUMP,prov_003_TOW_LIGHT,True,False,31.987679694105058,False,0.0
UADO,inc_00033,33,BATTERY_REPLACE,STARTER_MOTOR,prov_016_MOBILE_MECHANIC,True,False,35.30382551644807,False,0.0
UADO,inc_00034,34,RADIATOR_HOSE_LEAK,RADIATOR_HOSE_LEAK,prov_001_TOW_HEAVY,True,True,34.5636464716888,False,0.0
UADO,inc_00035,35,CLUTCH_WORN,TRANSMISSION_ISSUE,prov_018_TOW_LIGHT,True,False,159.67807324302626,False,0.8962452202286947
UADO,inc_00036,36,ALTERNATOR_ISSUE,BRAKE_PAD_WORN,prov_010_TOW_LIGHT,True,False,61.42405526136701,False,1.4231282905977511
UADO,inc_00037,37,CLUTCH_WORN,TRANSMISSION_ISSUE,prov_010_TOW_LIGHT,True,False,153.3554146732129,False,1.088034814106926
UADO,inc_00038,38,ENGINE_OVERHEAT_SEVERE,RADIATOR_HOSE_LEAK,prov_014_MOBILE_MECHANIC,False,False,168.73147799928057,True,0.0
UADO,inc_00039,39,IGNITION_SYSTEM,BRAKE_PAD_WORN,prov_014_MOBILE_MECHANIC,True,False,63.287567026551955,False,0.0
UADO,inc_00040,40,BRAKE_PAD_WORN,BRAKE_PAD_WORN,prov_017_MOBILE_MECHANIC,True,True,66.17354361687026,False,0.0
UADO,inc_00041,41,BATTERY_REPLACE,BATTERY_JUMP,prov_009_TOW_LIGHT,True,False,31.61482862691777,False,0.0
UADO,inc_00042,42,BATTERY_REPLACE,BATTERY_REPLACE,prov_015_TOW_HEAVY,True,True,33.22360215414999,False,0.8896777433500507
UADO,inc_00043,43,STARTER_MOTOR,BRAKE_PAD_WORN,prov_010_TOW_LIGHT,True,False,62.76141796481369,False,0.0
UADO,inc_00044,44,BRAKE_FAILURE,BRAKE_FAILURE,prov_011_TOW_LIGHT,True,True,95.60471409827527,False,0.0
UADO,inc_00045,45,ALTERNATOR_ISSUE,ALTERNATOR_ISSUE,prov_017_MOBILE_MECHANIC,True,True,65.66180164101,False,1.287725832574226
UADO,inc_00046,46,ENGINE_OVERHEAT_SEVERE,RADIATOR_HOSE_LEAK,prov_002_MOBILE_MECHANIC,False,False,172.49840942823,True,0.9522127234893434
UADO,inc_00047,47,BELT_BROKEN,BRAKE_PAD_WORN,prov_012_TOW_HEAVY,True,False,36.8752085554252,False,1.659126408942749
UADO,inc_00048,48,FUEL_PUMP,BRAKE_PAD_WORN,prov_011_TOW_LIGHT,True,False,91.08426343054148,False,0.0
UADO,inc_00049,49,ENGINE_OVERHEAT_SEVERE,RADIATOR_HOSE_LEAK,prov_002_MOBILE_MECHANIC,False,False,173.00371842610443,True,1.140938940696043
UADO,inc_00050,50,BATTERY_JUMP,FUEL_PUMP,prov_014_MOBILE_MECHANIC,True,False,19.94417509100598,False,0.0
UADO,inc_00051,51,TRANSMISSION_ISSUE,BRAKE_PAD_WORN,prov_018_TOW_LIGHT,True,False,186.52224074361527,False,1.3928783151095077
UADO,inc_00052,52,BATTERY_REPLACE,STARTER_MOTOR,prov_014_MOBILE_MECHANIC,True,False,34.01039969742406,False,0.0
UADO,inc_00053,53,BRAKE_FAILURE,BRAKE_FAILURE,prov_006_TOW_LIGHT,True,True,95.96251776641463,False,0.0
UADO,inc_00054,54,RADIATOR_FAN_ISSUE,BRAKE_PAD_WORN,prov_014_MOBILE_MECHANIC,True,False,48.282769129428104,False,0.0
UADO,inc_00055,55,BELT_BROKEN,BELT_BROKEN,prov_016_MOBILE_MECHANIC,True,True,37.7771592419655,False,1.479902727227583
UADO,inc_00056,56,RADIATOR_FAN_ISSUE,BRAKE_PAD_WORN,prov_002_MOBILE_MECHANIC,True,False,53.51195174458219,False,0.0
UADO,inc_00057,57,FUEL_PUMP,STARTER_MOTOR,prov_011_TOW_LIGHT,True,False,91.20806923475106,False,0.0
UADO,inc_00058,58,FUEL_PUMP,FUEL_PUMP,prov_001_TOW_HEAVY,True,True,94.80774421670552,False,0.946461001073566
UADO,inc_00059,59,BRAKE_FAILURE,BRAKE_FAILURE,prov_012_TOW_HEAVY,True,True,97.82382071963508,False,0.0
UADO,inc_00060,60,TRANSMISSION_ISSUE,TRANSMISSION_ISSUE,prov_005_TOW_LIGHT,True,True,181.3621412705166,False,1.282821008517962
UADO,inc_00061,61,ALTERNATOR_ISSUE,FUEL_FILTER_CLOGGED,prov_006_TOW_LIGHT,True,False,62.43495538596618,False,1.742896536059435
UADO,inc_00062,62,BATTERY_REPLACE,BATTERY_REPLACE,prov_001_TOW_HEAVY,True,True,31.925156276962408,False,1.0005307865608923
UADO,inc_00063,63,BRAKE_FAILURE,BRAKE_FAILURE,prov_005_TOW_LIGHT,True,True,94.6415805588154,False,0.0
UADO,inc_00064,64,ENGINE_OVERHEAT_SEVERE,RADIATOR_HOSE_LEAK,prov_001_TOW_HEAVY,True,False,123.89279799110903,False,1.2888136408952464
UADO,inc_00065,65,FUEL_PUMP,FUEL_PUMP,prov_011_TOW_LIGHT,True,True,91.7600162891611,False,1.063181682505025
UADO,inc_00066,66,ALTERNATOR_ISSUE,BELT_BROKEN,prov_011_TOW_LIGHT,True,False,60.850449270042034,False,1.0278344570539097
UADO,inc_00067,67,FUEL_PUMP,FUEL_PUMP,prov_005_TOW_LIGHT,True,True,93.15114384119103,False,1.1351561190232464
UADO,inc_00068,68,RADIATOR_HOSE_LEAK,FUEL_FILTER_CLOGGED,prov_005_TOW_LIGHT,True,False,39.81879973644193,False,1.4924611800696226
UADO,inc_00069,69,BATTERY_JUMP,FUEL_PUMP,prov_010_TOW_LIGHT,True,False,20.750589224947362,False,1.1937454894423547
UADO,inc_00070,70,FUEL_PUMP,FUEL_PUMP,prov_005_TOW_LIGHT,True,True,95.59244158467486,False,1.1749272967143363
UADO,inc_00071,71,IGNITION_SYSTEM,BRAKE_PAD_WORN,prov_015_TOW_HEAVY,True,False,67.96847705322858,False,1.6080345115955383
UADO,inc_00072,72,COOLANT_LOW,RADIATOR_FAN_ISSUE,prov_002_MOBILE_MECHANIC,True,False,18.000706016861315,False,0.8144107759248039
UADO,inc_00073,73,BATTERY_REPLACE,STARTER_MOTOR,prov_006_TOW_LIGHT,True,False,32.54163271593139,False,1.37603249098836
UADO,inc_00074,74,ENGINE_OVERHEAT_SEVERE,RADIATOR_HOSE_LEAK,prov_018_TOW_LIGHT,True,False,123.34857809358721,False,1.4214400576293253
UADO,inc_00075,75,SEVERE_MECHANICAL_TOW,BELT_BROKEN,prov_012_TOW_HEAVY,True,False,36.27287087458421,False,1.526085655571126
UADO,inc_00076,76,ENGINE_OVERHEAT_SEVERE,BRAKE_PAD_WORN,prov_018_TOW_LIGHT,True,False,125.95467918147037,False,1.6930835369003716
UADO,inc_00077,77,SEVERE_MECHANICAL_TOW,BELT_BROKEN,prov_011_TOW_LIGHT,False,False,79.81013954619107,True,1.6579959686393397
UADO,inc_00078,78,BRAKE_PAD_WORN,BRAKE_PAD_WORN,prov_015_TOW_HEAVY,True,True,63.817390865186994,False,0.0
UADO,inc_00079,79,COOLANT_LOW,FUEL_FILTER_CLOGGED,prov_014_MOBILE_MECHANIC,True,False,10.748433143919895,False,1.227048872644227
UADO,inc_00080,80,BATTERY_JUMP,FUEL_PUMP,prov_015_TOW_HEAVY,True,False,15.941691148324637,False,1.2996354928110292
UADO,inc_00081,81,RADIATOR_FAN_ISSUE,BRAKE_PAD_WORN,prov_002_MOBILE_MECHANIC,True,False,51.53761827378814,False,0.0
UADO,inc_00082,82,BRAKE_PAD_WORN,BRAKE_PAD_WORN,prov_014_MOBILE_MECHANIC,True,True,63.48993524061195,False,0.0
UADO,inc_00083,83,BRAKE_PAD_WORN,BRAKE_PAD_WORN,prov_015_TOW_HEAVY,True,True,63.71742162986008,False,0.0
UADO,inc_00084,84,BATTERY_JUMP,BRAKE_PAD_WORN,prov_009_TOW_LIGHT,True,False,17.528528711962338,False,1.337705131289294
UADO,inc_00085,85,FUEL_FILTER_CLOGGED,BRAKE_PAD_WORN,prov_011_TOW_LIGHT,True,False,29.397856218759173,False,2.0711362757258382
UADO,inc_00086,86,BRAKE_FAILURE,BRAKE_FAILURE,prov_012_TOW_HEAVY,True,True,92.32099057827635,False,0.8144107759248039
UADO,inc_00087,87,RADIATOR_HOSE_LEAK,BRAKE_PAD_WORN,prov_012_TOW_HEAVY,True,False,36.9471988702895,False,1.7432204388233519
UADO,inc_00088,88,BATTERY_JUMP,BRAKE_PAD_WORN,prov_012_TOW_HEAVY,True,False,19.458131836275676,False,1.4472901192021517
UADO,inc_00089,89,COOLANT_LOW,RADIATOR_FAN_ISSUE,prov_002_MOBILE_MECHANIC,True,False,17.878900192020968,False,1.1755341406232753
UADO,inc_00090,90,RADIATOR_FAN_ISSUE,RADIATOR_FAN_ISSUE,prov_017_MOBILE_MECHANIC,True,True,49.52908723776917,False,1.30238596128408
UADO,inc_00091,91,ALTERNATOR_ISSUE,BRAKE_PAD_WORN,prov_010_TOW_LIGHT,True,False,62.56590556847622,False,2.156035183911807
UADO,inc_00092,92,BATTERY_REPLACE,BATTERY_REPLACE,prov_014_MOBILE_MECHANIC,True,True,34.2608443253963,False,1.1068709277069575
UADO,inc_00093,93,IGNITION_SYSTEM,FUEL_PUMP,prov_002_MOBILE_MECHANIC,True,False,65.796652350972,False,1.4405375068147668
UADO,inc_00094,94,BELT_BROKEN,BELT_BROKEN,prov_002_MOBILE_MECHANIC,True,True,34.97058513560891,False,1.8677308918062345
UADO,inc_00095,95,TRANSMISSION_ISSUE,TRANSMISSION_ISSUE,prov_018_TOW_LIGHT,True,True,184.7847140260113,False,1.3001013252624254
UADO,inc_00096,96,TRANSMISSION_ISSUE,TRANSMISSION_ISSUE,prov_009_TOW_LIGHT,True,True,184.7248180171995,False,1.298855505319958
UADO,inc_00097,97,COOLANT_LOW,BRAKE_PAD_WORN,prov_002_MOBILE_MECHANIC,True,False,16.83918677664423,False,1.6355746892141763
UADO,inc_00098,98,STARTER_MOTOR,BRAKE_PAD_WORN,prov_017_MOBILE_MECHANIC,True,False,64.22230050028222,False,0.0
UADO,inc_00099,99,BELT_BROKEN,BRAKE_PAD_WORN,prov_012_TOW_HEAVY,True,False,36.76511334059547,False,1.2330905563630647
UADO,inc_00100,100,BATTERY_TERMINAL_CLEAN,BRAKE_PAD_WORN,prov_002_MOBILE_MECHANIC,True,False,14.33304830241402,False,1.5796935116854347
UADO,inc_00101,101,BRAKE_FAILURE,BRAKE_FAILURE,prov_001_TOW_HEAVY,True,True,91.44456731412515,False,0.9168026937923839
UADO,inc_00102,102,BATTERY_REPLACE,BATTERY_REPLACE,prov_002_MOBILE_MECHANIC,True,True,37.364687926672644,False,0.0
UADO,inc_00103,103,BATTERY_REPLACE,BATTERY_REPLACE,prov_002_MOBILE_MECHANIC,True,True,31.439093378694817,False,0.0
UADO,inc_00104,104,BATTERY_JUMP,BRAKE_PAD_WORN,prov_018_TOW_LIGHT,True,False,20.69807039242076,False,1.9083897303787387
UADO,inc_00105,105,TRANSMISSION_ISSUE,BRAKE_PAD_WORN,prov_011_TOW_LIGHT,True,False,185.77417663757421,False,1.7659745145963506
UADO,inc_00106,106,ALTERNATOR_ISSUE,BRAKE_PAD_WORN,prov_002_MOBILE_MECHANIC,True,False,63.08638576912375,False,1.4261990448700301
UADO,inc_00107,107,SEVERE_MECHANICAL_TOW,BELT_BROKEN,prov_016_MOBILE_MECHANIC,False,False,82.0540531264576,True,0.0
UADO,inc_00108,108,IGNITION_SYSTEM,FUEL_PUMP,prov_017_MOBILE_MECHANIC,True,False,65.77327091882034,False,1.6077625596159941
UADO,inc_00109,109,BRAKE_PAD_WORN,BRAKE_PAD_WORN,prov_012_TOW_HEAVY,True,True,61.56615866052865,False,0.8144107759248039
UADO,inc_00110,110,CLUTCH_WORN,TRANSMISSION_ISSUE,prov_010_TOW_LIGHT,True,False,151.74812506930863,False,0.0
UADO,inc_00111,111,SEVERE_MECHANICAL_TOW,BELT_BROKEN,prov_001_TOW_HEAVY,True,False,32.71295618280891,False,1.4468254563137166
UADO,inc_00112,112,BATTERY_JUMP,BRAKE_PAD_WORN,prov_012_TOW_HEAVY,True,False,16.577733988978284,False,1.5291330465033943
UADO,inc_00113,113,BRAKE_PAD_WORN,BRAKE_PAD_WORN,prov_018_TOW_LIGHT,True,True,64.0049940274109,False,0.9168026937923839
UADO,inc_00114,114,COOLANT_LOW,BRAKE_PAD_WORN,prov_011_TOW_LIGHT,True,False,11.270224257098729,False,0.0
UADO,inc_00115,115,ELECTRICAL_FAULT_RAIN,BATTERY_JUMP,prov_012_TOW_HEAVY,True,False,92.83356855893743,False,1.696237895337107
UADO,inc_00116,116,STARTER_MOTOR,FUEL_PUMP,prov_014_MOBILE_MECHANIC,True,False,65.7281926065268,False,0.0
UADO,inc_00117,117,BATTERY_TERMINAL_CLEAN,BRAKE_PAD_WORN,prov_014_MOBILE_MECHANIC,True,False,11.259620835683565,False,0.0
UADO,inc_00118,118,BATTERY_JUMP,FUEL_PUMP,prov_011_TOW_LIGHT,True,False,17.848708617440742,False,1.5885312392175635
UADO,inc_00119,119,CLUTCH_WORN,TRANSMISSION_ISSUE,prov_015_TOW_HEAVY,True,False,157.38794762908876,False,1.2589853614217608
UADO,inc_00120,120,ALTERNATOR_ISSUE,BRAKE_PAD_WORN,prov_013_MOBILE_MECHANIC,True,False,63.35506852152748,False,1.6790030955400794
UADO,inc_00121,121,BRAKE_FAILURE,BRAKE_PAD_WORN,prov_014_MOBILE_MECHANIC,False,False,144.46721115178894,True,0.0
UADO,inc_00122,122,BRAKE_PAD_WORN,BRAKE_PAD_WORN,prov_002_MOBILE_MECHANIC,True,True,61.54053486741487,False,0.980136740113825
UADO,inc_00123,123,CLUTCH_WORN,TRANSMISSION_ISSUE,prov_018_TOW_LIGHT,True,False,156.90136690272217,False,1.3388667762499245
UADO,inc_00124,124,RADIATOR_HOSE_LEAK,BRAKE_PAD_WORN,prov_015_TOW_HEAVY,True,False,30.920877183718357,False,0.0
UADO,inc_00125,125,SEVERE_MECHANICAL_TOW,BRAKE_PAD_WORN,prov_002_MOBILE_MECHANIC,False,False,77.76303784585023,True,1.764226851488582
UADO,inc_00126,126,BATTERY_REPLACE,BRAKE_PAD_WORN,prov_012_TOW_HEAVY,True,False,36.348985233326914,False,0.0
UADO,inc_00127,127,BATTERY_JUMP,FUEL_PUMP,prov_002_MOBILE_MECHANIC,True,False,19.590283399191904,False,0.0
UADO,inc_00128,128,CLUTCH_WORN,TRANSMISSION_ISSUE,prov_011_TOW_LIGHT,True,False,159.89260990959764,False,1.3985902490300253
UADO,inc_00129,129,BATTERY_JUMP,BRAKE_PAD_WORN,prov_005_TOW_LIGHT,True,False,16.76442848081165,False,1.6297693274581957
UADO,inc_00130,130,COOLANT_LOW,RADIATOR_FAN_ISSUE,prov_002_MOBILE_MECHANIC,True,False,14.530827547626561,False,1.4072182521567862
UADO,inc_00131,131,FUEL_PUMP,FUEL_PUMP,prov_009_TOW_LIGHT,True,True,95.92898847212324,False,1.6587760962841724
UADO,inc_00132,132,SEVERE_MECHANICAL_TOW,BRAKE_PAD_WORN,prov_001_TOW_HEAVY,True,False,36.724514825437936,False,1.8394594641985085
UADO,inc_00133,133,ENGINE_OVERHEAT_SEVERE,RADIATOR_HOSE_LEAK,prov_009_TOW_LIGHT,True,False,123.43365910406573,False,1.5214493352510918
UADO,inc_00134,134,ALTERNATOR_ISSUE,ALTERNATOR_ISSUE,prov_001_TOW_HEAVY,True,True,67.51705098545547,False,1.7630853682260392
UADO,inc_00135,135,BATTERY_JUMP,FUEL_PUMP,prov_001_TOW_HEAVY,True,False,18.48035238731267,False,1.6563365313088587
UADO,inc_00136,136,SEVERE_MECHANICAL_TOW,BELT_BROKEN,prov_007_MOBILE_MECHANIC,False,False,76.97477106925109,True,1.783519189192989
UADO,inc_00137,137,CLUTCH_WORN,TRANSMISSION_ISSUE,prov_010_TOW_LIGHT,True,False,155.60121274244648,False,1.4424904733427792
UADO,inc_00138,138,FUEL_FILTER_CLOGGED,IGNITION_SYSTEM,prov_012_TOW_HEAVY,True,False,29.083106919598496,False,0.0
UADO,inc_00139,139,BRAKE_FAILURE,BRAKE_FAILURE,prov_006_TOW_LIGHT,True,True,92.65472913019424,False,0.980136740113825
UADO,inc_00140,140,STARTER_MOTOR,BRAKE_PAD_WORN,prov_006_TOW_LIGHT,True,False,63.05773953856755,False,0.0
UADO,inc_00141,141,BATTERY_REPLACE,BATTERY_REPLACE,prov_001_TOW_HEAVY,True,True,36.33218358549468,False,1.3869191735707402
UADO,inc_00142,142,SEVERE_MECHANICAL_TOW,BELT_BROKEN,prov_001_TOW_HEAVY,True,False,38.28033287910878,False,1.8204726398970261
UADO,inc_00143,143,FUEL_PUMP,BRAKE_PAD_WORN,prov_011_TOW_LIGHT,True,False,97.36097244604359,False,2.0526179936385605
UADO,inc_00144,144,FUEL_FILTER_CLOGGED,IGNITION_SYSTEM,prov_012_TOW_HEAVY,True,False,28.432409064356378,False,1.0068929466715897
UADO,inc_00145,145,ELECTRICAL_FAULT_RAIN,BRAKE_PAD_WORN,prov_012_TOW_HEAVY,True,False,94.89214320253971,False,1.8685813027902767
UADO,inc_00146,146,BRAKE_PAD_WORN,BRAKE_PAD_WORN,prov_001_TOW_HEAVY,True,True,64.99770077654398,False,1.015198309448009
UADO,inc_00147,147,IGNITION_SYSTEM,BRAKE_PAD_WORN,prov_006_TOW_LIGHT,True,False,64.286523455967,False,2.065493356278849
UADO,inc_00148,148,ALTERNATOR_ISSUE,BELT_BROKEN,prov_007_MOBILE_MECHANIC,True,False,61.34221316504367,False,1.8230368075931955
UADO,inc_00149,149,BATTERY_JUMP,BRAKE_PAD_WORN,prov_005_TOW_LIGHT,True,False,21.07688839760645,False,1.6710853001934742
UADO,inc_00150,150,BRAKE_FAILURE,BRAKE_FAILURE,prov_001_TOW_HEAVY,True,True,95.31923722069867,False,1.015198309448009
UADO,inc_00151,151,STARTER_MOTOR,BRAKE_PAD_WORN,prov_012_TOW_HEAVY,True,False,65.08000114336589,False,0.0
UADO,inc_00152,152,RADIATOR_FAN_ISSUE,BRAKE_PAD_WORN,prov_012_TOW_HEAVY,True,False,52.134580369934696,False,1.7793347291465813
UADO,inc_00153,153,FUEL_FILTER_CLOGGED,BRAKE_PAD_WORN,prov_001_TOW_HEAVY,True,False,27.044104434543506,False,2.1959556941165457
UADO,inc_00154,154,COOLANT_LOW,BRAKE_PAD_WORN,prov_009_TOW_LIGHT,True,False,12.65289687243855,False,0.0
UADO,inc_00155,155,BATTERY_REPLACE,BATTERY_REPLACE,prov_006_TOW_LIGHT,True,True,34.02014422899513,False,1.4561893005784017
UADO,inc_00156,156,BRAKE_PAD_WORN,BRAKE_PAD_WORN,prov_005_TOW_LIGHT,True,True,62.093328148210176,False,1.0294988329556427
UADO,inc_00157,157,BRAKE_FAILURE,BRAKE_PAD_WORN,prov_009_TOW_LIGHT,True,False,90.96073078293074,False,0.0
UADO,inc_00158,158,BELT_BROKEN,BELT_BROKEN,prov_010_TOW_LIGHT,True,True,30.823713433592953,False,0.0
UADO,inc_00159,159,BATTERY_JUMP,FUEL_PUMP,prov_002_MOBILE_MECHANIC,True,False,18.583903159119807,False,1.0068929466715897
UADO,inc_00160,160,ALTERNATOR_ISSUE,BRAKE_PAD_WORN,prov_001_TOW_HEAVY,True,False,63.00419552098124,False,0.0
UADO,inc_00161,161,BATTERY_JUMP,FUEL_PUMP,prov_011_TOW_LIGHT,True,False,18.081733577624703,False,0.0
UADO,inc_00162,162,IGNITION_SYSTEM,FUEL_PUMP,prov_001_TOW_HEAVY,True,False,66.79903368758488,False,1.0068929466715897
UADO,inc_00163,163,FUEL_FILTER_CLOGGED,BRAKE_PAD_WORN,prov_013_MOBILE_MECHANIC,True,False,25.35519946558368,False,2.247623184802677
UADO,inc_00164,164,IGNITION_SYSTEM,FUEL_PUMP,prov_011_TOW_LIGHT,True,False,62.69156078180622,False,1.5921390428180293
UADO,inc_00165,165,BRAKE_PAD_WORN,BRAKE_PAD_WORN,prov_002_MOBILE_MECHANIC,True,True,63.97564059891773,False,0.0
UADO,inc_00166,166,BATTERY_REPLACE,BATTERY_REPLACE,prov_002_MOBILE_MECHANIC,True,True,34.33501370036875,False,0.814410775924804
UADO,inc_00167,167,COOLANT_LOW,BRAKE_PAD_WORN,prov_002_MOBILE_MECHANIC,True,False,12.997628939121217,False,0.0
UADO,inc_00168,168,ALTERNATOR_ISSUE,BELT_BROKEN,prov_014_MOBILE_MECHANIC,True,False,67.75592016943132,False,1.938377997122589
UADO,inc_00169,169,STARTER_MOTOR,FUEL_PUMP,prov_003_TOW_LIGHT,True,False,62.68155403044064,False,1.227048872644227
UADO,inc_00170,170,COOLANT_LOW,RADIATOR_FAN_ISSUE,prov_002_MOBILE_MECHANIC,True,False,17.027808136217505,False,1.446911345535327
UADO,inc_00171,171,FUEL_PUMP,FUEL_PUMP,prov_014_MOBILE_MECHANIC,True,True,98.46462313873097,False,1.6184494464005257
UADO,inc_00172,172,BRAKE_PAD_WORN,BRAKE_PAD_WORN,prov_010_TOW_LIGHT,True,True,64.08556814223265,False,1.0284672790579483
UADO,inc_00173,173,SEVERE_MECHANICAL_TOW,BELT_BROKEN,prov_015_TOW_HEAVY,True,False,42.87542726317644,False,1.8427823990553438
UADO,inc_00174,174,IGNITION_SYSTEM,BRAKE_PAD_WORN,prov_002_MOBILE_MECHANIC,True,False,69.5860750674341,False,0.0
UADO,inc_00175,175,BELT_BROKEN,BELT_BROKEN,prov_015_TOW_HEAVY,True,True,34.45645930061388,False,1.93832447555891
UADO,inc_00176,176,ALTERNATOR_ISSUE,BELT_BROKEN,prov_002_MOBILE_MECHANIC,True,False,63.608526413314884,False,0.0
UADO,inc_00177,177,ELECTRICAL_FAULT_RAIN,STARTER_MOTOR,prov_011_TOW_LIGHT,True,False,90.96357083168645,False,1.193745489442355
UADO,inc_00178,178,ALTERNATOR_ISSUE,BRAKE_PAD_WORN,prov_014_MOBILE_MECHANIC,True,False,64.68196639232735,False,2.2751826587661683
UADO,inc_00179,179,BRAKE_PAD_WORN,BRAKE_PAD_WORN,prov_002_MOBILE_MECHANIC,True,True,64.78243111036736,False,0.0
UADO,inc_00180,180,BATTERY_JUMP,FUEL_PUMP,prov_002_MOBILE_MECHANIC,True,False,20.944341070652264,False,1.6763526240363187
UADO,inc_00181,181,COOLANT_LOW,RADIATOR_FAN_ISSUE,prov_007_MOBILE_MECHANIC,True,False,12.591433884048358,False,0.0
UADO,inc_00182,182,BATTERY_REPLACE,BRAKE_PAD_WORN,prov_002_MOBILE_MECHANIC,True,False,35.453536226139505,False,1.966118272605764
UADO,inc_00183,183,BRAKE_PAD_WORN,BRAKE_PAD_WORN,prov_014_MOBILE_MECHANIC,True,True,62.83639717491518,False,0.8144107759248039
UADO,inc_00184,184,BELT_BROKEN,BELT_BROKEN,prov_017_MOBILE_MECHANIC,True,True,37.29981102068666,False,1.8649743059700767
UADO,inc_00185,185,BRAKE_PAD_WORN,BRAKE_PAD_WORN,prov_007_MOBILE_MECHANIC,True,True,62.677326692975974,False,1.0161247148146553
UADO,inc_00186,186,BRAKE_FAILURE,BRAKE_FAILURE,prov_012_TOW_HEAVY,True,True,99.35107223857337,False,1.0294988329556427
UADO,inc_00187,187,ELECTRICAL_FAULT_RAIN,STARTER_MOTOR,prov_007_MOBILE_MECHANIC,True,False,92.15592767075628,False,1.9717828835872298
UADO,inc_00188,188,CLUTCH_WORN,TRANSMISSION_ISSUE,prov_012_TOW_HEAVY,True,False,159.9310045049738,False,1.4736285083230185
UADO,inc_00189,189,IGNITION_SYSTEM,BRAKE_PAD_WORN,prov_010_TOW_LIGHT,True,False,63.725959115275735,False,0.0
UADO,inc_00190,190,SEVERE_MECHANICAL_TOW,BELT_BROKEN,prov_010_TOW_LIGHT,False,False,75.13823645560043,True,1.8532215673437227
UADO,inc_00191,191,BATTERY_JUMP,FUEL_PUMP,prov_014_MOBILE_MECHANIC,True,False,21.335367895014105,False,1.557249767803208
UADO,inc_00192,192,CLUTCH_WORN,BRAKE_PAD_WORN,prov_010_TOW_LIGHT,True,False,154.51984851097546,False,1.9427668008421473
UADO,inc_00193,193,BATTERY_JUMP,FUEL_PUMP,prov_010_TOW_LIGHT,True,False,17.655568203896006,False,1.0068929466715897
UADO,inc_00194,194,BATTERY_TERMINAL_CLEAN,BATTERY_TERMINAL_CLEAN,prov_015_TOW_HEAVY,True,True,16.39351919711971,False,0.0
UADO,inc_00195,195,BATTERY_TERMINAL_CLEAN,BATTERY_JUMP,prov_001_TOW_HEAVY,True,False,15.425125990527263,False,0.0
UADO,inc_00196,196,RADIATOR_FAN_ISSUE,BRAKE_PAD_WORN,prov_014_MOBILE_MECHANIC,True,False,49.51507330508629,False,0.0
UADO,inc_00197,197,TRANSMISSION_ISSUE,TRANSMISSION_ISSUE,prov_011_TOW_LIGHT,True,True,183.88850978570142,False,0.0
UADO,inc_00198,198,TRANSMISSION_ISSUE,TRANSMISSION_ISSUE,prov_005_TOW_LIGHT,True,True,185.59294363869486,False,1.5065942557452108
UADO,inc_00199,199,TRANSMISSION_ISSUE,TRANSMISSION_ISSUE,prov_010_TOW_LIGHT,True,True,181.76064941744224,False,0.946461001073566
UADO,inc_00200,200,BATTERY_JUMP,FUEL_PUMP,prov_001_TOW_HEAVY,True,False,16.298242909500388,False,1.227048872644227
UADO,inc_00201,201,IGNITION_SYSTEM,FUEL_PUMP,prov_005_TOW_LIGHT,True,False,65.57825003414972,False,1.3810389975551078
UADO,inc_00202,202,IGNITION_SYSTEM,FUEL_PUMP,prov_012_TOW_HEAVY,True,False,62.695002703169116,False,1.397413692975578
UADO,inc_00203,203,IGNITION_SYSTEM,FUEL_PUMP,prov_005_TOW_LIGHT,True,False,61.11836439896187,False,1.5260888843550164
UADO,inc_00204,204,BATTERY_REPLACE,BATTERY_JUMP,prov_015_TOW_HEAVY,True,False,38.873807416799046,False,1.0278344570539097
UADO,inc_00205,205,ENGINE_OVERHEAT_SEVERE,BRAKE_PAD_WORN,prov_014_MOBILE_MECHANIC,False,False,171.43825312609067,True,0.0
UADO,inc_00206,206,SEVERE_MECHANICAL_TOW,BELT_BROKEN,prov_014_MOBILE_MECHANIC,False,False,82.11417805969168,True,1.7960107723093222
UADO,inc_00207,207,BATTERY_TERMINAL_CLEAN,BATTERY_JUMP,prov_009_TOW_LIGHT,True,False,13.657453844248149,False,1.0270384437390414
UADO,inc_00208,208,BATTERY_JUMP,BRAKE_PAD_WORN,prov_012_TOW_HEAVY,True,False,20.114399256694284,False,1.6740553542492616
UADO,inc_00209,209,STARTER_MOTOR,BRAKE_PAD_WORN,prov_011_TOW_LIGHT,True,False,61.99942321195545,False,1.6360138330945775
UADO,inc_00210,210,TRANSMISSION_ISSUE,TRANSMISSION_ISSUE,prov_005_TOW_LIGHT,True,True,183.5986324249587,False,1.4534764952446635
UADO,inc_00211,211,FUEL_PUMP,STARTER_MOTOR,prov_011_TOW_LIGHT,True,False,94.23379294737676,False,0.0
UADO,inc_00212,212,BATTERY_JUMP,FUEL_PUMP,prov_013_MOBILE_MECHANIC,True,False,17.746935084675886,False,1.6657663516715762
UADO,inc_00213,213,ALTERNATOR_ISSUE,BELT_BROKEN,prov_002_MOBILE_MECHANIC,True,False,68.54494063995091,False,0.9574429189636
UADO,inc_00214,214,COOLANT_LOW,RADIATOR_FAN_ISSUE,prov_002_MOBILE_MECHANIC,True,False,17.68343793559996,False,1.4939550939465058
UADO,inc_00215,215,BATTERY_TERMINAL_CLEAN,BATTERY_TERMINAL_CLEAN,prov_017_MOBILE_MECHANIC,True,True,15.249760202486538,False,1.1354357740666003
UADO,inc_00216,216,TRANSMISSION_ISSUE,TRANSMISSION_ISSUE,prov_001_TOW_HEAVY,True,True,183.53638676250466,False,1.0631816825050253
UADO,inc_00217,217,RADIATOR_HOSE_LEAK,BRAKE_PAD_WORN,prov_018_TOW_LIGHT,True,False,41.37082465842548,False,1.8468580997274557
UADO,inc_00218,218,FUEL_FILTER_CLOGGED,FUEL_FILTER_CLOGGED,prov_011_TOW_LIGHT,True,True,32.41440232584002,False,1.0935891021126565
UADO,inc_00219,219,ELECTRICAL_FAULT_RAIN,BRAKE_PAD_WORN,prov_015_TOW_HEAVY,True,False,90.95637895152952,False,2.021436480022501
UADO,inc_00220,220,BRAKE_PAD_WORN,BRAKE_PAD_WORN,prov_014_MOBILE_MECHANIC,True,True,65.93914331754131,False,0.9955002560537713
UADO,inc_00221,221,BATTERY_REPLACE,BRAKE_PAD_WORN,prov_002_MOBILE_MECHANIC,True,False,32.924330798748706,False,2.049071653558184
UADO,inc_00222,222,BATTERY_JUMP,FUEL_PUMP,prov_007_MOBILE_MECHANIC,True,False,15.935748219293128,False,1.652775962497246
UADO,inc_00223,223,BATTERY_JUMP,FUEL_PUMP,prov_002_MOBILE_MECHANIC,True,False,22.337959123319926,False,1.6361420007203953
UADO,inc_00224,224,BATTERY_TERMINAL_CLEAN,STARTER_MOTOR,prov_010_TOW_LIGHT,True,False,13.819061380067332,False,2.043114851285968
UADO,inc_00225,225,BATTERY_REPLACE,BATTERY_JUMP,prov_001_TOW_HEAVY,True,False,36.44448453012356,False,2.1103103053095227
UADO,inc_00226,226,SEVERE_MECHANICAL_TOW,BRAKE_PAD_WORN,prov_001_TOW_HEAVY,True,False,35.85771190778088,False,2.3209939551616654
UADO,inc_00227,227,STARTER_MOTOR,BRAKE_PAD_WORN,prov_001_TOW_HEAVY,True,False,64.46492344005746,False,0.0
UADO,inc_00228,228,BRAKE_FAILURE,BRAKE_FAILURE,prov_012_TOW_HEAVY,True,True,97.47097929997162,False,1.0284672790579483
UADO,inc_00229,229,FUEL_FILTER_CLOGGED,FUEL_FILTER_CLOGGED,prov_014_MOBILE_MECHANIC,True,True,32.815293674478255,False,0.0
UADO,inc_00230,230,BATTERY_JUMP,BRAKE_PAD_WORN,prov_018_TOW_LIGHT,True,False,15.662622723498153,False,1.6167305881928733
UADO,inc_00231,231,BRAKE_FAILURE,BRAKE_FAILURE,prov_009_TOW_LIGHT,True,True,95.72910513904532,False,1.0161247148146553
UADO,inc_00232,232,BRAKE_PAD_WORN,BRAKE_PAD_WORN,prov_015_TOW_HEAVY,True,True,69.52799479681899,False,0.9689028279710168
UADO,inc_00233,233,BATTERY_REPLACE,STARTER_MOTOR,prov_016_MOBILE_MECHANIC,True,False,37.11297944260186,False,1.2237004783173457
UADO,inc_00234,234,CLUTCH_WORN,BRAKE_PAD_WORN,prov_018_TOW_LIGHT,True,False,156.28545624826924,False,1.3928783151095077
UADO,inc_00235,235,ELECTRICAL_FAULT_RAIN,BATTERY_REPLACE,prov_012_TOW_HEAVY,True,False,95.42922636616821,False,1.465197250102323
UADO,inc_00236,236,STARTER_MOTOR,FUEL_PUMP,prov_016_MOBILE_MECHANIC,True,False,61.77942993398162,False,1.71707399495283
UADO,inc_00237,237,FUEL_FILTER_CLOGGED,FUEL_FILTER_CLOGGED,prov_014_MOBILE_MECHANIC,True,True,34.808385685660085,False,0.0
UADO,inc_00238,238,ENGINE_OVERHEAT_SEVERE,BRAKE_PAD_WORN,prov_012_TOW_HEAVY,True,False,129.58863428197625,False,1.8972397281627835
UADO,inc_00239,239,BATTERY_JUMP,FUEL_PUMP,prov_012_TOW_HEAVY,True,False,19.265170309432982,False,0.0
UADO,inc_00240,240,RADIATOR_FAN_ISSUE,COOLANT_LOW,prov_015_TOW_HEAVY,True,False,49.85567859413154,False,0.0
UADO,inc_00241,241,BATTERY_JUMP,BRAKE_PAD_WORN,prov_002_MOBILE_MECHANIC,True,False,23.223989459494113,False,1.5952496467538455
UADO,inc_00242,242,SEVERE_MECHANICAL_TOW,BRAKE_PAD_WORN,prov_001_TOW_HEAVY,True,False,36.7135180080887,False,1.9466018049649774
UADO,inc_00243,243,BATTERY_JUMP,BRAKE_PAD_WORN,prov_001_TOW_HEAVY,True,False,17.352203481489816,False,2.1455579697627103
UADO,inc_00244,244,ALTERNATOR_ISSUE,FUEL_FILTER_CLOGGED,prov_012_TOW_HEAVY,True,False,69.63078017606361,False,2.043776979165691
UADO,inc_00245,245,STARTER_MOTOR,FUEL_PUMP,prov_016_MOBILE_MECHANIC,True,False,64.59596082068887,False,1.7752431595720186
UADO,inc_00246,246,BRAKE_FAILURE,BRAKE_FAILURE,prov_012_TOW_HEAVY,True,True,99.54919570016887,False,0.9955002560537713
UADO,inc_00247,247,BATTERY_JUMP,FUEL_PUMP,prov_003_TOW_LIGHT,True,False,18.863093528777558,False,1.5722764414528334
UADO,inc_00248,248,CLUTCH_WORN,BRAKE_PAD_WORN,prov_005_TOW_LIGHT,True,False,155.680955796625,False,1.9593873798603665
UADO,inc_00249,249,BRAKE_PAD_WORN,BRAKE_PAD_WORN,prov_014_MOBILE_MECHANIC,True,True,62.35150108286029,False,0.9381064187541461
UADO,inc_00250,250,ALTERNATOR_ISSUE,BRAKE_PAD_WORN,prov_012_TOW_HEAVY,True,False,63.705903736621224,False,1.935612005057568
UADO,inc_00251,251,BRAKE_PAD_WORN,BRAKE_PAD_WORN,prov_014_MOBILE_MECHANIC,True,True,66.14478372185101,False,0.9044805895438773
UADO,inc_00252,252,BATTERY_JUMP,BRAKE_PAD_WORN,prov_002_MOBILE_MECHANIC,True,False,21.054619991926923,False,2.170769460200541
UADO,inc_00253,253,BRAKE_FAILURE,BRAKE_FAILURE,prov_015_TOW_HEAVY,True,True,95.19183851497338,False,0.9689028279710168
UADO,inc_00254,254,BATTERY_JUMP,FUEL_PUMP,prov_001_TOW_HEAVY,True,False,17.066369280302,False,1.5482802816591863
UADO,inc_00255,255,BRAKE_PAD_WORN,BRAKE_PAD_WORN,prov_012_TOW_HEAVY,True,True,64.95693888784447,False,0.8690848815084931
UADO,inc_00256,256,ALTERNATOR_ISSUE,BELT_BROKEN,prov_016_MOBILE_MECHANIC,True,False,60.827161413794435,False,1.9200081787333256
UADO,inc_00257,257,BATTERY_REPLACE,BATTERY_REPLACE,prov_007_MOBILE_MECHANIC,True,True,31.405734576247397,False,1.5107742143472414
UADO,inc_00258,258,BATTERY_REPLACE,BRAKE_PAD_WORN,prov_014_MOBILE_MECHANIC,True,False,37.37318597743407,False,0.0
UADO,inc_00259,259,BRAKE_PAD_WORN,BRAKE_PAD_WORN,prov_001_TOW_HEAVY,True,True,68.13072209329755,False,0.8144107759248039
UADO,inc_00260,260,COOLANT_LOW,RADIATOR_FAN_ISSUE,prov_016_MOBILE_MECHANIC,True,False,12.004850676089529,False,0.0
UADO,inc_00261,261,SEVERE_MECHANICAL_TOW,BRAKE_PAD_WORN,prov_002_MOBILE_MECHANIC,False,False,78.67703976678246,True,0.0
UADO,inc_00262,262,RADIATOR_HOSE_LEAK,BRAKE_PAD_WORN,prov_014_MOBILE_MECHANIC,True,False,33.1017310241177,False,0.0
UADO,inc_00263,263,BATTERY_REPLACE,BATTERY_JUMP,prov_012_TOW_HEAVY,True,False,32.82305843099938,False,1.193745489442355
UADO,inc_00264,264,SEVERE_MECHANICAL_TOW,BELT_BROKEN,prov_014_MOBILE_MECHANIC,False,False,77.77936280407378,True,1.910234336776572
UADO,inc_00265,265,BATTERY_TERMINAL_CLEAN,STARTER_MOTOR,prov_013_MOBILE_MECHANIC,True,False,12.727727360462477,False,2.0936689031514235
UADO,inc_00266,266,BATTERY_JUMP,BRAKE_PAD_WORN,prov_002_MOBILE_MECHANIC,True,False,21.87750577992306,False,1.52364126475896
UADO,inc_00267,267,BATTERY_JUMP,BRAKE_PAD_WORN,prov_011_TOW_LIGHT,True,False,18.896491221596456,False,1.0068929466715895
UADO,inc_00268,268,IGNITION_SYSTEM,BRAKE_PAD_WORN,prov_010_TOW_LIGHT,True,False,60.37827109595354,False,1.5247956020816813
UADO,inc_00269,269,BATTERY_REPLACE,BATTERY_JUMP,prov_009_TOW_LIGHT,True,False,32.303119766709244,False,1.396480826120334
UADO,inc_00270,270,SEVERE_MECHANICAL_TOW,BELT_BROKEN,prov_012_TOW_HEAVY,True,False,41.241299981868735,False,1.8958247526548526
UADO,inc_00271,271,BATTERY_REPLACE,BATTERY_JUMP,prov_002_MOBILE_MECHANIC,True,False,38.10800068805536,False,2.1395754434874044
UADO,inc_00272,272,ENGINE_OVERHEAT_SEVERE,BRAKE_PAD_WORN,prov_009_TOW_LIGHT,True,False,122.03429247311423,False,1.9067023541732524
UADO,inc_00273,273,BATTERY_JUMP,FUEL_PUMP,prov_009_TOW_LIGHT,True,False,18.193253679120378,False,1.4986657749678827
UADO,inc_00274,274,BATTERY_REPLACE,BRAKE_PAD_WORN,prov_002_MOBILE_MECHANIC,True,False,33.91321235017616,False,2.115759447079339
UADO,inc_00275,275,ELECTRICAL_FAULT_RAIN,BRAKE_PAD_WORN,prov_018_TOW_LIGHT,True,False,97.32936464255287,False,2.0871564434010628
UADO,inc_00276,276,BATTERY_REPLACE,STARTER_MOTOR,prov_001_TOW_HEAVY,True,False,33.60258994191822,False,1.529613801960624
UADO,inc_00277,277,BATTERY_REPLACE,BATTERY_REPLACE,prov_002_MOBILE_MECHANIC,True,True,34.561695657605455,False,1.168764193223199
UADO,inc_00278,278,FUEL_PUMP,BRAKE_PAD_WORN,prov_001_TOW_HEAVY,True,False,94.17033036852578,False,2.1778821880412824
UADO,inc_00279,279,BATTERY_JUMP,FUEL_PUMP,prov_014_MOBILE_MECHANIC,True,False,23.635020621859496,False,1.6460290703002718
UADO,inc_00280,280,BATTERY_JUMP,FUEL_PUMP,prov_012_TOW_HEAVY,True,False,21.98696395734984,False,1.1937454894423547
UADO,inc_00281,281,BATTERY_REPLACE,STARTER_MOTOR,prov_018_TOW_LIGHT,True,False,31.87402520410889,False,2.107309931552524
UADO,inc_00282,282,ALTERNATOR_ISSUE,BRAKE_PAD_WORN,prov_015_TOW_HEAVY,True,False,63.13901574319939,False,1.9626803179294074
UADO,inc_00283,283,BELT_BROKEN,BRAKE_PAD_WORN,prov_013_MOBILE_MECHANIC,True,False,32.36416987147766,False,2.3092962483809627
UADO,inc_00284,284,IGNITION_SYSTEM,BRAKE_PAD_WORN,prov_014_MOBILE_MECHANIC,True,False,67.65891185709148,False,2.1739556375638407
UADO,inc_00285,285,STARTER_MOTOR,FUEL_PUMP,prov_016_MOBILE_MECHANIC,True,False,63.68543657810165,False,1.8147032316926737
UADO,inc_00286,286,CLUTCH_WORN,BRAKE_PAD_WORN,prov_005_TOW_LIGHT,True,False,156.168387733635,False,1.949943250007106
UADO,inc_00287,287,ALTERNATOR_ISSUE,BRAKE_PAD_WORN,prov_012_TOW_HEAVY,True,False,67.90902256636714,False,1.9908222243992546
UADO,inc_00288,288,CLUTCH_WORN,TRANSMISSION_ISSUE,prov_011_TOW_LIGHT,True,False,158.7103343964567,False,1.267234020123082
UADO,inc_00289,289,BATTERY_JUMP,BATTERY_JUMP,prov_009_TOW_LIGHT,True,True,18.561427071748938,False,1.473599314405968
UADO,inc_00290,290,FUEL_FILTER_CLOGGED,FUEL_FILTER_CLOGGED,prov_012_TOW_HEAVY,True,True,31.58281389317137,False,2.0734097488211476
UADO,inc_00291,291,FUEL_PUMP,BRAKE_PAD_WORN,prov_015_TOW_HEAVY,True,False,95.53646621035507,False,0.0
UADO,inc_00292,292,SEVERE_MECHANICAL_TOW,BRAKE_PAD_WORN,prov_001_TOW_HEAVY,True,False,42.40044479333588,False,2.0031167273386155
UADO,inc_00293,293,IGNITION_SYSTEM,FUEL_PUMP,prov_002_MOBILE_MECHANIC,True,False,62.23678240973539,False,1.6210606781439718
UADO,inc_00294,294,TRANSMISSION_ISSUE,TRANSMISSION_ISSUE,prov_005_TOW_LIGHT,True,True,186.0663705117393,False,1.3709901173207366
UADO,inc_00295,295,BATTERY_JUMP,BATTERY_JUMP,prov_002_MOBILE_MECHANIC,True,True,18.437889675888474,False,1.4486371360132662
UADO,inc_00296,296,BATTERY_REPLACE,STARTER_MOTOR,prov_011_TOW_LIGHT,True,False,36.76244904274914,False,1.630547008110902
UADO,inc_00297,297,IGNITION_SYSTEM,BATTERY_JUMP,prov_014_MOBILE_MECHANIC,True,False,64.25941666020462,False,1.0270384437390414
UADO,inc_00298,298,BATTERY_REPLACE,BRAKE_PAD_WORN,prov_001_TOW_HEAVY,True,False,34.25272741721053,False,2.0781187741362377
UADO,inc_00299,299,TRANSMISSION_ISSUE,TRANSMISSION_ISSUE,prov_012_TOW_HEAVY,True,True,183.22755759631258,False,1.4240848957186187
UADO,inc_00300,300,TRANSMISSION_ISSUE,TRANSMISSION_ISSUE,prov_005_TOW_LIGHT,True,True,185.1542203733398,False,1.3726401551887921
UADO,inc_00301,301,BRAKE_PAD_WORN,BRAKE_PAD_WORN,prov_002_MOBILE_MECHANIC,True,True,64.94964805678048,False,0.8327386028930365
UADO,inc_00302,302,BRAKE_PAD_WORN,BRAKE_PAD_WORN,prov_002_MOBILE_MECHANIC,True,True,64.6706783337693,False,0.9168026937923839
UADO,inc_00303,303,IGNITION_SYSTEM,BRAKE_PAD_WORN,prov_006_TOW_LIGHT,True,False,63.361545031139315,False,2.183911946503194
UADO,inc_00304,304,STARTER_MOTOR,FUEL_PUMP,prov_011_TOW_LIGHT,True,False,60.15216335631943,False,1.8389066887477983
UADO,inc_00305,305,COOLANT_LOW,RADIATOR_FAN_ISSUE,prov_001_TOW_HEAVY,True,False,11.308124264726633,False,1.5274287965801352
UADO,inc_00306,306,BATTERY_JUMP,BATTERY_JUMP,prov_015_TOW_HEAVY,True,True,18.308813020669305,False,1.4239330617536479
UADO,inc_00307,307,BELT_BROKEN,BRAKE_PAD_WORN,prov_002_MOBILE_MECHANIC,True,False,33.229668741699925,False,2.360051479328134
UADO,inc_00308,308,BELT_BROKEN,BELT_BROKEN,prov_002_MOBILE_MECHANIC,True,True,38.79580636046174,False,1.1459533495005991
UADO,inc_00309,309,TRANSMISSION_ISSUE,BRAKE_PAD_WORN,prov_001_TOW_HEAVY,True,False,183.32372160162677,False,1.935253201991336
UADO,inc_00310,310,SEVERE_MECHANICAL_TOW,BELT_BROKEN,prov_012_TOW_HEAVY,True,False,39.98637840075384,False,1.9159484967872675
UADO,inc_00311,311,BATTERY_REPLACE,STARTER_MOTOR,prov_014_MOBILE_MECHANIC,True,False,36.43008851454406,False,2.045670833253928
UADO,inc_00312,312,TRANSMISSION_ISSUE,BRAKE_PAD_WORN,prov_018_TOW_LIGHT,True,False,185.47155702576288,False,1.9240196695176999
UADO,inc_00313,313,IGNITION_SYSTEM,FUEL_PUMP,prov_014_MOBILE_MECHANIC,True,False,65.46442989543856,False,1.719981227030013
UADO,inc_00314,314,CLUTCH_WORN,TRANSMISSION_ISSUE,prov_012_TOW_HEAVY,True,False,153.57966961977542,False,1.2201472426370494
UADO,inc_00315,315,TRANSMISSION_ISSUE,TRANSMISSION_ISSUE,prov_005_TOW_LIGHT,True,True,182.62897299200685,False,1.3697017835566763
UADO,inc_00316,316,BATTERY_REPLACE,STARTER_MOTOR,prov_006_TOW_LIGHT,True,False,31.54586836990869,False,2.0108900562233183
UADO,inc_00317,317,BATTERY_REPLACE,BATTERY_REPLACE,prov_010_TOW_LIGHT,True,True,34.84269061559591,False,1.213267604306694
UADO,inc_00318,318,FUEL_FILTER_CLOGGED,BRAKE_PAD_WORN,prov_015_TOW_HEAVY,True,False,33.866476648533876,False,2.35726683195385
UADO,inc_00319,319,BATTERY_JUMP,BATTERY_JUMP,prov_015_TOW_HEAVY,True,True,19.139422291502893,False,1.3996068001668835
UADO,inc_00320,320,BATTERY_REPLACE,BATTERY_REPLACE,prov_010_TOW_LIGHT,True,True,32.03085375709986,False,1.1596116760171586
UADO,inc_00321,321,ALTERNATOR_ISSUE,BELT_BROKEN,prov_017_MOBILE_MECHANIC,True,False,61.93455784695842,False,1.2221269285900154
UADO,inc_00322,322,BATTERY_REPLACE,BATTERY_REPLACE,prov_001_TOW_HEAVY,True,True,36.98580022238985,False,1.1079844368839886
UADO,inc_00323,323,BATTERY_JUMP,BATTERY_JUMP,prov_017_MOBILE_MECHANIC,True,True,22.548641075287485,False,1.3757500211641405
UADO,inc_00324,324,BATTERY_JUMP,BATTERY_JUMP,prov_012_TOW_HEAVY,True,True,17.09668959420104,False,1.352431400319381
UADO,inc_00325,325,STARTER_MOTOR,FUEL_PUMP,prov_011_TOW_LIGHT,True,False,60.30539320889293,False,1.850719693254767
UADO,inc_00326,326,IGNITION_SYSTEM,FUEL_PUMP,prov_016_MOBILE_MECHANIC,True,False,64.00285525597307,False,1.727389026576622
UADO,inc_00327,327,RADIATOR_FAN_ISSUE,RADIATOR_FAN_ISSUE,prov_003_TOW_LIGHT,True,True,48.10816281417653,False,0.0
UADO,inc_00328,328,ALTERNATOR_ISSUE,BELT_BROKEN,prov_002_MOBILE_MECHANIC,True,False,63.250271952770724,False,1.9092610661721945
UADO,inc_00329,329,IGNITION_SYSTEM,FUEL_PUMP,prov_011_TOW_LIGHT,True,False,63.19135188990406,False,1.8525251343981957
UADO,inc_00330,330,BRAKE_FAILURE,BRAKE_FAILURE,prov_011_TOW_LIGHT,True,True,94.35156130856063,False,0.9381064187541461
UADO,inc_00331,331,BATTERY_REPLACE,BATTERY_JUMP,prov_011_TOW_LIGHT,True,False,32.03353534172035,False,0.0
UADO,inc_00332,332,ENGINE_OVERHEAT_SEVERE,BRAKE_PAD_WORN,prov_010_TOW_LIGHT,True,False,122.23181805142917,False,1.9063673294582208
UADO,inc_00333,333,BRAKE_PAD_WORN,BRAKE_PAD_WORN,prov_007_MOBILE_MECHANIC,True,True,62.68609116678471,False,0.7960733492735562
UADO,inc_00334,334,ELECTRICAL_FAULT_RAIN,BATTERY_REPLACE,prov_017_MOBILE_MECHANIC,True,False,93.65683254392795,False,1.8610591390480635
UADO,inc_00335,335,IGNITION_SYSTEM,FUEL_PUMP,prov_014_MOBILE_MECHANIC,True,False,64.16827876865074,False,1.7264974497950085
UADO,inc_00336,336,BATTERY_REPLACE,BATTERY_REPLACE,prov_010_TOW_LIGHT,True,True,34.45322687013398,False,1.9094906264030007
UADO,inc_00337,337,BATTERY_REPLACE,BATTERY_REPLACE,prov_011_TOW_LIGHT,True,True,30.6300928458149,False,1.872986032890186
UADO,inc_00338,338,STARTER_MOTOR,BRAKE_PAD_WORN,prov_002_MOBILE_MECHANIC,True,False,65.39091340125664,False,1.9068852789924404
UADO,inc_00339,339,CLUTCH_WORN,TRANSMISSION_ISSUE,prov_012_TOW_HEAVY,True,False,156.10107964672412,False,1.2476987437943239
UADO,inc_00340,340,BATTERY_REPLACE,BRAKE_PAD_WORN,prov_001_TOW_HEAVY,True,False,35.73750152817357,False,1.337705131289294
UADO,inc_00341,341,ALTERNATOR_ISSUE,BELT_BROKEN,prov_012_TOW_HEAVY,True,False,60.981203704188566,False,1.9126192568753937
UADO,inc_00342,342,RADIATOR_FAN_ISSUE,RADIATOR_FAN_ISSUE,prov_017_MOBILE_MECHANIC,True,True,51.1373186361994,False,1.5496906076251427
UADO,inc_00343,343,BELT_BROKEN,BELT_BROKEN,prov_012_TOW_HEAVY,True,True,32.546785825769604,False,1.9069563302064307
UADO,inc_00344,344,RADIATOR_HOSE_LEAK,RADIATOR_HOSE_LEAK,prov_006_TOW_LIGHT,True,True,39.06898222092555,False,1.5609662682893664
UADO,inc_00345,345,STARTER_MOTOR,FUEL_PUMP,prov_015_TOW_HEAVY,True,False,68.72049641428362,False,1.8987643344336553
UADO,inc_00346,346,ALTERNATOR_ISSUE,BRAKE_PAD_WORN,prov_007_MOBILE_MECHANIC,True,False,60.44771312935462,False,2.331889447231114
UADO,inc_00347,347,BELT_BROKEN,BELT_BROKEN,prov_016_MOBILE_MECHANIC,True,True,36.66450630131604,False,1.84194347995972
UADO,inc_00348,348,FUEL_FILTER_CLOGGED,FUEL_FILTER_CLOGGED,prov_001_TOW_HEAVY,True,True,30.267032250136854,False,1.967828369007322
UADO,inc_00349,349,FUEL_PUMP,FUEL_PUMP,prov_014_MOBILE_MECHANIC,True,True,94.6814709194674,False,1.7192360352142284
UADO,inc_00350,350,BRAKE_PAD_WORN,BRAKE_PAD_WORN,prov_002_MOBILE_MECHANIC,True,True,66.81960681923744,False,0.7595731207237496
UADO,inc_00351,351,ELECTRICAL_FAULT_RAIN,BATTERY_REPLACE,prov_011_TOW_LIGHT,True,False,96.05409136727225,False,1.8363652826456374
UADO,inc_00352,352,BATTERY_JUMP,FUEL_PUMP,prov_012_TOW_HEAVY,True,False,20.880685200795483,False,1.6645840042359739
UADO,inc_00353,353,ALTERNATOR_ISSUE,BELT_BROKEN,prov_012_TOW_HEAVY,True,False,73.9258601417045,False,1.896418698801654
UADO,inc_00354,354,BATTERY_JUMP,BATTERY_JUMP,prov_016_MOBILE_MECHANIC,True,True,16.027258380040244,False,1.3297008076941021
UADO,inc_00355,355,TRANSMISSION_ISSUE,BRAKE_PAD_WORN,prov_006_TOW_LIGHT,True,False,183.75917789845928,False,1.8953791834797953
UADO,inc_00356,356,BRAKE_PAD_WORN,BRAKE_PAD_WORN,prov_016_MOBILE_MECHANIC,True,True,65.18226330781238,False,0.9168026937923839
UADO,inc_00357,357,ELECTRICAL_FAULT_RAIN,BATTERY_REPLACE,prov_001_TOW_HEAVY,True,False,95.39517627015006,False,1.8762344512463338
UADO,inc_00358,358,ALTERNATOR_ISSUE,BELT_BROKEN,prov_002_MOBILE_MECHANIC,True,False,66.32688771177865,False,1.8294368310066997
UADO,inc_00359,359,RADIATOR_HOSE_LEAK,ENGINE_OVERHEAT_SEVERE,prov_006_TOW_LIGHT,True,False,39.0171048408739,False,0.0
UADO,inc_00360,360,SEVERE_MECHANICAL_TOW,BRAKE_PAD_WORN,prov_014_MOBILE_MECHANIC,False,False,81.22015829673805,True,0.0
UADO,inc_00361,361,BATTERY_REPLACE,BATTERY_REPLACE,prov_001_TOW_HEAVY,True,True,34.70799658896849,False,1.8991925140908377
UADO,inc_00362,362,BRAKE_PAD_WORN,BRAKE_PAD_WORN,prov_011_TOW_LIGHT,True,True,60.863833319361156,False,0.7236053439767575
UADO,inc_00363,363,BATTERY_REPLACE,BATTERY_JUMP,prov_005_TOW_LIGHT,True,False,38.895775038630894,False,1.523545295410909
UADO,inc_00364,364,BATTERY_REPLACE,BATTERY_REPLACE,prov_014_MOBILE_MECHANIC,True,True,35.94173411658887,False,1.1205600546193928
UADO,inc_00365,365,BELT_BROKEN,BRAKE_PAD_WORN,prov_012_TOW_HEAVY,True,False,37.22101422950102,False,2.297799062668702
UADO,inc_00366,366,BATTERY_REPLACE,BATTERY_REPLACE,prov_001_TOW_HEAVY,True,True,34.1534249997123,False,1.0774056282316993
UADO,inc_00367,367,ELECTRICAL_FAULT_RAIN,BATTERY_REPLACE,prov_002_MOBILE_MECHANIC,True,False,94.10960933079748,False,1.8026759951825748
UADO,inc_00368,368,BATTERY_JUMP,BATTERY_JUMP,prov_012_TOW_HEAVY,True,True,21.89090802527404,False,1.307592785802069
UADO,inc_00369,369,BRAKE_PAD_WORN,BRAKE_PAD_WORN,prov_015_TOW_HEAVY,True,True,65.42437235662413,False,0.688445105537264
UADO,inc_00370,370,ELECTRICAL_FAULT_RAIN,BATTERY_REPLACE,prov_002_MOBILE_MECHANIC,True,False,95.1794117696314,False,1.0068929466715897
UADO,inc_00371,371,ELECTRICAL_FAULT_RAIN,BATTERY_REPLACE,prov_001_TOW_HEAVY,True,False,91.55087612317612,False,1.8300013475613643
UADO,inc_00372,372,COOLANT_LOW,BRAKE_PAD_WORN,prov_011_TOW_LIGHT,True,False,13.262716215874512,False,1.9350102205446333
UADO,inc_00373,373,BATTERY_REPLACE,BATTERY_REPLACE,prov_017_MOBILE_MECHANIC,True,True,35.38727767950849,False,1.8452604601429783
UADO,inc_00374,374,BRAKE_FAILURE,BRAKE_FAILURE,prov_010_TOW_LIGHT,True,True,95.06308313777228,False,0.9044805895438773
UADO,inc_00375,375,TRANSMISSION_ISSUE,TRANSMISSION_ISSUE,prov_001_TOW_HEAVY,True,True,185.53117392439296,False,1.3542744786686696
UADO,inc_00376,376,BATTERY_REPLACE,BATTERY_REPLACE,prov_010_TOW_LIGHT,True,True,31.861714947045083,False,1.015198309448009
UADO,inc_00377,377,ENGINE_OVERHEAT_SEVERE,RADIATOR_HOSE_LEAK,prov_009_TOW_LIGHT,True,False,124.39602617386178,False,0.0
UADO,inc_00378,378,ELECTRICAL_FAULT_RAIN,BATTERY_REPLACE,prov_001_TOW_HEAVY,True,False,98.50622722719066,False,1.818155165272108
UADO,inc_00379,379,FUEL_FILTER_CLOGGED,BRAKE_PAD_WORN,prov_001_TOW_HEAVY,True,False,33.312581089165455,False,2.289808852979606
UADO,inc_00380,380,FUEL_FILTER_CLOGGED,BRAKE_PAD_WORN,prov_018_TOW_LIGHT,True,False,29.600395277960807,False,1.0278344570539097
UADO,inc_00381,381,STARTER_MOTOR,FUEL_PUMP,prov_001_TOW_HEAVY,True,False,64.54578845979472,False,1.8843846426910078
UADO,inc_00382,382,BRAKE_PAD_WORN,BRAKE_PAD_WORN,prov_011_TOW_LIGHT,True,True,67.03840626355083,False,0.6542942386626487
UADO,inc_00383,383,STARTER_MOTOR,FUEL_PUMP,prov_013_MOBILE_MECHANIC,True,False,63.472106802440315,False,0.0
UADO,inc_00384,384,COOLANT_LOW,BRAKE_PAD_WORN,prov_015_TOW_HEAVY,True,False,15.586299877024892,False,1.9326990308662382
UADO,inc_00385,385,TRANSMISSION_ISSUE,BRAKE_PAD_WORN,prov_010_TOW_LIGHT,True,False,181.75063134477145,False,1.8838456243542412
UADO,inc_00386,386,BATTERY_TERMINAL_CLEAN,BATTERY_REPLACE,prov_001_TOW_HEAVY,True,False,15.651624472395172,False,1.8292718416086653
UADO,inc_00387,387,RADIATOR_HOSE_LEAK,BRAKE_PAD_WORN,prov_016_MOBILE_MECHANIC,True,False,36.157745585562836,False,0.0
UADO,inc_00388,388,BELT_BROKEN,BRAKE_PAD_WORN,prov_014_MOBILE_MECHANIC,True,False,32.911352203132616,False,2.3038576073433403
UADO,inc_00389,389,BATTERY_JUMP,BATTERY_JUMP,prov_002_MOBILE_MECHANIC,True,True,21.51151416098387,False,1.2861294363742595
UADO,inc_00390,390,TRANSMISSION_ISSUE,TRANSMISSION_ISSUE,prov_015_TOW_HEAVY,True,True,184.50775448714086,False,1.1756517419264174
UADO,inc_00391,391,COOLANT_LOW,BRAKE_PAD_WORN,prov_006_TOW_LIGHT,True,False,13.471083906954828,False,1.9228094169255736
UADO,inc_00392,392,ELECTRICAL_FAULT_RAIN,BATTERY_JUMP,prov_016_MOBILE_MECHANIC,True,False,96.10718502058393,False,1.227048872644227
UADO,inc_00393,393,ENGINE_OVERHEAT_SEVERE,BRAKE_PAD_WORN,prov_006_TOW_LIGHT,True,False,122.3773457611847,False,1.0270384437390414
UADO,inc_00394,394,BRAKE_FAILURE,BRAKE_FAILURE,prov_001_TOW_HEAVY,True,True,92.14933779264284,False,0.8690848815084931
UADO,inc_00395,395,IGNITION_SYSTEM,BRAKE_PAD_WORN,prov_001_TOW_HEAVY,True,False,65.28752110039224,False,1.6918232431591789
UADO,inc_00396,396,IGNITION_SYSTEM,FUEL_PUMP,prov_014_MOBILE_MECHANIC,True,False,61.917902391531484,False,1.7011345698875773
UADO,inc_00397,397,BATTERY_JUMP,BRAKE_PAD_WORN,prov_002_MOBILE_MECHANIC,True,False,19.270991614900282,False,2.1260358708196425
UADO,inc_00398,398,BATTERY_TERMINAL_CLEAN,BATTERY_REPLACE,prov_017_MOBILE_MECHANIC,True,False,17.343665711797556,False,1.9386120980024384
UADO,inc_00399,399,RADIATOR_FAN_ISSUE,RADIATOR_FAN_ISSUE,prov_002_MOBILE_MECHANIC,True,True,45.83906484908156,False,1.5268484406198146
UADO,inc_00400,400,FUEL_PUMP,FUEL_PUMP,prov_018_TOW_LIGHT,True,True,90.95377455133686,False,1.7232844231828879
UADO,inc_00401,401,COOLANT_LOW,BRAKE_PAD_WORN,prov_001_TOW_HEAVY,True,False,14.917962342006062,False,1.9348581336540533
UADO,inc_00402,402,FUEL_PUMP,STARTER_MOTOR,prov_014_MOBILE_MECHANIC,True,False,95.64459640233343,False,0.0
UADO,inc_00403,403,ALTERNATOR_ISSUE,BELT_BROKEN,prov_016_MOBILE_MECHANIC,True,False,61.91233229096088,False,1.9105538030819182
UADO,inc_00404,404,BRAKE_FAILURE,BRAKE_FAILURE,prov_018_TOW_LIGHT,True,True,100.20146287277966,False,0.8327386028930365
UADO,inc_00405,405,CLUTCH_WORN,TRANSMISSION_ISSUE,prov_006_TOW_LIGHT,True,False,159.80321683471993,False,1.3284446062669586
UADO,inc_00406,406,BATTERY_REPLACE,BATTERY_REPLACE,prov_002_MOBILE_MECHANIC,True,True,30.829085892173943,False,1.3498508460414524
UADO,inc_00407,407,ELECTRICAL_FAULT_RAIN,BATTERY_REPLACE,prov_012_TOW_HEAVY,True,False,97.74269807841078,False,1.9762964936584981
UADO,inc_00408,408,ALTERNATOR_ISSUE,BELT_BROKEN,prov_012_TOW_HEAVY,True,False,62.473266464742224,False,1.7552563059759017
UADO,inc_00409,409,CLUTCH_WORN,TRANSMISSION_ISSUE,prov_012_TOW_HEAVY,True,False,158.21829358506233,False,1.131035971181863
UADO,inc_00410,410,IGNITION_SYSTEM,FUEL_PUMP,prov_016_MOBILE_MECHANIC,True,False,67.71503706684815,False,1.67291033508657
UADO,inc_00411,411,BATTERY_JUMP,BATTERY_JUMP,prov_009_TOW_LIGHT,True,True,16.300497493303283,False,1.2653228150874904
UADO,inc_00412,412,BATTERY_TERMINAL_CLEAN,BATTERY_REPLACE,prov_002_MOBILE_MECHANIC,True,False,17.592913047087528,False,1.274592028898925
UADO,inc_00413,413,IGNITION_SYSTEM,FUEL_PUMP,prov_016_MOBILE_MECHANIC,True,False,66.04286247202839,False,1.6726632731174016
UADO,inc_00414,414,SEVERE_MECHANICAL_TOW,BELT_BROKEN,prov_012_TOW_HEAVY,True,False,32.69492076552213,False,1.9134875730546859
UADO,inc_00415,415,FUEL_PUMP,FUEL_PUMP,prov_017_MOBILE_MECHANIC,True,True,92.67779439060821,False,1.7417219121083118
UADO,inc_00416,416,IGNITION_SYSTEM,BRAKE_PAD_WORN,prov_001_TOW_HEAVY,True,False,62.322845423346166,False,0.0
UADO,inc_00417,417,SEVERE_MECHANICAL_TOW,BELT_BROKEN,prov_013_MOBILE_MECHANIC,False,False,76.14581693153129,True,1.8973734784365766
UADO,inc_00418,418,BELT_BROKEN,BRAKE_PAD_WORN,prov_003_TOW_LIGHT,True,False,33.00169703872268,False,1.5209916985618104
UADO,inc_00419,419,RADIATOR_FAN_ISSUE,FUEL_FILTER_CLOGGED,prov_006_TOW_LIGHT,True,False,49.2473005171287,False,1.0278344570539097
UADO,inc_00420,420,BRAKE_FAILURE,BRAKE_PAD_WORN,prov_001_TOW_HEAVY,True,False,93.79993973261207,False,0.0
UADO,inc_00421,421,BATTERY_REPLACE,BATTERY_REPLACE,prov_012_TOW_HEAVY,True,True,31.80018700865296,False,0.0
UADO,inc_00422,422,BRAKE_FAILURE,BRAKE_FAILURE,prov_011_TOW_LIGHT,True,True,94.17414983182658,False,0.0
UADO,inc_00423,423,RADIATOR_FAN_ISSUE,BRAKE_PAD_WORN,prov_012_TOW_HEAVY,True,False,52.5319662453192,False,1.9157092918039849
UADO,inc_00424,424,ALTERNATOR_ISSUE,BRAKE_PAD_WORN,prov_010_TOW_LIGHT,True,False,63.4463508837524,False,1.6349822524256556
UADO,inc_00425,425,BATTERY_REPLACE,BATTERY_REPLACE,prov_011_TOW_LIGHT,True,True,34.132797292391345,False,1.9817089296730153
UADO,inc_00426,426,ALTERNATOR_ISSUE,BELT_BROKEN,prov_014_MOBILE_MECHANIC,True,False,64.22724989380535,False,1.7583463634770955
UADO,inc_00427,427,BATTERY_JUMP,FUEL_PUMP,prov_012_TOW_HEAVY,True,False,21.02231780353056,False,0.0
UADO,inc_00428,428,ALTERNATOR_ISSUE,FUEL_FILTER_CLOGGED,prov_002_MOBILE_MECHANIC,True,False,67.11009671024264,False,1.867201553120705
UADO,inc_00429,429,ELECTRICAL_FAULT_RAIN,BATTERY_REPLACE,prov_012_TOW_HEAVY,True,False,90.95281719884213,False,1.9568282164876014
UADO,inc_00430,430,RADIATOR_FAN_ISSUE,RADIATOR_FAN_ISSUE,prov_016_MOBILE_MECHANIC,True,True,48.19463801967348,False,1.4257041280358675
UADO,inc_00431,431,BATTERY_JUMP,BRAKE_PAD_WORN,prov_015_TOW_HEAVY,True,False,18.419619317369392,False,1.337705131289294
UADO,inc_00432,432,SEVERE_MECHANICAL_TOW,BELT_BROKEN,prov_015_TOW_HEAVY,True,False,37.32157544532418,False,1.8769739303909891
UADO,inc_00433,433,TRANSMISSION_ISSUE,TRANSMISSION_ISSUE,prov_012_TOW_HEAVY,True,True,181.72816487278618,False,1.1617481533467438
UADO,inc_00434,434,BRAKE_PAD_WORN,BRAKE_PAD_WORN,prov_002_MOBILE_MECHANIC,True,True,64.21774653532586,False,0.6212964578119398
UADO,inc_00435,435,BATTERY_REPLACE,BRAKE_PAD_WORN,prov_005_TOW_LIGHT,True,False,35.54189518807896,False,1.7836926718002397
UADO,inc_00436,436,IGNITION_SYSTEM,FUEL_PUMP,prov_014_MOBILE_MECHANIC,True,False,61.94468498527082,False,1.6666201491915982
UADO,inc_00437,437,BATTERY_JUMP,BRAKE_PAD_WORN,prov_012_TOW_HEAVY,True,False,18.19708790440457,False,2.0714129503885443
UADO,inc_00438,438,SEVERE_MECHANICAL_TOW,BRAKE_PAD_WORN,prov_002_MOBILE_MECHANIC,False,False,78.51221097271574,True,1.397413692975578
UADO,inc_00439,439,ENGINE_OVERHEAT_SEVERE,BRAKE_PAD_WORN,prov_003_TOW_LIGHT,True,False,122.8555938787494,False,1.9338840614962125
UADO,inc_00440,440,BELT_BROKEN,BELT_BROKEN,prov_011_TOW_LIGHT,True,True,34.002758570896155,False,1.7462596185254151
UADO,inc_00441,441,CLUTCH_WORN,BRAKE_PAD_WORN,prov_006_TOW_LIGHT,True,False,155.54654879229355,False,1.829465762740793
UADO,inc_00442,442,BRAKE_PAD_WORN,BRAKE_PAD_WORN,prov_014_MOBILE_MECHANIC,True,True,69.8431883198927,False,0.5895494229570297
UADO,inc_00443,443,ELECTRICAL_FAULT_RAIN,BATTERY_REPLACE,prov_002_MOBILE_MECHANIC,True,False,95.09204895521647,False,1.9593015424883617
UADO,inc_00444,444,IGNITION_SYSTEM,BATTERY_JUMP,prov_002_MOBILE_MECHANIC,True,False,63.54523993505424,False,1.2333152153862337
UADO,inc_00445,445,RADIATOR_HOSE_LEAK,ENGINE_OVERHEAT_SEVERE,prov_010_TOW_LIGHT,True,False,32.84065010014443,False,0.0
UADO,inc_00446,446,BRAKE_PAD_WORN,BRAKE_PAD_WORN,prov_012_TOW_HEAVY,True,True,63.73288554309704,False,0.5591143962541069
UADO,inc_00447,447,RADIATOR_FAN_ISSUE,BRAKE_PAD_WORN,prov_001_TOW_HEAVY,True,False,52.484707631614945,False,0.0
UADO,inc_00448,448,FUEL_PUMP,BRAKE_PAD_WORN,prov_011_TOW_LIGHT,True,False,95.75661783008941,False,1.3939540969027593
UADO,inc_00449,449,BRAKE_PAD_WORN,BRAKE_PAD_WORN,prov_002_MOBILE_MECHANIC,True,True,63.846006775243815,False,0.530023995317209
UADO,inc_00450,450,FUEL_PUMP,BATTERY_JUMP,prov_013_MOBILE_MECHANIC,True,False,92.05224791844209,False,1.5300406083250675
UADO,inc_00451,451,BRAKE_FAILURE,BRAKE_FAILURE,prov_011_TOW_LIGHT,True,True,100.21234214904321,False,0.7960733492735562
UADO,inc_00452,452,ALTERNATOR_ISSUE,BELT_BROKEN,prov_011_TOW_LIGHT,True,False,64.30450260029158,False,1.7038732165199568
UADO,inc_00453,453,ENGINE_OVERHEAT_SEVERE,BRAKE_PAD_WORN,prov_005_TOW_LIGHT,True,False,122.51747080891299,False,1.919685146899619
UADO,inc_00454,454,BATTERY_JUMP,BATTERY_JUMP,prov_011_TOW_LIGHT,True,True,17.64945101652508,False,1.2451769165447075
UADO,inc_00455,455,BRAKE_PAD_WORN,BRAKE_PAD_WORN,prov_002_MOBILE_MECHANIC,True,True,65.12369749022682,False,0.5022884315127042
UADO,inc_00456,456,BATTERY_TERMINAL_CLEAN,BRAKE_PAD_WORN,prov_002_MOBILE_MECHANIC,True,False,15.642923492312642,False,1.6191224567966398
UADO,inc_00457,457,BRAKE_PAD_WORN,BRAKE_PAD_WORN,prov_002_MOBILE_MECHANIC,True,True,64.84323319212551,False,0.980136740113825
UADO,inc_00458,458,CLUTCH_WORN,BRAKE_PAD_WORN,prov_018_TOW_LIGHT,True,False,154.86619828951913,False,1.8288759063766302
UADO,inc_00459,459,ELECTRICAL_FAULT_RAIN,BRAKE_PAD_WORN,prov_012_TOW_HEAVY,True,False,92.11940750648564,False,1.502157728862155
UADO,inc_00460,460,BRAKE_PAD_WORN,BRAKE_PAD_WORN,prov_001_TOW_HEAVY,True,True,64.26003225998886,False,0.4759005356202413
UADO,inc_00461,461,BATTERY_JUMP,BATTERY_JUMP,prov_016_MOBILE_MECHANIC,True,True,18.57244959254573,False,1.2256893178749693
UADO,inc_00462,462,ELECTRICAL_FAULT_RAIN,BATTERY_REPLACE,prov_002_MOBILE_MECHANIC,True,False,93.40708365372903,False,1.9554793449542789
UADO,inc_00463,463,STARTER_MOTOR,BRAKE_PAD_WORN,prov_010_TOW_LIGHT,True,False,64.28006994155722,False,1.8650827523461377
UADO,inc_00464,464,RADIATOR_FAN_ISSUE,COOLANT_LOW,prov_002_MOBILE_MECHANIC,True,False,52.465740248703945,False,1.2855659538892574
UADO,inc_00465,465,IGNITION_SYSTEM,BRAKE_PAD_WORN,prov_009_TOW_LIGHT,True,False,63.98062436124151,False,0.0
UADO,inc_00466,466,ELECTRICAL_FAULT_RAIN,BATTERY_REPLACE,prov_007_MOBILE_MECHANIC,True,False,93.94532583462794,False,1.9467499210519406
UADO,inc_00467,467,BATTERY_REPLACE,STARTER_MOTOR,prov_005_TOW_LIGHT,True,False,38.68470058342706,False,1.8272256415477126
UADO,inc_00468,468,IGNITION_SYSTEM,BRAKE_PAD_WORN,prov_017_MOBILE_MECHANIC,True,False,62.92096094561905,False,2.0864761322262053
UADO,inc_00469,469,CLUTCH_WORN,TRANSMISSION_ISSUE,prov_012_TOW_HEAVY,True,False,156.2431755565105,False,1.1684353853671434
UADO,inc_00470,470,COOLANT_LOW,RADIATOR_FAN_ISSUE,prov_016_MOBILE_MECHANIC,True,False,11.419376587246358,False,1.3230013999062362
UADO,inc_00471,471,FUEL_PUMP,FUEL_PUMP,prov_012_TOW_HEAVY,True,True,96.73150825660433,False,1.6773837963322242
UADO,inc_00472,472,FUEL_FILTER_CLOGGED,ALTERNATOR_ISSUE,prov_016_MOBILE_MECHANIC,True,False,33.60621494575761,False,2.1933728578917546
UADO,inc_00473,473,RADIATOR_HOSE_LEAK,RADIATOR_HOSE_LEAK,prov_018_TOW_LIGHT,True,True,41.66253400785904,False,1.5131834140546443
UADO,inc_00474,474,ELECTRICAL_FAULT_RAIN,ELECTRICAL_FAULT_RAIN,prov_017_MOBILE_MECHANIC,True,True,93.27122674300824,False,1.9341828558338168
UADO,inc_00475,475,ALTERNATOR_ISSUE,ALTERNATOR_ISSUE,prov_001_TOW_HEAVY,True,True,61.83749138503147,False,1.633303859102213
UADO,inc_00476,476,IGNITION_SYSTEM,BRAKE_PAD_WORN,prov_013_MOBILE_MECHANIC,True,False,64.4601406111469,False,2.0834550064494977
UADO,inc_00477,477,ALTERNATOR_ISSUE,ALTERNATOR_ISSUE,prov_010_TOW_LIGHT,True,True,62.95201891799551,False,2.1922806944708673
UADO,inc_00478,478,CLUTCH_WORN,BRAKE_PAD_WORN,prov_005_TOW_LIGHT,True,False,155.77126661069812,False,1.8099715779951877
UADO,inc_00479,479,IGNITION_SYSTEM,BRAKE_PAD_WORN,prov_013_MOBILE_MECHANIC,True,False,62.70463520458563,False,0.0
UADO,inc_00480,480,RADIATOR_FAN_ISSUE,FUEL_FILTER_CLOGGED,prov_002_MOBILE_MECHANIC,True,False,52.20099573701022,False,1.9224036564551195
UADO,inc_00481,481,FUEL_FILTER_CLOGGED,FUEL_FILTER_CLOGGED,prov_014_MOBILE_MECHANIC,True,True,32.401628025136944,False,1.7913708793072591
UADO,inc_00482,482,BRAKE_PAD_WORN,BRAKE_PAD_WORN,prov_014_MOBILE_MECHANIC,True,True,66.58361335455879,False,0.45083980835082893
UADO,inc_00483,483,RADIATOR_FAN_ISSUE,RADIATOR_FAN_ISSUE,prov_015_TOW_HEAVY,True,True,45.8113908299968,False,1.2885624086358458
UADO,inc_00484,484,CLUTCH_WORN,BRAKE_PAD_WORN,prov_001_TOW_HEAVY,True,False,153.10579596234612,False,1.7941840727177645
UADO,inc_00485,485,COOLANT_LOW,FUEL_FILTER_CLOGGED,prov_013_MOBILE_MECHANIC,True,False,12.608566543319952,False,1.903917679190551
UADO,inc_00486,486,RADIATOR_FAN_ISSUE,RADIATOR_FAN_ISSUE,prov_017_MOBILE_MECHANIC,True,True,49.452192321238336,False,0.9574429189636
UADO,inc_00487,487,ALTERNATOR_ISSUE,BELT_BROKEN,prov_001_TOW_HEAVY,True,False,69.36830826895878,False,1.8533057086917308
UADO,inc_00488,488,IGNITION_SYSTEM,BRAKE_PAD_WORN,prov_001_TOW_HEAVY,True,False,65.86327021580989,False,1.8686409123162675
UADO,inc_00489,489,BATTERY_TERMINAL_CLEAN,ELECTRICAL_FAULT_RAIN,prov_014_MOBILE_MECHANIC,True,False,17.309687924894487,False,1.9186182585882048
UADO,inc_00490,490,SEVERE_MECHANICAL_TOW,BRAKE_PAD_WORN,prov_001_TOW_HEAVY,True,False,42.609556541258414,False,1.911740130489792
UADO,inc_00491,491,ENGINE_OVERHEAT_SEVERE,RADIATOR_HOSE_LEAK,prov_018_TOW_LIGHT,True,False,128.7994620382497,False,1.462073203977716
UADO,inc_00492,492,ELECTRICAL_FAULT_RAIN,ELECTRICAL_FAULT_RAIN,prov_001_TOW_HEAVY,True,True,95.08539267790002,False,1.9799119507744198
UADO,inc_00493,493,RADIATOR_HOSE_LEAK,ENGINE_OVERHEAT_SEVERE,prov_018_TOW_LIGHT,True,False,39.07574907170239,False,0.0
UADO,inc_00494,494,STARTER_MOTOR,FUEL_PUMP,prov_012_TOW_HEAVY,True,False,62.91623031988279,False,1.8419654958099094
UADO,inc_00495,495,SEVERE_MECHANICAL_TOW,BELT_BROKEN,prov_002_MOBILE_MECHANIC,False,False,79.51133281522215,True,1.5247956020816813
UADO,inc_00496,496,ELECTRICAL_FAULT_RAIN,ELECTRICAL_FAULT_RAIN,prov_002_MOBILE_MECHANIC,True,True,93.77961893566741,False,1.962080124838346
UADO,inc_00497,497,BRAKE_PAD_WORN,BRAKE_PAD_WORN,prov_015_TOW_HEAVY,True,True,63.53750027977678,False,0.42707568373548394
UADO,inc_00498,498,RADIATOR_HOSE_LEAK,BRAKE_PAD_WORN,prov_015_TOW_HEAVY,True,False,36.897801744475466,False,0.0
UADO,inc_00499,499,BRAKE_PAD_WORN,BRAKE_PAD_WORN,prov_012_TOW_HEAVY,True,True,62.57056049463944,False,0.40457015523235546
UADO,inc_00500,500,COOLANT_LOW,RADIATOR_FAN_ISSUE,prov_011_TOW_LIGHT,True,False,13.983092756548162,False,1.2606107741915078
UADO,inc_00501,501,STARTER_MOTOR,FUEL_PUMP,prov_011_TOW_LIGHT,True,False,65.0614164039747,False,0.0
UADO,inc_00502,502,BRAKE_PAD_WORN,BRAKE_PAD_WORN,prov_014_MOBILE_MECHANIC,True,True,65.09339031650553,False,0.3832798846702996
UADO,inc_00503,503,BATTERY_REPLACE,BATTERY_REPLACE,prov_001_TOW_HEAVY,True,True,32.22061835034179,False,1.4283030244383448
UADO,inc_00504,504,CLUTCH_WORN,TRANSMISSION_ISSUE,prov_006_TOW_LIGHT,True,False,155.79421983344054,False,1.1974227294188184
UADO,inc_00505,505,STARTER_MOTOR,FUEL_PUMP,prov_012_TOW_HEAVY,True,False,63.53442660797267,False,1.8159482171542882
UADO,inc_00506,506,BRAKE_PAD_WORN,BRAKE_PAD_WORN,prov_014_MOBILE_MECHANIC,True,True,66.72379818689976,False,0.36315789078720045
UADO,inc_00507,507,BELT_BROKEN,ALTERNATOR_ISSUE,prov_017_MOBILE_MECHANIC,True,False,32.20415986399212,False,2.1825528978277364
UADO,inc_00508,508,ELECTRICAL_FAULT_RAIN,ELECTRICAL_FAULT_RAIN,prov_017_MOBILE_MECHANIC,True,True,93.29158789842445,False,1.9405021920842458
UADO,inc_00509,509,BRAKE_PAD_WORN,BRAKE_PAD_WORN,prov_014_MOBILE_MECHANIC,True,True,66.58167800466157,False,0.34415489562740237
UADO,inc_00510,510,ALTERNATOR_ISSUE,ALTERNATOR_ISSUE,prov_002_MOBILE_MECHANIC,True,True,66.32778043992434,False,1.6032997085171505
UADO,inc_00511,511,CLUTCH_WORN,TRANSMISSION_ISSUE,prov_018_TOW_LIGHT,True,False,154.38237163015424,False,1.1993129359256123
UADO,inc_00512,512,ELECTRICAL_FAULT_RAIN,ELECTRICAL_FAULT_RAIN,prov_017_MOBILE_MECHANIC,True,True,91.86446315584344,False,1.9220332501421
UADO,inc_00513,513,IGNITION_SYSTEM,FUEL_PUMP,prov_002_MOBILE_MECHANIC,True,False,66.43723693124807,False,1.6296485377276535
UADO,inc_00514,514,FUEL_PUMP,FUEL_PUMP,prov_002_MOBILE_MECHANIC,True,True,91.55411209264538,False,1.616414171873644
UADO,inc_00515,515,CLUTCH_WORN,TRANSMISSION_ISSUE,prov_006_TOW_LIGHT,True,False,157.97179150268897,False,1.1984526427626274
UADO,inc_00516,516,ENGINE_OVERHEAT_SEVERE,RADIATOR_HOSE_LEAK,prov_006_TOW_LIGHT,True,False,127.47236164391346,False,1.4620158647177939
UADO,inc_00517,517,IGNITION_SYSTEM,FUEL_PUMP,prov_012_TOW_HEAVY,True,False,63.21790069640401,False,1.583168178615102
UADO,inc_00518,518,BATTERY_REPLACE,ELECTRICAL_FAULT_RAIN,prov_002_MOBILE_MECHANIC,True,False,34.173376033565994,False,1.902132253644266
UADO,inc_00519,519,BATTERY_REPLACE,BATTERY_REPLACE,prov_014_MOBILE_MECHANIC,True,True,35.69370483404916,False,1.3770770478445227
UADO,inc_00520,520,BRAKE_PAD_WORN,BRAKE_PAD_WORN,prov_001_TOW_HEAVY,True,True,64.1693545058738,False,0.32622039232371186
UADO,inc_00521,521,BATTERY_JUMP,BATTERY_JUMP,prov_002_MOBILE_MECHANIC,True,True,22.345159710767344,False,1.2068525378190857
UADO,inc_00522,522,RADIATOR_FAN_ISSUE,BRAKE_PAD_WORN,prov_002_MOBILE_MECHANIC,True,False,48.8438442048269,False,1.8816677080613298
UADO,inc_00523,523,RADIATOR_FAN_ISSUE,RADIATOR_FAN_ISSUE,prov_001_TOW_HEAVY,True,True,48.46129655065819,False,1.2305784376918842
UADO,inc_00524,524,STARTER_MOTOR,BRAKE_PAD_WORN,prov_001_TOW_HEAVY,True,False,67.24959312596965,False,1.7877862856121751
UADO,inc_00525,525,ELECTRICAL_FAULT_RAIN,ELECTRICAL_FAULT_RAIN,prov_012_TOW_HEAVY,True,True,96.29890625506762,False,1.8988062132979393
UADO,inc_00526,526,CLUTCH_WORN,TRANSMISSION_ISSUE,prov_011_TOW_LIGHT,True,False,157.522929664518,False,1.1953437489411536
UADO,inc_00527,527,COOLANT_LOW,BRAKE_PAD_WORN,prov_015_TOW_HEAVY,True,False,19.491041716814806,False,1.8613014721560932
UADO,inc_00528,528,SEVERE_MECHANICAL_TOW,BELT_BROKEN,prov_005_TOW_LIGHT,False,False,80.62246264706434,True,1.7164109858735859
UADO,inc_00529,529,STARTER_MOTOR,BRAKE_PAD_WORN,prov_014_MOBILE_MECHANIC,True,False,64.82179801471318,False,1.7581012874363393
UADO,inc_00530,530,BELT_BROKEN,ALTERNATOR_ISSUE,prov_006_TOW_LIGHT,True,False,33.79856713555772,False,2.162109035586388
UADO,inc_00531,531,ALTERNATOR_ISSUE,BELT_BROKEN,prov_002_MOBILE_MECHANIC,True,False,63.083347324357355,False,1.6762296686260156
UADO,inc_00532,532,BELT_BROKEN,BELT_BROKEN,prov_002_MOBILE_MECHANIC,True,True,36.73074055241702,False,1.6671024889796722
UADO,inc_00533,533,BATTERY_JUMP,BATTERY_JUMP,prov_014_MOBILE_MECHANIC,True,True,20.1020840808364,False,1.188655158647577
UADO,inc_00534,534,ALTERNATOR_ISSUE,BELT_BROKEN,prov_013_MOBILE_MECHANIC,True,False,62.39421624496775,False,1.637376525605311
UADO,inc_00535,535,ENGINE_OVERHEAT_SEVERE,BRAKE_PAD_WORN,prov_012_TOW_HEAVY,True,False,122.10110462839235,False,1.8812751717140928
UADO,inc_00536,536,ALTERNATOR_ISSUE,BRAKE_PAD_WORN,prov_001_TOW_HEAVY,True,False,73.41306089065515,False,1.8868617328606723
UADO,inc_00537,537,BATTERY_JUMP,BATTERY_JUMP,prov_001_TOW_HEAVY,True,True,19.108767197948257,False,1.1710827503675647
UADO,inc_00538,538,BATTERY_JUMP,BRAKE_PAD_WORN,prov_015_TOW_HEAVY,True,False,19.534837059270377,False,1.1937454894423547
UADO,inc_00539,539,BATTERY_JUMP,BATTERY_JUMP,prov_015_TOW_HEAVY,True,True,23.695405765627648,False,1.1541186301265356
UADO,inc_00540,540,BATTERY_JUMP,BATTERY_JUMP,prov_017_MOBILE_MECHANIC,True,True,19.880466325684278,False,1.1377444842784796
UADO,inc_00541,541,FUEL_PUMP,FUEL_PUMP,prov_001_TOW_HEAVY,True,True,92.47445627148035,False,1.7404734110648543
UADO,inc_00542,542,BATTERY_TERMINAL_CLEAN,ELECTRICAL_FAULT_RAIN,prov_012_TOW_HEAVY,True,False,18.373428854845127,False,1.8829613758951318
UADO,inc_00543,543,CLUTCH_WORN,TRANSMISSION_ISSUE,prov_018_TOW_LIGHT,True,False,152.64092433491012,False,1.1904020046727526
UADO,inc_00544,544,BRAKE_FAILURE,BRAKE_FAILURE,prov_005_TOW_LIGHT,True,True,97.50301098296376,False,0.7595731207237497
UADO,inc_00545,545,ALTERNATOR_ISSUE,ALTERNATOR_ISSUE,prov_014_MOBILE_MECHANIC,True,True,64.49212955126345,False,2.1135445980417886
UADO,inc_00546,546,BRAKE_PAD_WORN,BRAKE_PAD_WORN,prov_001_TOW_HEAVY,True,True,60.94895071921919,False,0.3093034859752355
UADO,inc_00547,547,SEVERE_MECHANICAL_TOW,BRAKE_PAD_WORN,prov_001_TOW_HEAVY,True,False,35.728838491102906,False,1.8915552349410223
UADO,inc_00548,548,FUEL_PUMP,FUEL_PUMP,prov_001_TOW_HEAVY,True,True,95.39045253684857,False,1.5718333273058422
UADO,inc_00549,549,SEVERE_MECHANICAL_TOW,BELT_BROKEN,prov_001_TOW_HEAVY,True,False,36.254386050493,False,1.621060678143972
UADO,inc_00550,550,FUEL_PUMP,BRAKE_PAD_WORN,prov_010_TOW_LIGHT,True,False,94.27201771610942,False,1.6333039728168193
UADO,inc_00551,551,RADIATOR_FAN_ISSUE,COOLANT_LOW,prov_002_MOBILE_MECHANIC,True,False,49.5967323799093,False,1.2004920834916482
UADO,inc_00552,552,ELECTRICAL_FAULT_RAIN,BRAKE_PAD_WORN,prov_001_TOW_HEAVY,True,False,98.41149762827916,False,1.691823243159179
UADO,inc_00553,553,BATTERY_JUMP,BRAKE_PAD_WORN,prov_007_MOBILE_MECHANIC,True,False,16.67929329651022,False,1.337705131289294
UADO,inc_00554,554,BRAKE_PAD_WORN,BRAKE_PAD_WORN,prov_014_MOBILE_MECHANIC,True,True,68.74015253457651,False,0.2933535498150073
UADO,inc_00555,555,IGNITION_SYSTEM,FUEL_PUMP,prov_001_TOW_HEAVY,True,False,64.53024018944868,False,1.5395899466538991
UADO,inc_00556,556,RADIATOR_HOSE_LEAK,FUEL_FILTER_CLOGGED,prov_018_TOW_LIGHT,True,False,32.815340047267284,False,1.8536697418474148
UADO,inc_00557,557,FUEL_PUMP,STARTER_MOTOR,prov_011_TOW_LIGHT,True,False,93.2541905073605,False,0.0
UADO,inc_00558,558,BATTERY_JUMP,FUEL_PUMP,prov_016_MOBILE_MECHANIC,True,False,20.94925074009142,False,1.4472901192021514
UADO,inc_00559,559,COOLANT_LOW,BRAKE_PAD_WORN,prov_013_MOBILE_MECHANIC,True,False,13.630515770960995,False,0.0
UADO,inc_00560,560,STARTER_MOTOR,FUEL_PUMP,prov_017_MOBILE_MECHANIC,True,False,61.91354550947241,False,1.7274028983711087
UADO,inc_00561,561,BATTERY_JUMP,BATTERY_JUMP,prov_012_TOW_HEAVY,True,True,20.44604675453411,False,1.1219408760496745
UADO,inc_00562,562,TRANSMISSION_ISSUE,CLUTCH_WORN,prov_018_TOW_LIGHT,True,False,188.81767069253866,False,1.6571675844306806
UADO,inc_00563,563,BRAKE_FAILURE,BRAKE_FAILURE,prov_006_TOW_LIGHT,True,True,98.22782478158322,False,0.0
UADO,inc_00564,564,BELT_BROKEN,ALTERNATOR_ISSUE,prov_001_TOW_HEAVY,True,False,33.74902028351592,False,2.088982682994699
UADO,inc_00565,565,ALTERNATOR_ISSUE,BRAKE_PAD_WORN,prov_001_TOW_HEAVY,True,False,66.10249807783623,False,1.868415260357504
UADO,inc_00566,566,RADIATOR_HOSE_LEAK,RADIATOR_HOSE_LEAK,prov_011_TOW_LIGHT,True,True,35.82229434889509,False,1.405266682184803
UADO,inc_00567,567,BATTERY_REPLACE,ELECTRICAL_FAULT_RAIN,prov_016_MOBILE_MECHANIC,True,False,30.293014193875646,False,1.938740151551786
UADO,inc_00568,568,STARTER_MOTOR,FUEL_PUMP,prov_001_TOW_HEAVY,True,False,63.636580688664964,False,1.6961072003089408
UADO,inc_00569,569,BATTERY_REPLACE,STARTER_MOTOR,prov_011_TOW_LIGHT,True,False,32.43834057772565,False,1.529133046503394
UADO,inc_00570,570,BRAKE_PAD_WORN,BRAKE_PAD_WORN,prov_014_MOBILE_MECHANIC,True,True,69.36183616408852,False,0.278320731161082
UADO,inc_00571,571,STARTER_MOTOR,FUEL_PUMP,prov_011_TOW_LIGHT,True,False,62.44653804087553,False,1.6645520457746823
UADO,inc_00572,572,BATTERY_REPLACE,ELECTRICAL_FAULT_RAIN,prov_018_TOW_LIGHT,True,False,33.628571469326864,False,1.934414438024302
UADO,inc_00573,573,ALTERNATOR_ISSUE,BELT_BROKEN,prov_001_TOW_HEAVY,True,False,66.40129212207518,False,1.5931915580688387
UADO,inc_00574,574,FUEL_PUMP,BATTERY_JUMP,prov_006_TOW_LIGHT,True,False,90.3733731038403,False,0.0
UADO,inc_00575,575,TRANSMISSION_ISSUE,TRANSMISSION_ISSUE,prov_011_TOW_LIGHT,True,True,184.4182188930877,False,1.3954094407868047
UADO,inc_00576,576,IGNITION_SYSTEM,FUEL_PUMP,prov_002_MOBILE_MECHANIC,True,False,64.7872103100561,False,1.5300679204535341
UADO,inc_00577,577,BELT_BROKEN,ALTERNATOR_ISSUE,prov_016_MOBILE_MECHANIC,True,False,33.16678204195932,False,2.065332669469834
UADO,inc_00578,578,ELECTRICAL_FAULT_RAIN,ELECTRICAL_FAULT_RAIN,prov_016_MOBILE_MECHANIC,True,True,96.29216443447683,False,1.9271182708161636
UADO,inc_00579,579,BATTERY_JUMP,BATTERY_JUMP,prov_011_TOW_LIGHT,True,True,18.485844300783683,False,1.1066876579692688
UADO,inc_00580,580,BRAKE_FAILURE,BRAKE_FAILURE,prov_012_TOW_HEAVY,True,True,95.37195971645811,False,0.7236053439767576
UADO,inc_00581,581,TRANSMISSION_ISSUE,TRANSMISSION_ISSUE,prov_010_TOW_LIGHT,True,True,185.87443091644468,False,1.169577642652883
UADO,inc_00582,582,ENGINE_OVERHEAT_SEVERE,BRAKE_PAD_WORN,prov_014_MOBILE_MECHANIC,False,False,169.63836345770244,True,0.0
UADO,inc_00583,583,COOLANT_LOW,BRAKE_PAD_WORN,prov_017_MOBILE_MECHANIC,True,False,12.128227477398642,False,0.0
UADO,inc_00584,584,BATTERY_JUMP,BATTERY_JUMP,prov_010_TOW_LIGHT,True,True,18.050378955482834,False,1.0919643050847376
UADO,inc_00585,585,ELECTRICAL_FAULT_RAIN,BATTERY_REPLACE,prov_010_TOW_LIGHT,True,False,91.11985187797177,False,1.3838061442551948
UADO,inc_00586,586,BATTERY_REPLACE,BATTERY_REPLACE,prov_017_MOBILE_MECHANIC,True,True,31.812209817875413,False,1.4685513978359537
UADO,inc_00587,587,RADIATOR_FAN_ISSUE,BRAKE_PAD_WORN,prov_002_MOBILE_MECHANIC,True,False,47.86886443528697,False,1.2333897947345214
UADO,inc_00588,588,BRAKE_FAILURE,BRAKE_FAILURE,prov_005_TOW_LIGHT,True,True,95.78166751331904,False,0.688445105537264
UADO,inc_00589,589,BRAKE_PAD_WORN,BRAKE_PAD_WORN,prov_001_TOW_HEAVY,True,True,67.09913408305498,False,0.2641563353913119
UADO,inc_00590,590,ELECTRICAL_FAULT_RAIN,ELECTRICAL_FAULT_RAIN,prov_011_TOW_LIGHT,True,True,94.06935645472242,False,1.900970561356471
UADO,inc_00591,591,BRAKE_PAD_WORN,BRAKE_PAD_WORN,prov_012_TOW_HEAVY,True,True,68.318763833174,False,1.015198309448009
UADO,inc_00592,592,RADIATOR_HOSE_LEAK,ENGINE_OVERHEAT_SEVERE,prov_006_TOW_LIGHT,True,False,40.39443525053338,False,0.9574429189636
UADO,inc_00593,593,TRANSMISSION_ISSUE,TRANSMISSION_ISSUE,prov_012_TOW_HEAVY,True,True,185.43785264566228,False,1.1522658687819636
UADO,inc_00594,594,ENGINE_OVERHEAT_SEVERE,BRAKE_PAD_WORN,prov_016_MOBILE_MECHANIC,False,False,169.7416546389238,True,1.221972161710853
UADO,inc_00595,595,RADIATOR_HOSE_LEAK,COOLANT_LOW,prov_005_TOW_LIGHT,True,False,31.05797917499742,False,0.9712721512232277
UADO,inc_00596,596,BRAKE_FAILURE,BRAKE_PAD_WORN,prov_012_TOW_HEAVY,True,False,95.45355187440055,False,0.0
UADO,inc_00597,597,RADIATOR_HOSE_LEAK,BRAKE_PAD_WORN,prov_002_MOBILE_MECHANIC,True,False,32.58301539380049,False,1.2482362941208067
UADO,inc_00598,598,BATTERY_JUMP,FUEL_PUMP,prov_003_TOW_LIGHT,True,False,17.26955372002812,False,1.5181087096806958
UADO,inc_00599,599,IGNITION_SYSTEM,BRAKE_PAD_WORN,prov_002_MOBILE_MECHANIC,True,False,67.19268147547002,False,1.709741198472802
UADO,inc_00600,600,ALTERNATOR_ISSUE,ALTERNATOR_ISSUE,prov_001_TOW_HEAVY,True,True,64.65857508143797,False,1.758560598509412
UADO,inc_00601,601,RADIATOR_FAN_ISSUE,RADIATOR_FAN_ISSUE,prov_010_TOW_LIGHT,True,True,46.53357243419821,False,1.1660684621050499
UADO,inc_00602,602,BATTERY_JUMP,BATTERY_JUMP,prov_002_MOBILE_MECHANIC,True,True,17.311647049502874,False,1.0777501823571978
UADO,inc_00603,603,BATTERY_REPLACE,BATTERY_REPLACE,prov_005_TOW_LIGHT,True,True,36.54122698665887,False,1.3029393666992979
UADO,inc_00604,604,BATTERY_REPLACE,ELECTRICAL_FAULT_RAIN,prov_016_MOBILE_MECHANIC,True,False,31.247868249266148,False,1.8859446780122044
UADO,inc_00605,605,BATTERY_JUMP,FUEL_PUMP,prov_010_TOW_LIGHT,True,False,16.348309508056207,False,1.5741980279905783
UADO,inc_00606,606,STARTER_MOTOR,STARTER_MOTOR,prov_014_MOBILE_MECHANIC,True,True,62.62674254346858,False,1.6330099586648956
UADO,inc_00607,607,CLUTCH_WORN,BRAKE_PAD_WORN,prov_012_TOW_HEAVY,True,False,152.25026947163855,False,1.8981749368725487
UADO,inc_00608,608,STARTER_MOTOR,STARTER_MOTOR,prov_007_MOBILE_MECHANIC,True,True,61.86215634148393,False,1.6016989721868604
UADO,inc_00609,609,BRAKE_PAD_WORN,BRAKE_PAD_WORN,prov_015_TOW_HEAVY,True,True,65.6762322840236,False,0.2508131110871745
UADO,inc_00610,610,IGNITION_SYSTEM,FUEL_PUMP,prov_016_MOBILE_MECHANIC,True,False,65.1588348182926,False,1.6128622687548009
UADO,inc_00611,611,ELECTRICAL_FAULT_RAIN,BATTERY_JUMP,prov_013_MOBILE_MECHANIC,True,False,92.50408986106153,False,1.7774402829201574
UADO,inc_00612,612,IGNITION_SYSTEM,FUEL_PUMP,prov_014_MOBILE_MECHANIC,True,False,65.54423006022098,False,1.6015091818333778
UADO,inc_00613,613,ELECTRICAL_FAULT_RAIN,ELECTRICAL_FAULT_RAIN,prov_011_TOW_LIGHT,True,True,92.19809305880692,False,1.8832645691606973
UADO,inc_00614,614,CLUTCH_WORN,TRANSMISSION_ISSUE,prov_010_TOW_LIGHT,True,False,153.22645630858958,False,1.1326852660000424
UADO,inc_00615,615,COOLANT_LOW,RADIATOR_FAN_ISSUE,prov_002_MOBILE_MECHANIC,True,False,16.136489668052317,False,1.1255138125647253
UADO,inc_00616,616,CLUTCH_WORN,TRANSMISSION_ISSUE,prov_010_TOW_LIGHT,True,False,155.22247986967133,False,1.13551431230044
UADO,inc_00617,617,ALTERNATOR_ISSUE,BELT_BROKEN,prov_014_MOBILE_MECHANIC,True,False,67.14400034688198,False,1.4427697841680467
UADO,inc_00618,618,BRAKE_FAILURE,BRAKE_FAILURE,prov_005_TOW_LIGHT,True,True,97.9617779417146,False,0.6542942386626489
UADO,inc_00619,619,BATTERY_REPLACE,BATTERY_JUMP,prov_005_TOW_LIGHT,True,False,38.758038535170186,False,1.8955774349794168
UADO,inc_00620,620,CLUTCH_WORN,TRANSMISSION_ISSUE,prov_018_TOW_LIGHT,True,False,156.1748807220871,False,1.1359496167439291
UADO,inc_00621,621,ALTERNATOR_ISSUE,ALTERNATOR_ISSUE,prov_001_TOW_HEAVY,True,True,70.2530222689281,False,1.2737835146616296
UADO,inc_00622,622,SEVERE_MECHANICAL_TOW,BRAKE_PAD_WORN,prov_001_TOW_HEAVY,True,False,44.26721957572345,False,1.8650657278540705
UADO,inc_00623,623,BATTERY_JUMP,BATTERY_JUMP,prov_014_MOBILE_MECHANIC,True,True,21.300007358122695,False,1.064024757438835
UADO,inc_00624,624,BRAKE_PAD_WORN,BRAKE_PAD_WORN,prov_017_MOBILE_MECHANIC,True,True,62.37257582338611,False,0.23824545532971136
UADO,inc_00625,625,FUEL_FILTER_CLOGGED,ALTERNATOR_ISSUE,prov_002_MOBILE_MECHANIC,True,False,26.64940563707253,False,2.0414424336924717
UADO,inc_00626,626,FUEL_FILTER_CLOGGED,BRAKE_PAD_WORN,prov_001_TOW_HEAVY,True,False,31.156141838000423,False,1.2254021346040742
UADO,inc_00627,627,BATTERY_TERMINAL_CLEAN,ELECTRICAL_FAULT_RAIN,prov_016_MOBILE_MECHANIC,True,False,13.747129613382635,False,1.8693006783052075
UADO,inc_00628,628,FUEL_PUMP,FUEL_PUMP,prov_012_TOW_HEAVY,True,True,95.77931247377597,False,1.5879659941540103
UADO,inc_00629,629,IGNITION_SYSTEM,BATTERY_JUMP,prov_001_TOW_HEAVY,True,False,64.29382309641562,False,1.7854693878755257
UADO,inc_00630,630,BELT_BROKEN,ALTERNATOR_ISSUE,prov_015_TOW_HEAVY,True,False,32.437449142306065,False,2.0777234281331167
UADO,inc_00631,631,BATTERY_REPLACE,ELECTRICAL_FAULT_RAIN,prov_001_TOW_HEAVY,True,False,33.898462273594845,False,1.9162680562492178
UADO,inc_00632,632,TRANSMISSION_ISSUE,TRANSMISSION_ISSUE,prov_001_TOW_HEAVY,True,True,182.61418709072387,False,1.1344030978610193
UADO,inc_00633,633,RADIATOR_FAN_ISSUE,RADIATOR_FAN_ISSUE,prov_015_TOW_HEAVY,True,True,54.13725521106481,False,1.1504184809339837
UADO,inc_00634,634,COOLANT_LOW,BRAKE_PAD_WORN,prov_010_TOW_LIGHT,True,False,13.120765806453871,False,1.8052967290411281
UADO,inc_00635,635,ALTERNATOR_ISSUE,BELT_BROKEN,prov_006_TOW_LIGHT,True,False,63.18400839350312,False,0.0
UADO,inc_00636,636,SEVERE_MECHANICAL_TOW,BELT_BROKEN,prov_001_TOW_HEAVY,True,False,44.036279838551415,False,1.8139596134883744
UADO,inc_00637,637,ELECTRICAL_FAULT_RAIN,ELECTRICAL_FAULT_RAIN,prov_016_MOBILE_MECHANIC,True,True,97.68109744133655,False,1.9131058192233819
UADO,inc_00638,638,COOLANT_LOW,BRAKE_PAD_WORN,prov_007_MOBILE_MECHANIC,True,False,12.500766853528699,False,1.3948235366388309
UADO,inc_00639,639,BELT_BROKEN,BELT_BROKEN,prov_016_MOBILE_MECHANIC,True,True,36.87533497015473,False,1.5779653091237236
UADO,inc_00640,640,ELECTRICAL_FAULT_RAIN,BATTERY_JUMP,prov_014_MOBILE_MECHANIC,True,False,94.895004447743,False,1.6269039508092025
UADO,inc_00641,641,BRAKE_PAD_WORN,BRAKE_PAD_WORN,prov_002_MOBILE_MECHANIC,True,True,64.97743996862648,False,0.22640955472221824
UADO,inc_00642,642,IGNITION_SYSTEM,BRAKE_PAD_WORN,prov_016_MOBILE_MECHANIC,True,False,63.26923026893481,False,1.8386109956648078
UADO,inc_00643,643,IGNITION_SYSTEM,FUEL_PUMP,prov_007_MOBILE_MECHANIC,True,False,60.74172036353114,False,1.5660925450732393
UADO,inc_00644,644,BATTERY_JUMP,FUEL_PUMP,prov_014_MOBILE_MECHANIC,True,False,20.484958861577702,False,0.0
UADO,inc_00645,645,ENGINE_OVERHEAT_SEVERE,ENGINE_OVERHEAT_SEVERE,prov_001_TOW_HEAVY,True,True,129.72954230721064,False,1.2221269285900154
UADO,inc_00646,646,BATTERY_REPLACE,ELECTRICAL_FAULT_RAIN,prov_016_MOBILE_MECHANIC,True,False,34.270331974727426,False,1.9002653903015145
UADO,inc_00647,647,SEVERE_MECHANICAL_TOW,BRAKE_PAD_WORN,prov_001_TOW_HEAVY,True,False,37.15336598225135,False,1.8283496511790545
UADO,inc_00648,648,ALTERNATOR_ISSUE,FUEL_FILTER_CLOGGED,prov_012_TOW_HEAVY,True,False,67.21049222242662,False,1.7442210406510938
UADO,inc_00649,649,BATTERY_JUMP,BATTERY_JUMP,prov_016_MOBILE_MECHANIC,True,True,22.26981538069021,False,1.0507677682015497
UADO,inc_00650,650,BRAKE_PAD_WORN,BRAKE_PAD_WORN,prov_017_MOBILE_MECHANIC,True,True,62.26006545579315,False,0.21526347491776465
UADO,inc_00651,651,BATTERY_JUMP,BATTERY_JUMP,prov_001_TOW_HEAVY,True,True,18.547060342051495,False,1.0379593528524276
UADO,inc_00652,652,COOLANT_LOW,RADIATOR_HOSE_LEAK,prov_011_TOW_LIGHT,True,False,11.0192444341626,False,1.2330905563630647
UADO,inc_00653,653,FUEL_FILTER_CLOGGED,ALTERNATOR_ISSUE,prov_017_MOBILE_MECHANIC,True,False,31.736540990628377,False,1.7361815702237289
UADO,inc_00654,654,COOLANT_LOW,COOLANT_LOW,prov_007_MOBILE_MECHANIC,True,True,12.820720606293495,False,1.165274216028647
UADO,inc_00655,655,ELECTRICAL_FAULT_RAIN,ELECTRICAL_FAULT_RAIN,prov_017_MOBILE_MECHANIC,True,True,96.42569056429221,False,1.8967480850260479
UADO,inc_00656,656,IGNITION_SYSTEM,FUEL_PUMP,prov_014_MOBILE_MECHANIC,True,False,68.13347087796703,False,1.5540576804842132
UADO,inc_00657,657,ALTERNATOR_ISSUE,SEVERE_MECHANICAL_TOW,prov_012_TOW_HEAVY,True,False,72.78458456549666,False,1.7748076850167696
UADO,inc_00658,658,IGNITION_SYSTEM,FUEL_PUMP,prov_006_TOW_LIGHT,True,False,65.18087047802256,False,1.540333801939492
UADO,inc_00659,659,BATTERY_REPLACE,ELECTRICAL_FAULT_RAIN,prov_014_MOBILE_MECHANIC,True,False,36.01506835781717,False,1.8847657614349627
UADO,inc_00660,660,BATTERY_REPLACE,ELECTRICAL_FAULT_RAIN,prov_015_TOW_HEAVY,True,False,38.303169029066076,False,1.881026012577831
UADO,inc_00661,661,BATTERY_JUMP,BATTERY_JUMP,prov_001_TOW_HEAVY,True,True,20.203129235499595,False,1.0255801491878822
UADO,inc_00662,662,ALTERNATOR_ISSUE,FUEL_FILTER_CLOGGED,prov_017_MOBILE_MECHANIC,True,False,61.91951814182504,False,0.0
UADO,inc_00663,663,BRAKE_PAD_WORN,BRAKE_PAD_WORN,prov_011_TOW_LIGHT,True,True,66.49233882199952,False,0.20476720913134577
UADO,inc_00664,664,RADIATOR_FAN_ISSUE,BRAKE_PAD_WORN,prov_012_TOW_HEAVY,True,False,51.90756081465105,False,1.5300310979436298
UADO,inc_00665,665,TRANSMISSION_ISSUE,BRAKE_PAD_WORN,prov_001_TOW_HEAVY,True,False,182.94582197691736,False,1.9289781874820464
UADO,inc_00666,666,TRANSMISSION_ISSUE,TRANSMISSION_ISSUE,prov_018_TOW_LIGHT,True,True,185.8066340096752,False,1.12095013527083
UADO,inc_00667,667,BRAKE_PAD_WORN,BRAKE_PAD_WORN,prov_002_MOBILE_MECHANIC,True,True,63.801181250458676,False,0.19488269422519874
UADO,inc_00668,668,FUEL_PUMP,BATTERY_JUMP,prov_006_TOW_LIGHT,True,False,94.44134404821853,False,1.87360397891263
UADO,inc_00669,669,COOLANT_LOW,BRAKE_PAD_WORN,prov_012_TOW_HEAVY,True,False,16.424819200247207,False,1.7924134301357346
UADO,inc_00670,670,CLUTCH_WORN,CLUTCH_WORN,prov_018_TOW_LIGHT,True,True,163.60436945344463,False,1.678249932576882
UADO,inc_00671,671,COOLANT_LOW,BRAKE_PAD_WORN,prov_002_MOBILE_MECHANIC,True,False,16.332496222632162,False,1.7792018991815197
UADO,inc_00672,672,TRANSMISSION_ISSUE,CLUTCH_WORN,prov_009_TOW_LIGHT,True,False,184.0073443890436,False,1.6626535000114302
UADO,inc_00673,673,FUEL_FILTER_CLOGGED,ALTERNATOR_ISSUE,prov_012_TOW_HEAVY,True,False,31.7361610424851,False,2.079988600731685
UADO,inc_00674,674,CLUTCH_WORN,CLUTCH_WORN,prov_005_TOW_LIGHT,True,True,154.72168723521057,False,1.6693667270016788
UADO,inc_00675,675,ALTERNATOR_ISSUE,BELT_BROKEN,prov_018_TOW_LIGHT,True,False,67.06868279512614,False,1.5042596512359896
UADO,inc_00676,676,FUEL_FILTER_CLOGGED,FUEL_FILTER_CLOGGED,prov_010_TOW_LIGHT,True,True,27.12078316605562,False,1.713893932119415
UADO,inc_00677,677,STARTER_MOTOR,FUEL_PUMP,prov_002_MOBILE_MECHANIC,True,False,64.46610904375504,False,0.0
UADO,inc_00678,678,BATTERY_JUMP,BATTERY_JUMP,prov_014_MOBILE_MECHANIC,True,True,21.382330928638552,False,1.0136113684631722
UADO,inc_00679,679,SEVERE_MECHANICAL_TOW,BRAKE_PAD_WORN,prov_012_TOW_HEAVY,True,False,36.37359229110669,False,1.8106734829285782
UADO,inc_00680,680,BATTERY_REPLACE,STARTER_MOTOR,prov_012_TOW_HEAVY,True,False,33.26983067031055,False,1.588531239217563
UADO,inc_00681,681,SEVERE_MECHANICAL_TOW,SEVERE_MECHANICAL_TOW,prov_015_TOW_HEAVY,True,True,43.418670980701464,False,1.7901338526299384
UADO,inc_00682,682,COOLANT_LOW,COOLANT_LOW,prov_002_MOBILE_MECHANIC,True,True,18.04180357673247,False,1.7627728056371492
UADO,inc_00683,683,RADIATOR_HOSE_LEAK,RADIATOR_HOSE_LEAK,prov_009_TOW_LIGHT,True,True,32.39232056501358,False,1.0819455454723734
UADO,inc_00684,684,STARTER_MOTOR,STARTER_MOTOR,prov_013_MOBILE_MECHANIC,True,True,62.43982125391886,False,1.5707917360952806
UADO,inc_00685,685,BATTERY_REPLACE,BATTERY_REPLACE,prov_002_MOBILE_MECHANIC,True,True,32.24575323313183,False,1.016124714814655
UADO,inc_00686,686,CLUTCH_WORN,TRANSMISSION_ISSUE,prov_005_TOW_LIGHT,True,False,155.7367373197085,False,1.09701849317667
UADO,inc_00687,687,BATTERY_REPLACE,BATTERY_REPLACE,prov_001_TOW_HEAVY,True,True,33.09684080802158,False,1.3585884822540872
UADO,inc_00688,688,BATTERY_REPLACE,ELECTRICAL_FAULT_RAIN,prov_001_TOW_HEAVY,True,False,35.77056119459589,False,1.8690176088057702
UADO,inc_00689,689,BRAKE_PAD_WORN,BRAKE_PAD_WORN,prov_014_MOBILE_MECHANIC,True,True,67.84262531652163,False,0.18557380139785812
UADO,inc_00690,690,BRAKE_PAD_WORN,BRAKE_PAD_WORN,prov_002_MOBILE_MECHANIC,True,True,65.50174611481819,False,0.17680630722318127
UADO,inc_00691,691,BATTERY_TERMINAL_CLEAN,BATTERY_REPLACE,prov_017_MOBILE_MECHANIC,True,False,11.700868314323827,False,1.3307790600037417
UADO,inc_00692,692,RADIATOR_FAN_ISSUE,RADIATOR_FAN_ISSUE,prov_007_MOBILE_MECHANIC,True,True,46.77625390727565,False,1.1754708978810011
UADO,inc_00693,693,BATTERY_JUMP,FUEL_PUMP,prov_012_TOW_HEAVY,True,False,19.37903273330996,False,0.0
UADO,inc_00694,694,BATTERY_JUMP,BATTERY_JUMP,prov_014_MOBILE_MECHANIC,True,True,20.789899420906742,False,1.0020348484530623
UADO,inc_00695,695,TRANSMISSION_ISSUE,TRANSMISSION_ISSUE,prov_012_TOW_HEAVY,True,True,188.8876040729058,False,1.0986582362126345
UADO,inc_00696,696,TRANSMISSION_ISSUE,CLUTCH_WORN,prov_001_TOW_HEAVY,True,False,189.76538988698795,False,1.6482035358826563
UADO,inc_00697,697,BATTERY_REPLACE,BATTERY_REPLACE,prov_002_MOBILE_MECHANIC,True,True,37.28315866478587,False,1.3776841542676816
UADO,inc_00698,698,ELECTRICAL_FAULT_RAIN,SEVERE_MECHANICAL_TOW,prov_012_TOW_HEAVY,True,False,104.56145278124761,False,1.7675710721517164
UADO,inc_00699,699,IGNITION_SYSTEM,BATTERY_JUMP,prov_012_TOW_HEAVY,True,False,64.86650074300282,False,1.9086438452385839
UADO,inc_00700,700,COOLANT_LOW,COOLANT_LOW,prov_014_MOBILE_MECHANIC,True,True,15.061511500968303,False,1.748879943384514
UADO,inc_00701,701,ALTERNATOR_ISSUE,BELT_BROKEN,prov_002_MOBILE_MECHANIC,True,False,63.114684722636625,False,1.5491421874676874
UADO,inc_00702,702,BATTERY_REPLACE,BATTERY_REPLACE,prov_014_MOBILE_MECHANIC,True,True,37.670905375152884,False,1.8906975062540634
UADO,inc_00703,703,BATTERY_TERMINAL_CLEAN,BATTERY_REPLACE,prov_016_MOBILE_MECHANIC,True,False,15.18301552045111,False,1.3499272953620107
UADO,inc_00704,704,BELT_BROKEN,ALTERNATOR_ISSUE,prov_001_TOW_HEAVY,True,False,36.265487753313685,False,2.1106192139949607
UADO,inc_00705,705,BRAKE_FAILURE,BRAKE_FAILURE,prov_001_TOW_HEAVY,True,True,95.92054599979893,False,0.6212964578119398
UADO,inc_00706,706,FUEL_FILTER_CLOGGED,FUEL_FILTER_CLOGGED,prov_010_TOW_LIGHT,True,True,27.715825568305885,False,1.704794705731548
UADO,inc_00707,707,FUEL_PUMP,IGNITION_SYSTEM,prov_017_MOBILE_MECHANIC,True,False,97.13662884807708,False,1.525306862610492
UADO,inc_00708,708,FUEL_PUMP,FUEL_PUMP,prov_002_MOBILE_MECHANIC,True,True,94.94128093979664,False,1.509027482059861
UADO,inc_00709,709,BATTERY_REPLACE,STARTER_MOTOR,prov_012_TOW_HEAVY,True,False,36.74809701996118,False,0.0
UADO,inc_00710,710,TRANSMISSION_ISSUE,CLUTCH_WORN,prov_011_TOW_LIGHT,True,False,191.2621838716692,False,1.6520019158511188
UADO,inc_00711,711,STARTER_MOTOR,STARTER_MOTOR,prov_012_TOW_HEAVY,True,True,63.49279148170692,False,1.5404231698590034
UADO,inc_00712,712,RADIATOR_FAN_ISSUE,BRAKE_PAD_WORN,prov_017_MOBILE_MECHANIC,True,False,50.21589872109028,False,1.0068929466715895
UADO,inc_00713,713,BRAKE_FAILURE,BRAKE_FAILURE,prov_001_TOW_HEAVY,True,True,95.94153961114198,False,0.8144107759248039
UADO,inc_00714,714,BATTERY_JUMP,FUEL_PUMP,prov_011_TOW_LIGHT,True,False,19.872799616574405,False,1.4472901192021514
UADO,inc_00715,715,BATTERY_REPLACE,BATTERY_REPLACE,prov_002_MOBILE_MECHANIC,True,True,37.043210766936774,False,1.9111796067898221
UADO,inc_00716,716,FUEL_FILTER_CLOGGED,ALTERNATOR_ISSUE,prov_001_TOW_HEAVY,True,False,27.040451228363622,False,2.1139212539585492
UADO,inc_00717,717,TRANSMISSION_ISSUE,TRANSMISSION_ISSUE,prov_006_TOW_LIGHT,True,True,187.84824921317647,False,1.05745183239707
UADO,inc_00718,718,BATTERY_REPLACE,STARTER_MOTOR,prov_011_TOW_LIGHT,True,False,32.62683178396462,False,1.8690064376270508
UADO,inc_00719,719,BATTERY_REPLACE,STARTER_MOTOR,prov_005_TOW_LIGHT,True,False,36.202948438440146,False,1.9250947620905507
UADO,inc_00720,720,ALTERNATOR_ISSUE,BELT_BROKEN,prov_017_MOBILE_MECHANIC,True,False,66.73567285199381,False,1.6545967890007591
UADO,inc_00721,721,BATTERY_JUMP,BRAKE_PAD_WORN,prov_002_MOBILE_MECHANIC,True,False,23.283100435809043,False,0.0
UADO,inc_00722,722,BATTERY_JUMP,BATTERY_JUMP,prov_016_MOBILE_MECHANIC,True,True,21.704866270099,False,0.9908330895242254
UADO,inc_00723,723,SEVERE_MECHANICAL_TOW,SEVERE_MECHANICAL_TOW,prov_001_TOW_HEAVY,True,True,37.862723150524005,False,1.9120265809372698
UADO,inc_00724,724,ALTERNATOR_ISSUE,SEVERE_MECHANICAL_TOW,prov_001_TOW_HEAVY,True,False,69.38284960852728,False,1.8835506120610899
UADO,inc_00725,725,STARTER_MOTOR,STARTER_MOTOR,prov_001_TOW_HEAVY,True,True,64.26193180987464,False,1.5106968930271125
UADO,inc_00726,726,BELT_BROKEN,ALTERNATOR_ISSUE,prov_014_MOBILE_MECHANIC,True,False,33.97751681049586,False,2.1072563490896328
UADO,inc_00727,727,BATTERY_REPLACE,STARTER_MOTOR,prov_012_TOW_HEAVY,True,False,31.923980199578637,False,0.0
UADO,inc_00728,728,FUEL_PUMP,FUEL_PUMP,prov_003_TOW_LIGHT,True,True,92.92141040464622,False,1.489852244928184
UADO,inc_00729,729,SEVERE_MECHANICAL_TOW,SEVERE_MECHANICAL_TOW,prov_001_TOW_HEAVY,True,True,40.80916037143142,False,1.9151306743859575
UADO,inc_00730,730,CLUTCH_WORN,CLUTCH_WORN,prov_006_TOW_LIGHT,True,True,154.12482147655592,False,1.6484651653459423
UADO,inc_00731,731,IGNITION_SYSTEM,STARTER_MOTOR,prov_016_MOBILE_MECHANIC,True,False,63.17888598911032,False,1.4816906266052445
UADO,inc_00732,732,ALTERNATOR_ISSUE,SEVERE_MECHANICAL_TOW,prov_001_TOW_HEAVY,True,False,64.17684611690511,False,1.8661448580821123
UADO,inc_00733,733,COOLANT_LOW,RADIATOR_FAN_ISSUE,prov_006_TOW_LIGHT,True,False,12.543425592707122,False,1.1554253466042548
UADO,inc_00734,734,BELT_BROKEN,SEVERE_MECHANICAL_TOW,prov_001_TOW_HEAVY,True,False,41.995564392954684,False,1.8924848750206522
UADO,inc_00735,735,BRAKE_FAILURE,BRAKE_FAILURE,prov_011_TOW_LIGHT,True,True,93.38034862250188,False,0.5895494229570297
UADO,inc_00736,736,BATTERY_TERMINAL_CLEAN,BATTERY_REPLACE,prov_016_MOBILE_MECHANIC,True,False,10.373461801035763,False,1.901972610804453
UADO,inc_00737,737,ENGINE_OVERHEAT_SEVERE,FUEL_FILTER_CLOGGED,prov_010_TOW_LIGHT,True,False,124.35406434125532,False,1.410133320996232
UADO,inc_00738,738,RADIATOR_FAN_ISSUE,RADIATOR_FAN_ISSUE,prov_002_MOBILE_MECHANIC,True,True,47.79788451309965,False,1.1575309259183393
UADO,inc_00739,739,SEVERE_MECHANICAL_TOW,SEVERE_MECHANICAL_TOW,prov_001_TOW_HEAVY,True,True,43.07286070540178,False,2.043246506853569
UADO,inc_00740,740,BATTERY_JUMP,BATTERY_JUMP,prov_017_MOBILE_MECHANIC,True,True,18.445711778848757,False,0.9799892769067633
UADO,inc_00741,741,BELT_BROKEN,BELT_BROKEN,prov_015_TOW_HEAVY,True,True,36.22566507698504,False,1.6377710587989514
UADO,inc_00742,742,TRANSMISSION_ISSUE,TRANSMISSION_ISSUE,prov_005_TOW_LIGHT,True,True,185.21120010836455,False,1.3578671500213313
UADO,inc_00743,743,BELT_BROKEN,SEVERE_MECHANICAL_TOW,prov_001_TOW_HEAVY,True,False,45.052473416893235,False,2.013999336385661
UADO,inc_00744,744,BRAKE_FAILURE,BRAKE_FAILURE,prov_005_TOW_LIGHT,True,True,94.78195769987447,False,0.5591143962541069
UADO,inc_00745,745,STARTER_MOTOR,STARTER_MOTOR,prov_014_MOBILE_MECHANIC,True,True,61.37555782180023,False,1.5975772744734984
UADO,inc_00746,746,BATTERY_JUMP,FUEL_PUMP,prov_016_MOBILE_MECHANIC,True,False,18.43106061711215,False,0.0
UADO,inc_00747,747,TRANSMISSION_ISSUE,CLUTCH_WORN,prov_011_TOW_LIGHT,True,False,193.25725434436663,False,1.642195313720962
UADO,inc_00748,748,BRAKE_PAD_WORN,BRAKE_PAD_WORN,prov_017_MOBILE_MECHANIC,True,True,62.90586540208615,False,0.980136740113825
UADO,inc_00749,749,BELT_BROKEN,BELT_BROKEN,prov_013_MOBILE_MECHANIC,True,True,31.21856540004307,False,1.6199112563014058
UADO,inc_00750,750,IGNITION_SYSTEM,FUEL_PUMP,prov_014_MOBILE_MECHANIC,True,False,66.64287142492056,False,1.6944206614004522
UADO,inc_00751,751,BATTERY_JUMP,BATTERY_JUMP,prov_011_TOW_LIGHT,True,True,19.222688234166423,False,0.9694872918212167
UADO,inc_00752,752,TRANSMISSION_ISSUE,TRANSMISSION_ISSUE,prov_006_TOW_LIGHT,True,True,186.07086938872658,False,1.0364564682937425
UADO,inc_00753,753,SEVERE_MECHANICAL_TOW,BELT_BROKEN,prov_012_TOW_HEAVY,True,False,33.165128191728236,False,1.9403900103926275
UADO,inc_00754,754,COOLANT_LOW,BRAKE_PAD_WORN,prov_013_MOBILE_MECHANIC,True,False,11.568205814323436,False,0.0
UADO,inc_00755,755,ELECTRICAL_FAULT_RAIN,BRAKE_PAD_WORN,prov_016_MOBILE_MECHANIC,True,False,90.31458471559837,False,1.7193609633718994
UADO,inc_00756,756,FUEL_FILTER_CLOGGED,FUEL_FILTER_CLOGGED,prov_011_TOW_LIGHT,True,True,29.596833781897644,False,1.6850219825450552
UADO,inc_00757,757,BELT_BROKEN,BELT_BROKEN,prov_010_TOW_LIGHT,True,True,33.84661748050971,False,2.097004672672429
UADO,inc_00758,758,BATTERY_REPLACE,STARTER_MOTOR,prov_002_MOBILE_MECHANIC,True,False,33.94651292597618,False,1.656336531308858
UADO,inc_00759,759,IGNITION_SYSTEM,STARTER_MOTOR,prov_007_MOBILE_MECHANIC,True,False,61.57682251583584,False,1.5666731297911891
UADO,inc_00760,760,BRAKE_PAD_WORN,BRAKE_PAD_WORN,prov_001_TOW_HEAVY,True,True,62.71405210427939,False,0.16854784972622322
UADO,inc_00761,761,TRANSMISSION_ISSUE,TRANSMISSION_ISSUE,prov_011_TOW_LIGHT,True,True,183.67214146570626,False,1.0205165192084662
UADO,inc_00762,762,RADIATOR_HOSE_LEAK,BRAKE_PAD_WORN,prov_001_TOW_HEAVY,True,False,34.15896357274973,False,1.8970279946907005
UADO,inc_00763,763,FUEL_FILTER_CLOGGED,FUEL_FILTER_CLOGGED,prov_001_TOW_HEAVY,True,True,31.959484780431218,False,1.6730597695732308
UADO,inc_00764,764,BATTERY_REPLACE,BRAKE_PAD_WORN,prov_011_TOW_LIGHT,True,False,32.51272728678142,False,2.0158080620957515
UADO,inc_00765,765,BATTERY_REPLACE,BATTERY_REPLACE,prov_015_TOW_HEAVY,True,True,33.377051116565305,False,1.9253408383729333
UADO,inc_00766,766,FUEL_FILTER_CLOGGED,BRAKE_PAD_WORN,prov_016_MOBILE_MECHANIC,True,False,31.398948406344523,False,1.7863809725333286
UADO,inc_00767,767,STARTER_MOTOR,STARTER_MOTOR,prov_014_MOBILE_MECHANIC,True,True,67.46946299737048,False,1.6461091439919509
UADO,inc_00768,768,BRAKE_PAD_WORN,BRAKE_PAD_WORN,prov_014_MOBILE_MECHANIC,True,True,67.37103449450099,False,0.16076787330889514
UADO,inc_00769,769,BATTERY_JUMP,BATTERY_JUMP,prov_014_MOBILE_MECHANIC,True,True,24.16139643214908,False,0.9593117136720326
UADO,inc_00770,770,ALTERNATOR_ISSUE,BELT_BROKEN,prov_001_TOW_HEAVY,True,False,66.69014318959401,False,1.6092482574953166
UADO,inc_00771,771,FUEL_FILTER_CLOGGED,FUEL_FILTER_CLOGGED,prov_017_MOBILE_MECHANIC,True,True,25.88609141229177,False,1.4022583860351299
UADO,inc_00772,772,BRAKE_PAD_WORN,BRAKE_PAD_WORN,prov_014_MOBILE_MECHANIC,True,True,65.51489960337392,False,0.15343756561732422
UADO,inc_00773,773,CLUTCH_WORN,TRANSMISSION_ISSUE,prov_018_TOW_LIGHT,True,False,153.63703350502325,False,1.3073889255827413
UADO,inc_00774,774,ELECTRICAL_FAULT_RAIN,BATTERY_JUMP,prov_005_TOW_LIGHT,True,False,92.9169879269705,False,1.8717244666740416
UADO,inc_00775,775,TRANSMISSION_ISSUE,TRANSMISSION_ISSUE,prov_012_TOW_HEAVY,True,True,190.04248289474808,False,1.6253528768927519
UADO,inc_00776,776,BATTERY_REPLACE,BATTERY_JUMP,prov_002_MOBILE_MECHANIC,True,False,31.615329025613782,False,1.671085300193474
UADO,inc_00777,777,ELECTRICAL_FAULT_RAIN,BATTERY_REPLACE,prov_002_MOBILE_MECHANIC,True,False,95.17246626469165,False,1.9162232653677331
UADO,inc_00778,778,ALTERNATOR_ISSUE,BELT_BROKEN,prov_016_MOBILE_MECHANIC,True,False,64.44540338521867,False,2.0888105871189793
UADO,inc_00779,779,ALTERNATOR_ISSUE,BELT_BROKEN,prov_015_TOW_HEAVY,True,False,61.786204934705985,False,1.5802522076804826
UADO,inc_00780,780,FUEL_FILTER_CLOGGED,FUEL_FILTER_CLOGGED,prov_005_TOW_LIGHT,True,True,28.19274581363667,False,1.076688116091144
UADO,inc_00781,781,BRAKE_FAILURE,BRAKE_PAD_WORN,prov_016_MOBILE_MECHANIC,False,False,137.09719903029304,True,0.0
UADO,inc_00782,782,IGNITION_SYSTEM,FUEL_PUMP,prov_002_MOBILE_MECHANIC,True,False,69.27082642180689,False,1.4684518905972066
UADO,inc_00783,783,BRAKE_PAD_WORN,BRAKE_PAD_WORN,prov_014_MOBILE_MECHANIC,True,True,67.29066425994085,False,0.1465297888481568
UADO,inc_00784,784,CLUTCH_WORN,BRAKE_PAD_WORN,prov_011_TOW_LIGHT,True,False,153.33011973888483,False,1.9549313455337163
UADO,inc_00785,785,CLUTCH_WORN,TRANSMISSION_ISSUE,prov_005_TOW_LIGHT,True,False,156.0077525093695,False,1.6159581212111822
UADO,inc_00786,786,STARTER_MOTOR,STARTER_MOTOR,prov_014_MOBILE_MECHANIC,True,True,67.23274585722457,False,1.6154227503627345
UADO,inc_00787,787,ALTERNATOR_ISSUE,BELT_BROKEN,prov_012_TOW_HEAVY,True,False,64.26449434415555,False,1.6181420342194897
UADO,inc_00788,788,BATTERY_JUMP,BATTERY_JUMP,prov_006_TOW_LIGHT,True,True,16.514265710139867,False,0.9494478151449468
UADO,inc_00789,789,RADIATOR_FAN_ISSUE,COOLANT_LOW,prov_002_MOBILE_MECHANIC,True,False,50.05707986943259,False,1.193745489442355
UADO,inc_00790,790,BATTERY_REPLACE,BATTERY_REPLACE,prov_014_MOBILE_MECHANIC,True,True,34.026213321313904,False,1.9140311610520238
UADO,inc_00791,791,COOLANT_LOW,COOLANT_LOW,prov_012_TOW_HEAVY,True,True,15.539050687999115,False,1.720570893066039
UADO,inc_00792,792,BATTERY_REPLACE,BATTERY_REPLACE,prov_010_TOW_LIGHT,True,True,31.389094089243653,False,1.9055901339490067
UADO,inc_00793,793,BATTERY_JUMP,BATTERY_JUMP,prov_014_MOBILE_MECHANIC,True,True,17.948470139477504,False,0.9398815517324719
UADO,inc_00794,794,RADIATOR_HOSE_LEAK,RADIATOR_HOSE_LEAK,prov_001_TOW_HEAVY,True,True,35.05758852059472,False,1.1549158579339602
UADO,inc_00795,795,BATTERY_JUMP,BATTERY_JUMP,prov_002_MOBILE_MECHANIC,True,True,18.971785675885354,False,0.9305995469490778
UADO,inc_00796,796,FUEL_FILTER_CLOGGED,ALTERNATOR_ISSUE,prov_017_MOBILE_MECHANIC,True,False,27.297307388240363,False,2.0780032544895586
UADO,inc_00797,797,RADIATOR_FAN_ISSUE,COOLANT_LOW,prov_010_TOW_LIGHT,True,False,48.040856625049905,False,1.7031486862652767
UADO,inc_00798,798,ALTERNATOR_ISSUE,BELT_BROKEN,prov_014_MOBILE_MECHANIC,True,False,64.80952562330371,False,1.6298572895276822
UADO,inc_00799,799,BRAKE_PAD_WORN,BRAKE_PAD_WORN,prov_002_MOBILE_MECHANIC,True,True,65.68116983196134,False,0.14001900750084736
UADO,inc_00800,800,TRANSMISSION_ISSUE,TRANSMISSION_ISSUE,prov_006_TOW_LIGHT,True,True,184.00899689311487,False,1.6175398616586474
UADO,inc_00801,801,TRANSMISSION_ISSUE,TRANSMISSION_ISSUE,prov_012_TOW_HEAVY,True,True,184.91174654116404,False,0.9886344863330627
UADO,inc_00802,802,BATTERY_JUMP,BATTERY_JUMP,prov_016_MOBILE_MECHANIC,True,True,23.925404106957895,False,0.9215890742775272
UADO,inc_00803,803,ALTERNATOR_ISSUE,BELT_BROKEN,prov_012_TOW_HEAVY,True,False,66.10432282981066,False,1.6307056613608433
UADO,inc_00804,804,BATTERY_REPLACE,BATTERY_REPLACE,prov_006_TOW_LIGHT,True,True,32.727245961390615,False,1.3754055299332029
UADO,inc_00805,805,CLUTCH_WORN,TRANSMISSION_ISSUE,prov_011_TOW_LIGHT,True,False,158.3681518041319,False,1.599011573094123
UADO,inc_00806,806,RADIATOR_HOSE_LEAK,BRAKE_PAD_WORN,prov_009_TOW_LIGHT,True,False,34.06029374866645,False,1.5579836360776091
UADO,inc_00807,807,FUEL_FILTER_CLOGGED,ALTERNATOR_ISSUE,prov_001_TOW_HEAVY,True,False,31.154766241676647,False,2.067084598470346
UADO,inc_00808,808,BRAKE_PAD_WORN,BRAKE_PAD_WORN,prov_018_TOW_LIGHT,True,True,67.22054748466152,False,1.0294988329556427
UADO,inc_00809,809,BATTERY_JUMP,BATTERY_JUMP,prov_012_TOW_HEAVY,True,True,21.492403733395758,False,0.9128380367034912
UADO,inc_00810,810,FUEL_FILTER_CLOGGED,BRAKE_PAD_WORN,prov_001_TOW_HEAVY,True,False,30.331192273528973,False,1.908274624173094
UADO,inc_00811,811,IGNITION_SYSTEM,FUEL_PUMP,prov_014_MOBILE_MECHANIC,True,False,64.36121420765652,False,1.4610361102405358
UADO,inc_00812,812,CLUTCH_WORN,TRANSMISSION_ISSUE,prov_005_TOW_LIGHT,True,False,155.87584370601564,False,1.602238244500215
UADO,inc_00813,813,ALTERNATOR_ISSUE,BRAKE_PAD_WORN,prov_011_TOW_LIGHT,True,False,63.75441977843534,False,1.840287953163476
UADO,inc_00814,814,BATTERY_JUMP,BATTERY_JUMP,prov_015_TOW_HEAVY,True,True,21.278141778515625,False,0.9043349445412174
UADO,inc_00815,815,ALTERNATOR_ISSUE,BELT_BROKEN,prov_015_TOW_HEAVY,True,False,65.1884957757229,False,1.6389116097540617
UADO,inc_00816,816,BATTERY_REPLACE,BATTERY_REPLACE,prov_014_MOBILE_MECHANIC,True,True,31.389601080397558,False,1.8883269409168004
UADO,inc_00817,817,BATTERY_JUMP,BATTERY_JUMP,prov_001_TOW_HEAVY,True,True,20.55073144479037,False,0.8960688921239484
UADO,inc_00818,818,COOLANT_LOW,COOLANT_LOW,prov_010_TOW_LIGHT,True,True,15.785587604571395,False,1.7092503226390927
UADO,inc_00819,819,ALTERNATOR_ISSUE,BELT_BROKEN,prov_010_TOW_LIGHT,True,False,61.54630736987997,False,1.6381434636843337
UADO,inc_00820,820,BATTERY_JUMP,BATTERY_JUMP,prov_002_MOBILE_MECHANIC,True,True,18.51028201756652,False,0.8880295338249368
UADO,inc_00821,821,IGNITION_SYSTEM,IGNITION_SYSTEM,prov_016_MOBILE_MECHANIC,True,True,61.337965347909396,False,1.9208637579448173
UADO,inc_00822,822,COOLANT_LOW,COOLANT_LOW,prov_006_TOW_LIGHT,True,True,14.254469845750593,False,1.6934335009716077
UADO,inc_00823,823,IGNITION_SYSTEM,BRAKE_PAD_WORN,prov_016_MOBILE_MECHANIC,True,False,62.73092503999421,False,1.9262571099585937
UADO,inc_00824,824,RADIATOR_FAN_ISSUE,COOLANT_LOW,prov_002_MOBILE_MECHANIC,True,False,50.54892803535758,False,0.9735966033277926
UADO,inc_00825,825,BRAKE_FAILURE,BRAKE_PAD_WORN,prov_018_TOW_LIGHT,True,False,98.44928439885145,False,1.0068929466715895
UADO,inc_00826,826,COOLANT_LOW,RADIATOR_FAN_ISSUE,prov_015_TOW_HEAVY,True,False,15.173509213549277,False,1.1100362045787524
UADO,inc_00827,827,BELT_BROKEN,BELT_BROKEN,prov_017_MOBILE_MECHANIC,True,True,32.62984732361588,False,1.6365870973539862
UADO,inc_00828,828,TRANSMISSION_ISSUE,TRANSMISSION_ISSUE,prov_011_TOW_LIGHT,True,True,190.04287725813816,False,1.0049091226108968
UADO,inc_00829,829,RADIATOR_HOSE_LEAK,BRAKE_PAD_WORN,prov_001_TOW_HEAVY,True,False,33.20151240615658,False,1.5206159594429465
UADO,inc_00830,830,BATTERY_REPLACE,BATTERY_REPLACE,prov_007_MOBILE_MECHANIC,True,True,31.9428229858094,False,1.22127994902639
UADO,inc_00831,831,BRAKE_FAILURE,BRAKE_PAD_WORN,prov_010_TOW_LIGHT,True,False,93.40852940865878,False,1.1937454894423547
UADO,inc_00832,832,BELT_BROKEN,ALTERNATOR_ISSUE,prov_013_MOBILE_MECHANIC,True,False,31.507510262556572,False,2.0546429969986013
UADO,inc_00833,833,FUEL_FILTER_CLOGGED,ALTERNATOR_ISSUE,prov_002_MOBILE_MECHANIC,True,False,34.423495175245456,False,2.0536470922266785
UADO,inc_00834,834,BATTERY_TERMINAL_CLEAN,BATTERY_REPLACE,prov_014_MOBILE_MECHANIC,True,False,15.705264062481767,False,1.8796652374201888
UADO,inc_00835,835,ENGINE_OVERHEAT_SEVERE,RADIATOR_HOSE_LEAK,prov_011_TOW_LIGHT,True,False,122.61043517433795,False,1.3137028060628664
UADO,inc_00836,836,CLUTCH_WORN,TRANSMISSION_ISSUE,prov_006_TOW_LIGHT,True,False,152.65633671785025,False,0.9914189579075045
UADO,inc_00837,837,RADIATOR_HOSE_LEAK,RADIATOR_HOSE_LEAK,prov_001_TOW_HEAVY,True,True,38.14098197233236,False,1.3200474733678311
UADO,inc_00838,838,COOLANT_LOW,RADIATOR_FAN_ISSUE,prov_010_TOW_LIGHT,True,False,12.401602549855719,False,1.2178881867139804
UADO,inc_00839,839,FUEL_FILTER_CLOGGED,ALTERNATOR_ISSUE,prov_011_TOW_LIGHT,True,False,28.870617068966304,False,2.055907487040189
UADO,inc_00840,840,BATTERY_REPLACE,BATTERY_REPLACE,prov_006_TOW_LIGHT,True,True,33.623721793738056,False,1.8973638166849445
UADO,inc_00841,841,FUEL_FILTER_CLOGGED,FUEL_FILTER_CLOGGED,prov_017_MOBILE_MECHANIC,True,True,31.21434524015607,False,1.1147884531352141
UADO,inc_00842,842,BRAKE_PAD_WORN,BRAKE_PAD_WORN,prov_002_MOBILE_MECHANIC,True,True,68.16847677675501,False,0.13388121417921336
UADO,inc_00843,843,BATTERY_REPLACE,BATTERY_TERMINAL_CLEAN,prov_016_MOBILE_MECHANIC,True,False,35.18264588568272,False,1.5834035985643087
UADO,inc_00844,844,IGNITION_SYSTEM,FUEL_PUMP,prov_018_TOW_LIGHT,True,False,61.47394618461152,False,1.4414741990543627
UADO,inc_00845,845,CLUTCH_WORN,TRANSMISSION_ISSUE,prov_001_TOW_HEAVY,True,False,155.1122823795941,False,1.0047877513117125
UADO,inc_00846,846,ELECTRICAL_FAULT_RAIN,BATTERY_REPLACE,prov_014_MOBILE_MECHANIC,True,False,93.49479277198024,False,1.8892092979314505
UADO,inc_00847,847,BATTERY_TERMINAL_CLEAN,BATTERY_TERMINAL_CLEAN,prov_016_MOBILE_MECHANIC,True,True,14.197506888843222,False,1.7795886894948185
UADO,inc_00848,848,ALTERNATOR_ISSUE,BELT_BROKEN,prov_002_MOBILE_MECHANIC,True,False,64.56651175314352,False,1.6347322331469392
UADO,inc_00849,849,ALTERNATOR_ISSUE,BRAKE_PAD_WORN,prov_010_TOW_LIGHT,True,False,65.66903940883734,False,0.0
UADO,inc_00850,850,ALTERNATOR_ISSUE,ALTERNATOR_ISSUE,prov_009_TOW_LIGHT,True,True,61.842319447711375,False,2.051693146418647
UADO,inc_00851,851,BELT_BROKEN,BELT_BROKEN,prov_015_TOW_HEAVY,True,True,31.203168600758765,False,1.63376229402606
UADO,inc_00852,852,ALTERNATOR_ISSUE,BELT_BROKEN,prov_007_MOBILE_MECHANIC,True,False,62.129610277170535,False,1.6282443309950252
UADO,inc_00853,853,CLUTCH_WORN,TRANSMISSION_ISSUE,prov_001_TOW_HEAVY,True,False,153.10289708560876,False,1.5938518226028409
UADO,inc_00854,854,BRAKE_PAD_WORN,BRAKE_PAD_WORN,prov_011_TOW_LIGHT,True,True,62.89152491664379,False,0.12809385471336876
UADO,inc_00855,855,RADIATOR_HOSE_LEAK,BRAKE_PAD_WORN,prov_014_MOBILE_MECHANIC,True,False,38.029870393633345,False,0.0
UADO,inc_00856,856,BATTERY_TERMINAL_CLEAN,BATTERY_JUMP,prov_014_MOBILE_MECHANIC,True,False,14.097401019351652,False,2.0647118761459757
UADO,inc_00857,857,CLUTCH_WORN,CLUTCH_WORN,prov_005_TOW_LIGHT,True,True,154.80138379710482,False,1.5903338524731163
UADO,inc_00858,858,CLUTCH_WORN,TRANSMISSION_ISSUE,prov_010_TOW_LIGHT,True,False,157.71957760006958,False,1.0311153845691243
UADO,inc_00859,859,STARTER_MOTOR,STARTER_MOTOR,prov_016_MOBILE_MECHANIC,True,True,63.92709006516114,False,1.5851664711311337
UADO,inc_00860,860,ALTERNATOR_ISSUE,ALTERNATOR_ISSUE,prov_002_MOBILE_MECHANIC,True,True,64.3062619806744,False,2.0407850749484644
UADO,inc_00861,861,RADIATOR_FAN_ISSUE,COOLANT_LOW,prov_003_TOW_LIGHT,True,False,45.84108242522334,False,1.6685578251409936
UADO,inc_00862,862,COOLANT_LOW,COOLANT_LOW,prov_002_MOBILE_MECHANIC,True,True,15.507906759628039,False,1.5788380979030823
UADO,inc_00863,863,BRAKE_PAD_WORN,BRAKE_PAD_WORN,prov_016_MOBILE_MECHANIC,True,True,65.88499261693889,False,0.12263575360026138
UADO,inc_00864,864,ELECTRICAL_FAULT_RAIN,BATTERY_REPLACE,prov_002_MOBILE_MECHANIC,True,False,98.69964037307035,False,1.8891476419090039
UADO,inc_00865,865,BATTERY_JUMP,BATTERY_JUMP,prov_016_MOBILE_MECHANIC,True,True,17.916081053304875,False,0.8802070597848956
UADO,inc_00866,866,FUEL_FILTER_CLOGGED,FUEL_FILTER_CLOGGED,prov_010_TOW_LIGHT,True,True,30.498897514774118,False,1.6468484559348175
UADO,inc_00867,867,COOLANT_LOW,COOLANT_LOW,prov_002_MOBILE_MECHANIC,True,True,11.07253825541636,False,1.6753169002625454
UADO,inc_00868,868,BATTERY_JUMP,BATTERY_JUMP,prov_014_MOBILE_MECHANIC,True,True,20.41405613324072,False,0.8725921716467293
UADO,inc_00869,869,BRAKE_PAD_WORN,BRAKE_PAD_WORN,prov_015_TOW_HEAVY,True,True,62.19334152567713,False,0.11748704053730519
UADO,inc_00870,870,SEVERE_MECHANICAL_TOW,SEVERE_MECHANICAL_TOW,prov_001_TOW_HEAVY,True,True,43.12569212302667,False,2.09305152145376
UADO,inc_00871,871,ALTERNATOR_ISSUE,BELT_BROKEN,prov_002_MOBILE_MECHANIC,True,False,64.8003055520022,False,1.631701992212895
UADO,inc_00872,872,BRAKE_PAD_WORN,BRAKE_PAD_WORN,prov_016_MOBILE_MECHANIC,True,True,64.0473223574218,False,0.11262907864055063
UADO,inc_00873,873,FUEL_PUMP,FUEL_PUMP,prov_016_MOBILE_MECHANIC,True,True,93.61567821443657,False,1.429961388795316
UADO,inc_00874,874,BATTERY_REPLACE,BATTERY_REPLACE,prov_010_TOW_LIGHT,True,True,34.54919977781417,False,1.8884513741714852
UADO,inc_00875,875,RADIATOR_HOSE_LEAK,RADIATOR_HOSE_LEAK,prov_018_TOW_LIGHT,True,True,37.42402239239635,False,1.2765465485438836
UADO,inc_00876,876,BRAKE_PAD_WORN,BRAKE_PAD_WORN,prov_002_MOBILE_MECHANIC,True,True,64.24883055249343,False,0.10804439478952585
UADO,inc_00877,877,RADIATOR_HOSE_LEAK,BRAKE_PAD_WORN,prov_010_TOW_LIGHT,True,False,32.29239151619353,False,1.614843211146142
UADO,inc_00878,878,CLUTCH_WORN,TRANSMISSION_ISSUE,prov_012_TOW_HEAVY,True,False,150.46239758405878,False,1.0363143875412417
UADO,inc_00879,879,BRAKE_PAD_WORN,BRAKE_PAD_WORN,prov_009_TOW_LIGHT,True,True,62.110338191003535,False,0.10371661241949678
UADO,inc_00880,880,BATTERY_REPLACE,BATTERY_REPLACE,prov_002_MOBILE_MECHANIC,True,True,36.82994781362535,False,1.176142385478651
UADO,inc_00881,881,STARTER_MOTOR,FUEL_PUMP,prov_011_TOW_LIGHT,True,False,60.85884268041163,False,1.0068929466715897
UADO,inc_00882,882,STARTER_MOTOR,FUEL_PUMP,prov_007_MOBILE_MECHANIC,True,False,63.49169892089398,False,0.0
UADO,inc_00883,883,ENGINE_OVERHEAT_SEVERE,RADIATOR_HOSE_LEAK,prov_011_TOW_LIGHT,True,False,126.08734329281394,False,1.2329180845704102
UADO,inc_00884,884,BATTERY_TERMINAL_CLEAN,BATTERY_REPLACE,prov_014_MOBILE_MECHANIC,True,False,15.443175534843977,False,1.3714996073414598
UADO,inc_00885,885,BRAKE_PAD_WORN,BRAKE_PAD_WORN,prov_015_TOW_HEAVY,True,True,61.62918515144693,False,1.0284672790579483
UADO,inc_00886,886,BATTERY_JUMP,IGNITION_SYSTEM,prov_014_MOBILE_MECHANIC,True,False,21.691948234022707,False,1.885698511536377
UADO,inc_00887,887,ALTERNATOR_ISSUE,ALTERNATOR_ISSUE,prov_012_TOW_HEAVY,True,True,66.01032805981498,False,2.0322109029947306
UADO,inc_00888,888,SEVERE_MECHANICAL_TOW,ALTERNATOR_ISSUE,prov_015_TOW_HEAVY,True,False,36.859435097561025,False,2.0276668599449597
UADO,inc_00889,889,BELT_BROKEN,SEVERE_MECHANICAL_TOW,prov_001_TOW_HEAVY,True,False,39.4349928459535,False,1.7921206521337123
UADO,inc_00890,890,BELT_BROKEN,BELT_BROKEN,prov_017_MOBILE_MECHANIC,True,True,33.728636845809845,False,1.6689692799339813
UADO,inc_00891,891,ELECTRICAL_FAULT_RAIN,BATTERY_REPLACE,prov_018_TOW_LIGHT,True,False,96.76231358621759,False,1.894328797960092
UADO,inc_00892,892,ALTERNATOR_ISSUE,FUEL_FILTER_CLOGGED,prov_010_TOW_LIGHT,True,False,62.59344375527282,False,1.6832234694125132
UADO,inc_00893,893,ALTERNATOR_ISSUE,ALTERNATOR_ISSUE,prov_014_MOBILE_MECHANIC,True,True,67.11473561058618,False,2.0588471457051996
UADO,inc_00894,894,BATTERY_TERMINAL_CLEAN,BRAKE_PAD_WORN,prov_002_MOBILE_MECHANIC,True,False,14.508883481455888,False,1.8564685117466793
UADO,inc_00895,895,COOLANT_LOW,RADIATOR_FAN_ISSUE,prov_012_TOW_HEAVY,True,False,14.025034274820259,False,1.3397791822453418
UADO,inc_00896,896,CLUTCH_WORN,TRANSMISSION_ISSUE,prov_001_TOW_HEAVY,True,False,155.41793723119008,False,1.0401274141463712
UADO,inc_00897,897,ALTERNATOR_ISSUE,BELT_BROKEN,prov_014_MOBILE_MECHANIC,True,False,65.13595952251823,False,1.6631836519579593
UADO,inc_00898,898,RADIATOR_FAN_ISSUE,RADIATOR_FAN_ISSUE,prov_001_TOW_HEAVY,True,True,50.616194356534,False,1.1011699289211858
UADO,inc_00899,899,FUEL_PUMP,FUEL_PUMP,prov_001_TOW_HEAVY,True,True,94.51397191013578,False,1.4769002937565965
UADO,inc_00900,900,BRAKE_PAD_WORN,BRAKE_PAD_WORN,prov_001_TOW_HEAVY,True,True,64.70387926049926,False,0.09963038698362107
UADO,inc_00901,901,IGNITION_SYSTEM,FUEL_PUMP,prov_010_TOW_LIGHT,True,False,62.6602538459011,False,1.0270384437390414
UADO,inc_00902,902,BRAKE_FAILURE,BRAKE_FAILURE,prov_009_TOW_LIGHT,True,True,92.89297508679293,False,0.5300239953172089
UADO,inc_00903,903,BRAKE_PAD_WORN,BRAKE_PAD_WORN,prov_010_TOW_LIGHT,True,True,62.51006786650338,False,0.09577134422831503
UADO,inc_00904,904,BRAKE_FAILURE,BRAKE_FAILURE,prov_012_TOW_HEAVY,True,True,97.7626850530408,False,0.9168026937923839
UADO,inc_00905,905,ELECTRICAL_FAULT_RAIN,BATTERY_REPLACE,prov_011_TOW_LIGHT,True,False,95.66124456118449,False,1.893481882039829
UADO,inc_00906,906,BATTERY_JUMP,FUEL_PUMP,prov_014_MOBILE_MECHANIC,True,False,20.442498158315168,False,1.5291330465033948
UADO,inc_00907,907,SEVERE_MECHANICAL_TOW,BELT_BROKEN,prov_012_TOW_HEAVY,True,False,43.968703565415474,False,1.7690871189558157
UADO,inc_00908,908,BATTERY_JUMP,BATTERY_JUMP,prov_016_MOBILE_MECHANIC,True,True,18.712598410608166,False,0.8651760585360085
UADO,inc_00909,909,COOLANT_LOW,COOLANT_LOW,prov_001_TOW_HEAVY,True,True,13.333210813043625,False,1.666076989117952
UADO,inc_00910,910,TRANSMISSION_ISSUE,CLUTCH_WORN,prov_011_TOW_LIGHT,True,False,185.90440771448004,False,1.564545886070487
UADO,inc_00911,911,ENGINE_OVERHEAT_SEVERE,BRAKE_PAD_WORN,prov_003_TOW_LIGHT,True,False,122.24640495625984,False,1.8603195793400151
UADO,inc_00912,912,TRANSMISSION_ISSUE,TRANSMISSION_ISSUE,prov_005_TOW_LIGHT,True,True,188.52208141872768,False,1.0372391412051922
UADO,inc_00913,913,TRANSMISSION_ISSUE,TRANSMISSION_ISSUE,prov_012_TOW_HEAVY,True,True,184.32189221806146,False,1.3859823814523944
UADO,inc_00914,914,BRAKE_PAD_WORN,BRAKE_PAD_WORN,prov_016_MOBILE_MECHANIC,True,True,60.31583916841686,False,0.0
UADO,inc_00915,915,FUEL_FILTER_CLOGGED,ALTERNATOR_ISSUE,prov_015_TOW_HEAVY,True,False,32.434687447550175,False,2.0494204805651774
UADO,inc_00916,916,STARTER_MOTOR,FUEL_PUMP,prov_018_TOW_LIGHT,True,False,62.302483027915066,False,1.0068929466715897
UADO,inc_00917,917,BATTERY_JUMP,BATTERY_JUMP,prov_002_MOBILE_MECHANIC,True,True,20.05481328437643,False,0.857950373473878
UADO,inc_00918,918,BATTERY_JUMP,BATTERY_JUMP,prov_014_MOBILE_MECHANIC,True,True,19.61391953022136,False,0.8509072103661894
UADO,inc_00919,919,CLUTCH_WORN,TRANSMISSION_ISSUE,prov_011_TOW_LIGHT,True,False,154.44532879903966,False,1.0310595665286568
UADO,inc_00920,920,BATTERY_REPLACE,BATTERY_REPLACE,prov_011_TOW_LIGHT,True,True,32.982660382359114,False,1.8922893502011844
UADO,inc_00921,921,BATTERY_TERMINAL_CLEAN,BATTERY_REPLACE,prov_009_TOW_LIGHT,True,False,11.192407415818947,False,1.8871404241313168
UADO,inc_00922,922,BATTERY_JUMP,BATTERY_JUMP,prov_011_TOW_LIGHT,True,True,18.844933806034366,False,0.8440390816772845
UADO,inc_00923,923,BRAKE_PAD_WORN,BRAKE_PAD_WORN,prov_002_MOBILE_MECHANIC,True,True,62.71390826456575,False,0.0921260213617875
UADO,inc_00924,924,COOLANT_LOW,COOLANT_LOW,prov_002_MOBILE_MECHANIC,True,True,17.590729707300675,False,0.985526883181579
UADO,inc_00925,925,FUEL_FILTER_CLOGGED,ALTERNATOR_ISSUE,prov_014_MOBILE_MECHANIC,True,False,30.400589792117504,False,2.050484350321382
UADO,inc_00926,926,BATTERY_JUMP,BATTERY_JUMP,prov_015_TOW_HEAVY,True,True,16.5654971575582,False,0.8373388968677047
UADO,inc_00927,927,ELECTRICAL_FAULT_RAIN,BRAKE_PAD_WORN,prov_001_TOW_HEAVY,True,False,93.65200681538636,False,1.9248370058305948
UADO,inc_00928,928,CLUTCH_WORN,CLUTCH_WORN,prov_018_TOW_LIGHT,True,True,158.6271057600819,False,1.5615266747954148
UADO,inc_00929,929,BATTERY_JUMP,BRAKE_PAD_WORN,prov_001_TOW_HEAVY,True,False,20.70009827840579,False,1.5291330465033943
UADO,inc_00930,930,ALTERNATOR_ISSUE,BRAKE_PAD_WORN,prov_012_TOW_HEAVY,True,False,63.022119428544215,False,1.841255250487598
UADO,inc_00931,931,RADIATOR_FAN_ISSUE,COOLANT_LOW,prov_018_TOW_LIGHT,True,False,45.38674396456458,False,0.9628457289746228
UADO,inc_00932,932,CLUTCH_WORN,CLUTCH_WORN,prov_003_TOW_LIGHT,True,True,153.89719875063332,False,1.554872557842131
UADO,inc_00933,933,BATTERY_JUMP,BATTERY_JUMP,prov_002_MOBILE_MECHANIC,True,True,21.552412424015586,False,0.8307999416512438
UADO,inc_00934,934,BATTERY_REPLACE,BATTERY_REPLACE,prov_012_TOW_HEAVY,True,True,31.796412706267333,False,1.8957548926519554
UADO,inc_00935,935,TRANSMISSION_ISSUE,CLUTCH_WORN,prov_011_TOW_LIGHT,True,False,188.74495294128576,False,1.5477056937702012
UADO,inc_00936,936,COOLANT_LOW,BRAKE_PAD_WORN,prov_017_MOBILE_MECHANIC,True,False,17.218823990868103,False,1.633437319017056
UADO,inc_00937,937,BATTERY_REPLACE,BATTERY_REPLACE,prov_009_TOW_LIGHT,True,True,31.459123321963045,False,1.3988637995216116
UADO,inc_00938,938,COOLANT_LOW,RADIATOR_FAN_ISSUE,prov_006_TOW_LIGHT,True,False,12.379961596057505,False,1.0808720676867396
UADO,inc_00939,939,SEVERE_MECHANICAL_TOW,SEVERE_MECHANICAL_TOW,prov_001_TOW_HEAVY,True,True,39.72414808993611,False,2.0808424947619817
UADO,inc_00940,940,IGNITION_SYSTEM,IGNITION_SYSTEM,prov_009_TOW_LIGHT,True,True,62.27798819117666,False,1.9403144243757913
UADO,inc_00941,941,BATTERY_JUMP,BRAKE_PAD_WORN,prov_001_TOW_HEAVY,True,False,19.469313223509346,False,1.9737311351247793
UADO,inc_00942,942,BATTERY_REPLACE,BATTERY_REPLACE,prov_002_MOBILE_MECHANIC,True,True,35.09652497078434,False,1.8858620855165389
UADO,inc_00943,943,ELECTRICAL_FAULT_RAIN,BATTERY_REPLACE,prov_012_TOW_HEAVY,True,False,96.54283864394826,False,1.8807650009782697
UADO,inc_00944,944,BATTERY_REPLACE,BATTERY_REPLACE,prov_007_MOBILE_MECHANIC,True,True,33.0660846386797,False,1.5325214018210205
UADO,inc_00945,945,CLUTCH_WORN,CLUTCH_WORN,prov_001_TOW_HEAVY,True,True,157.6078826139616,False,1.5500697610969285
UADO,inc_00946,946,TRANSMISSION_ISSUE,TRANSMISSION_ISSUE,prov_015_TOW_HEAVY,True,True,185.95574869907026,False,1.33199251506825
UADO,inc_00947,947,ALTERNATOR_ISSUE,ALTERNATOR_ISSUE,prov_016_MOBILE_MECHANIC,True,True,68.36392668770844,False,2.0511981027597104
UADO,inc_00948,948,TRANSMISSION_ISSUE,BRAKE_PAD_WORN,prov_010_TOW_LIGHT,True,False,184.04772287814853,False,1.9432530766380818
UADO,inc_00949,949,STARTER_MOTOR,STARTER_MOTOR,prov_017_MOBILE_MECHANIC,True,True,64.50130943389532,False,1.5554469841648255
UADO,inc_00950,950,STARTER_MOTOR,BRAKE_PAD_WORN,prov_010_TOW_LIGHT,True,False,65.00273708155655,False,1.1937454894423547
UADO,inc_00951,951,TRANSMISSION_ISSUE,TRANSMISSION_ISSUE,prov_018_TOW_LIGHT,True,True,183.6813700576275,False,1.225038966265775
UADO,inc_00952,952,TRANSMISSION_ISSUE,CLUTCH_WORN,prov_015_TOW_HEAVY,True,False,186.2686097150082,False,1.54344804625571
UADO,inc_00953,953,BATTERY_REPLACE,STARTER_MOTOR,prov_011_TOW_LIGHT,True,False,32.48761208561771,False,1.6763526240363187
UADO,inc_00954,954,BRAKE_PAD_WORN,BRAKE_PAD_WORN,prov_002_MOBILE_MECHANIC,True,True,66.05622890880295,False,0.0886818111453581
UADO,inc_00955,955,BRAKE_PAD_WORN,BRAKE_PAD_WORN,prov_014_MOBILE_MECHANIC,True,True,63.80627911463164,False,0.08542690889755868
UADO,inc_00956,956,RADIATOR_HOSE_LEAK,RADIATOR_HOSE_LEAK,prov_011_TOW_LIGHT,True,True,34.165100193700894,False,1.2545296638692116
UADO,inc_00957,957,BRAKE_FAILURE,BRAKE_FAILURE,prov_005_TOW_LIGHT,True,True,96.89879881517254,False,0.5022884315127042
UADO,inc_00958,958,RADIATOR_FAN_ISSUE,COOLANT_LOW,prov_014_MOBILE_MECHANIC,True,False,50.143856840458874,False,0.9681015755024691
UADO,inc_00959,959,COOLANT_LOW,COOLANT_LOW,prov_016_MOBILE_MECHANIC,True,True,16.622134012223178,False,1.637963726951943
UADO,inc_00960,960,BELT_BROKEN,BELT_BROKEN,prov_011_TOW_LIGHT,True,True,33.796141236397524,False,1.6680899285529973
UADO,inc_00961,961,ENGINE_OVERHEAT_SEVERE,BRAKE_PAD_WORN,prov_005_TOW_LIGHT,True,False,127.29091747031973,False,1.840267381024895
UADO,inc_00962,962,RADIATOR_HOSE_LEAK,BRAKE_PAD_WORN,prov_001_TOW_HEAVY,True,False,35.35313257058408,False,1.8234881855183112
UADO,inc_00963,963,ALTERNATOR_ISSUE,ALTERNATOR_ISSUE,prov_002_MOBILE_MECHANIC,True,True,65.04719929873913,False,1.5949896906259133
UADO,inc_00964,964,ELECTRICAL_FAULT_RAIN,BATTERY_REPLACE,prov_002_MOBILE_MECHANIC,True,False,96.32146214989083,False,1.8800013896588925
UADO,inc_00965,965,STARTER_MOTOR,STARTER_MOTOR,prov_002_MOBILE_MECHANIC,True,True,67.37268034073709,False,1.5263467384074825
UADO,inc_00966,966,CLUTCH_WORN,TRANSMISSION_ISSUE,prov_006_TOW_LIGHT,True,False,156.15798754703084,False,1.033274737087241
UADO,inc_00967,967,SEVERE_MECHANICAL_TOW,SEVERE_MECHANICAL_TOW,prov_015_TOW_HEAVY,True,True,34.21669869853862,False,2.048559454378738
UADO,inc_00968,968,COOLANT_LOW,COOLANT_LOW,prov_012_TOW_HEAVY,True,True,13.342784187485732,False,1.6257187277938574
UADO,inc_00969,969,BATTERY_JUMP,BRAKE_PAD_WORN,prov_005_TOW_LIGHT,True,False,18.22064147546343,False,1.588531239217563
UADO,inc_00970,970,FUEL_FILTER_CLOGGED,IGNITION_SYSTEM,prov_011_TOW_LIGHT,True,False,31.492900152027502,False,1.9453681134950318
UADO,inc_00971,971,BATTERY_REPLACE,STARTER_MOTOR,prov_001_TOW_HEAVY,True,False,34.61470674063861,False,2.080991110670643
UADO,inc_00972,972,FUEL_PUMP,STARTER_MOTOR,prov_001_TOW_HEAVY,True,False,92.07067839212353,False,1.0068929466715897
UADO,inc_00973,973,BATTERY_JUMP,BATTERY_JUMP,prov_012_TOW_HEAVY,True,True,15.908862787561615,False,0.8244158581073158
UADO,inc_00974,974,BELT_BROKEN,BELT_BROKEN,prov_014_MOBILE_MECHANIC,True,True,38.20767667572304,False,1.6636309513989254
UADO,inc_00975,975,FUEL_PUMP,FUEL_PUMP,prov_002_MOBILE_MECHANIC,True,True,96.41184079709767,False,1.4531734500813758
UADO,inc_00976,976,STARTER_MOTOR,STARTER_MOTOR,prov_014_MOBILE_MECHANIC,True,True,64.86792007753539,False,1.4979280641834387
UADO,inc_00977,977,IGNITION_SYSTEM,BATTERY_JUMP,prov_007_MOBILE_MECHANIC,True,False,62.4199691607323,False,0.0
UADO,inc_00978,978,COOLANT_LOW,COOLANT_LOW,prov_015_TOW_HEAVY,True,True,18.914391907925484,False,1.6122518631096459
UADO,inc_00979,979,BRAKE_PAD_WORN,BRAKE_PAD_WORN,prov_014_MOBILE_MECHANIC,True,True,69.22516405788257,False,0.08235026237023377
UADO,inc_00980,980,BRAKE_PAD_WORN,BRAKE_PAD_WORN,prov_001_TOW_HEAVY,True,True,61.84917511389962,False,1.015198309448009
UADO,inc_00981,981,FUEL_FILTER_CLOGGED,BRAKE_PAD_WORN,prov_013_MOBILE_MECHANIC,True,False,28.12535688196296,False,1.9080303110598338
UADO,inc_00982,982,RADIATOR_FAN_ISSUE,RADIATOR_FAN_ISSUE,prov_002_MOBILE_MECHANIC,True,True,47.81879241202589,False,1.0777798652602706
UADO,inc_00983,983,IGNITION_SYSTEM,STARTER_MOTOR,prov_014_MOBILE_MECHANIC,True,False,67.31361698817857,False,1.4702366091717294
UADO,inc_00984,984,BATTERY_REPLACE,BATTERY_REPLACE,prov_002_MOBILE_MECHANIC,True,True,34.002898912206874,False,1.8790089327735866
UADO,inc_00985,985,BRAKE_PAD_WORN,BRAKE_PAD_WORN,prov_015_TOW_HEAVY,True,True,65.59495203513869,False,0.079441524432287
UADO,inc_00986,986,ELECTRICAL_FAULT_RAIN,BRAKE_PAD_WORN,prov_001_TOW_HEAVY,True,False,99.87674599283588,False,1.83778212632353
UADO,inc_00987,987,STARTER_MOTOR,STARTER_MOTOR,prov_017_MOBILE_MECHANIC,True,True,64.09457048453557,False,1.5529234660979823
UADO,inc_00988,988,BRAKE_PAD_WORN,BRAKE_PAD_WORN,prov_016_MOBILE_MECHANIC,True,True,63.15803901149106,False,1.0294988329556427
UADO,inc_00989,989,BATTERY_REPLACE,BATTERY_REPLACE,prov_011_TOW_LIGHT,True,True,33.536269357643164,False,1.3900901056723594
UADO,inc_00990,990,BATTERY_REPLACE,BATTERY_REPLACE,prov_014_MOBILE_MECHANIC,True,True,35.85100906011802,False,1.8689800421854939
UADO,inc_00991,991,TRANSMISSION_ISSUE,TRANSMISSION_ISSUE,prov_011_TOW_LIGHT,True,True,186.68162563869532,False,1.0350664072148925
UADO,inc_00992,992,ELECTRICAL_FAULT_RAIN,BATTERY_REPLACE,prov_014_MOBILE_MECHANIC,True,False,94.8085373681973,False,1.8638222292603763
UADO,inc_00993,993,BELT_BROKEN,SEVERE_MECHANICAL_TOW,prov_012_TOW_HEAVY,True,False,41.82775924171117,False,2.0156474619918616
UADO,inc_00994,994,BATTERY_REPLACE,STARTER_MOTOR,prov_010_TOW_LIGHT,True,False,33.46332954870267,False,1.6740553542492618
UADO,inc_00995,995,BATTERY_TERMINAL_CLEAN,BATTERY_REPLACE,prov_010_TOW_LIGHT,True,False,13.141628163558046,False,1.3831277117916736
UADO,inc_00996,996,FUEL_FILTER_CLOGGED,BRAKE_PAD_WORN,prov_005_TOW_LIGHT,True,False,29.124902823163456,False,1.698235566329108
UADO,inc_00997,997,SEVERE_MECHANICAL_TOW,BELT_BROKEN,prov_012_TOW_HEAVY,True,False,43.84078518862006,False,1.6904116497844064
UADO,inc_00998,998,ELECTRICAL_FAULT_RAIN,SEVERE_MECHANICAL_TOW,prov_015_TOW_HEAVY,True,False,92.62753321468452,False,2.02494161858889
UADO,inc_00999,999,TRANSMISSION_ISSUE,CLUTCH_WORN,prov_018_TOW_LIGHT,True,False,185.44138753867827,False,1.5405844339307488
GreedyNearest,inc_00000,0,BATTERY_JUMP,FUEL_PUMP,prov_003_TOW_LIGHT,True,False,20.141872649869573,False,
GreedyNearest,inc_00001,1,FUEL_PUMP,BATTERY_JUMP,prov_013_MOBILE_MECHANIC,True,False,94.29290694321067,False,
GreedyNearest,inc_00002,2,BELT_BROKEN,BELT_BROKEN,prov_016_MOBILE_MECHANIC,True,True,34.96887355038789,False,
GreedyNearest,inc_00003,3,BATTERY_JUMP,FUEL_PUMP,prov_002_MOBILE_MECHANIC,True,False,22.877352736057098,False,
GreedyNearest,inc_00004,4,TRANSMISSION_ISSUE,TRANSMISSION_ISSUE,prov_008_FUEL_DELIVERY,False,True,229.9445155647676,True,
GreedyNearest,inc_00005,5,FUEL_FILTER_CLOGGED,FUEL_FILTER_CLOGGED,prov_009_TOW_LIGHT,True,True,30.189386522194496,False,
GreedyNearest,inc_00006,6,BATTERY_JUMP,FUEL_PUMP,prov_013_MOBILE_MECHANIC,True,False,18.017336411400287,False,
GreedyNearest,inc_00007,7,BATTERY_JUMP,FUEL_PUMP,prov_014_MOBILE_MECHANIC,True,False,19.91292657981052,False,
GreedyNearest,inc_00008,8,ALTERNATOR_ISSUE,BELT_BROKEN,prov_008_FUEL_DELIVERY,False,False,106.36704529119561,True,
GreedyNearest,inc_00009,9,SEVERE_MECHANICAL_TOW,BELT_BROKEN,prov_009_TOW_LIGHT,False,False,79.28266835845257,True,
GreedyNearest,inc_00010,10,IGNITION_SYSTEM,FUEL_PUMP,prov_010_TOW_LIGHT,True,False,66.2729905501791,False,
GreedyNearest,inc_00011,11,IGNITION_SYSTEM,FUEL_PUMP,prov_019_LOCKSMITH,False,False,111.16645206664626,True,
GreedyNearest,inc_00012,12,BATTERY_JUMP,FUEL_PUMP,prov_017_MOBILE_MECHANIC,True,False,17.15807709480557,False,
GreedyNearest,inc_00013,13,RADIATOR_FAN_ISSUE,RADIATOR_FAN_ISSUE,prov_017_MOBILE_MECHANIC,True,True,45.27540933957896,False,
GreedyNearest,inc_00014,14,FUEL_FILTER_CLOGGED,FUEL_FILTER_CLOGGED,prov_010_TOW_LIGHT,True,True,28.1143207542654,False,
GreedyNearest,inc_00015,15,BATTERY_JUMP,FUEL_PUMP,prov_016_MOBILE_MECHANIC,True,False,19.294383268340628,False,
GreedyNearest,inc_00016,16,BRAKE_PAD_WORN,BRAKE_PAD_WORN,prov_008_FUEL_DELIVERY,False,True,106.27343691403118,True,
GreedyNearest,inc_00017,17,CLUTCH_WORN,TRANSMISSION_ISSUE,prov_002_MOBILE_MECHANIC,False,False,200.50565702043937,True,
GreedyNearest,inc_00018,18,STARTER_MOTOR,FUEL_PUMP,prov_007_MOBILE_MECHANIC,True,False,64.7348040715624,False,
GreedyNearest,inc_00019,19,BATTERY_REPLACE,STARTER_MOTOR,prov_003_TOW_LIGHT,True,False,35.14120473356557,False,
GreedyNearest,inc_00020,20,IGNITION_SYSTEM,FUEL_PUMP,prov_019_LOCKSMITH,False,False,109.14010501136647,True,
GreedyNearest,inc_00021,21,ENGINE_OVERHEAT_SEVERE,FUEL_FILTER_CLOGGED,prov_012_TOW_HEAVY,True,False,125.96837273372402,False,
GreedyNearest,inc_00022,22,FUEL_FILTER_CLOGGED,IGNITION_SYSTEM,prov_016_MOBILE_MECHANIC,True,False,26.37660822832666,False,
GreedyNearest,inc_00023,23,TRANSMISSION_ISSUE,TRANSMISSION_ISSUE,prov_002_MOBILE_MECHANIC,False,True,230.882617764703,True,
GreedyNearest,inc_00024,24,SEVERE_MECHANICAL_TOW,BELT_BROKEN,prov_014_MOBILE_MECHANIC,False,False,82.65432958580315,True,
GreedyNearest,inc_00025,25,CLUTCH_WORN,TRANSMISSION_ISSUE,prov_019_LOCKSMITH,False,False,199.4883182448653,True,
GreedyNearest,inc_00026,26,ALTERNATOR_ISSUE,BELT_BROKEN,prov_017_MOBILE_MECHANIC,True,False,66.77793156206647,False,
GreedyNearest,inc_00027,27,ALTERNATOR_ISSUE,BELT_BROKEN,prov_016_MOBILE_MECHANIC,True,False,62.75194653564423,False,
GreedyNearest,inc_00028,28,BELT_BROKEN,BELT_BROKEN,prov_009_TOW_LIGHT,True,True,31.56182373041491,False,
GreedyNearest,inc_00029,29,BATTERY_TERMINAL_CLEAN,BATTERY_REPLACE,prov_019_LOCKSMITH,False,False,58.27290366865163,True,
GreedyNearest,inc_00030,30,BRAKE_PAD_WORN,BRAKE_PAD_WORN,prov_012_TOW_HEAVY,True,True,67.2596253639347,False,
GreedyNearest,inc_00031,31,BRAKE_PAD_WORN,BRAKE_PAD_WORN,prov_001_TOW_HEAVY,True,True,66.05333777001881,False,
GreedyNearest,inc_00032,32,BATTERY_REPLACE,BATTERY_JUMP,prov_003_TOW_LIGHT,True,False,31.987679694105058,False,
GreedyNearest,inc_00033,33,BATTERY_REPLACE,STARTER_MOTOR,prov_016_MOBILE_MECHANIC,True,False,35.30382551644807,False,
GreedyNearest,inc_00034,34,RADIATOR_HOSE_LEAK,RADIATOR_HOSE_LEAK,prov_004_FUEL_DELIVERY,False,True,78.93327630355657,True,
GreedyNearest,inc_00035,35,CLUTCH_WORN,TRANSMISSION_ISSUE,prov_016_MOBILE_MECHANIC,False,False,200.90662287264894,True,
GreedyNearest,inc_00036,36,ALTERNATOR_ISSUE,BELT_BROKEN,prov_010_TOW_LIGHT,True,False,61.42405526136701,False,
GreedyNearest,inc_00037,37,CLUTCH_WORN,TRANSMISSION_ISSUE,prov_010_TOW_LIGHT,True,False,153.3554146732129,False,
GreedyNearest,inc_00038,38,ENGINE_OVERHEAT_SEVERE,RADIATOR_HOSE_LEAK,prov_013_MOBILE_MECHANIC,False,False,168.2636175498396,True,
GreedyNearest,inc_00039,39,IGNITION_SYSTEM,FUEL_PUMP,prov_014_MOBILE_MECHANIC,True,False,63.287567026551955,False,
GreedyNearest,inc_00040,40,BRAKE_PAD_WORN,BRAKE_PAD_WORN,prov_017_MOBILE_MECHANIC,True,True,66.17354361687026,False,
GreedyNearest,inc_00041,41,BATTERY_REPLACE,BATTERY_JUMP,prov_009_TOW_LIGHT,True,False,31.61482862691777,False,
GreedyNearest,inc_00042,42,BATTERY_REPLACE,BATTERY_REPLACE,prov_015_TOW_HEAVY,True,True,33.22360215414999,False,
GreedyNearest,inc_00043,43,STARTER_MOTOR,FUEL_PUMP,prov_010_TOW_LIGHT,True,False,62.76141796481369,False,
GreedyNearest,inc_00044,44,BRAKE_FAILURE,BRAKE_FAILURE,prov_017_MOBILE_MECHANIC,False,True,136.10242564667553,True,
GreedyNearest,inc_00045,45,ALTERNATOR_ISSUE,FUEL_FILTER_CLOGGED,prov_017_MOBILE_MECHANIC,True,False,65.66180164101,False,
GreedyNearest,inc_00046,46,ENGINE_OVERHEAT_SEVERE,RADIATOR_HOSE_LEAK,prov_002_MOBILE_MECHANIC,False,False,172.49840942823,True,
GreedyNearest,inc_00047,47,BELT_BROKEN,BELT_BROKEN,prov_019_LOCKSMITH,False,True,77.69297507541795,True,
GreedyNearest,inc_00048,48,FUEL_PUMP,FUEL_PUMP,prov_000_MOBILE_MECHANIC,True,True,90.4700873032216,False,
GreedyNearest,inc_00049,49,ENGINE_OVERHEAT_SEVERE,RADIATOR_HOSE_LEAK,prov_008_FUEL_DELIVERY,False,False,169.9255916284876,True,
GreedyNearest,inc_00050,50,BATTERY_JUMP,FUEL_PUMP,prov_005_TOW_LIGHT,True,False,19.90216296204281,False,
GreedyNearest,inc_00051,51,TRANSMISSION_ISSUE,TRANSMISSION_ISSUE,prov_016_MOBILE_MECHANIC,False,True,229.46728888309045,True,
GreedyNearest,inc_00052,52,BATTERY_REPLACE,BATTERY_REPLACE,prov_005_TOW_LIGHT,True,True,33.83275622144135,False,
GreedyNearest,inc_00053,53,BRAKE_FAILURE,BRAKE_FAILURE,prov_002_MOBILE_MECHANIC,False,True,137.56618511699992,True,
GreedyNearest,inc_00054,54,RADIATOR_FAN_ISSUE,RADIATOR_FAN_ISSUE,prov_005_TOW_LIGHT,True,True,48.22242589631124,False,
GreedyNearest,inc_00055,55,BELT_BROKEN,BELT_BROKEN,prov_016_MOBILE_MECHANIC,True,True,37.7771592419655,False,
GreedyNearest,inc_00056,56,RADIATOR_FAN_ISSUE,COOLANT_LOW,prov_008_FUEL_DELIVERY,False,False,92.73785470973215,True,
GreedyNearest,inc_00057,57,FUEL_PUMP,STARTER_MOTOR,prov_000_MOBILE_MECHANIC,True,False,90.60171283709542,False,
GreedyNearest,inc_00058,58,FUEL_PUMP,FUEL_PUMP,prov_004_FUEL_DELIVERY,False,True,139.3489162169789,True,
GreedyNearest,inc_00059,59,BRAKE_FAILURE,BRAKE_FAILURE,prov_019_LOCKSMITH,False,True,141.8147571683843,True,
GreedyNearest,inc_00060,60,TRANSMISSION_ISSUE,TRANSMISSION_ISSUE,prov_014_MOBILE_MECHANIC,False,True,226.2111292183106,True,
GreedyNearest,inc_00061,61,ALTERNATOR_ISSUE,FUEL_FILTER_CLOGGED,prov_006_TOW_LIGHT,True,False,62.43495538596618,False,
GreedyNearest,inc_00062,62,BATTERY_REPLACE,BATTERY_REPLACE,prov_004_FUEL_DELIVERY,False,True,75.44463567481783,True,
GreedyNearest,inc_00063,63,BRAKE_FAILURE,BRAKE_FAILURE,prov_005_TOW_LIGHT,True,True,94.6415805588154,False,
GreedyNearest,inc_00064,64,ENGINE_OVERHEAT_SEVERE,RADIATOR_HOSE_LEAK,prov_001_TOW_HEAVY,True,False,123.89279799110903,False,
GreedyNearest,inc_00065,65,FUEL_PUMP,FUEL_PUMP,prov_000_MOBILE_MECHANIC,True,True,91.19060412154096,False,
GreedyNearest,inc_00066,66,ALTERNATOR_ISSUE,BELT_BROKEN,prov_011_TOW_LIGHT,True,False,60.850449270042034,False,
GreedyNearest,inc_00067,67,FUEL_PUMP,FUEL_PUMP,prov_005_TOW_LIGHT,True,True,93.15114384119103,False,
GreedyNearest,inc_00068,68,RADIATOR_HOSE_LEAK,FUEL_FILTER_CLOGGED,prov_014_MOBILE_MECHANIC,True,False,39.67543420430651,False,
GreedyNearest,inc_00069,69,BATTERY_JUMP,FUEL_PUMP,prov_010_TOW_LIGHT,True,False,20.750589224947362,False,
GreedyNearest,inc_00070,70,FUEL_PUMP,FUEL_PUMP,prov_005_TOW_LIGHT,True,True,95.59244158467486,False,
GreedyNearest,inc_00071,71,IGNITION_SYSTEM,FUEL_PUMP,prov_019_LOCKSMITH,False,False,108.35619890016994,True,
GreedyNearest,inc_00072,72,COOLANT_LOW,RADIATOR_FAN_ISSUE,prov_008_FUEL_DELIVERY,False,False,57.2801660062184,True,
GreedyNearest,inc_00073,73,BATTERY_REPLACE,STARTER_MOTOR,prov_006_TOW_LIGHT,True,False,32.54163271593139,False,
GreedyNearest,inc_00074,74,ENGINE_OVERHEAT_SEVERE,RADIATOR_HOSE_LEAK,prov_016_MOBILE_MECHANIC,False,False,166.1615680690095,True,
GreedyNearest,inc_00075,75,SEVERE_MECHANICAL_TOW,BELT_BROKEN,prov_012_TOW_HEAVY,True,False,36.27287087458421,False,
GreedyNearest,inc_00076,76,ENGINE_OVERHEAT_SEVERE,FUEL_FILTER_CLOGGED,prov_016_MOBILE_MECHANIC,False,False,168.62505241204963,True,
GreedyNearest,inc_00077,77,SEVERE_MECHANICAL_TOW,BELT_BROKEN,prov_017_MOBILE_MECHANIC,False,False,78.29382193730616,True,
GreedyNearest,inc_00078,78,BRAKE_PAD_WORN,BRAKE_PAD_WORN,prov_019_LOCKSMITH,False,True,108.54078985983892,True,
GreedyNearest,inc_00079,79,COOLANT_LOW,FUEL_FILTER_CLOGGED,prov_014_MOBILE_MECHANIC,True,False,10.748433143919895,False,
GreedyNearest,inc_00080,80,BATTERY_JUMP,FUEL_PUMP,prov_015_TOW_HEAVY,True,False,15.941691148324637,False,
GreedyNearest,inc_00081,81,RADIATOR_FAN_ISSUE,COOLANT_LOW,prov_002_MOBILE_MECHANIC,True,False,51.53761827378814,False,
GreedyNearest,inc_00082,82,BRAKE_PAD_WORN,BRAKE_PAD_WORN,prov_014_MOBILE_MECHANIC,True,True,63.48993524061195,False,
GreedyNearest,inc_00083,83,BRAKE_PAD_WORN,BRAKE_PAD_WORN,prov_019_LOCKSMITH,False,True,108.44532878140888,True,
GreedyNearest,inc_00084,84,BATTERY_JUMP,FUEL_PUMP,prov_009_TOW_LIGHT,True,False,17.528528711962338,False,
GreedyNearest,inc_00085,85,FUEL_FILTER_CLOGGED,FUEL_FILTER_CLOGGED,prov_000_MOBILE_MECHANIC,True,True,28.78272972102579,False,
GreedyNearest,inc_00086,86,BRAKE_FAILURE,BRAKE_FAILURE,prov_012_TOW_HEAVY,True,True,92.32099057827635,False,
GreedyNearest,inc_00087,87,RADIATOR_HOSE_LEAK,RADIATOR_HOSE_LEAK,prov_019_LOCKSMITH,False,True,81.92927566313875,True,
GreedyNearest,inc_00088,88,BATTERY_JUMP,FUEL_PUMP,prov_012_TOW_HEAVY,True,False,19.458131836275676,False,
GreedyNearest,inc_00089,89,COOLANT_LOW,RADIATOR_FAN_ISSUE,prov_008_FUEL_DELIVERY,False,False,57.589217448218065,True,
GreedyNearest,inc_00090,90,RADIATOR_FAN_ISSUE,RADIATOR_FAN_ISSUE,prov_017_MOBILE_MECHANIC,True,True,49.52908723776917,False,
GreedyNearest,inc_00091,91,ALTERNATOR_ISSUE,BELT_BROKEN,prov_010_TOW_LIGHT,True,False,62.56590556847622,False,
GreedyNearest,inc_00092,92,BATTERY_REPLACE,BATTERY_REPLACE,prov_014_MOBILE_MECHANIC,True,True,34.2608443253963,False,
GreedyNearest,inc_00093,93,IGNITION_SYSTEM,FUEL_PUMP,prov_002_MOBILE_MECHANIC,True,False,65.796652350972,False,
GreedyNearest,inc_00094,94,BELT_BROKEN,BELT_BROKEN,prov_002_MOBILE_MECHANIC,True,True,34.97058513560891,False,
GreedyNearest,inc_00095,95,TRANSMISSION_ISSUE,TRANSMISSION_ISSUE,prov_016_MOBILE_MECHANIC,False,True,226.14750039174774,True,
GreedyNearest,inc_00096,96,TRANSMISSION_ISSUE,TRANSMISSION_ISSUE,prov_009_TOW_LIGHT,True,True,184.7248180171995,False,
GreedyNearest,inc_00097,97,COOLANT_LOW,COOLANT_LOW,prov_002_MOBILE_MECHANIC,True,True,16.83918677664423,False,
GreedyNearest,inc_00098,98,STARTER_MOTOR,FUEL_PUMP,prov_017_MOBILE_MECHANIC,True,False,64.22230050028222,False,
GreedyNearest,inc_00099,99,BELT_BROKEN,BELT_BROKEN,prov_012_TOW_HEAVY,True,True,36.76511334059547,False,
GreedyNearest,inc_00100,100,BATTERY_TERMINAL_CLEAN,BATTERY_JUMP,prov_002_MOBILE_MECHANIC,True,False,14.33304830241402,False,
GreedyNearest,inc_00101,101,BRAKE_FAILURE,BRAKE_FAILURE,prov_001_TOW_HEAVY,True,True,91.44456731412515,False,
GreedyNearest,inc_00102,102,BATTERY_REPLACE,BATTERY_REPLACE,prov_008_FUEL_DELIVERY,False,True,75.62693298353359,True,
GreedyNearest,inc_00103,103,BATTERY_REPLACE,BATTERY_REPLACE,prov_002_MOBILE_MECHANIC,True,True,31.439093378694817,False,
GreedyNearest,inc_00104,104,BATTERY_JUMP,FUEL_PUMP,prov_016_MOBILE_MECHANIC,True,False,20.522978798356775,False,
GreedyNearest,inc_00105,105,TRANSMISSION_ISSUE,TRANSMISSION_ISSUE,prov_008_FUEL_DELIVERY,False,True,228.76223510688556,True,
GreedyNearest,inc_00106,106,ALTERNATOR_ISSUE,BELT_BROKEN,prov_002_MOBILE_MECHANIC,True,False,63.08638576912375,False,
GreedyNearest,inc_00107,107,SEVERE_MECHANICAL_TOW,BELT_BROKEN,prov_016_MOBILE_MECHANIC,False,False,82.0540531264576,True,
GreedyNearest,inc_00108,108,IGNITION_SYSTEM,FUEL_PUMP,prov_017_MOBILE_MECHANIC,True,False,65.77327091882034,False,
GreedyNearest,inc_00109,109,BRAKE_PAD_WORN,BRAKE_PAD_WORN,prov_012_TOW_HEAVY,True,True,61.56615866052865,False,
GreedyNearest,inc_00110,110,CLUTCH_WORN,TRANSMISSION_ISSUE,prov_010_TOW_LIGHT,True,False,151.74812506930863,False,
GreedyNearest,inc_00111,111,SEVERE_MECHANICAL_TOW,BELT_BROKEN,prov_001_TOW_HEAVY,True,False,32.71295618280891,False,
GreedyNearest,inc_00112,112,BATTERY_JUMP,FUEL_PUMP,prov_012_TOW_HEAVY,True,False,16.577733988978284,False,
GreedyNearest,inc_00113,113,BRAKE_PAD_WORN,BRAKE_PAD_WORN,prov_018_TOW_LIGHT,True,True,64.0049940274109,False,
GreedyNearest,inc_00114,114,COOLANT_LOW,FUEL_FILTER_CLOGGED,prov_011_TOW_LIGHT,True,False,11.270224257098729,False,
GreedyNearest,inc_00115,115,ELECTRICAL_FAULT_RAIN,BATTERY_JUMP,prov_019_LOCKSMITH,False,False,137.02114933395677,True,
GreedyNearest,inc_00116,116,STARTER_MOTOR,FUEL_PUMP,prov_013_MOBILE_MECHANIC,True,False,64.83506412656793,False,
GreedyNearest,inc_00117,117,BATTERY_TERMINAL_CLEAN,BATTERY_REPLACE,prov_005_TOW_LIGHT,True,False,11.192531578438752,False,
GreedyNearest,inc_00118,118,BATTERY_JUMP,FUEL_PUMP,prov_017_MOBILE_MECHANIC,True,False,16.675479818718575,False,
GreedyNearest,inc_00119,119,CLUTCH_WORN,TRANSMISSION_ISSUE,prov_019_LOCKSMITH,False,False,201.94339624712535,True,
GreedyNearest,inc_00120,120,ALTERNATOR_ISSUE,BELT_BROKEN,prov_013_MOBILE_MECHANIC,True,False,63.35506852152748,False,
GreedyNearest,inc_00121,121,BRAKE_FAILURE,BRAKE_PAD_WORN,prov_019_LOCKSMITH,False,False,143.85584540302727,True,
GreedyNearest,inc_00122,122,BRAKE_PAD_WORN,BRAKE_PAD_WORN,prov_002_MOBILE_MECHANIC,True,True,61.54053486741487,False,
GreedyNearest,inc_00123,123,CLUTCH_WORN,TRANSMISSION_ISSUE,prov_016_MOBILE_MECHANIC,False,False,199.20495040128267,True,
GreedyNearest,inc_00124,124,RADIATOR_HOSE_LEAK,ENGINE_OVERHEAT_SEVERE,prov_015_TOW_HEAVY,True,False,30.920877183718357,False,
GreedyNearest,inc_00125,125,SEVERE_MECHANICAL_TOW,BELT_BROKEN,prov_002_MOBILE_MECHANIC,False,False,77.76303784585023,True,
GreedyNearest,inc_00126,126,BATTERY_REPLACE,BATTERY_JUMP,prov_012_TOW_HEAVY,True,False,36.348985233326914,False,
GreedyNearest,inc_00127,127,BATTERY_JUMP,FUEL_PUMP,prov_002_MOBILE_MECHANIC,True,False,19.590283399191904,False,
GreedyNearest,inc_00128,128,CLUTCH_WORN,TRANSMISSION_ISSUE,prov_008_FUEL_DELIVERY,False,False,197.97216913675103,True,
GreedyNearest,inc_00129,129,BATTERY_JUMP,FUEL_PUMP,prov_005_TOW_LIGHT,True,False,16.76442848081165,False,
GreedyNearest,inc_00130,130,COOLANT_LOW,RADIATOR_FAN_ISSUE,prov_002_MOBILE_MECHANIC,True,False,14.530827547626561,False,
GreedyNearest,inc_00131,131,FUEL_PUMP,FUEL_PUMP,prov_009_TOW_LIGHT,True,True,95.92898847212324,False,
GreedyNearest,inc_00132,132,SEVERE_MECHANICAL_TOW,BELT_BROKEN,prov_010_TOW_LIGHT,False,False,80.17767782558381,True,
GreedyNearest,inc_00133,133,ENGINE_OVERHEAT_SEVERE,RADIATOR_HOSE_LEAK,prov_007_MOBILE_MECHANIC,False,False,166.04543251398198,True,
GreedyNearest,inc_00134,134,ALTERNATOR_ISSUE,BELT_BROKEN,prov_017_MOBILE_MECHANIC,True,False,64.986108438572,False,
GreedyNearest,inc_00135,135,BATTERY_JUMP,FUEL_PUMP,prov_001_TOW_HEAVY,True,False,18.48035238731267,False,
GreedyNearest,inc_00136,136,SEVERE_MECHANICAL_TOW,BELT_BROKEN,prov_007_MOBILE_MECHANIC,False,False,76.97477106925109,True,
GreedyNearest,inc_00137,137,CLUTCH_WORN,TRANSMISSION_ISSUE,prov_007_MOBILE_MECHANIC,False,False,196.18219697140523,True,
GreedyNearest,inc_00138,138,FUEL_FILTER_CLOGGED,IGNITION_SYSTEM,prov_012_TOW_HEAVY,True,False,29.083106919598496,False,
GreedyNearest,inc_00139,139,BRAKE_FAILURE,BRAKE_FAILURE,prov_006_TOW_LIGHT,True,True,92.65472913019424,False,
GreedyNearest,inc_00140,140,STARTER_MOTOR,FUEL_PUMP,prov_006_TOW_LIGHT,True,False,63.05773953856755,False,
GreedyNearest,inc_00141,141,BATTERY_REPLACE,BATTERY_REPLACE,prov_004_FUEL_DELIVERY,False,True,79.82528759301337,True,
GreedyNearest,inc_00142,142,SEVERE_MECHANICAL_TOW,BELT_BROKEN,prov_010_TOW_LIGHT,False,False,78.94746575995354,True,
GreedyNearest,inc_00143,143,FUEL_PUMP,FUEL_PUMP,prov_008_FUEL_DELIVERY,False,True,135.35794652269308,True,
GreedyNearest,inc_00144,144,FUEL_FILTER_CLOGGED,IGNITION_SYSTEM,prov_012_TOW_HEAVY,True,False,28.432409064356378,False,
GreedyNearest,inc_00145,145,ELECTRICAL_FAULT_RAIN,STARTER_MOTOR,prov_012_TOW_HEAVY,True,False,94.89214320253971,False,
GreedyNearest,inc_00146,146,BRAKE_PAD_WORN,BRAKE_PAD_WORN,prov_004_FUEL_DELIVERY,False,True,108.46450900550099,True,
GreedyNearest,inc_00147,147,IGNITION_SYSTEM,FUEL_PUMP,prov_006_TOW_LIGHT,True,False,64.286523455967,False,
GreedyNearest,inc_00148,148,ALTERNATOR_ISSUE,BELT_BROKEN,prov_007_MOBILE_MECHANIC,True,False,61.34221316504367,False,
GreedyNearest,inc_00149,149,BATTERY_JUMP,FUEL_PUMP,prov_006_TOW_LIGHT,True,False,20.312988990396093,False,
GreedyNearest,inc_00150,150,BRAKE_FAILURE,BRAKE_FAILURE,prov_003_TOW_LIGHT,True,True,94.44988802984113,False,
GreedyNearest,inc_00151,151,STARTER_MOTOR,FUEL_PUMP,prov_012_TOW_HEAVY,True,False,65.08000114336589,False,
GreedyNearest,inc_00152,152,RADIATOR_FAN_ISSUE,RADIATOR_FAN_ISSUE,prov_019_LOCKSMITH,False,True,92.65465363162181,True,
GreedyNearest,inc_00153,153,FUEL_FILTER_CLOGGED,FUEL_FILTER_CLOGGED,prov_003_TOW_LIGHT,True,True,26.629451553362983,False,
GreedyNearest,inc_00154,154,COOLANT_LOW,COOLANT_LOW,prov_009_TOW_LIGHT,True,True,12.65289687243855,False,
GreedyNearest,inc_00155,155,BATTERY_REPLACE,BATTERY_REPLACE,prov_006_TOW_LIGHT,True,True,34.02014422899513,False,
GreedyNearest,inc_00156,156,BRAKE_PAD_WORN,BRAKE_PAD_WORN,prov_014_MOBILE_MECHANIC,True,True,61.96731906086418,False,
GreedyNearest,inc_00157,157,BRAKE_FAILURE,BRAKE_PAD_WORN,prov_009_TOW_LIGHT,True,False,90.96073078293074,False,
GreedyNearest,inc_00158,158,BELT_BROKEN,BELT_BROKEN,prov_010_TOW_LIGHT,True,True,30.823713433592953,False,
GreedyNearest,inc_00159,159,BATTERY_JUMP,FUEL_PUMP,prov_002_MOBILE_MECHANIC,True,False,18.583903159119807,False,
GreedyNearest,inc_00160,160,ALTERNATOR_ISSUE,BELT_BROKEN,prov_001_TOW_HEAVY,True,False,63.00419552098124,False,
GreedyNearest,inc_00161,161,BATTERY_JUMP,FUEL_PUMP,prov_011_TOW_LIGHT,True,False,18.081733577624703,False,
GreedyNearest,inc_00162,162,IGNITION_SYSTEM,FUEL_PUMP,prov_004_FUEL_DELIVERY,False,False,109.79927073148099,True,
GreedyNearest,inc_00163,163,FUEL_FILTER_CLOGGED,FUEL_FILTER_CLOGGED,prov_013_MOBILE_MECHANIC,True,True,25.35519946558368,False,
GreedyNearest,inc_00164,164,IGNITION_SYSTEM,FUEL_PUMP,prov_000_MOBILE_MECHANIC,True,False,62.09895373420298,False,
GreedyNearest,inc_00165,165,BRAKE_PAD_WORN,BRAKE_PAD_WORN,prov_002_MOBILE_MECHANIC,True,True,63.97564059891773,False,
GreedyNearest,inc_00166,166,BATTERY_REPLACE,BATTERY_REPLACE,prov_002_MOBILE_MECHANIC,True,True,34.33501370036875,False,
GreedyNearest,inc_00167,167,COOLANT_LOW,COOLANT_LOW,prov_002_MOBILE_MECHANIC,True,True,12.997628939121217,False,
GreedyNearest,inc_00168,168,ALTERNATOR_ISSUE,BELT_BROKEN,prov_002_MOBILE_MECHANIC,True,False,67.69313617459223,False,
GreedyNearest,inc_00169,169,STARTER_MOTOR,FUEL_PUMP,prov_003_TOW_LIGHT,True,False,62.68155403044064,False,
GreedyNearest,inc_00170,170,COOLANT_LOW,RADIATOR_FAN_ISSUE,prov_008_FUEL_DELIVERY,False,False,60.18457601031058,True,
GreedyNearest,inc_00171,171,FUEL_PUMP,FUEL_PUMP,prov_019_LOCKSMITH,False,True,141.7764091596194,True,
GreedyNearest,inc_00172,172,BRAKE_PAD_WORN,BRAKE_PAD_WORN,prov_010_TOW_LIGHT,True,True,64.08556814223265,False,
GreedyNearest,inc_00173,173,SEVERE_MECHANICAL_TOW,BELT_BROKEN,prov_014_MOBILE_MECHANIC,False,False,81.23547955814325,True,
GreedyNearest,inc_00174,174,IGNITION_SYSTEM,FUEL_PUMP,prov_008_FUEL_DELIVERY,False,False,109.4167094676638,True,
GreedyNearest,inc_00175,175,BELT_BROKEN,BELT_BROKEN,prov_015_TOW_HEAVY,True,True,34.45645930061388,False,
GreedyNearest,inc_00176,176,ALTERNATOR_ISSUE,BELT_BROKEN,prov_006_TOW_LIGHT,True,False,62.29245015794119,False,
GreedyNearest,inc_00177,177,ELECTRICAL_FAULT_RAIN,STARTER_MOTOR,prov_000_MOBILE_MECHANIC,True,False,90.93610668244514,False,
GreedyNearest,inc_00178,178,ALTERNATOR_ISSUE,BELT_BROKEN,prov_005_TOW_LIGHT,True,False,64.64743160595026,False,
GreedyNearest,inc_00179,179,BRAKE_PAD_WORN,BRAKE_PAD_WORN,prov_002_MOBILE_MECHANIC,True,True,64.78243111036736,False,
GreedyNearest,inc_00180,180,BATTERY_JUMP,FUEL_PUMP,prov_002_MOBILE_MECHANIC,True,False,20.944341070652264,False,
GreedyNearest,inc_00181,181,COOLANT_LOW,RADIATOR_FAN_ISSUE,prov_007_MOBILE_MECHANIC,True,False,12.591433884048358,False,
GreedyNearest,inc_00182,182,BATTERY_REPLACE,BATTERY_JUMP,prov_008_FUEL_DELIVERY,False,False,78.56979897758285,True,
GreedyNearest,inc_00183,183,BRAKE_PAD_WORN,BRAKE_PAD_WORN,prov_005_TOW_LIGHT,True,True,62.789038841692516,False,
GreedyNearest,inc_00184,184,BELT_BROKEN,BELT_BROKEN,prov_017_MOBILE_MECHANIC,True,True,37.29981102068666,False,
GreedyNearest,inc_00185,185,BRAKE_PAD_WORN,BRAKE_PAD_WORN,prov_007_MOBILE_MECHANIC,True,True,62.677326692975974,False,
GreedyNearest,inc_00186,186,BRAKE_FAILURE,BRAKE_FAILURE,prov_002_MOBILE_MECHANIC,False,True,142.49113789004952,True,
GreedyNearest,inc_00187,187,ELECTRICAL_FAULT_RAIN,STARTER_MOTOR,prov_007_MOBILE_MECHANIC,True,False,92.15592767075628,False,
GreedyNearest,inc_00188,188,CLUTCH_WORN,TRANSMISSION_ISSUE,prov_002_MOBILE_MECHANIC,False,False,201.6449609477862,True,
GreedyNearest,inc_00189,189,IGNITION_SYSTEM,BATTERY_JUMP,prov_010_TOW_LIGHT,True,False,63.725959115275735,False,
GreedyNearest,inc_00190,190,SEVERE_MECHANICAL_TOW,BELT_BROKEN,prov_010_TOW_LIGHT,False,False,75.13823645560043,True,
GreedyNearest,inc_00191,191,BATTERY_JUMP,FUEL_PUMP,prov_014_MOBILE_MECHANIC,True,False,21.335367895014105,False,
GreedyNearest,inc_00192,192,CLUTCH_WORN,TRANSMISSION_ISSUE,prov_010_TOW_LIGHT,True,False,154.51984851097546,False,
GreedyNearest,inc_00193,193,BATTERY_JUMP,FUEL_PUMP,prov_010_TOW_LIGHT,True,False,17.655568203896006,False,
GreedyNearest,inc_00194,194,BATTERY_TERMINAL_CLEAN,BATTERY_TERMINAL_CLEAN,prov_019_LOCKSMITH,False,True,56.15045394528708,True,
GreedyNearest,inc_00195,195,BATTERY_TERMINAL_CLEAN,BATTERY_JUMP,prov_003_TOW_LIGHT,True,False,15.305299855202822,False,
GreedyNearest,inc_00196,196,RADIATOR_FAN_ISSUE,FUEL_FILTER_CLOGGED,prov_005_TOW_LIGHT,True,False,49.41679425909661,False,
GreedyNearest,inc_00197,197,TRANSMISSION_ISSUE,TRANSMISSION_ISSUE,prov_004_FUEL_DELIVERY,False,True,228.5945051240736,True,
GreedyNearest,inc_00198,198,TRANSMISSION_ISSUE,TRANSMISSION_ISSUE,prov_013_MOBILE_MECHANIC,False,True,228.05839839395603,True,
GreedyNearest,inc_00199,199,TRANSMISSION_ISSUE,TRANSMISSION_ISSUE,prov_010_TOW_LIGHT,True,True,181.76064941744224,False,
GreedyNearest,inc_00200,200,BATTERY_JUMP,FUEL_PUMP,prov_003_TOW_LIGHT,True,False,15.547833189436934,False,
GreedyNearest,inc_00201,201,IGNITION_SYSTEM,FUEL_PUMP,prov_005_TOW_LIGHT,True,False,65.57825003414972,False,
GreedyNearest,inc_00202,202,IGNITION_SYSTEM,FUEL_PUMP,prov_012_TOW_HEAVY,True,False,62.695002703169116,False,
GreedyNearest,inc_00203,203,IGNITION_SYSTEM,FUEL_PUMP,prov_005_TOW_LIGHT,True,False,61.11836439896187,False,
GreedyNearest,inc_00204,204,BATTERY_REPLACE,BATTERY_JUMP,prov_019_LOCKSMITH,False,False,83.44890548943869,True,
GreedyNearest,inc_00205,205,ENGINE_OVERHEAT_SEVERE,ENGINE_OVERHEAT_SEVERE,prov_014_MOBILE_MECHANIC,False,True,171.43825312609067,True,
GreedyNearest,inc_00206,206,SEVERE_MECHANICAL_TOW,BELT_BROKEN,prov_014_MOBILE_MECHANIC,False,False,82.11417805969168,True,
GreedyNearest,inc_00207,207,BATTERY_TERMINAL_CLEAN,BATTERY_JUMP,prov_007_MOBILE_MECHANIC,True,False,13.498714960883138,False,
GreedyNearest,inc_00208,208,BATTERY_JUMP,FUEL_PUMP,prov_012_TOW_HEAVY,True,False,20.114399256694284,False,
GreedyNearest,inc_00209,209,STARTER_MOTOR,FUEL_PUMP,prov_000_MOBILE_MECHANIC,True,False,61.48322781824419,False,
GreedyNearest,inc_00210,210,TRANSMISSION_ISSUE,TRANSMISSION_ISSUE,prov_005_TOW_LIGHT,True,True,183.5986324249587,False,
GreedyNearest,inc_00211,211,FUEL_PUMP,STARTER_MOTOR,prov_003_TOW_LIGHT,True,False,93.17532972697948,False,
GreedyNearest,inc_00212,212,BATTERY_JUMP,FUEL_PUMP,prov_013_MOBILE_MECHANIC,True,False,17.746935084675886,False,
GreedyNearest,inc_00213,213,ALTERNATOR_ISSUE,BELT_BROKEN,prov_008_FUEL_DELIVERY,False,False,112.79053465148083,True,
GreedyNearest,inc_00214,214,COOLANT_LOW,RADIATOR_FAN_ISSUE,prov_002_MOBILE_MECHANIC,True,False,17.68343793559996,False,
GreedyNearest,inc_00215,215,BATTERY_TERMINAL_CLEAN,BATTERY_TERMINAL_CLEAN,prov_017_MOBILE_MECHANIC,True,True,15.249760202486538,False,
GreedyNearest,inc_00216,216,TRANSMISSION_ISSUE,TRANSMISSION_ISSUE,prov_004_FUEL_DELIVERY,False,True,226.2293603091412,True,
GreedyNearest,inc_00217,217,RADIATOR_HOSE_LEAK,RADIATOR_HOSE_LEAK,prov_016_MOBILE_MECHANIC,True,True,37.29225437252268,False,
GreedyNearest,inc_00218,218,FUEL_FILTER_CLOGGED,FUEL_FILTER_CLOGGED,prov_008_FUEL_DELIVERY,False,True,72.37246932619627,True,
GreedyNearest,inc_00219,219,ELECTRICAL_FAULT_RAIN,BATTERY_JUMP,prov_015_TOW_HEAVY,True,False,90.95637895152952,False,
GreedyNearest,inc_00220,220,BRAKE_PAD_WORN,BRAKE_PAD_WORN,prov_014_MOBILE_MECHANIC,True,True,65.93914331754131,False,
GreedyNearest,inc_00221,221,BATTERY_REPLACE,BATTERY_JUMP,prov_002_MOBILE_MECHANIC,True,False,32.924330798748706,False,
GreedyNearest,inc_00222,222,BATTERY_JUMP,FUEL_PUMP,prov_007_MOBILE_MECHANIC,True,False,15.935748219293128,False,
GreedyNearest,inc_00223,223,BATTERY_JUMP,FUEL_PUMP,prov_008_FUEL_DELIVERY,False,False,65.0703875557992,True,
GreedyNearest,inc_00224,224,BATTERY_TERMINAL_CLEAN,STARTER_MOTOR,prov_013_MOBILE_MECHANIC,True,False,13.722492336666441,False,
GreedyNearest,inc_00225,225,BATTERY_REPLACE,BATTERY_JUMP,prov_004_FUEL_DELIVERY,False,False,80.1598826855002,True,
GreedyNearest,inc_00226,226,SEVERE_MECHANICAL_TOW,BELT_BROKEN,prov_009_TOW_LIGHT,False,False,79.45508087356279,True,
GreedyNearest,inc_00227,227,STARTER_MOTOR,FUEL_PUMP,prov_004_FUEL_DELIVERY,False,False,107.54878133883112,True,
GreedyNearest,inc_00228,228,BRAKE_FAILURE,BRAKE_FAILURE,prov_012_TOW_HEAVY,True,True,97.47097929997162,False,
GreedyNearest,inc_00229,229,FUEL_FILTER_CLOGGED,FUEL_FILTER_CLOGGED,prov_003_TOW_LIGHT,True,True,31.134379615115176,False,
GreedyNearest,inc_00230,230,BATTERY_JUMP,FUEL_PUMP,prov_018_TOW_LIGHT,True,False,15.662622723498153,False,
GreedyNearest,inc_00231,231,BRAKE_FAILURE,BRAKE_FAILURE,prov_009_TOW_LIGHT,True,True,95.72910513904532,False,
GreedyNearest,inc_00232,232,BRAKE_PAD_WORN,BRAKE_PAD_WORN,prov_019_LOCKSMITH,False,True,111.19432545860721,True,
GreedyNearest,inc_00233,233,BATTERY_REPLACE,BATTERY_REPLACE,prov_016_MOBILE_MECHANIC,True,True,37.11297944260186,False,
GreedyNearest,inc_00234,234,CLUTCH_WORN,TRANSMISSION_ISSUE,prov_016_MOBILE_MECHANIC,False,False,197.86719785740922,True,
GreedyNearest,inc_00235,235,ELECTRICAL_FAULT_RAIN,BATTERY_REPLACE,prov_012_TOW_HEAVY,True,False,95.42922636616821,False,
GreedyNearest,inc_00236,236,STARTER_MOTOR,FUEL_PUMP,prov_016_MOBILE_MECHANIC,True,False,61.77942993398162,False,
GreedyNearest,inc_00237,237,FUEL_FILTER_CLOGGED,FUEL_FILTER_CLOGGED,prov_019_LOCKSMITH,False,True,75.98294966165317,True,
GreedyNearest,inc_00238,238,ENGINE_OVERHEAT_SEVERE,RADIATOR_HOSE_LEAK,prov_002_MOBILE_MECHANIC,False,False,171.85734455625126,True,
GreedyNearest,inc_00239,239,BATTERY_JUMP,FUEL_PUMP,prov_012_TOW_HEAVY,True,False,19.265170309432982,False,
GreedyNearest,inc_00240,240,RADIATOR_FAN_ISSUE,COOLANT_LOW,prov_019_LOCKSMITH,False,False,93.12519768916755,True,
GreedyNearest,inc_00241,241,BATTERY_JUMP,FUEL_PUMP,prov_019_LOCKSMITH,False,False,68.03621644168629,True,
GreedyNearest,inc_00242,242,SEVERE_MECHANICAL_TOW,BELT_BROKEN,prov_011_TOW_LIGHT,False,False,77.867213026153,True,
GreedyNearest,inc_00243,243,BATTERY_JUMP,FUEL_PUMP,prov_001_TOW_HEAVY,True,False,17.352203481489816,False,
GreedyNearest,inc_00244,244,ALTERNATOR_ISSUE,FUEL_FILTER_CLOGGED,prov_019_LOCKSMITH,False,False,111.47696552801885,True,
GreedyNearest,inc_00245,245,STARTER_MOTOR,FUEL_PUMP,prov_016_MOBILE_MECHANIC,True,False,64.59596082068887,False,
GreedyNearest,inc_00246,246,BRAKE_FAILURE,BRAKE_FAILURE,prov_002_MOBILE_MECHANIC,False,True,142.03103833198145,True,
GreedyNearest,inc_00247,247,BATTERY_JUMP,FUEL_PUMP,prov_003_TOW_LIGHT,True,False,18.863093528777558,False,
GreedyNearest,inc_00248,248,CLUTCH_WORN,TRANSMISSION_ISSUE,prov_014_MOBILE_MECHANIC,False,False,200.66604843034818,True,
GreedyNearest,inc_00249,249,BRAKE_PAD_WORN,BRAKE_PAD_WORN,prov_014_MOBILE_MECHANIC,True,True,62.35150108286029,False,
GreedyNearest,inc_00250,250,ALTERNATOR_ISSUE,BELT_BROKEN,prov_012_TOW_HEAVY,True,False,63.705903736621224,False,
GreedyNearest,inc_00251,251,BRAKE_PAD_WORN,BRAKE_PAD_WORN,prov_014_MOBILE_MECHANIC,True,True,66.14478372185101,False,
GreedyNearest,inc_00252,252,BATTERY_JUMP,FUEL_PUMP,prov_002_MOBILE_MECHANIC,True,False,21.054619991926923,False,
GreedyNearest,inc_00253,253,BRAKE_FAILURE,BRAKE_FAILURE,prov_019_LOCKSMITH,False,True,139.84537344737595,True,
GreedyNearest,inc_00254,254,BATTERY_JUMP,FUEL_PUMP,prov_004_FUEL_DELIVERY,False,False,61.12469925616258,True,
GreedyNearest,inc_00255,255,BRAKE_PAD_WORN,BRAKE_PAD_WORN,prov_019_LOCKSMITH,False,True,106.55545814615056,True,
GreedyNearest,inc_00256,256,ALTERNATOR_ISSUE,BELT_BROKEN,prov_016_MOBILE_MECHANIC,True,False,60.827161413794435,False,
GreedyNearest,inc_00257,257,BATTERY_REPLACE,BATTERY_REPLACE,prov_007_MOBILE_MECHANIC,True,True,31.405734576247397,False,
GreedyNearest,inc_00258,258,BATTERY_REPLACE,BATTERY_TERMINAL_CLEAN,prov_014_MOBILE_MECHANIC,True,False,37.37318597743407,False,
GreedyNearest,inc_00259,259,BRAKE_PAD_WORN,BRAKE_PAD_WORN,prov_004_FUEL_DELIVERY,False,True,111.1043704938813,True,
GreedyNearest,inc_00260,260,COOLANT_LOW,RADIATOR_FAN_ISSUE,prov_016_MOBILE_MECHANIC,True,False,12.004850676089529,False,
GreedyNearest,inc_00261,261,SEVERE_MECHANICAL_TOW,BELT_BROKEN,prov_002_MOBILE_MECHANIC,False,False,78.67703976678246,True,
GreedyNearest,inc_00262,262,RADIATOR_HOSE_LEAK,FUEL_FILTER_CLOGGED,prov_005_TOW_LIGHT,True,False,32.931239884535984,False,
GreedyNearest,inc_00263,263,BATTERY_REPLACE,BATTERY_JUMP,prov_012_TOW_HEAVY,True,False,32.82305843099938,False,
GreedyNearest,inc_00264,264,SEVERE_MECHANICAL_TOW,BELT_BROKEN,prov_014_MOBILE_MECHANIC,False,False,77.77936280407378,True,
GreedyNearest,inc_00265,265,BATTERY_TERMINAL_CLEAN,BATTERY_JUMP,prov_013_MOBILE_MECHANIC,True,False,12.727727360462477,False,
GreedyNearest,inc_00266,266,BATTERY_JUMP,FUEL_PUMP,prov_002_MOBILE_MECHANIC,True,False,21.87750577992306,False,
GreedyNearest,inc_00267,267,BATTERY_JUMP,FUEL_PUMP,prov_017_MOBILE_MECHANIC,True,False,17.606387048376046,False,
GreedyNearest,inc_00268,268,IGNITION_SYSTEM,FUEL_PUMP,prov_010_TOW_LIGHT,True,False,60.37827109595354,False,
GreedyNearest,inc_00269,269,BATTERY_REPLACE,BATTERY_JUMP,prov_007_MOBILE_MECHANIC,True,False,32.28317312021664,False,
GreedyNearest,inc_00270,270,SEVERE_MECHANICAL_TOW,BELT_BROKEN,prov_014_MOBILE_MECHANIC,False,False,82.33235502232296,True,
GreedyNearest,inc_00271,271,BATTERY_REPLACE,BATTERY_JUMP,prov_016_MOBILE_MECHANIC,True,False,37.85301830431843,False,
GreedyNearest,inc_00272,272,ENGINE_OVERHEAT_SEVERE,RADIATOR_HOSE_LEAK,prov_009_TOW_LIGHT,True,False,122.03429247311423,False,
GreedyNearest,inc_00273,273,BATTERY_JUMP,FUEL_PUMP,prov_009_TOW_LIGHT,True,False,18.193253679120378,False,
GreedyNearest,inc_00274,274,BATTERY_REPLACE,BATTERY_REPLACE,prov_002_MOBILE_MECHANIC,True,True,33.91321235017616,False,
GreedyNearest,inc_00275,275,ELECTRICAL_FAULT_RAIN,BATTERY_JUMP,prov_016_MOBILE_MECHANIC,True,False,96.17365393846974,False,
GreedyNearest,inc_00276,276,BATTERY_REPLACE,BATTERY_JUMP,prov_004_FUEL_DELIVERY,False,False,77.11163102641223,True,
GreedyNearest,inc_00277,277,BATTERY_REPLACE,BATTERY_REPLACE,prov_002_MOBILE_MECHANIC,True,True,34.561695657605455,False,
GreedyNearest,inc_00278,278,FUEL_PUMP,FUEL_PUMP,prov_004_FUEL_DELIVERY,False,True,137.6236507448719,True,
GreedyNearest,inc_00279,279,BATTERY_JUMP,FUEL_PUMP,prov_019_LOCKSMITH,False,False,67.23269470699863,True,
GreedyNearest,inc_00280,280,BATTERY_JUMP,FUEL_PUMP,prov_019_LOCKSMITH,False,False,63.78810366187071,True,
GreedyNearest,inc_00281,281,BATTERY_REPLACE,STARTER_MOTOR,prov_018_TOW_LIGHT,True,False,31.87402520410889,False,
GreedyNearest,inc_00282,282,ALTERNATOR_ISSUE,BELT_BROKEN,prov_015_TOW_HEAVY,True,False,63.13901574319939,False,
GreedyNearest,inc_00283,283,BELT_BROKEN,BELT_BROKEN,prov_013_MOBILE_MECHANIC,True,True,32.36416987147766,False,
GreedyNearest,inc_00284,284,IGNITION_SYSTEM,FUEL_PUMP,prov_019_LOCKSMITH,False,False,112.22942132199572,True,
GreedyNearest,inc_00285,285,STARTER_MOTOR,FUEL_PUMP,prov_016_MOBILE_MECHANIC,True,False,63.68543657810165,False,
GreedyNearest,inc_00286,286,CLUTCH_WORN,TRANSMISSION_ISSUE,prov_005_TOW_LIGHT,True,False,156.168387733635,False,
GreedyNearest,inc_00287,287,ALTERNATOR_ISSUE,BELT_BROKEN,prov_019_LOCKSMITH,False,False,108.89363056024575,True,
GreedyNearest,inc_00288,288,CLUTCH_WORN,TRANSMISSION_ISSUE,prov_008_FUEL_DELIVERY,False,False,196.42062912193364,True,
GreedyNearest,inc_00289,289,BATTERY_JUMP,FUEL_PUMP,prov_009_TOW_LIGHT,True,False,18.561427071748938,False,
GreedyNearest,inc_00290,290,FUEL_FILTER_CLOGGED,FUEL_FILTER_CLOGGED,prov_012_TOW_HEAVY,True,True,31.58281389317137,False,
GreedyNearest,inc_00291,291,FUEL_PUMP,BATTERY_JUMP,prov_015_TOW_HEAVY,True,False,95.53646621035507,False,
GreedyNearest,inc_00292,292,SEVERE_MECHANICAL_TOW,BELT_BROKEN,prov_007_MOBILE_MECHANIC,False,False,76.47908717096853,True,
GreedyNearest,inc_00293,293,IGNITION_SYSTEM,FUEL_PUMP,prov_002_MOBILE_MECHANIC,True,False,62.23678240973539,False,
GreedyNearest,inc_00294,294,TRANSMISSION_ISSUE,TRANSMISSION_ISSUE,prov_014_MOBILE_MECHANIC,False,True,231.01104355672624,True,
GreedyNearest,inc_00295,295,BATTERY_JUMP,FUEL_PUMP,prov_002_MOBILE_MECHANIC,True,False,18.437889675888474,False,
GreedyNearest,inc_00296,296,BATTERY_REPLACE,BATTERY_JUMP,prov_008_FUEL_DELIVERY,False,False,77.78241191062594,True,
GreedyNearest,inc_00297,297,IGNITION_SYSTEM,BATTERY_JUMP,prov_005_TOW_LIGHT,True,False,64.23904641486189,False,
GreedyNearest,inc_00298,298,BATTERY_REPLACE,BATTERY_JUMP,prov_001_TOW_HEAVY,True,False,34.25272741721053,False,
GreedyNearest,inc_00299,299,TRANSMISSION_ISSUE,TRANSMISSION_ISSUE,prov_012_TOW_HEAVY,True,True,183.22755759631258,False,
GreedyNearest,inc_00300,300,TRANSMISSION_ISSUE,TRANSMISSION_ISSUE,prov_014_MOBILE_MECHANIC,False,True,229.97817245419984,True,
GreedyNearest,inc_00301,301,BRAKE_PAD_WORN,BRAKE_PAD_WORN,prov_002_MOBILE_MECHANIC,True,True,64.94964805678048,False,
GreedyNearest,inc_00302,302,BRAKE_PAD_WORN,BRAKE_PAD_WORN,prov_002_MOBILE_MECHANIC,True,True,64.6706783337693,False,
GreedyNearest,inc_00303,303,IGNITION_SYSTEM,FUEL_PUMP,prov_006_TOW_LIGHT,True,False,63.361545031139315,False,
GreedyNearest,inc_00304,304,STARTER_MOTOR,FUEL_PUMP,prov_011_TOW_LIGHT,True,False,60.15216335631943,False,
GreedyNearest,inc_00305,305,COOLANT_LOW,RADIATOR_FAN_ISSUE,prov_001_TOW_HEAVY,True,False,11.308124264726633,False,
GreedyNearest,inc_00306,306,BATTERY_JUMP,FUEL_PUMP,prov_015_TOW_HEAVY,True,False,18.308813020669305,False,
GreedyNearest,inc_00307,307,BELT_BROKEN,BELT_BROKEN,prov_002_MOBILE_MECHANIC,True,True,33.229668741699925,False,
GreedyNearest,inc_00308,308,BELT_BROKEN,BELT_BROKEN,prov_019_LOCKSMITH,False,True,81.97536472884426,True,
GreedyNearest,inc_00309,309,TRANSMISSION_ISSUE,TRANSMISSION_ISSUE,prov_001_TOW_HEAVY,True,True,183.32372160162677,False,
GreedyNearest,inc_00310,310,SEVERE_MECHANICAL_TOW,BELT_BROKEN,prov_002_MOBILE_MECHANIC,False,False,81.9933548388768,True,
GreedyNearest,inc_00311,311,BATTERY_REPLACE,BATTERY_JUMP,prov_014_MOBILE_MECHANIC,True,False,36.43008851454406,False,
GreedyNearest,inc_00312,312,TRANSMISSION_ISSUE,TRANSMISSION_ISSUE,prov_016_MOBILE_MECHANIC,False,True,226.2753816154395,True,
GreedyNearest,inc_00313,313,IGNITION_SYSTEM,FUEL_PUMP,prov_013_MOBILE_MECHANIC,True,False,64.50941839154541,False,
GreedyNearest,inc_00314,314,CLUTCH_WORN,TRANSMISSION_ISSUE,prov_012_TOW_HEAVY,True,False,153.57966961977542,False,
GreedyNearest,inc_00315,315,TRANSMISSION_ISSUE,TRANSMISSION_ISSUE,prov_005_TOW_LIGHT,True,True,182.62897299200685,False,
GreedyNearest,inc_00316,316,BATTERY_REPLACE,STARTER_MOTOR,prov_006_TOW_LIGHT,True,False,31.54586836990869,False,
GreedyNearest,inc_00317,317,BATTERY_REPLACE,BATTERY_REPLACE,prov_010_TOW_LIGHT,True,True,34.84269061559591,False,
GreedyNearest,inc_00318,318,FUEL_FILTER_CLOGGED,FUEL_FILTER_CLOGGED,prov_019_LOCKSMITH,False,True,76.04010352085852,True,
GreedyNearest,inc_00319,319,BATTERY_JUMP,FUEL_PUMP,prov_019_LOCKSMITH,False,False,63.52014753422095,True,
GreedyNearest,inc_00320,320,BATTERY_REPLACE,BATTERY_REPLACE,prov_010_TOW_LIGHT,True,True,32.03085375709986,False,
GreedyNearest,inc_00321,321,ALTERNATOR_ISSUE,BELT_BROKEN,prov_017_MOBILE_MECHANIC,True,False,61.93455784695842,False,
GreedyNearest,inc_00322,322,BATTERY_REPLACE,BATTERY_REPLACE,prov_004_FUEL_DELIVERY,False,True,80.90366974811666,True,
GreedyNearest,inc_00323,323,BATTERY_JUMP,FUEL_PUMP,prov_017_MOBILE_MECHANIC,True,False,22.548641075287485,False,
GreedyNearest,inc_00324,324,BATTERY_JUMP,FUEL_PUMP,prov_012_TOW_HEAVY,True,False,17.09668959420104,False,
GreedyNearest,inc_00325,325,STARTER_MOTOR,FUEL_PUMP,prov_011_TOW_LIGHT,True,False,60.30539320889293,False,
GreedyNearest,inc_00326,326,IGNITION_SYSTEM,FUEL_PUMP,prov_016_MOBILE_MECHANIC,True,False,64.00285525597307,False,
GreedyNearest,inc_00327,327,RADIATOR_FAN_ISSUE,RADIATOR_FAN_ISSUE,prov_003_TOW_LIGHT,True,True,48.10816281417653,False,
GreedyNearest,inc_00328,328,ALTERNATOR_ISSUE,BELT_BROKEN,prov_002_MOBILE_MECHANIC,True,False,63.250271952770724,False,
GreedyNearest,inc_00329,329,IGNITION_SYSTEM,FUEL_PUMP,prov_011_TOW_LIGHT,True,False,63.19135188990406,False,
GreedyNearest,inc_00330,330,BRAKE_FAILURE,BRAKE_FAILURE,prov_006_TOW_LIGHT,True,True,93.25736431846535,False,
GreedyNearest,inc_00331,331,BATTERY_REPLACE,BATTERY_JUMP,prov_011_TOW_LIGHT,True,False,32.03353534172035,False,
GreedyNearest,inc_00332,332,ENGINE_OVERHEAT_SEVERE,RADIATOR_HOSE_LEAK,prov_010_TOW_LIGHT,True,False,122.23181805142917,False,
GreedyNearest,inc_00333,333,BRAKE_PAD_WORN,BRAKE_PAD_WORN,prov_007_MOBILE_MECHANIC,True,True,62.68609116678471,False,
GreedyNearest,inc_00334,334,ELECTRICAL_FAULT_RAIN,STARTER_MOTOR,prov_017_MOBILE_MECHANIC,True,False,93.65683254392795,False,
GreedyNearest,inc_00335,335,IGNITION_SYSTEM,FUEL_PUMP,prov_005_TOW_LIGHT,True,False,64.03384958062203,False,
GreedyNearest,inc_00336,336,BATTERY_REPLACE,STARTER_MOTOR,prov_010_TOW_LIGHT,True,False,34.45322687013398,False,
GreedyNearest,inc_00337,337,BATTERY_REPLACE,STARTER_MOTOR,prov_011_TOW_LIGHT,True,False,30.6300928458149,False,
GreedyNearest,inc_00338,338,STARTER_MOTOR,FUEL_PUMP,prov_002_MOBILE_MECHANIC,True,False,65.39091340125664,False,
GreedyNearest,inc_00339,339,CLUTCH_WORN,TRANSMISSION_ISSUE,prov_019_LOCKSMITH,False,False,197.95590609823483,True,
GreedyNearest,inc_00340,340,BATTERY_REPLACE,STARTER_MOTOR,prov_003_TOW_LIGHT,True,False,34.59434884041753,False,
GreedyNearest,inc_00341,341,ALTERNATOR_ISSUE,BELT_BROKEN,prov_012_TOW_HEAVY,True,False,60.981203704188566,False,
GreedyNearest,inc_00342,342,RADIATOR_FAN_ISSUE,RADIATOR_FAN_ISSUE,prov_017_MOBILE_MECHANIC,True,True,51.1373186361994,False,
GreedyNearest,inc_00343,343,BELT_BROKEN,BELT_BROKEN,prov_012_TOW_HEAVY,True,True,32.546785825769604,False,
GreedyNearest,inc_00344,344,RADIATOR_HOSE_LEAK,RADIATOR_HOSE_LEAK,prov_002_MOBILE_MECHANIC,True,True,33.54543133320305,False,
GreedyNearest,inc_00345,345,STARTER_MOTOR,FUEL_PUMP,prov_019_LOCKSMITH,False,False,108.68056445525141,True,
GreedyNearest,inc_00346,346,ALTERNATOR_ISSUE,BELT_BROKEN,prov_007_MOBILE_MECHANIC,True,False,60.44771312935462,False,
GreedyNearest,inc_00347,347,BELT_BROKEN,BELT_BROKEN,prov_016_MOBILE_MECHANIC,True,True,36.66450630131604,False,
GreedyNearest,inc_00348,348,FUEL_FILTER_CLOGGED,FUEL_FILTER_CLOGGED,prov_003_TOW_LIGHT,True,True,29.593894933018,False,
GreedyNearest,inc_00349,349,FUEL_PUMP,FUEL_PUMP,prov_014_MOBILE_MECHANIC,True,True,94.6814709194674,False,
GreedyNearest,inc_00350,350,BRAKE_PAD_WORN,BRAKE_PAD_WORN,prov_002_MOBILE_MECHANIC,True,True,66.81960681923744,False,
GreedyNearest,inc_00351,351,ELECTRICAL_FAULT_RAIN,BATTERY_JUMP,prov_008_FUEL_DELIVERY,False,False,137.42960732449143,True,
GreedyNearest,inc_00352,352,BATTERY_JUMP,FUEL_PUMP,prov_019_LOCKSMITH,False,False,64.25783369149849,True,
GreedyNearest,inc_00353,353,ALTERNATOR_ISSUE,BELT_BROKEN,prov_002_MOBILE_MECHANIC,True,False,63.633163867125766,False,
GreedyNearest,inc_00354,354,BATTERY_JUMP,FUEL_PUMP,prov_016_MOBILE_MECHANIC,True,False,16.027258380040244,False,
GreedyNearest,inc_00355,355,TRANSMISSION_ISSUE,TRANSMISSION_ISSUE,prov_006_TOW_LIGHT,True,True,183.75917789845928,False,
GreedyNearest,inc_00356,356,BRAKE_PAD_WORN,BRAKE_PAD_WORN,prov_016_MOBILE_MECHANIC,True,True,65.18226330781238,False,
GreedyNearest,inc_00357,357,ELECTRICAL_FAULT_RAIN,BATTERY_JUMP,prov_004_FUEL_DELIVERY,False,False,138.73181216779744,True,
GreedyNearest,inc_00358,358,ALTERNATOR_ISSUE,BELT_BROKEN,prov_008_FUEL_DELIVERY,False,False,107.24001000825773,True,
GreedyNearest,inc_00359,359,RADIATOR_HOSE_LEAK,ENGINE_OVERHEAT_SEVERE,prov_002_MOBILE_MECHANIC,True,False,33.59823966027057,False,
GreedyNearest,inc_00360,360,SEVERE_MECHANICAL_TOW,BELT_BROKEN,prov_005_TOW_LIGHT,False,False,81.0709843773302,True,
GreedyNearest,inc_00361,361,BATTERY_REPLACE,STARTER_MOTOR,prov_004_FUEL_DELIVERY,False,False,78.85387814641118,True,
GreedyNearest,inc_00362,362,BRAKE_PAD_WORN,BRAKE_PAD_WORN,prov_011_TOW_LIGHT,True,True,60.863833319361156,False,
GreedyNearest,inc_00363,363,BATTERY_REPLACE,BATTERY_JUMP,prov_019_LOCKSMITH,False,False,81.09870284789636,True,
GreedyNearest,inc_00364,364,BATTERY_REPLACE,BATTERY_REPLACE,prov_005_TOW_LIGHT,True,True,35.909510594990074,False,
GreedyNearest,inc_00365,365,BELT_BROKEN,BELT_BROKEN,prov_019_LOCKSMITH,False,True,79.27454569106885,True,
GreedyNearest,inc_00366,366,BATTERY_REPLACE,BATTERY_REPLACE,prov_001_TOW_HEAVY,True,True,34.1534249997123,False,
GreedyNearest,inc_00367,367,ELECTRICAL_FAULT_RAIN,BATTERY_JUMP,prov_006_TOW_LIGHT,True,False,92.94547410093243,False,
GreedyNearest,inc_00368,368,BATTERY_JUMP,FUEL_PUMP,prov_012_TOW_HEAVY,True,False,21.89090802527404,False,
GreedyNearest,inc_00369,369,BRAKE_PAD_WORN,BRAKE_PAD_WORN,prov_019_LOCKSMITH,False,True,107.62497889862348,True,
GreedyNearest,inc_00370,370,ELECTRICAL_FAULT_RAIN,BATTERY_REPLACE,prov_008_FUEL_DELIVERY,False,False,138.49256387094044,True,
GreedyNearest,inc_00371,371,ELECTRICAL_FAULT_RAIN,BATTERY_JUMP,prov_001_TOW_HEAVY,True,False,91.55087612317612,False,
GreedyNearest,inc_00372,372,COOLANT_LOW,RADIATOR_FAN_ISSUE,prov_000_MOBILE_MECHANIC,True,False,12.879058544980467,False,
GreedyNearest,inc_00373,373,BATTERY_REPLACE,BATTERY_JUMP,prov_004_FUEL_DELIVERY,False,False,78.5851401822999,True,
GreedyNearest,inc_00374,374,BRAKE_FAILURE,BRAKE_FAILURE,prov_013_MOBILE_MECHANIC,False,True,139.2819617537835,True,
GreedyNearest,inc_00375,375,TRANSMISSION_ISSUE,TRANSMISSION_ISSUE,prov_003_TOW_LIGHT,True,True,184.96894063965684,False,
GreedyNearest,inc_00376,376,BATTERY_REPLACE,BATTERY_REPLACE,prov_010_TOW_LIGHT,True,True,31.861714947045083,False,
GreedyNearest,inc_00377,377,ENGINE_OVERHEAT_SEVERE,RADIATOR_HOSE_LEAK,prov_009_TOW_LIGHT,True,False,124.39602617386178,False,
GreedyNearest,inc_00378,378,ELECTRICAL_FAULT_RAIN,BATTERY_JUMP,prov_004_FUEL_DELIVERY,False,False,142.02168318583273,True,
GreedyNearest,inc_00379,379,FUEL_FILTER_CLOGGED,FUEL_FILTER_CLOGGED,prov_004_FUEL_DELIVERY,False,True,77.22719590196792,True,
GreedyNearest,inc_00380,380,FUEL_FILTER_CLOGGED,FUEL_FILTER_CLOGGED,prov_016_MOBILE_MECHANIC,True,True,29.583983117178512,False,
GreedyNearest,inc_00381,381,STARTER_MOTOR,FUEL_PUMP,prov_009_TOW_LIGHT,True,False,64.10643784741109,False,
GreedyNearest,inc_00382,382,BRAKE_PAD_WORN,BRAKE_PAD_WORN,prov_008_FUEL_DELIVERY,False,True,107.5936696704795,True,
GreedyNearest,inc_00383,383,STARTER_MOTOR,FUEL_PUMP,prov_013_MOBILE_MECHANIC,True,False,63.472106802440315,False,
GreedyNearest,inc_00384,384,COOLANT_LOW,RADIATOR_FAN_ISSUE,prov_019_LOCKSMITH,False,False,56.41917406005349,True,
GreedyNearest,inc_00385,385,TRANSMISSION_ISSUE,TRANSMISSION_ISSUE,prov_010_TOW_LIGHT,True,True,181.75063134477145,False,
GreedyNearest,inc_00386,386,BATTERY_TERMINAL_CLEAN,STARTER_MOTOR,prov_003_TOW_LIGHT,True,False,15.04786874228071,False,
GreedyNearest,inc_00387,387,RADIATOR_HOSE_LEAK,RADIATOR_HOSE_LEAK,prov_016_MOBILE_MECHANIC,True,True,36.157745585562836,False,
GreedyNearest,inc_00388,388,BELT_BROKEN,BELT_BROKEN,prov_005_TOW_LIGHT,True,True,32.75645573484468,False,
GreedyNearest,inc_00389,389,BATTERY_JUMP,FUEL_PUMP,prov_008_FUEL_DELIVERY,False,False,62.38872251432198,True,
GreedyNearest,inc_00390,390,TRANSMISSION_ISSUE,TRANSMISSION_ISSUE,prov_019_LOCKSMITH,False,True,229.33872005033763,True,
GreedyNearest,inc_00391,391,COOLANT_LOW,RADIATOR_FAN_ISSUE,prov_006_TOW_LIGHT,True,False,13.471083906954828,False,
GreedyNearest,inc_00392,392,ELECTRICAL_FAULT_RAIN,BATTERY_JUMP,prov_016_MOBILE_MECHANIC,True,False,96.10718502058393,False,
GreedyNearest,inc_00393,393,ENGINE_OVERHEAT_SEVERE,RADIATOR_HOSE_LEAK,prov_006_TOW_LIGHT,True,False,122.3773457611847,False,
GreedyNearest,inc_00394,394,BRAKE_FAILURE,BRAKE_FAILURE,prov_003_TOW_LIGHT,True,True,91.59574710718891,False,
GreedyNearest,inc_00395,395,IGNITION_SYSTEM,FUEL_PUMP,prov_004_FUEL_DELIVERY,False,False,108.05120092195315,True,
GreedyNearest,inc_00396,396,IGNITION_SYSTEM,FUEL_PUMP,prov_014_MOBILE_MECHANIC,True,False,61.917902391531484,False,
GreedyNearest,inc_00397,397,BATTERY_JUMP,FUEL_PUMP,prov_002_MOBILE_MECHANIC,True,False,19.270991614900282,False,
GreedyNearest,inc_00398,398,BATTERY_TERMINAL_CLEAN,BATTERY_JUMP,prov_017_MOBILE_MECHANIC,True,False,17.343665711797556,False,
GreedyNearest,inc_00399,399,RADIATOR_FAN_ISSUE,RADIATOR_FAN_ISSUE,prov_002_MOBILE_MECHANIC,True,True,45.83906484908156,False,
GreedyNearest,inc_00400,400,FUEL_PUMP,FUEL_PUMP,prov_018_TOW_LIGHT,True,True,90.95377455133686,False,
GreedyNearest,inc_00401,401,COOLANT_LOW,FUEL_FILTER_CLOGGED,prov_003_TOW_LIGHT,True,False,13.986070440406717,False,
GreedyNearest,inc_00402,402,FUEL_PUMP,STARTER_MOTOR,prov_014_MOBILE_MECHANIC,True,False,95.64459640233343,False,
GreedyNearest,inc_00403,403,ALTERNATOR_ISSUE,BELT_BROKEN,prov_016_MOBILE_MECHANIC,True,False,61.91233229096088,False,
GreedyNearest,inc_00404,404,BRAKE_FAILURE,BRAKE_FAILURE,prov_016_MOBILE_MECHANIC,False,True,141.15575327046523,True,
GreedyNearest,inc_00405,405,CLUTCH_WORN,TRANSMISSION_ISSUE,prov_002_MOBILE_MECHANIC,False,False,200.78931341721642,True,
GreedyNearest,inc_00406,406,BATTERY_REPLACE,BATTERY_REPLACE,prov_002_MOBILE_MECHANIC,True,True,30.829085892173943,False,
GreedyNearest,inc_00407,407,ELECTRICAL_FAULT_RAIN,STARTER_MOTOR,prov_019_LOCKSMITH,False,False,139.58141786791148,True,
GreedyNearest,inc_00408,408,ALTERNATOR_ISSUE,BELT_BROKEN,prov_012_TOW_HEAVY,True,False,62.473266464742224,False,
GreedyNearest,inc_00409,409,CLUTCH_WORN,TRANSMISSION_ISSUE,prov_019_LOCKSMITH,False,False,201.5871651872756,True,
GreedyNearest,inc_00410,410,IGNITION_SYSTEM,FUEL_PUMP,prov_016_MOBILE_MECHANIC,True,False,67.71503706684815,False,
GreedyNearest,inc_00411,411,BATTERY_JUMP,FUEL_PUMP,prov_009_TOW_LIGHT,True,False,16.300497493303283,False,
GreedyNearest,inc_00412,412,BATTERY_TERMINAL_CLEAN,BATTERY_REPLACE,prov_002_MOBILE_MECHANIC,True,False,17.592913047087528,False,
GreedyNearest,inc_00413,413,IGNITION_SYSTEM,FUEL_PUMP,prov_016_MOBILE_MECHANIC,True,False,66.04286247202839,False,
GreedyNearest,inc_00414,414,SEVERE_MECHANICAL_TOW,BELT_BROKEN,prov_012_TOW_HEAVY,True,False,32.69492076552213,False,
GreedyNearest,inc_00415,415,FUEL_PUMP,FUEL_PUMP,prov_017_MOBILE_MECHANIC,True,True,92.67779439060821,False,
GreedyNearest,inc_00416,416,IGNITION_SYSTEM,BATTERY_JUMP,prov_001_TOW_HEAVY,True,False,62.322845423346166,False,
GreedyNearest,inc_00417,417,SEVERE_MECHANICAL_TOW,BELT_BROKEN,prov_013_MOBILE_MECHANIC,False,False,76.14581693153129,True,
GreedyNearest,inc_00418,418,BELT_BROKEN,BELT_BROKEN,prov_003_TOW_LIGHT,True,True,33.00169703872268,False,
GreedyNearest,inc_00419,419,RADIATOR_FAN_ISSUE,FUEL_FILTER_CLOGGED,prov_006_TOW_LIGHT,True,False,49.2473005171287,False,
GreedyNearest,inc_00420,420,BRAKE_FAILURE,BRAKE_PAD_WORN,prov_001_TOW_HEAVY,True,False,93.79993973261207,False,
GreedyNearest,inc_00421,421,BATTERY_REPLACE,BATTERY_REPLACE,prov_012_TOW_HEAVY,True,True,31.80018700865296,False,
GreedyNearest,inc_00422,422,BRAKE_FAILURE,BRAKE_FAILURE,prov_017_MOBILE_MECHANIC,False,True,137.97565285847048,True,
GreedyNearest,inc_00423,423,RADIATOR_FAN_ISSUE,RADIATOR_FAN_ISSUE,prov_012_TOW_HEAVY,True,True,52.5319662453192,False,
GreedyNearest,inc_00424,424,ALTERNATOR_ISSUE,BELT_BROKEN,prov_010_TOW_LIGHT,True,False,63.4463508837524,False,
GreedyNearest,inc_00425,425,BATTERY_REPLACE,BATTERY_JUMP,prov_008_FUEL_DELIVERY,False,False,78.61654750376603,True,
GreedyNearest,inc_00426,426,ALTERNATOR_ISSUE,BELT_BROKEN,prov_005_TOW_LIGHT,True,False,64.06736564496791,False,
GreedyNearest,inc_00427,427,BATTERY_JUMP,FUEL_PUMP,prov_012_TOW_HEAVY,True,False,21.02231780353056,False,
GreedyNearest,inc_00428,428,ALTERNATOR_ISSUE,FUEL_FILTER_CLOGGED,prov_008_FUEL_DELIVERY,False,False,106.52823651811346,True,
GreedyNearest,inc_00429,429,ELECTRICAL_FAULT_RAIN,STARTER_MOTOR,prov_012_TOW_HEAVY,True,False,90.95281719884213,False,
GreedyNearest,inc_00430,430,RADIATOR_FAN_ISSUE,RADIATOR_FAN_ISSUE,prov_016_MOBILE_MECHANIC,True,True,48.19463801967348,False,
GreedyNearest,inc_00431,431,BATTERY_JUMP,FUEL_PUMP,prov_015_TOW_HEAVY,True,False,18.419619317369392,False,
GreedyNearest,inc_00432,432,SEVERE_MECHANICAL_TOW,BELT_BROKEN,prov_019_LOCKSMITH,False,False,81.44474257781707,True,
GreedyNearest,inc_00433,433,TRANSMISSION_ISSUE,TRANSMISSION_ISSUE,prov_012_TOW_HEAVY,True,True,181.72816487278618,False,
GreedyNearest,inc_00434,434,BRAKE_PAD_WORN,BRAKE_PAD_WORN,prov_002_MOBILE_MECHANIC,True,True,64.21774653532586,False,
GreedyNearest,inc_00435,435,BATTERY_REPLACE,BATTERY_JUMP,prov_005_TOW_LIGHT,True,False,35.54189518807896,False,
GreedyNearest,inc_00436,436,IGNITION_SYSTEM,FUEL_PUMP,prov_014_MOBILE_MECHANIC,True,False,61.94468498527082,False,
GreedyNearest,inc_00437,437,BATTERY_JUMP,FUEL_PUMP,prov_019_LOCKSMITH,False,False,62.38986394588538,True,
GreedyNearest,inc_00438,438,SEVERE_MECHANICAL_TOW,BELT_BROKEN,prov_002_MOBILE_MECHANIC,False,False,78.51221097271574,True,
GreedyNearest,inc_00439,439,ENGINE_OVERHEAT_SEVERE,RADIATOR_HOSE_LEAK,prov_003_TOW_LIGHT,True,False,122.8555938787494,False,
GreedyNearest,inc_00440,440,BELT_BROKEN,BELT_BROKEN,prov_006_TOW_LIGHT,True,True,33.58677617971467,False,
GreedyNearest,inc_00441,441,CLUTCH_WORN,TRANSMISSION_ISSUE,prov_002_MOBILE_MECHANIC,False,False,196.88113614200682,True,
GreedyNearest,inc_00442,442,BRAKE_PAD_WORN,BRAKE_PAD_WORN,prov_019_LOCKSMITH,False,True,114.02586635095186,True,
GreedyNearest,inc_00443,443,ELECTRICAL_FAULT_RAIN,BATTERY_JUMP,prov_002_MOBILE_MECHANIC,True,False,95.09204895521647,False,
GreedyNearest,inc_00444,444,IGNITION_SYSTEM,BATTERY_JUMP,prov_002_MOBILE_MECHANIC,True,False,63.54523993505424,False,
GreedyNearest,inc_00445,445,RADIATOR_HOSE_LEAK,ENGINE_OVERHEAT_SEVERE,prov_010_TOW_LIGHT,True,False,32.84065010014443,False,
GreedyNearest,inc_00446,446,BRAKE_PAD_WORN,BRAKE_PAD_WORN,prov_012_TOW_HEAVY,True,True,63.73288554309704,False,
GreedyNearest,inc_00447,447,RADIATOR_FAN_ISSUE,FUEL_FILTER_CLOGGED,prov_004_FUEL_DELIVERY,False,False,96.2488571587348,True,
GreedyNearest,inc_00448,448,FUEL_PUMP,BATTERY_JUMP,prov_008_FUEL_DELIVERY,False,False,138.36401685673997,True,
GreedyNearest,inc_00449,449,BRAKE_PAD_WORN,BRAKE_PAD_WORN,prov_006_TOW_LIGHT,True,True,62.278700888882476,False,
GreedyNearest,inc_00450,450,FUEL_PUMP,BATTERY_JUMP,prov_013_MOBILE_MECHANIC,True,False,92.05224791844209,False,
GreedyNearest,inc_00451,451,BRAKE_FAILURE,BRAKE_FAILURE,prov_008_FUEL_DELIVERY,False,True,138.1009120225243,True,
GreedyNearest,inc_00452,452,ALTERNATOR_ISSUE,BELT_BROKEN,prov_000_MOBILE_MECHANIC,True,False,63.68780772078586,False,
GreedyNearest,inc_00453,453,ENGINE_OVERHEAT_SEVERE,RADIATOR_HOSE_LEAK,prov_005_TOW_LIGHT,True,False,122.51747080891299,False,
GreedyNearest,inc_00454,454,BATTERY_JUMP,FUEL_PUMP,prov_017_MOBILE_MECHANIC,True,False,17.563515483033857,False,
GreedyNearest,inc_00455,455,BRAKE_PAD_WORN,BRAKE_PAD_WORN,prov_002_MOBILE_MECHANIC,True,True,65.12369749022682,False,
GreedyNearest,inc_00456,456,BATTERY_TERMINAL_CLEAN,BATTERY_REPLACE,prov_006_TOW_LIGHT,True,False,14.563479699956797,False,
GreedyNearest,inc_00457,457,BRAKE_PAD_WORN,BRAKE_PAD_WORN,prov_002_MOBILE_MECHANIC,True,True,64.84323319212551,False,
GreedyNearest,inc_00458,458,CLUTCH_WORN,TRANSMISSION_ISSUE,prov_016_MOBILE_MECHANIC,False,False,196.16779361585688,True,
GreedyNearest,inc_00459,459,ELECTRICAL_FAULT_RAIN,STARTER_MOTOR,prov_012_TOW_HEAVY,True,False,92.11940750648564,False,
GreedyNearest,inc_00460,460,BRAKE_PAD_WORN,BRAKE_PAD_WORN,prov_001_TOW_HEAVY,True,True,64.26003225998886,False,
GreedyNearest,inc_00461,461,BATTERY_JUMP,FUEL_PUMP,prov_016_MOBILE_MECHANIC,True,False,18.57244959254573,False,
GreedyNearest,inc_00462,462,ELECTRICAL_FAULT_RAIN,BATTERY_JUMP,prov_006_TOW_LIGHT,True,False,92.56982790324315,False,
GreedyNearest,inc_00463,463,STARTER_MOTOR,FUEL_PUMP,prov_010_TOW_LIGHT,True,False,64.28006994155722,False,
GreedyNearest,inc_00464,464,RADIATOR_FAN_ISSUE,COOLANT_LOW,prov_008_FUEL_DELIVERY,False,False,91.22639791282498,True,
GreedyNearest,inc_00465,465,IGNITION_SYSTEM,BATTERY_JUMP,prov_009_TOW_LIGHT,True,False,63.98062436124151,False,
GreedyNearest,inc_00466,466,ELECTRICAL_FAULT_RAIN,BATTERY_JUMP,prov_007_MOBILE_MECHANIC,True,False,93.94532583462794,False,
GreedyNearest,inc_00467,467,BATTERY_REPLACE,STARTER_MOTOR,prov_019_LOCKSMITH,False,False,82.72805449842117,True,
GreedyNearest,inc_00468,468,IGNITION_SYSTEM,FUEL_PUMP,prov_017_MOBILE_MECHANIC,True,False,62.92096094561905,False,
GreedyNearest,inc_00469,469,CLUTCH_WORN,TRANSMISSION_ISSUE,prov_012_TOW_HEAVY,True,False,156.2431755565105,False,
GreedyNearest,inc_00470,470,COOLANT_LOW,RADIATOR_FAN_ISSUE,prov_016_MOBILE_MECHANIC,True,False,11.419376587246358,False,
GreedyNearest,inc_00471,471,FUEL_PUMP,FUEL_PUMP,prov_012_TOW_HEAVY,True,True,96.73150825660433,False,
GreedyNearest,inc_00472,472,FUEL_FILTER_CLOGGED,FUEL_FILTER_CLOGGED,prov_008_FUEL_DELIVERY,False,True,77.71452192184476,True,
GreedyNearest,inc_00473,473,RADIATOR_HOSE_LEAK,RADIATOR_HOSE_LEAK,prov_016_MOBILE_MECHANIC,True,True,37.82241118105011,False,
GreedyNearest,inc_00474,474,ELECTRICAL_FAULT_RAIN,STARTER_MOTOR,prov_017_MOBILE_MECHANIC,True,False,93.27122674300824,False,
GreedyNearest,inc_00475,475,ALTERNATOR_ISSUE,BELT_BROKEN,prov_001_TOW_HEAVY,True,False,61.83749138503147,False,
GreedyNearest,inc_00476,476,IGNITION_SYSTEM,FUEL_PUMP,prov_013_MOBILE_MECHANIC,True,False,64.4601406111469,False,
GreedyNearest,inc_00477,477,ALTERNATOR_ISSUE,BELT_BROKEN,prov_010_TOW_LIGHT,True,False,62.95201891799551,False,
GreedyNearest,inc_00478,478,CLUTCH_WORN,TRANSMISSION_ISSUE,prov_002_MOBILE_MECHANIC,False,False,200.12630005386995,True,
GreedyNearest,inc_00479,479,IGNITION_SYSTEM,FUEL_PUMP,prov_013_MOBILE_MECHANIC,True,False,62.70463520458563,False,
GreedyNearest,inc_00480,480,RADIATOR_FAN_ISSUE,FUEL_FILTER_CLOGGED,prov_008_FUEL_DELIVERY,False,False,90.99664919581343,True,
GreedyNearest,inc_00481,481,FUEL_FILTER_CLOGGED,FUEL_FILTER_CLOGGED,prov_014_MOBILE_MECHANIC,True,True,32.401628025136944,False,
GreedyNearest,inc_00482,482,BRAKE_PAD_WORN,BRAKE_PAD_WORN,prov_014_MOBILE_MECHANIC,True,True,66.58361335455879,False,
GreedyNearest,inc_00483,483,RADIATOR_FAN_ISSUE,RADIATOR_FAN_ISSUE,prov_015_TOW_HEAVY,True,True,45.8113908299968,False,
GreedyNearest,inc_00484,484,CLUTCH_WORN,TRANSMISSION_ISSUE,prov_004_FUEL_DELIVERY,False,False,196.5350156968859,True,
GreedyNearest,inc_00485,485,COOLANT_LOW,FUEL_FILTER_CLOGGED,prov_013_MOBILE_MECHANIC,True,False,12.608566543319952,False,
GreedyNearest,inc_00486,486,RADIATOR_FAN_ISSUE,RADIATOR_FAN_ISSUE,prov_017_MOBILE_MECHANIC,True,True,49.452192321238336,False,
GreedyNearest,inc_00487,487,ALTERNATOR_ISSUE,BELT_BROKEN,prov_011_TOW_LIGHT,True,False,62.434717771145934,False,
GreedyNearest,inc_00488,488,IGNITION_SYSTEM,FUEL_PUMP,prov_004_FUEL_DELIVERY,False,False,110.17504207535728,True,
GreedyNearest,inc_00489,489,BATTERY_TERMINAL_CLEAN,STARTER_MOTOR,prov_003_TOW_LIGHT,True,False,16.692030666733874,False,
GreedyNearest,inc_00490,490,SEVERE_MECHANICAL_TOW,BELT_BROKEN,prov_010_TOW_LIGHT,False,False,75.94792270221872,True,
GreedyNearest,inc_00491,491,ENGINE_OVERHEAT_SEVERE,RADIATOR_HOSE_LEAK,prov_016_MOBILE_MECHANIC,False,False,169.6752335654586,True,
GreedyNearest,inc_00492,492,ELECTRICAL_FAULT_RAIN,BATTERY_JUMP,prov_004_FUEL_DELIVERY,False,False,138.4908493622583,True,
GreedyNearest,inc_00493,493,RADIATOR_HOSE_LEAK,ENGINE_OVERHEAT_SEVERE,prov_016_MOBILE_MECHANIC,True,False,35.172211814946394,False,
GreedyNearest,inc_00494,494,STARTER_MOTOR,FUEL_PUMP,prov_012_TOW_HEAVY,True,False,62.91623031988279,False,
GreedyNearest,inc_00495,495,SEVERE_MECHANICAL_TOW,BELT_BROKEN,prov_002_MOBILE_MECHANIC,False,False,79.51133281522215,True,
GreedyNearest,inc_00496,496,ELECTRICAL_FAULT_RAIN,BATTERY_JUMP,prov_006_TOW_LIGHT,True,False,92.80282160826464,False,
GreedyNearest,inc_00497,497,BRAKE_PAD_WORN,BRAKE_PAD_WORN,prov_015_TOW_HEAVY,True,True,63.53750027977678,False,
GreedyNearest,inc_00498,498,RADIATOR_HOSE_LEAK,COOLANT_LOW,prov_015_TOW_HEAVY,True,False,36.897801744475466,False,
GreedyNearest,inc_00499,499,BRAKE_PAD_WORN,BRAKE_PAD_WORN,prov_012_TOW_HEAVY,True,True,62.57056049463944,False,
GreedyNearest,inc_00500,500,COOLANT_LOW,RADIATOR_FAN_ISSUE,prov_006_TOW_LIGHT,True,False,13.558226031513033,False,
GreedyNearest,inc_00501,501,STARTER_MOTOR,FUEL_PUMP,prov_004_FUEL_DELIVERY,False,False,107.57187134122232,True,
GreedyNearest,inc_00502,502,BRAKE_PAD_WORN,BRAKE_PAD_WORN,prov_005_TOW_LIGHT,True,True,65.00228038769777,False,
GreedyNearest,inc_00503,503,BATTERY_REPLACE,BATTERY_REPLACE,prov_001_TOW_HEAVY,True,True,32.22061835034179,False,
GreedyNearest,inc_00504,504,CLUTCH_WORN,TRANSMISSION_ISSUE,prov_002_MOBILE_MECHANIC,False,False,196.42279159115762,True,
GreedyNearest,inc_00505,505,STARTER_MOTOR,FUEL_PUMP,prov_012_TOW_HEAVY,True,False,63.53442660797267,False,
GreedyNearest,inc_00506,506,BRAKE_PAD_WORN,BRAKE_PAD_WORN,prov_006_TOW_LIGHT,True,True,64.6189668522582,False,
GreedyNearest,inc_00507,507,BELT_BROKEN,BELT_BROKEN,prov_017_MOBILE_MECHANIC,True,True,32.20415986399212,False,
GreedyNearest,inc_00508,508,ELECTRICAL_FAULT_RAIN,BATTERY_JUMP,prov_017_MOBILE_MECHANIC,True,False,93.29158789842445,False,
GreedyNearest,inc_00509,509,BRAKE_PAD_WORN,BRAKE_PAD_WORN,prov_013_MOBILE_MECHANIC,True,True,66.32818043808136,False,
GreedyNearest,inc_00510,510,ALTERNATOR_ISSUE,BELT_BROKEN,prov_008_FUEL_DELIVERY,False,False,106.98902634170926,True,
GreedyNearest,inc_00511,511,CLUTCH_WORN,TRANSMISSION_ISSUE,prov_018_TOW_LIGHT,True,False,154.38237163015424,False,
GreedyNearest,inc_00512,512,ELECTRICAL_FAULT_RAIN,STARTER_MOTOR,prov_017_MOBILE_MECHANIC,True,False,91.86446315584344,False,
GreedyNearest,inc_00513,513,IGNITION_SYSTEM,FUEL_PUMP,prov_002_MOBILE_MECHANIC,True,False,66.43723693124807,False,
GreedyNearest,inc_00514,514,FUEL_PUMP,FUEL_PUMP,prov_002_MOBILE_MECHANIC,True,True,91.55411209264538,False,
GreedyNearest,inc_00515,515,CLUTCH_WORN,TRANSMISSION_ISSUE,prov_008_FUEL_DELIVERY,False,False,198.7739379020873,True,
GreedyNearest,inc_00516,516,ENGINE_OVERHEAT_SEVERE,RADIATOR_HOSE_LEAK,prov_002_MOBILE_MECHANIC,False,False,167.05379162073882,True,
GreedyNearest,inc_00517,517,IGNITION_SYSTEM,FUEL_PUMP,prov_012_TOW_HEAVY,True,False,63.21790069640401,False,
GreedyNearest,inc_00518,518,BATTERY_REPLACE,BATTERY_JUMP,prov_002_MOBILE_MECHANIC,True,False,34.173376033565994,False,
GreedyNearest,inc_00519,519,BATTERY_REPLACE,BATTERY_REPLACE,prov_013_MOBILE_MECHANIC,True,True,34.77246496216117,False,
GreedyNearest,inc_00520,520,BRAKE_PAD_WORN,BRAKE_PAD_WORN,prov_001_TOW_HEAVY,True,True,64.1693545058738,False,
GreedyNearest,inc_00521,521,BATTERY_JUMP,FUEL_PUMP,prov_002_MOBILE_MECHANIC,True,False,22.345159710767344,False,
GreedyNearest,inc_00522,522,RADIATOR_FAN_ISSUE,RADIATOR_FAN_ISSUE,prov_002_MOBILE_MECHANIC,True,True,48.8438442048269,False,
GreedyNearest,inc_00523,523,RADIATOR_FAN_ISSUE,RADIATOR_FAN_ISSUE,prov_003_TOW_LIGHT,True,True,47.67270357828978,False,
GreedyNearest,inc_00524,524,STARTER_MOTOR,FUEL_PUMP,prov_004_FUEL_DELIVERY,False,False,111.2098211584027,True,
GreedyNearest,inc_00525,525,ELECTRICAL_FAULT_RAIN,BATTERY_JUMP,prov_012_TOW_HEAVY,True,False,96.29890625506762,False,
GreedyNearest,inc_00526,526,CLUTCH_WORN,TRANSMISSION_ISSUE,prov_017_MOBILE_MECHANIC,False,False,198.01407532717718,True,
GreedyNearest,inc_00527,527,COOLANT_LOW,RADIATOR_FAN_ISSUE,prov_019_LOCKSMITH,False,False,59.800199448586085,True,
GreedyNearest,inc_00528,528,SEVERE_MECHANICAL_TOW,BELT_BROKEN,prov_002_MOBILE_MECHANIC,False,False,80.34037309166396,True,
GreedyNearest,inc_00529,529,STARTER_MOTOR,FUEL_PUMP,prov_014_MOBILE_MECHANIC,True,False,64.82179801471318,False,
GreedyNearest,inc_00530,530,BELT_BROKEN,BELT_BROKEN,prov_006_TOW_LIGHT,True,True,33.79856713555772,False,
GreedyNearest,inc_00531,531,ALTERNATOR_ISSUE,BELT_BROKEN,prov_002_MOBILE_MECHANIC,True,False,63.083347324357355,False,
GreedyNearest,inc_00532,532,BELT_BROKEN,BELT_BROKEN,prov_008_FUEL_DELIVERY,False,True,79.57319181140278,True,
GreedyNearest,inc_00533,533,BATTERY_JUMP,FUEL_PUMP,prov_014_MOBILE_MECHANIC,True,False,20.1020840808364,False,
GreedyNearest,inc_00534,534,ALTERNATOR_ISSUE,BELT_BROKEN,prov_013_MOBILE_MECHANIC,True,False,62.39421624496775,False,
GreedyNearest,inc_00535,535,ENGINE_OVERHEAT_SEVERE,RADIATOR_HOSE_LEAK,prov_012_TOW_HEAVY,True,False,122.10110462839235,False,
GreedyNearest,inc_00536,536,ALTERNATOR_ISSUE,BELT_BROKEN,prov_005_TOW_LIGHT,True,False,61.181723357044106,False,
GreedyNearest,inc_00537,537,BATTERY_JUMP,FUEL_PUMP,prov_001_TOW_HEAVY,True,False,19.108767197948257,False,
GreedyNearest,inc_00538,538,BATTERY_JUMP,FUEL_PUMP,prov_015_TOW_HEAVY,True,False,19.534837059270377,False,
GreedyNearest,inc_00539,539,BATTERY_JUMP,FUEL_PUMP,prov_019_LOCKSMITH,False,False,67.66044712816928,True,
GreedyNearest,inc_00540,540,BATTERY_JUMP,FUEL_PUMP,prov_017_MOBILE_MECHANIC,True,False,19.880466325684278,False,
GreedyNearest,inc_00541,541,FUEL_PUMP,FUEL_PUMP,prov_001_TOW_HEAVY,True,True,92.47445627148035,False,
GreedyNearest,inc_00542,542,BATTERY_TERMINAL_CLEAN,BATTERY_JUMP,prov_019_LOCKSMITH,False,False,60.26900566091679,True,
GreedyNearest,inc_00543,543,CLUTCH_WORN,TRANSMISSION_ISSUE,prov_016_MOBILE_MECHANIC,False,False,197.29244987918145,True,
GreedyNearest,inc_00544,544,BRAKE_FAILURE,BRAKE_FAILURE,prov_005_TOW_LIGHT,True,True,97.50301098296376,False,
GreedyNearest,inc_00545,545,ALTERNATOR_ISSUE,BELT_BROKEN,prov_014_MOBILE_MECHANIC,True,False,64.49212955126345,False,
GreedyNearest,inc_00546,546,BRAKE_PAD_WORN,BRAKE_PAD_WORN,prov_001_TOW_HEAVY,True,True,60.94895071921919,False,
GreedyNearest,inc_00547,547,SEVERE_MECHANICAL_TOW,BELT_BROKEN,prov_004_FUEL_DELIVERY,False,False,79.07828520232685,True,
GreedyNearest,inc_00548,548,FUEL_PUMP,FUEL_PUMP,prov_003_TOW_LIGHT,True,True,94.99619692208772,False,
GreedyNearest,inc_00549,549,SEVERE_MECHANICAL_TOW,BELT_BROKEN,prov_003_TOW_LIGHT,False,False,80.57640171605144,True,
GreedyNearest,inc_00550,550,FUEL_PUMP,BATTERY_JUMP,prov_013_MOBILE_MECHANIC,True,False,93.80832654789603,False,
GreedyNearest,inc_00551,551,RADIATOR_FAN_ISSUE,COOLANT_LOW,prov_002_MOBILE_MECHANIC,True,False,49.5967323799093,False,
GreedyNearest,inc_00552,552,ELECTRICAL_FAULT_RAIN,BATTERY_TERMINAL_CLEAN,prov_017_MOBILE_MECHANIC,True,False,94.96470974252654,False,
GreedyNearest,inc_00553,553,BATTERY_JUMP,FUEL_PUMP,prov_007_MOBILE_MECHANIC,True,False,16.67929329651022,False,
GreedyNearest,inc_00554,554,BRAKE_PAD_WORN,BRAKE_PAD_WORN,prov_019_LOCKSMITH,False,True,112.65095659995474,True,
GreedyNearest,inc_00555,555,IGNITION_SYSTEM,FUEL_PUMP,prov_001_TOW_HEAVY,True,False,64.53024018944868,False,
GreedyNearest,inc_00556,556,RADIATOR_HOSE_LEAK,FUEL_FILTER_CLOGGED,prov_016_MOBILE_MECHANIC,True,False,32.10368632315702,False,
GreedyNearest,inc_00557,557,FUEL_PUMP,STARTER_MOTOR,prov_000_MOBILE_MECHANIC,True,False,93.21572594891481,False,
GreedyNearest,inc_00558,558,BATTERY_JUMP,FUEL_PUMP,prov_016_MOBILE_MECHANIC,True,False,20.94925074009142,False,
GreedyNearest,inc_00559,559,COOLANT_LOW,COOLANT_LOW,prov_013_MOBILE_MECHANIC,True,True,13.630515770960995,False,
GreedyNearest,inc_00560,560,STARTER_MOTOR,FUEL_PUMP,prov_017_MOBILE_MECHANIC,True,False,61.91354550947241,False,
GreedyNearest,inc_00561,561,BATTERY_JUMP,FUEL_PUMP,prov_012_TOW_HEAVY,True,False,20.44604675453411,False,
GreedyNearest,inc_00562,562,TRANSMISSION_ISSUE,TRANSMISSION_ISSUE,prov_016_MOBILE_MECHANIC,False,True,230.04690885106106,True,
GreedyNearest,inc_00563,563,BRAKE_FAILURE,BRAKE_FAILURE,prov_002_MOBILE_MECHANIC,False,True,137.5118208036683,True,
GreedyNearest,inc_00564,564,BELT_BROKEN,BELT_BROKEN,prov_001_TOW_HEAVY,True,True,33.74902028351592,False,
GreedyNearest,inc_00565,565,ALTERNATOR_ISSUE,BELT_BROKEN,prov_006_TOW_LIGHT,True,False,64.48367752585608,False,
GreedyNearest,inc_00566,566,RADIATOR_HOSE_LEAK,RADIATOR_HOSE_LEAK,prov_008_FUEL_DELIVERY,False,True,78.03376786129277,True,
GreedyNearest,inc_00567,567,BATTERY_REPLACE,BATTERY_JUMP,prov_016_MOBILE_MECHANIC,True,False,30.293014193875646,False,
GreedyNearest,inc_00568,568,STARTER_MOTOR,FUEL_PUMP,prov_004_FUEL_DELIVERY,False,False,106.68075624572471,True,
GreedyNearest,inc_00569,569,BATTERY_REPLACE,BATTERY_JUMP,prov_011_TOW_LIGHT,True,False,32.43834057772565,False,
GreedyNearest,inc_00570,570,BRAKE_PAD_WORN,BRAKE_PAD_WORN,prov_019_LOCKSMITH,False,True,110.55686517722647,True,
GreedyNearest,inc_00571,571,STARTER_MOTOR,FUEL_PUMP,prov_017_MOBILE_MECHANIC,True,False,62.139689181898035,False,
GreedyNearest,inc_00572,572,BATTERY_REPLACE,BATTERY_REPLACE,prov_018_TOW_LIGHT,True,True,33.628571469326864,False,
GreedyNearest,inc_00573,573,ALTERNATOR_ISSUE,BELT_BROKEN,prov_010_TOW_LIGHT,True,False,65.60360897499595,False,
GreedyNearest,inc_00574,574,FUEL_PUMP,BATTERY_JUMP,prov_006_TOW_LIGHT,True,False,90.3733731038403,False,
GreedyNearest,inc_00575,575,TRANSMISSION_ISSUE,TRANSMISSION_ISSUE,prov_006_TOW_LIGHT,True,True,183.19342741064224,False,
GreedyNearest,inc_00576,576,IGNITION_SYSTEM,FUEL_PUMP,prov_002_MOBILE_MECHANIC,True,False,64.7872103100561,False,
GreedyNearest,inc_00577,577,BELT_BROKEN,BELT_BROKEN,prov_016_MOBILE_MECHANIC,True,True,33.16678204195932,False,
GreedyNearest,inc_00578,578,ELECTRICAL_FAULT_RAIN,BATTERY_JUMP,prov_016_MOBILE_MECHANIC,True,False,96.29216443447683,False,
GreedyNearest,inc_00579,579,BATTERY_JUMP,FUEL_PUMP,prov_011_TOW_LIGHT,True,False,18.485844300783683,False,
GreedyNearest,inc_00580,580,BRAKE_FAILURE,BRAKE_FAILURE,prov_019_LOCKSMITH,False,True,139.99397167073633,True,
GreedyNearest,inc_00581,581,TRANSMISSION_ISSUE,TRANSMISSION_ISSUE,prov_010_TOW_LIGHT,True,True,185.87443091644468,False,
GreedyNearest,inc_00582,582,ENGINE_OVERHEAT_SEVERE,COOLANT_LOW,prov_014_MOBILE_MECHANIC,False,False,169.63836345770244,True,
GreedyNearest,inc_00583,583,COOLANT_LOW,RADIATOR_FAN_ISSUE,prov_017_MOBILE_MECHANIC,True,False,12.128227477398642,False,
GreedyNearest,inc_00584,584,BATTERY_JUMP,FUEL_PUMP,prov_010_TOW_LIGHT,True,False,18.050378955482834,False,
GreedyNearest,inc_00585,585,ELECTRICAL_FAULT_RAIN,BATTERY_REPLACE,prov_010_TOW_LIGHT,True,False,91.11985187797177,False,
GreedyNearest,inc_00586,586,BATTERY_REPLACE,BATTERY_REPLACE,prov_017_MOBILE_MECHANIC,True,True,31.812209817875413,False,
GreedyNearest,inc_00587,587,RADIATOR_FAN_ISSUE,RADIATOR_FAN_ISSUE,prov_002_MOBILE_MECHANIC,True,True,47.86886443528697,False,
GreedyNearest,inc_00588,588,BRAKE_FAILURE,BRAKE_FAILURE,prov_013_MOBILE_MECHANIC,False,True,139.2370798946509,True,
GreedyNearest,inc_00589,589,BRAKE_PAD_WORN,BRAKE_PAD_WORN,prov_003_TOW_LIGHT,True,True,66.87743517386468,False,
GreedyNearest,inc_00590,590,ELECTRICAL_FAULT_RAIN,BATTERY_JUMP,prov_000_MOBILE_MECHANIC,True,False,93.47706319898373,False,
GreedyNearest,inc_00591,591,BRAKE_PAD_WORN,BRAKE_PAD_WORN,prov_019_LOCKSMITH,False,True,109.55983483791152,True,
GreedyNearest,inc_00592,592,RADIATOR_HOSE_LEAK,ENGINE_OVERHEAT_SEVERE,prov_002_MOBILE_MECHANIC,True,False,35.31689966310935,False,
GreedyNearest,inc_00593,593,TRANSMISSION_ISSUE,TRANSMISSION_ISSUE,prov_019_LOCKSMITH,False,True,228.6512864345447,True,
GreedyNearest,inc_00594,594,ENGINE_OVERHEAT_SEVERE,ENGINE_OVERHEAT_SEVERE,prov_016_MOBILE_MECHANIC,False,True,169.7416546389238,True,
GreedyNearest,inc_00595,595,RADIATOR_HOSE_LEAK,COOLANT_LOW,prov_005_TOW_LIGHT,True,False,31.05797917499742,False,
GreedyNearest,inc_00596,596,BRAKE_FAILURE,BRAKE_PAD_WORN,prov_019_LOCKSMITH,False,False,136.15927452925848,True,
GreedyNearest,inc_00597,597,RADIATOR_HOSE_LEAK,COOLANT_LOW,prov_002_MOBILE_MECHANIC,True,False,32.58301539380049,False,
GreedyNearest,inc_00598,598,BATTERY_JUMP,FUEL_PUMP,prov_003_TOW_LIGHT,True,False,17.26955372002812,False,
GreedyNearest,inc_00599,599,IGNITION_SYSTEM,BATTERY_JUMP,prov_002_MOBILE_MECHANIC,True,False,67.19268147547002,False,
GreedyNearest,inc_00600,600,ALTERNATOR_ISSUE,FUEL_FILTER_CLOGGED,prov_009_TOW_LIGHT,True,False,64.44325093170409,False,
GreedyNearest,inc_00601,601,RADIATOR_FAN_ISSUE,RADIATOR_FAN_ISSUE,prov_010_TOW_LIGHT,True,True,46.53357243419821,False,
GreedyNearest,inc_00602,602,BATTERY_JUMP,FUEL_PUMP,prov_002_MOBILE_MECHANIC,True,False,17.311647049502874,False,
GreedyNearest,inc_00603,603,BATTERY_REPLACE,BATTERY_REPLACE,prov_005_TOW_LIGHT,True,True,36.54122698665887,False,
GreedyNearest,inc_00604,604,BATTERY_REPLACE,BATTERY_JUMP,prov_016_MOBILE_MECHANIC,True,False,31.247868249266148,False,
GreedyNearest,inc_00605,605,BATTERY_JUMP,FUEL_PUMP,prov_010_TOW_LIGHT,True,False,16.348309508056207,False,
GreedyNearest,inc_00606,606,STARTER_MOTOR,FUEL_PUMP,prov_005_TOW_LIGHT,True,False,62.50739994500652,False,
GreedyNearest,inc_00607,607,CLUTCH_WORN,TRANSMISSION_ISSUE,prov_012_TOW_HEAVY,True,False,152.25026947163855,False,
GreedyNearest,inc_00608,608,STARTER_MOTOR,FUEL_PUMP,prov_007_MOBILE_MECHANIC,True,False,61.86215634148393,False,
GreedyNearest,inc_00609,609,BRAKE_PAD_WORN,BRAKE_PAD_WORN,prov_019_LOCKSMITH,False,True,106.65488318983265,True,
GreedyNearest,inc_00610,610,IGNITION_SYSTEM,FUEL_PUMP,prov_016_MOBILE_MECHANIC,True,False,65.1588348182926,False,
GreedyNearest,inc_00611,611,ELECTRICAL_FAULT_RAIN,BATTERY_JUMP,prov_013_MOBILE_MECHANIC,True,False,92.50408986106153,False,
GreedyNearest,inc_00612,612,IGNITION_SYSTEM,FUEL_PUMP,prov_005_TOW_LIGHT,True,False,65.39643968908949,False,
GreedyNearest,inc_00613,613,ELECTRICAL_FAULT_RAIN,BATTERY_JUMP,prov_000_MOBILE_MECHANIC,True,False,92.07270707802465,False,
GreedyNearest,inc_00614,614,CLUTCH_WORN,TRANSMISSION_ISSUE,prov_010_TOW_LIGHT,True,False,153.22645630858958,False,
GreedyNearest,inc_00615,615,COOLANT_LOW,RADIATOR_FAN_ISSUE,prov_008_FUEL_DELIVERY,False,False,57.70340599159776,True,
GreedyNearest,inc_00616,616,CLUTCH_WORN,TRANSMISSION_ISSUE,prov_010_TOW_LIGHT,True,False,155.22247986967133,False,
GreedyNearest,inc_00617,617,ALTERNATOR_ISSUE,BELT_BROKEN,prov_014_MOBILE_MECHANIC,True,False,67.14400034688198,False,
GreedyNearest,inc_00618,618,BRAKE_FAILURE,BRAKE_FAILURE,prov_019_LOCKSMITH,False,True,142.31380470215666,True,
GreedyNearest,inc_00619,619,BATTERY_REPLACE,BATTERY_JUMP,prov_019_LOCKSMITH,False,False,81.43375662585598,True,
GreedyNearest,inc_00620,620,CLUTCH_WORN,TRANSMISSION_ISSUE,prov_016_MOBILE_MECHANIC,False,False,196.9972581550176,True,
GreedyNearest,inc_00621,621,ALTERNATOR_ISSUE,BELT_BROKEN,prov_017_MOBILE_MECHANIC,True,False,66.93038452023487,False,
GreedyNearest,inc_00622,622,SEVERE_MECHANICAL_TOW,BELT_BROKEN,prov_010_TOW_LIGHT,False,False,77.48330885109517,True,
GreedyNearest,inc_00623,623,BATTERY_JUMP,FUEL_PUMP,prov_006_TOW_LIGHT,True,False,20.185256202039454,False,
GreedyNearest,inc_00624,624,BRAKE_PAD_WORN,BRAKE_PAD_WORN,prov_017_MOBILE_MECHANIC,True,True,62.37257582338611,False,
GreedyNearest,inc_00625,625,FUEL_FILTER_CLOGGED,FUEL_FILTER_CLOGGED,prov_002_MOBILE_MECHANIC,True,True,26.64940563707253,False,
GreedyNearest,inc_00626,626,FUEL_FILTER_CLOGGED,FUEL_FILTER_CLOGGED,prov_004_FUEL_DELIVERY,False,True,74.0231482444677,True,
GreedyNearest,inc_00627,627,BATTERY_TERMINAL_CLEAN,BATTERY_JUMP,prov_016_MOBILE_MECHANIC,True,False,13.747129613382635,False,
GreedyNearest,inc_00628,628,FUEL_PUMP,FUEL_PUMP,prov_012_TOW_HEAVY,True,True,95.77931247377597,False,
GreedyNearest,inc_00629,629,IGNITION_SYSTEM,BATTERY_JUMP,prov_003_TOW_LIGHT,True,False,63.80242407622643,False,
GreedyNearest,inc_00630,630,BELT_BROKEN,BELT_BROKEN,prov_015_TOW_HEAVY,True,True,32.437449142306065,False,
GreedyNearest,inc_00631,631,BATTERY_REPLACE,BATTERY_JUMP,prov_001_TOW_HEAVY,True,False,33.898462273594845,False,
GreedyNearest,inc_00632,632,TRANSMISSION_ISSUE,TRANSMISSION_ISSUE,prov_001_TOW_HEAVY,True,True,182.61418709072387,False,
GreedyNearest,inc_00633,633,RADIATOR_FAN_ISSUE,RADIATOR_FAN_ISSUE,prov_019_LOCKSMITH,False,True,97.51784689877215,True,
GreedyNearest,inc_00634,634,COOLANT_LOW,RADIATOR_FAN_ISSUE,prov_010_TOW_LIGHT,True,False,13.120765806453871,False,
GreedyNearest,inc_00635,635,ALTERNATOR_ISSUE,BELT_BROKEN,prov_006_TOW_LIGHT,True,False,63.18400839350312,False,
GreedyNearest,inc_00636,636,SEVERE_MECHANICAL_TOW,BELT_BROKEN,prov_013_MOBILE_MECHANIC,False,False,76.6148242288341,True,
GreedyNearest,inc_00637,637,ELECTRICAL_FAULT_RAIN,BATTERY_JUMP,prov_016_MOBILE_MECHANIC,True,False,97.68109744133655,False,
GreedyNearest,inc_00638,638,COOLANT_LOW,RADIATOR_FAN_ISSUE,prov_007_MOBILE_MECHANIC,True,False,12.500766853528699,False,
GreedyNearest,inc_00639,639,BELT_BROKEN,BELT_BROKEN,prov_016_MOBILE_MECHANIC,True,True,36.87533497015473,False,
GreedyNearest,inc_00640,640,ELECTRICAL_FAULT_RAIN,BATTERY_JUMP,prov_014_MOBILE_MECHANIC,True,False,94.895004447743,False,
GreedyNearest,inc_00641,641,BRAKE_PAD_WORN,BRAKE_PAD_WORN,prov_006_TOW_LIGHT,True,True,63.24122849434749,False,
GreedyNearest,inc_00642,642,IGNITION_SYSTEM,BATTERY_JUMP,prov_016_MOBILE_MECHANIC,True,False,63.26923026893481,False,
GreedyNearest,inc_00643,643,IGNITION_SYSTEM,FUEL_PUMP,prov_007_MOBILE_MECHANIC,True,False,60.74172036353114,False,
GreedyNearest,inc_00644,644,BATTERY_JUMP,FUEL_PUMP,prov_005_TOW_LIGHT,True,False,20.34724604999099,False,
GreedyNearest,inc_00645,645,ENGINE_OVERHEAT_SEVERE,ENGINE_OVERHEAT_SEVERE,prov_004_FUEL_DELIVERY,False,True,172.75383070749797,True,
GreedyNearest,inc_00646,646,BATTERY_REPLACE,BATTERY_JUMP,prov_016_MOBILE_MECHANIC,True,False,34.270331974727426,False,
GreedyNearest,inc_00647,647,SEVERE_MECHANICAL_TOW,BELT_BROKEN,prov_006_TOW_LIGHT,False,False,78.35686578525878,True,
GreedyNearest,inc_00648,648,ALTERNATOR_ISSUE,FUEL_FILTER_CLOGGED,prov_012_TOW_HEAVY,True,False,67.21049222242662,False,
GreedyNearest,inc_00649,649,BATTERY_JUMP,FUEL_PUMP,prov_012_TOW_HEAVY,True,False,21.90780145633794,False,
GreedyNearest,inc_00650,650,BRAKE_PAD_WORN,BRAKE_PAD_WORN,prov_017_MOBILE_MECHANIC,True,True,62.26006545579315,False,
GreedyNearest,inc_00651,651,BATTERY_JUMP,FUEL_PUMP,prov_001_TOW_HEAVY,True,False,18.547060342051495,False,
GreedyNearest,inc_00652,652,COOLANT_LOW,RADIATOR_HOSE_LEAK,prov_000_MOBILE_MECHANIC,True,False,10.397797713716853,False,
GreedyNearest,inc_00653,653,FUEL_FILTER_CLOGGED,FUEL_FILTER_CLOGGED,prov_017_MOBILE_MECHANIC,True,True,31.736540990628377,False,
GreedyNearest,inc_00654,654,COOLANT_LOW,COOLANT_LOW,prov_007_MOBILE_MECHANIC,True,True,12.820720606293495,False,
GreedyNearest,inc_00655,655,ELECTRICAL_FAULT_RAIN,BATTERY_JUMP,prov_004_FUEL_DELIVERY,False,False,140.1140982390981,True,
GreedyNearest,inc_00656,656,IGNITION_SYSTEM,FUEL_PUMP,prov_014_MOBILE_MECHANIC,True,False,68.13347087796703,False,
GreedyNearest,inc_00657,657,ALTERNATOR_ISSUE,BELT_BROKEN,prov_002_MOBILE_MECHANIC,True,False,66.84626926197123,False,
GreedyNearest,inc_00658,658,IGNITION_SYSTEM,FUEL_PUMP,prov_006_TOW_LIGHT,True,False,65.18087047802256,False,
GreedyNearest,inc_00659,659,BATTERY_REPLACE,BATTERY_JUMP,prov_014_MOBILE_MECHANIC,True,False,36.01506835781717,False,
GreedyNearest,inc_00660,660,BATTERY_REPLACE,BATTERY_JUMP,prov_019_LOCKSMITH,False,False,81.69480863216914,True,
GreedyNearest,inc_00661,661,BATTERY_JUMP,FUEL_PUMP,prov_001_TOW_HEAVY,True,False,20.203129235499595,False,
GreedyNearest,inc_00662,662,ALTERNATOR_ISSUE,FUEL_FILTER_CLOGGED,prov_017_MOBILE_MECHANIC,True,False,61.91951814182504,False,
GreedyNearest,inc_00663,663,BRAKE_PAD_WORN,BRAKE_PAD_WORN,prov_008_FUEL_DELIVERY,False,True,105.89633865062534,True,
GreedyNearest,inc_00664,664,RADIATOR_FAN_ISSUE,COOLANT_LOW,prov_016_MOBILE_MECHANIC,True,False,51.86640262480175,False,
GreedyNearest,inc_00665,665,TRANSMISSION_ISSUE,TRANSMISSION_ISSUE,prov_004_FUEL_DELIVERY,False,True,225.73546672390913,True,
GreedyNearest,inc_00666,666,TRANSMISSION_ISSUE,TRANSMISSION_ISSUE,prov_016_MOBILE_MECHANIC,False,True,226.80685786031944,True,
GreedyNearest,inc_00667,667,BRAKE_PAD_WORN,BRAKE_PAD_WORN,prov_002_MOBILE_MECHANIC,True,True,63.801181250458676,False,
GreedyNearest,inc_00668,668,FUEL_PUMP,BATTERY_JUMP,prov_006_TOW_LIGHT,True,False,94.44134404821853,False,
GreedyNearest,inc_00669,669,COOLANT_LOW,RADIATOR_FAN_ISSUE,prov_012_TOW_HEAVY,True,False,16.424819200247207,False,
GreedyNearest,inc_00670,670,CLUTCH_WORN,TRANSMISSION_ISSUE,prov_008_FUEL_DELIVERY,False,False,201.14185804778,True,
GreedyNearest,inc_00671,671,COOLANT_LOW,FUEL_FILTER_CLOGGED,prov_008_FUEL_DELIVERY,False,False,57.31930412445757,True,
GreedyNearest,inc_00672,672,TRANSMISSION_ISSUE,TRANSMISSION_ISSUE,prov_009_TOW_LIGHT,True,True,184.0073443890436,False,
GreedyNearest,inc_00673,673,FUEL_FILTER_CLOGGED,FUEL_FILTER_CLOGGED,prov_019_LOCKSMITH,False,True,72.39588161217806,True,
GreedyNearest,inc_00674,674,CLUTCH_WORN,TRANSMISSION_ISSUE,prov_013_MOBILE_MECHANIC,False,False,198.24731187116686,True,
GreedyNearest,inc_00675,675,ALTERNATOR_ISSUE,BELT_BROKEN,prov_016_MOBILE_MECHANIC,True,False,66.1556828270304,False,
GreedyNearest,inc_00676,676,FUEL_FILTER_CLOGGED,FUEL_FILTER_CLOGGED,prov_010_TOW_LIGHT,True,True,27.12078316605562,False,
GreedyNearest,inc_00677,677,STARTER_MOTOR,FUEL_PUMP,prov_006_TOW_LIGHT,True,False,64.38411816610521,False,
GreedyNearest,inc_00678,678,BATTERY_JUMP,FUEL_PUMP,prov_013_MOBILE_MECHANIC,True,False,20.668629689717793,False,
GreedyNearest,inc_00679,679,SEVERE_MECHANICAL_TOW,BELT_BROKEN,prov_019_LOCKSMITH,False,False,79.71921125973596,True,
GreedyNearest,inc_00680,680,BATTERY_REPLACE,BATTERY_REPLACE,prov_019_LOCKSMITH,False,True,77.22148792824206,True,
GreedyNearest,inc_00681,681,SEVERE_MECHANICAL_TOW,BELT_BROKEN,prov_014_MOBILE_MECHANIC,False,False,80.4188786105768,True,
GreedyNearest,inc_00682,682,COOLANT_LOW,RADIATOR_FAN_ISSUE,prov_008_FUEL_DELIVERY,False,False,59.9866118222142,True,
GreedyNearest,inc_00683,683,RADIATOR_HOSE_LEAK,RADIATOR_HOSE_LEAK,prov_007_MOBILE_MECHANIC,True,True,32.032005872752805,False,
GreedyNearest,inc_00684,684,STARTER_MOTOR,FUEL_PUMP,prov_013_MOBILE_MECHANIC,True,False,62.43982125391886,False,
GreedyNearest,inc_00685,685,BATTERY_REPLACE,BATTERY_REPLACE,prov_002_MOBILE_MECHANIC,True,True,32.24575323313183,False,
GreedyNearest,inc_00686,686,CLUTCH_WORN,TRANSMISSION_ISSUE,prov_014_MOBILE_MECHANIC,False,False,200.5574955206111,True,
GreedyNearest,inc_00687,687,BATTERY_REPLACE,BATTERY_REPLACE,prov_001_TOW_HEAVY,True,True,33.09684080802158,False,
GreedyNearest,inc_00688,688,BATTERY_REPLACE,STARTER_MOTOR,prov_009_TOW_LIGHT,True,False,34.76295824325176,False,
GreedyNearest,inc_00689,689,BRAKE_PAD_WORN,BRAKE_PAD_WORN,prov_006_TOW_LIGHT,True,True,65.91558992994017,False,
GreedyNearest,inc_00690,690,BRAKE_PAD_WORN,BRAKE_PAD_WORN,prov_002_MOBILE_MECHANIC,True,True,65.50174611481819,False,
GreedyNearest,inc_00691,691,BATTERY_TERMINAL_CLEAN,BATTERY_REPLACE,prov_017_MOBILE_MECHANIC,True,False,11.700868314323827,False,
GreedyNearest,inc_00692,692,RADIATOR_FAN_ISSUE,RADIATOR_FAN_ISSUE,prov_007_MOBILE_MECHANIC,True,True,46.77625390727565,False,
GreedyNearest,inc_00693,693,BATTERY_JUMP,FUEL_PUMP,prov_012_TOW_HEAVY,True,False,19.37903273330996,False,
GreedyNearest,inc_00694,694,BATTERY_JUMP,FUEL_PUMP,prov_014_MOBILE_MECHANIC,True,False,20.789899420906742,False,
GreedyNearest,inc_00695,695,TRANSMISSION_ISSUE,TRANSMISSION_ISSUE,prov_019_LOCKSMITH,False,True,231.07826846907915,True,
GreedyNearest,inc_00696,696,TRANSMISSION_ISSUE,TRANSMISSION_ISSUE,prov_004_FUEL_DELIVERY,False,True,232.76827709499295,True,
GreedyNearest,inc_00697,697,BATTERY_REPLACE,BATTERY_REPLACE,prov_002_MOBILE_MECHANIC,True,True,37.28315866478587,False,
GreedyNearest,inc_00698,698,ELECTRICAL_FAULT_RAIN,BATTERY_JUMP,prov_016_MOBILE_MECHANIC,True,False,93.07220889971875,False,
GreedyNearest,inc_00699,699,IGNITION_SYSTEM,BATTERY_JUMP,prov_012_TOW_HEAVY,True,False,64.86650074300282,False,
GreedyNearest,inc_00700,700,COOLANT_LOW,RADIATOR_FAN_ISSUE,prov_005_TOW_LIGHT,True,False,14.900682188327881,False,
GreedyNearest,inc_00701,701,ALTERNATOR_ISSUE,BELT_BROKEN,prov_002_MOBILE_MECHANIC,True,False,63.114684722636625,False,
GreedyNearest,inc_00702,702,BATTERY_REPLACE,BATTERY_JUMP,prov_003_TOW_LIGHT,True,False,36.47568138372756,False,
GreedyNearest,inc_00703,703,BATTERY_TERMINAL_CLEAN,BATTERY_REPLACE,prov_016_MOBILE_MECHANIC,True,False,15.18301552045111,False,
GreedyNearest,inc_00704,704,BELT_BROKEN,BELT_BROKEN,prov_003_TOW_LIGHT,True,True,36.07288527177904,False,
GreedyNearest,inc_00705,705,BRAKE_FAILURE,BRAKE_FAILURE,prov_004_FUEL_DELIVERY,False,True,138.6764572075218,True,
GreedyNearest,inc_00706,706,FUEL_FILTER_CLOGGED,FUEL_FILTER_CLOGGED,prov_010_TOW_LIGHT,True,True,27.715825568305885,False,
GreedyNearest,inc_00707,707,FUEL_PUMP,FUEL_PUMP,prov_004_FUEL_DELIVERY,False,True,141.40641546654007,True,
GreedyNearest,inc_00708,708,FUEL_PUMP,FUEL_PUMP,prov_008_FUEL_DELIVERY,False,True,139.31737148568862,True,
GreedyNearest,inc_00709,709,BATTERY_REPLACE,BATTERY_JUMP,prov_019_LOCKSMITH,False,False,80.92160390677836,True,
GreedyNearest,inc_00710,710,TRANSMISSION_ISSUE,TRANSMISSION_ISSUE,prov_008_FUEL_DELIVERY,False,True,229.08194709181785,True,
GreedyNearest,inc_00711,711,STARTER_MOTOR,FUEL_PUMP,prov_012_TOW_HEAVY,True,False,63.49279148170692,False,
GreedyNearest,inc_00712,712,RADIATOR_FAN_ISSUE,COOLANT_LOW,prov_017_MOBILE_MECHANIC,True,False,50.21589872109028,False,
GreedyNearest,inc_00713,713,BRAKE_FAILURE,BRAKE_FAILURE,prov_004_FUEL_DELIVERY,False,True,138.62353919067937,True,
GreedyNearest,inc_00714,714,BATTERY_JUMP,FUEL_PUMP,prov_008_FUEL_DELIVERY,False,False,62.49025183206167,True,
GreedyNearest,inc_00715,715,BATTERY_REPLACE,BATTERY_JUMP,prov_002_MOBILE_MECHANIC,True,False,37.043210766936774,False,
GreedyNearest,inc_00716,716,FUEL_FILTER_CLOGGED,FUEL_FILTER_CLOGGED,prov_001_TOW_HEAVY,True,True,27.040451228363622,False,
GreedyNearest,inc_00717,717,TRANSMISSION_ISSUE,TRANSMISSION_ISSUE,prov_002_MOBILE_MECHANIC,False,True,227.83020203762533,True,
GreedyNearest,inc_00718,718,BATTERY_REPLACE,STARTER_MOTOR,prov_011_TOW_LIGHT,True,False,32.62683178396462,False,
GreedyNearest,inc_00719,719,BATTERY_REPLACE,BATTERY_TERMINAL_CLEAN,prov_005_TOW_LIGHT,True,False,36.202948438440146,False,
GreedyNearest,inc_00720,720,ALTERNATOR_ISSUE,BELT_BROKEN,prov_017_MOBILE_MECHANIC,True,False,66.73567285199381,False,
GreedyNearest,inc_00721,721,BATTERY_JUMP,FUEL_PUMP,prov_019_LOCKSMITH,False,False,67.5065740658522,True,
GreedyNearest,inc_00722,722,BATTERY_JUMP,FUEL_PUMP,prov_016_MOBILE_MECHANIC,True,False,21.704866270099,False,
GreedyNearest,inc_00723,723,SEVERE_MECHANICAL_TOW,BELT_BROKEN,prov_009_TOW_LIGHT,False,False,77.93996371898001,True,
GreedyNearest,inc_00724,724,ALTERNATOR_ISSUE,BELT_BROKEN,prov_017_MOBILE_MECHANIC,True,False,61.31108050730475,False,
GreedyNearest,inc_00725,725,STARTER_MOTOR,FUEL_PUMP,prov_004_FUEL_DELIVERY,False,False,107.00221397386557,True,
GreedyNearest,inc_00726,726,BELT_BROKEN,BELT_BROKEN,prov_005_TOW_LIGHT,True,True,33.84424839069122,False,
GreedyNearest,inc_00727,727,BATTERY_REPLACE,BATTERY_JUMP,prov_012_TOW_HEAVY,True,False,31.923980199578637,False,
GreedyNearest,inc_00728,728,FUEL_PUMP,FUEL_PUMP,prov_003_TOW_LIGHT,True,True,92.92141040464622,False,
GreedyNearest,inc_00729,729,SEVERE_MECHANICAL_TOW,BELT_BROKEN,prov_017_MOBILE_MECHANIC,False,False,76.89290203391492,True,
GreedyNearest,inc_00730,730,CLUTCH_WORN,TRANSMISSION_ISSUE,prov_002_MOBILE_MECHANIC,False,False,196.69909841506993,True,
GreedyNearest,inc_00731,731,IGNITION_SYSTEM,FUEL_PUMP,prov_016_MOBILE_MECHANIC,True,False,63.17888598911032,False,
GreedyNearest,inc_00732,732,ALTERNATOR_ISSUE,BELT_BROKEN,prov_003_TOW_LIGHT,True,False,63.067927037689145,False,
GreedyNearest,inc_00733,733,COOLANT_LOW,RADIATOR_FAN_ISSUE,prov_006_TOW_LIGHT,True,False,12.543425592707122,False,
GreedyNearest,inc_00734,734,BELT_BROKEN,BELT_BROKEN,prov_017_MOBILE_MECHANIC,True,True,37.15374361660508,False,
GreedyNearest,inc_00735,735,BRAKE_FAILURE,BRAKE_FAILURE,prov_000_MOBILE_MECHANIC,False,True,137.96344579194596,True,
GreedyNearest,inc_00736,736,BATTERY_TERMINAL_CLEAN,BATTERY_JUMP,prov_016_MOBILE_MECHANIC,True,False,10.373461801035763,False,
GreedyNearest,inc_00737,737,ENGINE_OVERHEAT_SEVERE,FUEL_FILTER_CLOGGED,prov_013_MOBILE_MECHANIC,False,False,169.2345207025805,True,
GreedyNearest,inc_00738,738,RADIATOR_FAN_ISSUE,RADIATOR_FAN_ISSUE,prov_002_MOBILE_MECHANIC,True,True,47.79788451309965,False,
GreedyNearest,inc_00739,739,SEVERE_MECHANICAL_TOW,BELT_BROKEN,prov_013_MOBILE_MECHANIC,False,False,77.58719454029772,True,
GreedyNearest,inc_00740,740,BATTERY_JUMP,FUEL_PUMP,prov_017_MOBILE_MECHANIC,True,False,18.445711778848757,False,
GreedyNearest,inc_00741,741,BELT_BROKEN,BELT_BROKEN,prov_019_LOCKSMITH,False,True,76.47547694972738,True,
GreedyNearest,inc_00742,742,TRANSMISSION_ISSUE,TRANSMISSION_ISSUE,prov_013_MOBILE_MECHANIC,False,True,226.58751245702624,True,
GreedyNearest,inc_00743,743,BELT_BROKEN,BELT_BROKEN,prov_005_TOW_LIGHT,True,True,30.849181520606034,False,
GreedyNearest,inc_00744,744,BRAKE_FAILURE,BRAKE_FAILURE,prov_013_MOBILE_MECHANIC,False,True,138.40498198209417,True,
GreedyNearest,inc_00745,745,STARTER_MOTOR,FUEL_PUMP,prov_014_MOBILE_MECHANIC,True,False,61.37555782180023,False,
GreedyNearest,inc_00746,746,BATTERY_JUMP,FUEL_PUMP,prov_016_MOBILE_MECHANIC,True,False,18.43106061711215,False,
GreedyNearest,inc_00747,747,TRANSMISSION_ISSUE,TRANSMISSION_ISSUE,prov_008_FUEL_DELIVERY,False,True,230.91155911687954,True,
GreedyNearest,inc_00748,748,BRAKE_PAD_WORN,BRAKE_PAD_WORN,prov_017_MOBILE_MECHANIC,True,True,62.90586540208615,False,
GreedyNearest,inc_00749,749,BELT_BROKEN,BELT_BROKEN,prov_013_MOBILE_MECHANIC,True,True,31.21856540004307,False,
GreedyNearest,inc_00750,750,IGNITION_SYSTEM,FUEL_PUMP,prov_014_MOBILE_MECHANIC,True,False,66.64287142492056,False,
GreedyNearest,inc_00751,751,BATTERY_JUMP,FUEL_PUMP,prov_008_FUEL_DELIVERY,False,False,63.65856933969915,True,
GreedyNearest,inc_00752,752,TRANSMISSION_ISSUE,TRANSMISSION_ISSUE,prov_002_MOBILE_MECHANIC,False,True,226.8271717432176,True,
GreedyNearest,inc_00753,753,SEVERE_MECHANICAL_TOW,BELT_BROKEN,prov_012_TOW_HEAVY,True,False,33.165128191728236,False,
GreedyNearest,inc_00754,754,COOLANT_LOW,COOLANT_LOW,prov_013_MOBILE_MECHANIC,True,True,11.568205814323436,False,
GreedyNearest,inc_00755,755,ELECTRICAL_FAULT_RAIN,STARTER_MOTOR,prov_016_MOBILE_MECHANIC,True,False,90.31458471559837,False,
GreedyNearest,inc_00756,756,FUEL_FILTER_CLOGGED,FUEL_FILTER_CLOGGED,prov_004_FUEL_DELIVERY,False,True,72.72391790598657,True,
GreedyNearest,inc_00757,757,BELT_BROKEN,BELT_BROKEN,prov_010_TOW_LIGHT,True,True,33.84661748050971,False,
GreedyNearest,inc_00758,758,BATTERY_REPLACE,BATTERY_REPLACE,prov_002_MOBILE_MECHANIC,True,True,33.94651292597618,False,
GreedyNearest,inc_00759,759,IGNITION_SYSTEM,FUEL_PUMP,prov_007_MOBILE_MECHANIC,True,False,61.57682251583584,False,
GreedyNearest,inc_00760,760,BRAKE_PAD_WORN,BRAKE_PAD_WORN,prov_001_TOW_HEAVY,True,True,62.71405210427939,False,
GreedyNearest,inc_00761,761,TRANSMISSION_ISSUE,TRANSMISSION_ISSUE,prov_011_TOW_LIGHT,True,True,183.67214146570626,False,
GreedyNearest,inc_00762,762,RADIATOR_HOSE_LEAK,RADIATOR_HOSE_LEAK,prov_001_TOW_HEAVY,True,True,34.15896357274973,False,
GreedyNearest,inc_00763,763,FUEL_FILTER_CLOGGED,FUEL_FILTER_CLOGGED,prov_009_TOW_LIGHT,True,True,30.436257642155674,False,
GreedyNearest,inc_00764,764,BATTERY_REPLACE,BATTERY_TERMINAL_CLEAN,prov_011_TOW_LIGHT,True,False,32.51272728678142,False,
GreedyNearest,inc_00765,765,BATTERY_REPLACE,BATTERY_JUMP,prov_015_TOW_HEAVY,True,False,33.377051116565305,False,
GreedyNearest,inc_00766,766,FUEL_FILTER_CLOGGED,FUEL_FILTER_CLOGGED,prov_016_MOBILE_MECHANIC,True,True,31.398948406344523,False,
GreedyNearest,inc_00767,767,STARTER_MOTOR,FUEL_PUMP,prov_014_MOBILE_MECHANIC,True,False,67.46946299737048,False,
GreedyNearest,inc_00768,768,BRAKE_PAD_WORN,BRAKE_PAD_WORN,prov_014_MOBILE_MECHANIC,True,True,67.37103449450099,False,
GreedyNearest,inc_00769,769,BATTERY_JUMP,FUEL_PUMP,prov_019_LOCKSMITH,False,False,66.39118708457252,True,
GreedyNearest,inc_00770,770,ALTERNATOR_ISSUE,BELT_BROKEN,prov_004_FUEL_DELIVERY,False,False,110.57323116241571,True,
GreedyNearest,inc_00771,771,FUEL_FILTER_CLOGGED,FUEL_FILTER_CLOGGED,prov_017_MOBILE_MECHANIC,True,True,25.88609141229177,False,
GreedyNearest,inc_00772,772,BRAKE_PAD_WORN,BRAKE_PAD_WORN,prov_013_MOBILE_MECHANIC,True,True,65.3268284509727,False,
GreedyNearest,inc_00773,773,CLUTCH_WORN,TRANSMISSION_ISSUE,prov_016_MOBILE_MECHANIC,False,False,196.3821163552197,True,
GreedyNearest,inc_00774,774,ELECTRICAL_FAULT_RAIN,BATTERY_JUMP,prov_005_TOW_LIGHT,True,False,92.9169879269705,False,
GreedyNearest,inc_00775,775,TRANSMISSION_ISSUE,TRANSMISSION_ISSUE,prov_002_MOBILE_MECHANIC,False,True,231.36485640922598,True,
GreedyNearest,inc_00776,776,BATTERY_REPLACE,BATTERY_JUMP,prov_002_MOBILE_MECHANIC,True,False,31.615329025613782,False,
GreedyNearest,inc_00777,777,ELECTRICAL_FAULT_RAIN,STARTER_MOTOR,prov_006_TOW_LIGHT,True,False,94.01247316954156,False,
GreedyNearest,inc_00778,778,ALTERNATOR_ISSUE,FUEL_FILTER_CLOGGED,prov_016_MOBILE_MECHANIC,True,False,64.44540338521867,False,
GreedyNearest,inc_00779,779,ALTERNATOR_ISSUE,BELT_BROKEN,prov_015_TOW_HEAVY,True,False,61.786204934705985,False,
GreedyNearest,inc_00780,780,FUEL_FILTER_CLOGGED,FUEL_FILTER_CLOGGED,prov_005_TOW_LIGHT,True,True,28.19274581363667,False,
GreedyNearest,inc_00781,781,BRAKE_FAILURE,BRAKE_PAD_WORN,prov_016_MOBILE_MECHANIC,False,False,137.09719903029304,True,
GreedyNearest,inc_00782,782,IGNITION_SYSTEM,FUEL_PUMP,prov_019_LOCKSMITH,False,False,111.67133350465195,True,
GreedyNearest,inc_00783,783,BRAKE_PAD_WORN,BRAKE_PAD_WORN,prov_014_MOBILE_MECHANIC,True,True,67.29066425994085,False,
GreedyNearest,inc_00784,784,CLUTCH_WORN,TRANSMISSION_ISSUE,prov_011_TOW_LIGHT,True,False,153.33011973888483,False,
GreedyNearest,inc_00785,785,CLUTCH_WORN,TRANSMISSION_ISSUE,prov_005_TOW_LIGHT,True,False,156.0077525093695,False,
GreedyNearest,inc_00786,786,STARTER_MOTOR,FUEL_PUMP,prov_006_TOW_LIGHT,True,False,66.25094408568793,False,
GreedyNearest,inc_00787,787,ALTERNATOR_ISSUE,BELT_BROKEN,prov_012_TOW_HEAVY,True,False,64.26449434415555,False,
GreedyNearest,inc_00788,788,BATTERY_JUMP,FUEL_PUMP,prov_006_TOW_LIGHT,True,False,16.514265710139867,False,
GreedyNearest,inc_00789,789,RADIATOR_FAN_ISSUE,COOLANT_LOW,prov_002_MOBILE_MECHANIC,True,False,50.05707986943259,False,
GreedyNearest,inc_00790,790,BATTERY_REPLACE,BATTERY_JUMP,prov_005_TOW_LIGHT,True,False,33.85474598259733,False,
GreedyNearest,inc_00791,791,COOLANT_LOW,COOLANT_LOW,prov_012_TOW_HEAVY,True,True,15.539050687999115,False,
GreedyNearest,inc_00792,792,BATTERY_REPLACE,BATTERY_JUMP,prov_010_TOW_LIGHT,True,False,31.389094089243653,False,
GreedyNearest,inc_00793,793,BATTERY_JUMP,FUEL_PUMP,prov_005_TOW_LIGHT,True,False,17.93611140245456,False,
GreedyNearest,inc_00794,794,RADIATOR_HOSE_LEAK,RADIATOR_HOSE_LEAK,prov_009_TOW_LIGHT,True,True,33.99715854533732,False,
GreedyNearest,inc_00795,795,BATTERY_JUMP,FUEL_PUMP,prov_002_MOBILE_MECHANIC,True,False,18.971785675885354,False,
GreedyNearest,inc_00796,796,FUEL_FILTER_CLOGGED,FUEL_FILTER_CLOGGED,prov_017_MOBILE_MECHANIC,True,True,27.297307388240363,False,
GreedyNearest,inc_00797,797,RADIATOR_FAN_ISSUE,FUEL_FILTER_CLOGGED,prov_010_TOW_LIGHT,True,False,48.040856625049905,False,
GreedyNearest,inc_00798,798,ALTERNATOR_ISSUE,BELT_BROKEN,prov_014_MOBILE_MECHANIC,True,False,64.80952562330371,False,
GreedyNearest,inc_00799,799,BRAKE_PAD_WORN,BRAKE_PAD_WORN,prov_002_MOBILE_MECHANIC,True,True,65.68116983196134,False,
GreedyNearest,inc_00800,800,TRANSMISSION_ISSUE,TRANSMISSION_ISSUE,prov_008_FUEL_DELIVERY,False,True,228.92775122667058,True,
GreedyNearest,inc_00801,801,TRANSMISSION_ISSUE,TRANSMISSION_ISSUE,prov_012_TOW_HEAVY,True,True,184.91174654116404,False,
GreedyNearest,inc_00802,802,BATTERY_JUMP,FUEL_PUMP,prov_008_FUEL_DELIVERY,False,False,67.47783707259896,True,
GreedyNearest,inc_00803,803,ALTERNATOR_ISSUE,BELT_BROKEN,prov_019_LOCKSMITH,False,False,109.89503488920421,True,
GreedyNearest,inc_00804,804,BATTERY_REPLACE,BATTERY_REPLACE,prov_006_TOW_LIGHT,True,True,32.727245961390615,False,
GreedyNearest,inc_00805,805,CLUTCH_WORN,TRANSMISSION_ISSUE,prov_017_MOBILE_MECHANIC,False,False,198.84784971300982,True,
GreedyNearest,inc_00806,806,RADIATOR_HOSE_LEAK,COOLANT_LOW,prov_009_TOW_LIGHT,True,False,34.06029374866645,False,
GreedyNearest,inc_00807,807,FUEL_FILTER_CLOGGED,FUEL_FILTER_CLOGGED,prov_004_FUEL_DELIVERY,False,True,74.77428394289842,True,
GreedyNearest,inc_00808,808,BRAKE_PAD_WORN,BRAKE_PAD_WORN,prov_016_MOBILE_MECHANIC,True,True,66.24905931754567,False,
GreedyNearest,inc_00809,809,BATTERY_JUMP,FUEL_PUMP,prov_019_LOCKSMITH,False,False,62.02085940347422,True,
GreedyNearest,inc_00810,810,FUEL_FILTER_CLOGGED,IGNITION_SYSTEM,prov_004_FUEL_DELIVERY,False,False,73.01085018427919,True,
GreedyNearest,inc_00811,811,IGNITION_SYSTEM,FUEL_PUMP,prov_013_MOBILE_MECHANIC,True,False,63.60885228994328,False,
GreedyNearest,inc_00812,812,CLUTCH_WORN,TRANSMISSION_ISSUE,prov_013_MOBILE_MECHANIC,False,False,198.58468763869922,True,
GreedyNearest,inc_00813,813,ALTERNATOR_ISSUE,BELT_BROKEN,prov_017_MOBILE_MECHANIC,True,False,62.97251013276583,False,
GreedyNearest,inc_00814,814,BATTERY_JUMP,FUEL_PUMP,prov_019_LOCKSMITH,False,False,64.70407598805942,True,
GreedyNearest,inc_00815,815,ALTERNATOR_ISSUE,BELT_BROKEN,prov_015_TOW_HEAVY,True,False,65.1884957757229,False,
GreedyNearest,inc_00816,816,BATTERY_REPLACE,STARTER_MOTOR,prov_014_MOBILE_MECHANIC,True,False,31.389601080397558,False,
GreedyNearest,inc_00817,817,BATTERY_JUMP,FUEL_PUMP,prov_004_FUEL_DELIVERY,False,False,63.54048349374301,True,
GreedyNearest,inc_00818,818,COOLANT_LOW,RADIATOR_FAN_ISSUE,prov_010_TOW_LIGHT,True,False,15.785587604571395,False,
GreedyNearest,inc_00819,819,ALTERNATOR_ISSUE,BELT_BROKEN,prov_010_TOW_LIGHT,True,False,61.54630736987997,False,
GreedyNearest,inc_00820,820,BATTERY_JUMP,FUEL_PUMP,prov_002_MOBILE_MECHANIC,True,False,18.51028201756652,False,
GreedyNearest,inc_00821,821,IGNITION_SYSTEM,FUEL_PUMP,prov_016_MOBILE_MECHANIC,True,False,61.337965347909396,False,
GreedyNearest,inc_00822,822,COOLANT_LOW,RADIATOR_FAN_ISSUE,prov_006_TOW_LIGHT,True,False,14.254469845750593,False,
GreedyNearest,inc_00823,823,IGNITION_SYSTEM,BATTERY_JUMP,prov_016_MOBILE_MECHANIC,True,False,62.73092503999421,False,
GreedyNearest,inc_00824,824,RADIATOR_FAN_ISSUE,COOLANT_LOW,prov_008_FUEL_DELIVERY,False,False,94.331166045429,True,
GreedyNearest,inc_00825,825,BRAKE_FAILURE,BRAKE_PAD_WORN,prov_012_TOW_HEAVY,True,False,97.3745718138524,False,
GreedyNearest,inc_00826,826,COOLANT_LOW,RADIATOR_FAN_ISSUE,prov_019_LOCKSMITH,False,False,56.950747915782614,True,
GreedyNearest,inc_00827,827,BELT_BROKEN,BELT_BROKEN,prov_017_MOBILE_MECHANIC,True,True,32.62984732361588,False,
GreedyNearest,inc_00828,828,TRANSMISSION_ISSUE,TRANSMISSION_ISSUE,prov_008_FUEL_DELIVERY,False,True,227.84587801247005,True,
GreedyNearest,inc_00829,829,RADIATOR_HOSE_LEAK,RADIATOR_HOSE_LEAK,prov_003_TOW_LIGHT,True,True,32.74010423215852,False,
GreedyNearest,inc_00830,830,BATTERY_REPLACE,BATTERY_REPLACE,prov_007_MOBILE_MECHANIC,True,True,31.9428229858094,False,
GreedyNearest,inc_00831,831,BRAKE_FAILURE,BRAKE_PAD_WORN,prov_010_TOW_LIGHT,True,False,93.40852940865878,False,
GreedyNearest,inc_00832,832,BELT_BROKEN,BELT_BROKEN,prov_013_MOBILE_MECHANIC,True,True,31.507510262556572,False,
GreedyNearest,inc_00833,833,FUEL_FILTER_CLOGGED,FUEL_FILTER_CLOGGED,prov_008_FUEL_DELIVERY,False,True,75.11937133295837,True,
GreedyNearest,inc_00834,834,BATTERY_TERMINAL_CLEAN,STARTER_MOTOR,prov_005_TOW_LIGHT,True,False,15.57408525844015,False,
GreedyNearest,inc_00835,835,ENGINE_OVERHEAT_SEVERE,RADIATOR_HOSE_LEAK,prov_011_TOW_LIGHT,True,False,122.61043517433795,False,
GreedyNearest,inc_00836,836,CLUTCH_WORN,TRANSMISSION_ISSUE,prov_006_TOW_LIGHT,True,False,152.65633671785025,False,
GreedyNearest,inc_00837,837,RADIATOR_HOSE_LEAK,RADIATOR_HOSE_LEAK,prov_004_FUEL_DELIVERY,False,True,81.78354037103398,True,
GreedyNearest,inc_00838,838,COOLANT_LOW,RADIATOR_FAN_ISSUE,prov_010_TOW_LIGHT,True,False,12.401602549855719,False,
GreedyNearest,inc_00839,839,FUEL_FILTER_CLOGGED,FUEL_FILTER_CLOGGED,prov_004_FUEL_DELIVERY,False,True,73.47412617446678,True,
GreedyNearest,inc_00840,840,BATTERY_REPLACE,BATTERY_JUMP,prov_006_TOW_LIGHT,True,False,33.623721793738056,False,
GreedyNearest,inc_00841,841,FUEL_FILTER_CLOGGED,FUEL_FILTER_CLOGGED,prov_017_MOBILE_MECHANIC,True,True,31.21434524015607,False,
GreedyNearest,inc_00842,842,BRAKE_PAD_WORN,BRAKE_PAD_WORN,prov_002_MOBILE_MECHANIC,True,True,68.16847677675501,False,
GreedyNearest,inc_00843,843,BATTERY_REPLACE,BATTERY_TERMINAL_CLEAN,prov_016_MOBILE_MECHANIC,True,False,35.18264588568272,False,
GreedyNearest,inc_00844,844,IGNITION_SYSTEM,FUEL_PUMP,prov_018_TOW_LIGHT,True,False,61.47394618461152,False,
GreedyNearest,inc_00845,845,CLUTCH_WORN,TRANSMISSION_ISSUE,prov_003_TOW_LIGHT,True,False,154.84590153893603,False,
GreedyNearest,inc_00846,846,ELECTRICAL_FAULT_RAIN,BATTERY_JUMP,prov_005_TOW_LIGHT,True,False,93.30913476661425,False,
GreedyNearest,inc_00847,847,BATTERY_TERMINAL_CLEAN,BATTERY_TERMINAL_CLEAN,prov_016_MOBILE_MECHANIC,True,True,14.197506888843222,False,
GreedyNearest,inc_00848,848,ALTERNATOR_ISSUE,BELT_BROKEN,prov_002_MOBILE_MECHANIC,True,False,64.56651175314352,False,
GreedyNearest,inc_00849,849,ALTERNATOR_ISSUE,FUEL_FILTER_CLOGGED,prov_010_TOW_LIGHT,True,False,65.66903940883734,False,
GreedyNearest,inc_00850,850,ALTERNATOR_ISSUE,BELT_BROKEN,prov_009_TOW_LIGHT,True,False,61.842319447711375,False,
GreedyNearest,inc_00851,851,BELT_BROKEN,BELT_BROKEN,prov_015_TOW_HEAVY,True,True,31.203168600758765,False,
GreedyNearest,inc_00852,852,ALTERNATOR_ISSUE,BELT_BROKEN,prov_007_MOBILE_MECHANIC,True,False,62.129610277170535,False,
GreedyNearest,inc_00853,853,CLUTCH_WORN,TRANSMISSION_ISSUE,prov_001_TOW_HEAVY,True,False,153.10289708560876,False,
GreedyNearest,inc_00854,854,BRAKE_PAD_WORN,BRAKE_PAD_WORN,prov_011_TOW_LIGHT,True,True,62.89152491664379,False,
GreedyNearest,inc_00855,855,RADIATOR_HOSE_LEAK,COOLANT_LOW,prov_005_TOW_LIGHT,True,False,37.98202144732913,False,
GreedyNearest,inc_00856,856,BATTERY_TERMINAL_CLEAN,BATTERY_JUMP,prov_013_MOBILE_MECHANIC,True,False,13.003599363907462,False,
GreedyNearest,inc_00857,857,CLUTCH_WORN,TRANSMISSION_ISSUE,prov_013_MOBILE_MECHANIC,False,False,198.64435407002875,True,
GreedyNearest,inc_00858,858,CLUTCH_WORN,TRANSMISSION_ISSUE,prov_007_MOBILE_MECHANIC,False,False,198.15791196110717,True,
GreedyNearest,inc_00859,859,STARTER_MOTOR,FUEL_PUMP,prov_016_MOBILE_MECHANIC,True,False,63.92709006516114,False,
GreedyNearest,inc_00860,860,ALTERNATOR_ISSUE,BELT_BROKEN,prov_006_TOW_LIGHT,True,False,63.47893235383023,False,
GreedyNearest,inc_00861,861,RADIATOR_FAN_ISSUE,COOLANT_LOW,prov_003_TOW_LIGHT,True,False,45.84108242522334,False,
GreedyNearest,inc_00862,862,COOLANT_LOW,COOLANT_LOW,prov_002_MOBILE_MECHANIC,True,True,15.507906759628039,False,
GreedyNearest,inc_00863,863,BRAKE_PAD_WORN,BRAKE_PAD_WORN,prov_016_MOBILE_MECHANIC,True,True,65.88499261693889,False,
GreedyNearest,inc_00864,864,ELECTRICAL_FAULT_RAIN,BATTERY_JUMP,prov_019_LOCKSMITH,False,False,142.09847124313407,True,
GreedyNearest,inc_00865,865,BATTERY_JUMP,FUEL_PUMP,prov_016_MOBILE_MECHANIC,True,False,17.916081053304875,False,
GreedyNearest,inc_00866,866,FUEL_FILTER_CLOGGED,FUEL_FILTER_CLOGGED,prov_010_TOW_LIGHT,True,True,30.498897514774118,False,
GreedyNearest,inc_00867,867,COOLANT_LOW,RADIATOR_FAN_ISSUE,prov_002_MOBILE_MECHANIC,True,False,11.07253825541636,False,
GreedyNearest,inc_00868,868,BATTERY_JUMP,FUEL_PUMP,prov_005_TOW_LIGHT,True,False,20.234226112204237,False,
GreedyNearest,inc_00869,869,BRAKE_PAD_WORN,BRAKE_PAD_WORN,prov_015_TOW_HEAVY,True,True,62.19334152567713,False,
GreedyNearest,inc_00870,870,SEVERE_MECHANICAL_TOW,BELT_BROKEN,prov_007_MOBILE_MECHANIC,False,False,76.35827380793158,True,
GreedyNearest,inc_00871,871,ALTERNATOR_ISSUE,BELT_BROKEN,prov_002_MOBILE_MECHANIC,True,False,64.8003055520022,False,
GreedyNearest,inc_00872,872,BRAKE_PAD_WORN,BRAKE_PAD_WORN,prov_016_MOBILE_MECHANIC,True,True,64.0473223574218,False,
GreedyNearest,inc_00873,873,FUEL_PUMP,FUEL_PUMP,prov_016_MOBILE_MECHANIC,True,True,93.61567821443657,False,
GreedyNearest,inc_00874,874,BATTERY_REPLACE,BATTERY_JUMP,prov_010_TOW_LIGHT,True,False,34.54919977781417,False,
GreedyNearest,inc_00875,875,RADIATOR_HOSE_LEAK,RADIATOR_HOSE_LEAK,prov_016_MOBILE_MECHANIC,True,True,33.56883894924144,False,
GreedyNearest,inc_00876,876,BRAKE_PAD_WORN,BRAKE_PAD_WORN,prov_002_MOBILE_MECHANIC,True,True,64.24883055249343,False,
GreedyNearest,inc_00877,877,RADIATOR_HOSE_LEAK,RADIATOR_HOSE_LEAK,prov_010_TOW_LIGHT,True,True,32.29239151619353,False,
GreedyNearest,inc_00878,878,CLUTCH_WORN,TRANSMISSION_ISSUE,prov_012_TOW_HEAVY,True,False,150.46239758405878,False,
GreedyNearest,inc_00879,879,BRAKE_PAD_WORN,BRAKE_PAD_WORN,prov_009_TOW_LIGHT,True,True,62.110338191003535,False,
GreedyNearest,inc_00880,880,BATTERY_REPLACE,BATTERY_REPLACE,prov_002_MOBILE_MECHANIC,True,True,36.82994781362535,False,
GreedyNearest,inc_00881,881,STARTER_MOTOR,FUEL_PUMP,prov_011_TOW_LIGHT,True,False,60.85884268041163,False,
GreedyNearest,inc_00882,882,STARTER_MOTOR,FUEL_PUMP,prov_007_MOBILE_MECHANIC,True,False,63.49169892089398,False,
GreedyNearest,inc_00883,883,ENGINE_OVERHEAT_SEVERE,RADIATOR_HOSE_LEAK,prov_017_MOBILE_MECHANIC,False,False,167.92001709202822,True,
GreedyNearest,inc_00884,884,BATTERY_TERMINAL_CLEAN,BATTERY_JUMP,prov_005_TOW_LIGHT,True,False,15.257567288314952,False,
GreedyNearest,inc_00885,885,BRAKE_PAD_WORN,BRAKE_PAD_WORN,prov_015_TOW_HEAVY,True,True,61.62918515144693,False,
GreedyNearest,inc_00886,886,BATTERY_JUMP,FUEL_PUMP,prov_014_MOBILE_MECHANIC,True,False,21.691948234022707,False,
GreedyNearest,inc_00887,887,ALTERNATOR_ISSUE,BELT_BROKEN,prov_012_TOW_HEAVY,True,False,66.01032805981498,False,
GreedyNearest,inc_00888,888,SEVERE_MECHANICAL_TOW,BELT_BROKEN,prov_019_LOCKSMITH,False,False,78.25100566043253,True,
GreedyNearest,inc_00889,889,BELT_BROKEN,BELT_BROKEN,prov_006_TOW_LIGHT,True,True,34.09961814490769,False,
GreedyNearest,inc_00890,890,BELT_BROKEN,BELT_BROKEN,prov_017_MOBILE_MECHANIC,True,True,33.728636845809845,False,
GreedyNearest,inc_00891,891,ELECTRICAL_FAULT_RAIN,STARTER_MOTOR,prov_016_MOBILE_MECHANIC,True,False,96.70085202056298,False,
GreedyNearest,inc_00892,892,ALTERNATOR_ISSUE,FUEL_FILTER_CLOGGED,prov_010_TOW_LIGHT,True,False,62.59344375527282,False,
GreedyNearest,inc_00893,893,ALTERNATOR_ISSUE,BELT_BROKEN,prov_010_TOW_LIGHT,True,False,65.87280781927356,False,
GreedyNearest,inc_00894,894,BATTERY_TERMINAL_CLEAN,BATTERY_JUMP,prov_002_MOBILE_MECHANIC,True,False,14.508883481455888,False,
GreedyNearest,inc_00895,895,COOLANT_LOW,RADIATOR_FAN_ISSUE,prov_019_LOCKSMITH,False,False,56.43291838586293,True,
GreedyNearest,inc_00896,896,CLUTCH_WORN,TRANSMISSION_ISSUE,prov_004_FUEL_DELIVERY,False,False,198.10765454802154,True,
GreedyNearest,inc_00897,897,ALTERNATOR_ISSUE,BELT_BROKEN,prov_005_TOW_LIGHT,True,False,64.9588403922022,False,
GreedyNearest,inc_00898,898,RADIATOR_FAN_ISSUE,RADIATOR_FAN_ISSUE,prov_004_FUEL_DELIVERY,False,True,94.20786993507699,True,
GreedyNearest,inc_00899,899,FUEL_PUMP,FUEL_PUMP,prov_004_FUEL_DELIVERY,False,True,138.56004742437864,True,
GreedyNearest,inc_00900,900,BRAKE_PAD_WORN,BRAKE_PAD_WORN,prov_001_TOW_HEAVY,True,True,64.70387926049926,False,
GreedyNearest,inc_00901,901,IGNITION_SYSTEM,FUEL_PUMP,prov_010_TOW_LIGHT,True,False,62.6602538459011,False,
GreedyNearest,inc_00902,902,BRAKE_FAILURE,BRAKE_FAILURE,prov_009_TOW_LIGHT,True,True,92.89297508679293,False,
GreedyNearest,inc_00903,903,BRAKE_PAD_WORN,BRAKE_PAD_WORN,prov_010_TOW_LIGHT,True,True,62.51006786650338,False,
GreedyNearest,inc_00904,904,BRAKE_FAILURE,BRAKE_FAILURE,prov_012_TOW_HEAVY,True,True,97.7626850530408,False,
GreedyNearest,inc_00905,905,ELECTRICAL_FAULT_RAIN,BATTERY_JUMP,prov_008_FUEL_DELIVERY,False,False,137.49147464382597,True,
GreedyNearest,inc_00906,906,BATTERY_JUMP,FUEL_PUMP,prov_014_MOBILE_MECHANIC,True,False,20.442498158315168,False,
GreedyNearest,inc_00907,907,SEVERE_MECHANICAL_TOW,BELT_BROKEN,prov_016_MOBILE_MECHANIC,False,False,80.09083004337977,True,
GreedyNearest,inc_00908,908,BATTERY_JUMP,FUEL_PUMP,prov_016_MOBILE_MECHANIC,True,False,18.712598410608166,False,
GreedyNearest,inc_00909,909,COOLANT_LOW,RADIATOR_FAN_ISSUE,prov_001_TOW_HEAVY,True,False,13.333210813043625,False,
GreedyNearest,inc_00910,910,TRANSMISSION_ISSUE,TRANSMISSION_ISSUE,prov_008_FUEL_DELIVERY,False,True,227.46521023934804,True,
GreedyNearest,inc_00911,911,ENGINE_OVERHEAT_SEVERE,RADIATOR_HOSE_LEAK,prov_003_TOW_LIGHT,True,False,122.24640495625984,False,
GreedyNearest,inc_00912,912,TRANSMISSION_ISSUE,TRANSMISSION_ISSUE,prov_002_MOBILE_MECHANIC,False,True,231.63305486326888,True,
GreedyNearest,inc_00913,913,TRANSMISSION_ISSUE,TRANSMISSION_ISSUE,prov_019_LOCKSMITH,False,True,227.90425229700853,True,
GreedyNearest,inc_00914,914,BRAKE_PAD_WORN,BRAKE_PAD_WORN,prov_016_MOBILE_MECHANIC,True,True,60.31583916841686,False,
GreedyNearest,inc_00915,915,FUEL_FILTER_CLOGGED,FUEL_FILTER_CLOGGED,prov_015_TOW_HEAVY,True,True,32.434687447550175,False,
GreedyNearest,inc_00916,916,STARTER_MOTOR,FUEL_PUMP,prov_018_TOW_LIGHT,True,False,62.302483027915066,False,
GreedyNearest,inc_00917,917,BATTERY_JUMP,FUEL_PUMP,prov_002_MOBILE_MECHANIC,True,False,20.05481328437643,False,
GreedyNearest,inc_00918,918,BATTERY_JUMP,FUEL_PUMP,prov_005_TOW_LIGHT,True,False,19.47038044132473,False,
GreedyNearest,inc_00919,919,CLUTCH_WORN,TRANSMISSION_ISSUE,prov_008_FUEL_DELIVERY,False,False,198.20676355829596,True,
GreedyNearest,inc_00920,920,BATTERY_REPLACE,BATTERY_JUMP,prov_000_MOBILE_MECHANIC,True,False,32.35255925146447,False,
GreedyNearest,inc_00921,921,BATTERY_TERMINAL_CLEAN,STARTER_MOTOR,prov_009_TOW_LIGHT,True,False,11.192407415818947,False,
GreedyNearest,inc_00922,922,BATTERY_JUMP,FUEL_PUMP,prov_006_TOW_LIGHT,True,False,18.69691929494538,False,
GreedyNearest,inc_00923,923,BRAKE_PAD_WORN,BRAKE_PAD_WORN,prov_002_MOBILE_MECHANIC,True,True,62.71390826456575,False,
GreedyNearest,inc_00924,924,COOLANT_LOW,COOLANT_LOW,prov_002_MOBILE_MECHANIC,True,True,17.590729707300675,False,
GreedyNearest,inc_00925,925,FUEL_FILTER_CLOGGED,FUEL_FILTER_CLOGGED,prov_005_TOW_LIGHT,True,True,30.371358559384667,False,
GreedyNearest,inc_00926,926,BATTERY_JUMP,FUEL_PUMP,prov_015_TOW_HEAVY,True,False,16.5654971575582,False,
GreedyNearest,inc_00927,927,ELECTRICAL_FAULT_RAIN,BATTERY_JUMP,prov_004_FUEL_DELIVERY,False,False,137.76657800075128,True,
GreedyNearest,inc_00928,928,CLUTCH_WORN,TRANSMISSION_ISSUE,prov_016_MOBILE_MECHANIC,False,False,200.4389001718891,True,
GreedyNearest,inc_00929,929,BATTERY_JUMP,FUEL_PUMP,prov_004_FUEL_DELIVERY,False,False,64.45877008294707,True,
GreedyNearest,inc_00930,930,ALTERNATOR_ISSUE,BELT_BROKEN,prov_019_LOCKSMITH,False,False,106.95818698638243,True,
GreedyNearest,inc_00931,931,RADIATOR_FAN_ISSUE,COOLANT_LOW,prov_018_TOW_LIGHT,True,False,45.38674396456458,False,
GreedyNearest,inc_00932,932,CLUTCH_WORN,TRANSMISSION_ISSUE,prov_006_TOW_LIGHT,True,False,153.7004084561901,False,
GreedyNearest,inc_00933,933,BATTERY_JUMP,FUEL_PUMP,prov_008_FUEL_DELIVERY,False,False,66.17350616709997,True,
GreedyNearest,inc_00934,934,BATTERY_REPLACE,BATTERY_JUMP,prov_012_TOW_HEAVY,True,False,31.796412706267333,False,
GreedyNearest,inc_00935,935,TRANSMISSION_ISSUE,TRANSMISSION_ISSUE,prov_017_MOBILE_MECHANIC,False,True,229.63206574466287,True,
GreedyNearest,inc_00936,936,COOLANT_LOW,RADIATOR_FAN_ISSUE,prov_017_MOBILE_MECHANIC,True,False,17.218823990868103,False,
GreedyNearest,inc_00937,937,BATTERY_REPLACE,BATTERY_REPLACE,prov_009_TOW_LIGHT,True,True,31.459123321963045,False,
GreedyNearest,inc_00938,938,COOLANT_LOW,RADIATOR_FAN_ISSUE,prov_006_TOW_LIGHT,True,False,12.379961596057505,False,
GreedyNearest,inc_00939,939,SEVERE_MECHANICAL_TOW,BELT_BROKEN,prov_009_TOW_LIGHT,False,False,77.03567351917226,True,
GreedyNearest,inc_00940,940,IGNITION_SYSTEM,FUEL_PUMP,prov_009_TOW_LIGHT,True,False,62.27798819117666,False,
GreedyNearest,inc_00941,941,BATTERY_JUMP,FUEL_PUMP,prov_004_FUEL_DELIVERY,False,False,63.859967891399684,True,
GreedyNearest,inc_00942,942,BATTERY_REPLACE,BATTERY_JUMP,prov_002_MOBILE_MECHANIC,True,False,35.09652497078434,False,
GreedyNearest,inc_00943,943,ELECTRICAL_FAULT_RAIN,BATTERY_JUMP,prov_012_TOW_HEAVY,True,False,96.54283864394826,False,
GreedyNearest,inc_00944,944,BATTERY_REPLACE,BATTERY_REPLACE,prov_007_MOBILE_MECHANIC,True,True,33.0660846386797,False,
GreedyNearest,inc_00945,945,CLUTCH_WORN,TRANSMISSION_ISSUE,prov_004_FUEL_DELIVERY,False,False,200.8440685969472,True,
GreedyNearest,inc_00946,946,TRANSMISSION_ISSUE,TRANSMISSION_ISSUE,prov_019_LOCKSMITH,False,True,228.57234443370172,True,
GreedyNearest,inc_00947,947,ALTERNATOR_ISSUE,BELT_BROKEN,prov_008_FUEL_DELIVERY,False,False,112.81326667548447,True,
GreedyNearest,inc_00948,948,TRANSMISSION_ISSUE,TRANSMISSION_ISSUE,prov_007_MOBILE_MECHANIC,False,True,228.82205723691774,True,
GreedyNearest,inc_00949,949,STARTER_MOTOR,FUEL_PUMP,prov_017_MOBILE_MECHANIC,True,False,64.50130943389532,False,
GreedyNearest,inc_00950,950,STARTER_MOTOR,FUEL_PUMP,prov_010_TOW_LIGHT,True,False,65.00273708155655,False,
GreedyNearest,inc_00951,951,TRANSMISSION_ISSUE,TRANSMISSION_ISSUE,prov_016_MOBILE_MECHANIC,False,True,228.16378644964016,True,
GreedyNearest,inc_00952,952,TRANSMISSION_ISSUE,TRANSMISSION_ISSUE,prov_015_TOW_HEAVY,True,True,186.2686097150082,False,
GreedyNearest,inc_00953,953,BATTERY_REPLACE,BATTERY_REPLACE,prov_011_TOW_LIGHT,True,True,32.48761208561771,False,
GreedyNearest,inc_00954,954,BRAKE_PAD_WORN,BRAKE_PAD_WORN,prov_002_MOBILE_MECHANIC,True,True,66.05622890880295,False,
GreedyNearest,inc_00955,955,BRAKE_PAD_WORN,BRAKE_PAD_WORN,prov_005_TOW_LIGHT,True,True,63.70573353713583,False,
GreedyNearest,inc_00956,956,RADIATOR_HOSE_LEAK,RADIATOR_HOSE_LEAK,prov_003_TOW_LIGHT,True,True,33.24844083507425,False,
GreedyNearest,inc_00957,957,BRAKE_FAILURE,BRAKE_FAILURE,prov_014_MOBILE_MECHANIC,False,True,141.8426070346053,True,
GreedyNearest,inc_00958,958,RADIATOR_FAN_ISSUE,COOLANT_LOW,prov_014_MOBILE_MECHANIC,True,False,50.143856840458874,False,
GreedyNearest,inc_00959,959,COOLANT_LOW,RADIATOR_FAN_ISSUE,prov_016_MOBILE_MECHANIC,True,False,16.622134012223178,False,
GreedyNearest,inc_00960,960,BELT_BROKEN,BELT_BROKEN,prov_000_MOBILE_MECHANIC,True,True,33.53953210265646,False,
GreedyNearest,inc_00961,961,ENGINE_OVERHEAT_SEVERE,RADIATOR_HOSE_LEAK,prov_014_MOBILE_MECHANIC,False,False,172.13211296227382,True,
GreedyNearest,inc_00962,962,RADIATOR_HOSE_LEAK,RADIATOR_HOSE_LEAK,prov_003_TOW_LIGHT,True,True,35.01403559928607,False,
GreedyNearest,inc_00963,963,ALTERNATOR_ISSUE,BELT_BROKEN,prov_002_MOBILE_MECHANIC,True,False,65.04719929873913,False,
GreedyNearest,inc_00964,964,ELECTRICAL_FAULT_RAIN,BATTERY_JUMP,prov_008_FUEL_DELIVERY,False,False,136.95652394704302,True,
GreedyNearest,inc_00965,965,STARTER_MOTOR,FUEL_PUMP,prov_002_MOBILE_MECHANIC,True,False,67.37268034073709,False,
GreedyNearest,inc_00966,966,CLUTCH_WORN,TRANSMISSION_ISSUE,prov_002_MOBILE_MECHANIC,False,False,195.45001678216883,True,
GreedyNearest,inc_00967,967,SEVERE_MECHANICAL_TOW,BELT_BROKEN,prov_019_LOCKSMITH,False,False,78.52779994761448,True,
GreedyNearest,inc_00968,968,COOLANT_LOW,RADIATOR_FAN_ISSUE,prov_019_LOCKSMITH,False,False,57.77864999906596,True,
GreedyNearest,inc_00969,969,BATTERY_JUMP,FUEL_PUMP,prov_014_MOBILE_MECHANIC,True,False,18.15788096811752,False,
GreedyNearest,inc_00970,970,FUEL_FILTER_CLOGGED,IGNITION_SYSTEM,prov_008_FUEL_DELIVERY,False,False,71.95079024325952,True,
GreedyNearest,inc_00971,971,BATTERY_REPLACE,BATTERY_JUMP,prov_003_TOW_LIGHT,True,False,33.85522191944505,False,
GreedyNearest,inc_00972,972,FUEL_PUMP,STARTER_MOTOR,prov_004_FUEL_DELIVERY,False,False,135.6660360289261,True,
GreedyNearest,inc_00973,973,BATTERY_JUMP,FUEL_PUMP,prov_012_TOW_HEAVY,True,False,15.908862787561615,False,
GreedyNearest,inc_00974,974,BELT_BROKEN,BELT_BROKEN,prov_019_LOCKSMITH,False,True,82.07728578513215,True,
GreedyNearest,inc_00975,975,FUEL_PUMP,FUEL_PUMP,prov_002_MOBILE_MECHANIC,True,True,96.41184079709767,False,
GreedyNearest,inc_00976,976,STARTER_MOTOR,FUEL_PUMP,prov_005_TOW_LIGHT,True,False,64.69380313945989,False,
GreedyNearest,inc_00977,977,IGNITION_SYSTEM,BATTERY_JUMP,prov_007_MOBILE_MECHANIC,True,False,62.4199691607323,False,
GreedyNearest,inc_00978,978,COOLANT_LOW,FUEL_FILTER_CLOGGED,prov_019_LOCKSMITH,False,False,62.58519149258424,True,
GreedyNearest,inc_00979,979,BRAKE_PAD_WORN,BRAKE_PAD_WORN,prov_019_LOCKSMITH,False,True,110.89447398336345,True,
GreedyNearest,inc_00980,980,BRAKE_PAD_WORN,BRAKE_PAD_WORN,prov_004_FUEL_DELIVERY,False,True,106.05163696207208,True,
GreedyNearest,inc_00981,981,FUEL_FILTER_CLOGGED,IGNITION_SYSTEM,prov_013_MOBILE_MECHANIC,True,False,28.12535688196296,False,
GreedyNearest,inc_00982,982,RADIATOR_FAN_ISSUE,RADIATOR_FAN_ISSUE,prov_002_MOBILE_MECHANIC,True,True,47.81879241202589,False,
GreedyNearest,inc_00983,983,IGNITION_SYSTEM,FUEL_PUMP,prov_014_MOBILE_MECHANIC,True,False,67.31361698817857,False,
GreedyNearest,inc_00984,984,BATTERY_REPLACE,BATTERY_JUMP,prov_002_MOBILE_MECHANIC,True,False,34.002898912206874,False,
GreedyNearest,inc_00985,985,BRAKE_PAD_WORN,BRAKE_PAD_WORN,prov_019_LOCKSMITH,False,True,107.24773346792006,True,
GreedyNearest,inc_00986,986,ELECTRICAL_FAULT_RAIN,BATTERY_REPLACE,prov_010_TOW_LIGHT,True,False,95.06303861755983,False,
GreedyNearest,inc_00987,987,STARTER_MOTOR,FUEL_PUMP,prov_017_MOBILE_MECHANIC,True,False,64.09457048453557,False,
GreedyNearest,inc_00988,988,BRAKE_PAD_WORN,BRAKE_PAD_WORN,prov_016_MOBILE_MECHANIC,True,True,63.15803901149106,False,
GreedyNearest,inc_00989,989,BATTERY_REPLACE,BATTERY_REPLACE,prov_011_TOW_LIGHT,True,True,33.536269357643164,False,
GreedyNearest,inc_00990,990,BATTERY_REPLACE,BATTERY_JUMP,prov_002_MOBILE_MECHANIC,True,False,35.70250997384568,False,
GreedyNearest,inc_00991,991,TRANSMISSION_ISSUE,TRANSMISSION_ISSUE,prov_008_FUEL_DELIVERY,False,True,226.01111668121305,True,
GreedyNearest,inc_00992,992,ELECTRICAL_FAULT_RAIN,BATTERY_JUMP,prov_005_TOW_LIGHT,True,False,94.67217176072886,False,
GreedyNearest,inc_00993,993,BELT_BROKEN,BELT_BROKEN,prov_002_MOBILE_MECHANIC,True,True,35.790953131420565,False,
GreedyNearest,inc_00994,994,BATTERY_REPLACE,BATTERY_JUMP,prov_010_TOW_LIGHT,True,False,33.46332954870267,False,
GreedyNearest,inc_00995,995,BATTERY_TERMINAL_CLEAN,BATTERY_REPLACE,prov_010_TOW_LIGHT,True,False,13.141628163558046,False,
GreedyNearest,inc_00996,996,FUEL_FILTER_CLOGGED,FUEL_FILTER_CLOGGED,prov_005_TOW_LIGHT,True,True,29.124902823163456,False,
GreedyNearest,inc_00997,997,SEVERE_MECHANICAL_TOW,BELT_BROKEN,prov_016_MOBILE_MECHANIC,False,False,79.50812196880653,True,
GreedyNearest,inc_00998,998,ELECTRICAL_FAULT_RAIN,BATTERY_JUMP,prov_015_TOW_HEAVY,True,False,92.62753321468452,False,
GreedyNearest,inc_00999,999,TRANSMISSION_ISSUE,TRANSMISSION_ISSUE,prov_016_MOBILE_MECHANIC,False,True,226.31916924950747,True,
TypeMatched,inc_00000,0,BATTERY_JUMP,BRAKE_PAD_WORN,prov_003_TOW_LIGHT,True,False,20.141872649869573,False,
TypeMatched,inc_00001,1,FUEL_PUMP,BRAKE_PAD_WORN,prov_013_MOBILE_MECHANIC,True,False,94.29290694321067,False,
TypeMatched,inc_00002,2,BELT_BROKEN,BELT_BROKEN,prov_016_MOBILE_MECHANIC,True,True,34.96887355038789,False,
TypeMatched,inc_00003,3,BATTERY_JUMP,BRAKE_PAD_WORN,prov_002_MOBILE_MECHANIC,True,False,22.877352736057098,False,
TypeMatched,inc_00004,4,TRANSMISSION_ISSUE,TRANSMISSION_ISSUE,prov_006_TOW_LIGHT,True,True,190.78326601430393,False,
TypeMatched,inc_00005,5,FUEL_FILTER_CLOGGED,BRAKE_PAD_WORN,prov_009_TOW_LIGHT,True,False,30.189386522194496,False,
TypeMatched,inc_00006,6,BATTERY_JUMP,FUEL_PUMP,prov_013_MOBILE_MECHANIC,True,False,18.017336411400287,False,
TypeMatched,inc_00007,7,BATTERY_JUMP,FUEL_PUMP,prov_014_MOBILE_MECHANIC,True,False,19.91292657981052,False,
TypeMatched,inc_00008,8,ALTERNATOR_ISSUE,BRAKE_PAD_WORN,prov_002_MOBILE_MECHANIC,True,False,67.25908758272723,False,
TypeMatched,inc_00009,9,SEVERE_MECHANICAL_TOW,BELT_BROKEN,prov_009_TOW_LIGHT,False,False,79.28266835845257,True,
TypeMatched,inc_00010,10,IGNITION_SYSTEM,FUEL_PUMP,prov_010_TOW_LIGHT,True,False,66.2729905501791,False,
TypeMatched,inc_00011,11,IGNITION_SYSTEM,BRAKE_PAD_WORN,prov_015_TOW_HEAVY,True,False,67.68231398077211,False,
TypeMatched,inc_00012,12,BATTERY_JUMP,FUEL_PUMP,prov_017_MOBILE_MECHANIC,True,False,17.15807709480557,False,
TypeMatched,inc_00013,13,RADIATOR_FAN_ISSUE,RADIATOR_FAN_ISSUE,prov_017_MOBILE_MECHANIC,True,True,45.27540933957896,False,
TypeMatched,inc_00014,14,FUEL_FILTER_CLOGGED,BRAKE_PAD_WORN,prov_010_TOW_LIGHT,True,False,28.1143207542654,False,
TypeMatched,inc_00015,15,BATTERY_JUMP,FUEL_PUMP,prov_016_MOBILE_MECHANIC,True,False,19.294383268340628,False,
TypeMatched,inc_00016,16,BRAKE_PAD_WORN,BRAKE_PAD_WORN,prov_000_MOBILE_MECHANIC,True,True,66.99971483579644,False,
TypeMatched,inc_00017,17,CLUTCH_WORN,BRAKE_PAD_WORN,prov_002_MOBILE_MECHANIC,False,False,200.50565702043937,True,
TypeMatched,inc_00018,18,STARTER_MOTOR,FUEL_PUMP,prov_007_MOBILE_MECHANIC,True,False,64.7348040715624,False,
TypeMatched,inc_00019,19,BATTERY_REPLACE,STARTER_MOTOR,prov_003_TOW_LIGHT,True,False,35.14120473356557,False,
TypeMatched,inc_00020,20,IGNITION_SYSTEM,BRAKE_PAD_WORN,prov_012_TOW_HEAVY,True,False,66.24854034964417,False,
TypeMatched,inc_00021,21,ENGINE_OVERHEAT_SEVERE,FUEL_FILTER_CLOGGED,prov_012_TOW_HEAVY,True,False,125.96837273372402,False,
TypeMatched,inc_00022,22,FUEL_FILTER_CLOGGED,IGNITION_SYSTEM,prov_016_MOBILE_MECHANIC,True,False,26.37660822832666,False,
TypeMatched,inc_00023,23,TRANSMISSION_ISSUE,TRANSMISSION_ISSUE,prov_005_TOW_LIGHT,True,True,188.00725253629562,False,
TypeMatched,inc_00024,24,SEVERE_MECHANICAL_TOW,BELT_BROKEN,prov_014_MOBILE_MECHANIC,False,False,82.65432958580315,True,
TypeMatched,inc_00025,25,CLUTCH_WORN,TRANSMISSION_ISSUE,prov_015_TOW_HEAVY,True,False,158.266653271616,False,
TypeMatched,inc_00026,26,ALTERNATOR_ISSUE,ALTERNATOR_ISSUE,prov_017_MOBILE_MECHANIC,True,True,66.77793156206647,False,
TypeMatched,inc_00027,27,ALTERNATOR_ISSUE,BELT_BROKEN,prov_016_MOBILE_MECHANIC,True,False,62.75194653564423,False,
TypeMatched,inc_00028,28,BELT_BROKEN,BELT_BROKEN,prov_009_TOW_LIGHT,True,True,31.56182373041491,False,
TypeMatched,inc_00029,29,BATTERY_TERMINAL_CLEAN,BATTERY_REPLACE,prov_012_TOW_HEAVY,True,False,15.99906039069246,False,
TypeMatched,inc_00030,30,BRAKE_PAD_WORN,BRAKE_PAD_WORN,prov_012_TOW_HEAVY,True,True,67.2596253639347,False,
TypeMatched,inc_00031,31,BRAKE_PAD_WORN,BRAKE_PAD_WORN,prov_001_TOW_HEAVY,True,True,66.05333777001881,False,
TypeMatched,inc_00032,32,BATTERY_REPLACE,BATTERY_JUMP,prov_003_TOW_LIGHT,True,False,31.987679694105058,False,
TypeMatched,inc_00033,33,BATTERY_REPLACE,STARTER_MOTOR,prov_016_MOBILE_MECHANIC,True,False,35.30382551644807,False,
TypeMatched,inc_00034,34,RADIATOR_HOSE_LEAK,RADIATOR_HOSE_LEAK,prov_001_TOW_HEAVY,True,True,34.5636464716888,False,
TypeMatched,inc_00035,35,CLUTCH_WORN,TRANSMISSION_ISSUE,prov_018_TOW_LIGHT,True,False,159.67807324302626,False,
TypeMatched,inc_00036,36,ALTERNATOR_ISSUE,BRAKE_PAD_WORN,prov_010_TOW_LIGHT,True,False,61.42405526136701,False,
TypeMatched,inc_00037,37,CLUTCH_WORN,TRANSMISSION_ISSUE,prov_010_TOW_LIGHT,True,False,153.3554146732129,False,
TypeMatched,inc_00038,38,ENGINE_OVERHEAT_SEVERE,RADIATOR_HOSE_LEAK,prov_013_MOBILE_MECHANIC,False,False,168.2636175498396,True,
TypeMatched,inc_00039,39,IGNITION_SYSTEM,BRAKE_PAD_WORN,prov_014_MOBILE_MECHANIC,True,False,63.287567026551955,False,
TypeMatched,inc_00040,40,BRAKE_PAD_WORN,BRAKE_PAD_WORN,prov_017_MOBILE_MECHANIC,True,True,66.17354361687026,False,
TypeMatched,inc_00041,41,BATTERY_REPLACE,BATTERY_JUMP,prov_009_TOW_LIGHT,True,False,31.61482862691777,False,
TypeMatched,inc_00042,42,BATTERY_REPLACE,BATTERY_REPLACE,prov_015_TOW_HEAVY,True,True,33.22360215414999,False,
TypeMatched,inc_00043,43,STARTER_MOTOR,BRAKE_PAD_WORN,prov_010_TOW_LIGHT,True,False,62.76141796481369,False,
TypeMatched,inc_00044,44,BRAKE_FAILURE,BRAKE_FAILURE,prov_011_TOW_LIGHT,True,True,95.60471409827527,False,
TypeMatched,inc_00045,45,ALTERNATOR_ISSUE,ALTERNATOR_ISSUE,prov_017_MOBILE_MECHANIC,True,True,65.66180164101,False,
TypeMatched,inc_00046,46,ENGINE_OVERHEAT_SEVERE,RADIATOR_HOSE_LEAK,prov_002_MOBILE_MECHANIC,False,False,172.49840942823,True,
TypeMatched,inc_00047,47,BELT_BROKEN,BRAKE_PAD_WORN,prov_012_TOW_HEAVY,True,False,36.8752085554252,False,
TypeMatched,inc_00048,48,FUEL_PUMP,BRAKE_PAD_WORN,prov_000_MOBILE_MECHANIC,True,False,90.4700873032216,False,
TypeMatched,inc_00049,49,ENGINE_OVERHEAT_SEVERE,RADIATOR_HOSE_LEAK,prov_002_MOBILE_MECHANIC,False,False,173.00371842610443,True,
TypeMatched,inc_00050,50,BATTERY_JUMP,FUEL_PUMP,prov_005_TOW_LIGHT,True,False,19.90216296204281,False,
TypeMatched,inc_00051,51,TRANSMISSION_ISSUE,BRAKE_PAD_WORN,prov_016_MOBILE_MECHANIC,False,False,229.46728888309045,True,
TypeMatched,inc_00052,52,BATTERY_REPLACE,STARTER_MOTOR,prov_005_TOW_LIGHT,True,False,33.83275622144135,False,
TypeMatched,inc_00053,53,BRAKE_FAILURE,BRAKE_FAILURE,prov_006_TOW_LIGHT,True,True,95.96251776641463,False,
TypeMatched,inc_00054,54,RADIATOR_FAN_ISSUE,BRAKE_PAD_WORN,prov_005_TOW_LIGHT,True,False,48.22242589631124,False,
TypeMatched,inc_00055,55,BELT_BROKEN,BELT_BROKEN,prov_016_MOBILE_MECHANIC,True,True,37.7771592419655,False,
TypeMatched,inc_00056,56,RADIATOR_FAN_ISSUE,BRAKE_PAD_WORN,prov_002_MOBILE_MECHANIC,True,False,53.51195174458219,False,
TypeMatched,inc_00057,57,FUEL_PUMP,STARTER_MOTOR,prov_000_MOBILE_MECHANIC,True,False,90.60171283709542,False,
TypeMatched,inc_00058,58,FUEL_PUMP,FUEL_PUMP,prov_001_TOW_HEAVY,True,True,94.80774421670552,False,
TypeMatched,inc_00059,59,BRAKE_FAILURE,BRAKE_FAILURE,prov_012_TOW_HEAVY,True,True,97.82382071963508,False,
TypeMatched,inc_00060,60,TRANSMISSION_ISSUE,TRANSMISSION_ISSUE,prov_005_TOW_LIGHT,True,True,181.3621412705166,False,
TypeMatched,inc_00061,61,ALTERNATOR_ISSUE,FUEL_FILTER_CLOGGED,prov_006_TOW_LIGHT,True,False,62.43495538596618,False,
TypeMatched,inc_00062,62,BATTERY_REPLACE,BATTERY_REPLACE,prov_001_TOW_HEAVY,True,True,31.925156276962408,False,
TypeMatched,inc_00063,63,BRAKE_FAILURE,BRAKE_FAILURE,prov_005_TOW_LIGHT,True,True,94.6415805588154,False,
TypeMatched,inc_00064,64,ENGINE_OVERHEAT_SEVERE,RADIATOR_HOSE_LEAK,prov_001_TOW_HEAVY,True,False,123.89279799110903,False,
TypeMatched,inc_00065,65,FUEL_PUMP,FUEL_PUMP,prov_000_MOBILE_MECHANIC,True,True,91.19060412154096,False,
TypeMatched,inc_00066,66,ALTERNATOR_ISSUE,BELT_BROKEN,prov_011_TOW_LIGHT,True,False,60.850449270042034,False,
TypeMatched,inc_00067,67,FUEL_PUMP,FUEL_PUMP,prov_005_TOW_LIGHT,True,True,93.15114384119103,False,
TypeMatched,inc_00068,68,RADIATOR_HOSE_LEAK,FUEL_FILTER_CLOGGED,prov_014_MOBILE_MECHANIC,True,False,39.67543420430651,False,
TypeMatched,inc_00069,69,BATTERY_JUMP,FUEL_PUMP,prov_010_TOW_LIGHT,True,False,20.750589224947362,False,
TypeMatched,inc_00070,70,FUEL_PUMP,FUEL_PUMP,prov_005_TOW_LIGHT,True,True,95.59244158467486,False,
TypeMatched,inc_00071,71,IGNITION_SYSTEM,BRAKE_PAD_WORN,prov_012_TOW_HEAVY,True,False,67.94433853250806,False,
TypeMatched,inc_00072,72,COOLANT_LOW,RADIATOR_FAN_ISSUE,prov_002_MOBILE_MECHANIC,True,False,18.000706016861315,False,
TypeMatched,inc_00073,73,BATTERY_REPLACE,STARTER_MOTOR,prov_006_TOW_LIGHT,True,False,32.54163271593139,False,
TypeMatched,inc_00074,74,ENGINE_OVERHEAT_SEVERE,RADIATOR_HOSE_LEAK,prov_016_MOBILE_MECHANIC,False,False,166.1615680690095,True,
TypeMatched,inc_00075,75,SEVERE_MECHANICAL_TOW,BELT_BROKEN,prov_012_TOW_HEAVY,True,False,36.27287087458421,False,
TypeMatched,inc_00076,76,ENGINE_OVERHEAT_SEVERE,BRAKE_PAD_WORN,prov_016_MOBILE_MECHANIC,False,False,168.62505241204963,True,
TypeMatched,inc_00077,77,SEVERE_MECHANICAL_TOW,BELT_BROKEN,prov_017_MOBILE_MECHANIC,False,False,78.29382193730616,True,
TypeMatched,inc_00078,78,BRAKE_PAD_WORN,BRAKE_PAD_WORN,prov_015_TOW_HEAVY,True,True,63.817390865186994,False,
TypeMatched,inc_00079,79,COOLANT_LOW,FUEL_FILTER_CLOGGED,prov_014_MOBILE_MECHANIC,True,False,10.748433143919895,False,
TypeMatched,inc_00080,80,BATTERY_JUMP,FUEL_PUMP,prov_015_TOW_HEAVY,True,False,15.941691148324637,False,
TypeMatched,inc_00081,81,RADIATOR_FAN_ISSUE,BRAKE_PAD_WORN,prov_002_MOBILE_MECHANIC,True,False,51.53761827378814,False,
TypeMatched,inc_00082,82,BRAKE_PAD_WORN,BRAKE_PAD_WORN,prov_014_MOBILE_MECHANIC,True,True,63.48993524061195,False,
TypeMatched,inc_00083,83,BRAKE_PAD_WORN,BRAKE_PAD_WORN,prov_015_TOW_HEAVY,True,True,63.71742162986008,False,
TypeMatched,inc_00084,84,BATTERY_JUMP,BRAKE_PAD_WORN,prov_009_TOW_LIGHT,True,False,17.528528711962338,False,
TypeMatched,inc_00085,85,FUEL_FILTER_CLOGGED,BRAKE_PAD_WORN,prov_000_MOBILE_MECHANIC,True,False,28.78272972102579,False,
TypeMatched,inc_00086,86,BRAKE_FAILURE,BRAKE_FAILURE,prov_012_TOW_HEAVY,True,True,92.32099057827635,False,
TypeMatched,inc_00087,87,RADIATOR_HOSE_LEAK,BRAKE_PAD_WORN,prov_012_TOW_HEAVY,True,False,36.9471988702895,False,
TypeMatched,inc_00088,88,BATTERY_JUMP,BRAKE_PAD_WORN,prov_012_TOW_HEAVY,True,False,19.458131836275676,False,
TypeMatched,inc_00089,89,COOLANT_LOW,RADIATOR_FAN_ISSUE,prov_002_MOBILE_MECHANIC,True,False,17.878900192020968,False,
TypeMatched,inc_00090,90,RADIATOR_FAN_ISSUE,RADIATOR_FAN_ISSUE,prov_017_MOBILE_MECHANIC,True,True,49.52908723776917,False,
TypeMatched,inc_00091,91,ALTERNATOR_ISSUE,BRAKE_PAD_WORN,prov_010_TOW_LIGHT,True,False,62.56590556847622,False,
TypeMatched,inc_00092,92,BATTERY_REPLACE,BATTERY_REPLACE,prov_014_MOBILE_MECHANIC,True,True,34.2608443253963,False,
TypeMatched,inc_00093,93,IGNITION_SYSTEM,FUEL_PUMP,prov_002_MOBILE_MECHANIC,True,False,65.796652350972,False,
TypeMatched,inc_00094,94,BELT_BROKEN,BELT_BROKEN,prov_002_MOBILE_MECHANIC,True,True,34.97058513560891,False,
TypeMatched,inc_00095,95,TRANSMISSION_ISSUE,TRANSMISSION_ISSUE,prov_018_TOW_LIGHT,True,True,184.7847140260113,False,
TypeMatched,inc_00096,96,TRANSMISSION_ISSUE,TRANSMISSION_ISSUE,prov_009_TOW_LIGHT,True,True,184.7248180171995,False,
TypeMatched,inc_00097,97,COOLANT_LOW,BRAKE_PAD_WORN,prov_002_MOBILE_MECHANIC,True,False,16.83918677664423,False,
TypeMatched,inc_00098,98,STARTER_MOTOR,BRAKE_PAD_WORN,prov_017_MOBILE_MECHANIC,True,False,64.22230050028222,False,
TypeMatched,inc_00099,99,BELT_BROKEN,BRAKE_PAD_WORN,prov_012_TOW_HEAVY,True,False,36.76511334059547,False,
TypeMatched,inc_00100,100,BATTERY_TERMINAL_CLEAN,BRAKE_PAD_WORN,prov_002_MOBILE_MECHANIC,True,False,14.33304830241402,False,
TypeMatched,inc_00101,101,BRAKE_FAILURE,BRAKE_FAILURE,prov_001_TOW_HEAVY,True,True,91.44456731412515,False,
TypeMatched,inc_00102,102,BATTERY_REPLACE,BATTERY_REPLACE,prov_006_TOW_LIGHT,True,True,37.09088469372698,False,
TypeMatched,inc_00103,103,BATTERY_REPLACE,BATTERY_REPLACE,prov_002_MOBILE_MECHANIC,True,True,31.439093378694817,False,
TypeMatched,inc_00104,104,BATTERY_JUMP,BRAKE_PAD_WORN,prov_016_MOBILE_MECHANIC,True,False,20.522978798356775,False,
TypeMatched,inc_00105,105,TRANSMISSION_ISSUE,BRAKE_PAD_WORN,prov_000_MOBILE_MECHANIC,False,False,230.2218111570652,True,
TypeMatched,inc_00106,106,ALTERNATOR_ISSUE,BRAKE_PAD_WORN,prov_002_MOBILE_MECHANIC,True,False,63.08638576912375,False,
TypeMatched,inc_00107,107,SEVERE_MECHANICAL_TOW,BELT_BROKEN,prov_016_MOBILE_MECHANIC,False,False,82.0540531264576,True,
TypeMatched,inc_00108,108,IGNITION_SYSTEM,FUEL_PUMP,prov_017_MOBILE_MECHANIC,True,False,65.77327091882034,False,
TypeMatched,inc_00109,109,BRAKE_PAD_WORN,BRAKE_PAD_WORN,prov_012_TOW_HEAVY,True,True,61.56615866052865,False,
TypeMatched,inc_00110,110,CLUTCH_WORN,TRANSMISSION_ISSUE,prov_010_TOW_LIGHT,True,False,151.74812506930863,False,
TypeMatched,inc_00111,111,SEVERE_MECHANICAL_TOW,BELT_BROKEN,prov_001_TOW_HEAVY,True,False,32.71295618280891,False,
TypeMatched,inc_00112,112,BATTERY_JUMP,BRAKE_PAD_WORN,prov_012_TOW_HEAVY,True,False,16.577733988978284,False,
TypeMatched,inc_00113,113,BRAKE_PAD_WORN,BRAKE_PAD_WORN,prov_018_TOW_LIGHT,True,True,64.0049940274109,False,
TypeMatched,inc_00114,114,COOLANT_LOW,BRAKE_PAD_WORN,prov_011_TOW_LIGHT,True,False,11.270224257098729,False,
TypeMatched,inc_00115,115,ELECTRICAL_FAULT_RAIN,BATTERY_JUMP,prov_012_TOW_HEAVY,True,False,92.83356855893743,False,
TypeMatched,inc_00116,116,STARTER_MOTOR,FUEL_PUMP,prov_013_MOBILE_MECHANIC,True,False,64.83506412656793,False,
TypeMatched,inc_00117,117,BATTERY_TERMINAL_CLEAN,BRAKE_PAD_WORN,prov_005_TOW_LIGHT,True,False,11.192531578438752,False,
TypeMatched,inc_00118,118,BATTERY_JUMP,FUEL_PUMP,prov_017_MOBILE_MECHANIC,True,False,16.675479818718575,False,
TypeMatched,inc_00119,119,CLUTCH_WORN,TRANSMISSION_ISSUE,prov_015_TOW_HEAVY,True,False,157.38794762908876,False,
TypeMatched,inc_00120,120,ALTERNATOR_ISSUE,BRAKE_PAD_WORN,prov_013_MOBILE_MECHANIC,True,False,63.35506852152748,False,
TypeMatched,inc_00121,121,BRAKE_FAILURE,BRAKE_PAD_WORN,prov_014_MOBILE_MECHANIC,False,False,144.46721115178894,True,
TypeMatched,inc_00122,122,BRAKE_PAD_WORN,BRAKE_PAD_WORN,prov_002_MOBILE_MECHANIC,True,True,61.54053486741487,False,
TypeMatched,inc_00123,123,CLUTCH_WORN,TRANSMISSION_ISSUE,prov_018_TOW_LIGHT,True,False,156.90136690272217,False,
TypeMatched,inc_00124,124,RADIATOR_HOSE_LEAK,BRAKE_PAD_WORN,prov_015_TOW_HEAVY,True,False,30.920877183718357,False,
TypeMatched,inc_00125,125,SEVERE_MECHANICAL_TOW,BRAKE_PAD_WORN,prov_002_MOBILE_MECHANIC,False,False,77.76303784585023,True,
TypeMatched,inc_00126,126,BATTERY_REPLACE,BRAKE_PAD_WORN,prov_012_TOW_HEAVY,True,False,36.348985233326914,False,
TypeMatched,inc_00127,127,BATTERY_JUMP,FUEL_PUMP,prov_002_MOBILE_MECHANIC,True,False,19.590283399191904,False,
TypeMatched,inc_00128,128,CLUTCH_WORN,TRANSMISSION_ISSUE,prov_011_TOW_LIGHT,True,False,159.89260990959764,False,
TypeMatched,inc_00129,129,BATTERY_JUMP,BRAKE_PAD_WORN,prov_005_TOW_LIGHT,True,False,16.76442848081165,False,
TypeMatched,inc_00130,130,COOLANT_LOW,RADIATOR_FAN_ISSUE,prov_002_MOBILE_MECHANIC,True,False,14.530827547626561,False,
TypeMatched,inc_00131,131,FUEL_PUMP,FUEL_PUMP,prov_009_TOW_LIGHT,True,True,95.92898847212324,False,
TypeMatched,inc_00132,132,SEVERE_MECHANICAL_TOW,BRAKE_PAD_WORN,prov_010_TOW_LIGHT,False,False,80.17767782558381,True,
TypeMatched,inc_00133,133,ENGINE_OVERHEAT_SEVERE,RADIATOR_HOSE_LEAK,prov_007_MOBILE_MECHANIC,False,False,166.04543251398198,True,
TypeMatched,inc_00134,134,ALTERNATOR_ISSUE,ALTERNATOR_ISSUE,prov_017_MOBILE_MECHANIC,True,True,64.986108438572,False,
TypeMatched,inc_00135,135,BATTERY_JUMP,FUEL_PUMP,prov_001_TOW_HEAVY,True,False,18.48035238731267,False,
TypeMatched,inc_00136,136,SEVERE_MECHANICAL_TOW,BELT_BROKEN,prov_007_MOBILE_MECHANIC,False,False,76.97477106925109,True,
TypeMatched,inc_00137,137,CLUTCH_WORN,TRANSMISSION_ISSUE,prov_009_TOW_LIGHT,True,False,155.23821472651088,False,
TypeMatched,inc_00138,138,FUEL_FILTER_CLOGGED,IGNITION_SYSTEM,prov_012_TOW_HEAVY,True,False,29.083106919598496,False,
TypeMatched,inc_00139,139,BRAKE_FAILURE,BRAKE_FAILURE,prov_006_TOW_LIGHT,True,True,92.65472913019424,False,
TypeMatched,inc_00140,140,STARTER_MOTOR,BRAKE_PAD_WORN,prov_006_TOW_LIGHT,True,False,63.05773953856755,False,
TypeMatched,inc_00141,141,BATTERY_REPLACE,BATTERY_REPLACE,prov_001_TOW_HEAVY,True,True,36.33218358549468,False,
TypeMatched,inc_00142,142,SEVERE_MECHANICAL_TOW,BELT_BROKEN,prov_010_TOW_LIGHT,False,False,78.94746575995354,True,
TypeMatched,inc_00143,143,FUEL_PUMP,BRAKE_PAD_WORN,prov_000_MOBILE_MECHANIC,True,False,97.07873662852289,False,
TypeMatched,inc_00144,144,FUEL_FILTER_CLOGGED,IGNITION_SYSTEM,prov_012_TOW_HEAVY,True,False,28.432409064356378,False,
TypeMatched,inc_00145,145,ELECTRICAL_FAULT_RAIN,BRAKE_PAD_WORN,prov_012_TOW_HEAVY,True,False,94.89214320253971,False,
TypeMatched,inc_00146,146,BRAKE_PAD_WORN,BRAKE_PAD_WORN,prov_001_TOW_HEAVY,True,True,64.99770077654398,False,
TypeMatched,inc_00147,147,IGNITION_SYSTEM,BRAKE_PAD_WORN,prov_006_TOW_LIGHT,True,False,64.286523455967,False,
TypeMatched,inc_00148,148,ALTERNATOR_ISSUE,BELT_BROKEN,prov_007_MOBILE_MECHANIC,True,False,61.34221316504367,False,
TypeMatched,inc_00149,149,BATTERY_JUMP,BRAKE_PAD_WORN,prov_006_TOW_LIGHT,True,False,20.312988990396093,False,
TypeMatched,inc_00150,150,BRAKE_FAILURE,BRAKE_FAILURE,prov_003_TOW_LIGHT,True,True,94.44988802984113,False,
TypeMatched,inc_00151,151,STARTER_MOTOR,BRAKE_PAD_WORN,prov_012_TOW_HEAVY,True,False,65.08000114336589,False,
TypeMatched,inc_00152,152,RADIATOR_FAN_ISSUE,BRAKE_PAD_WORN,prov_012_TOW_HEAVY,True,False,52.134580369934696,False,
TypeMatched,inc_00153,153,FUEL_FILTER_CLOGGED,BRAKE_PAD_WORN,prov_003_TOW_LIGHT,True,False,26.629451553362983,False,
TypeMatched,inc_00154,154,COOLANT_LOW,BRAKE_PAD_WORN,prov_009_TOW_LIGHT,True,False,12.65289687243855,False,
TypeMatched,inc_00155,155,BATTERY_REPLACE,BATTERY_REPLACE,prov_006_TOW_LIGHT,True,True,34.02014422899513,False,
TypeMatched,inc_00156,156,BRAKE_PAD_WORN,BRAKE_PAD_WORN,prov_014_MOBILE_MECHANIC,True,True,61.96731906086418,False,
TypeMatched,inc_00157,157,BRAKE_FAILURE,BRAKE_PAD_WORN,prov_009_TOW_LIGHT,True,False,90.96073078293074,False,
TypeMatched,inc_00158,158,BELT_BROKEN,BELT_BROKEN,prov_010_TOW_LIGHT,True,True,30.823713433592953,False,
TypeMatched,inc_00159,159,BATTERY_JUMP,FUEL_PUMP,prov_002_MOBILE_MECHANIC,True,False,18.583903159119807,False,
TypeMatched,inc_00160,160,ALTERNATOR_ISSUE,BRAKE_PAD_WORN,prov_001_TOW_HEAVY,True,False,63.00419552098124,False,
TypeMatched,inc_00161,161,BATTERY_JUMP,FUEL_PUMP,prov_011_TOW_LIGHT,True,False,18.081733577624703,False,
TypeMatched,inc_00162,162,IGNITION_SYSTEM,FUEL_PUMP,prov_001_TOW_HEAVY,True,False,66.79903368758488,False,
TypeMatched,inc_00163,163,FUEL_FILTER_CLOGGED,BRAKE_PAD_WORN,prov_013_MOBILE_MECHANIC,True,False,25.35519946558368,False,
TypeMatched,inc_00164,164,IGNITION_SYSTEM,FUEL_PUMP,prov_000_MOBILE_MECHANIC,True,False,62.09895373420298,False,
TypeMatched,inc_00165,165,BRAKE_PAD_WORN,BRAKE_PAD_WORN,prov_002_MOBILE_MECHANIC,True,True,63.97564059891773,False,
TypeMatched,inc_00166,166,BATTERY_REPLACE,BATTERY_REPLACE,prov_002_MOBILE_MECHANIC,True,True,34.33501370036875,False,
TypeMatched,inc_00167,167,COOLANT_LOW,BRAKE_PAD_WORN,prov_002_MOBILE_MECHANIC,True,False,12.997628939121217,False,
TypeMatched,inc_00168,168,ALTERNATOR_ISSUE,BELT_BROKEN,prov_002_MOBILE_MECHANIC,True,False,67.69313617459223,False,
TypeMatched,inc_00169,169,STARTER_MOTOR,FUEL_PUMP,prov_003_TOW_LIGHT,True,False,62.68155403044064,False,
TypeMatched,inc_00170,170,COOLANT_LOW,RADIATOR_FAN_ISSUE,prov_002_MOBILE_MECHANIC,True,False,17.027808136217505,False,
TypeMatched,inc_00171,171,FUEL_PUMP,FUEL_PUMP,prov_005_TOW_LIGHT,True,True,98.4582120552679,False,
TypeMatched,inc_00172,172,BRAKE_PAD_WORN,BRAKE_PAD_WORN,prov_010_TOW_LIGHT,True,True,64.08556814223265,False,
TypeMatched,inc_00173,173,SEVERE_MECHANICAL_TOW,BELT_BROKEN,prov_014_MOBILE_MECHANIC,False,False,81.23547955814325,True,
TypeMatched,inc_00174,174,IGNITION_SYSTEM,BRAKE_PAD_WORN,prov_002_MOBILE_MECHANIC,True,False,69.5860750674341,False,
TypeMatched,inc_00175,175,BELT_BROKEN,BELT_BROKEN,prov_015_TOW_HEAVY,True,True,34.45645930061388,False,
TypeMatched,inc_00176,176,ALTERNATOR_ISSUE,BELT_BROKEN,prov_006_TOW_LIGHT,True,False,62.29245015794119,False,
TypeMatched,inc_00177,177,ELECTRICAL_FAULT_RAIN,STARTER_MOTOR,prov_000_MOBILE_MECHANIC,True,False,90.93610668244514,False,
TypeMatched,inc_00178,178,ALTERNATOR_ISSUE,BRAKE_PAD_WORN,prov_005_TOW_LIGHT,True,False,64.64743160595026,False,
TypeMatched,inc_00179,179,BRAKE_PAD_WORN,BRAKE_PAD_WORN,prov_002_MOBILE_MECHANIC,True,True,64.78243111036736,False,
TypeMatched,inc_00180,180,BATTERY_JUMP,FUEL_PUMP,prov_002_MOBILE_MECHANIC,True,False,20.944341070652264,False,
TypeMatched,inc_00181,181,COOLANT_LOW,RADIATOR_FAN_ISSUE,prov_007_MOBILE_MECHANIC,True,False,12.591433884048358,False,
TypeMatched,inc_00182,182,BATTERY_REPLACE,BRAKE_PAD_WORN,prov_002_MOBILE_MECHANIC,True,False,35.453536226139505,False,
TypeMatched,inc_00183,183,BRAKE_PAD_WORN,BRAKE_PAD_WORN,prov_005_TOW_LIGHT,True,True,62.789038841692516,False,
TypeMatched,inc_00184,184,BELT_BROKEN,BELT_BROKEN,prov_017_MOBILE_MECHANIC,True,True,37.29981102068666,False,
TypeMatched,inc_00185,185,BRAKE_PAD_WORN,BRAKE_PAD_WORN,prov_007_MOBILE_MECHANIC,True,True,62.677326692975974,False,
TypeMatched,inc_00186,186,BRAKE_FAILURE,BRAKE_FAILURE,prov_012_TOW_HEAVY,True,True,99.35107223857337,False,
TypeMatched,inc_00187,187,ELECTRICAL_FAULT_RAIN,STARTER_MOTOR,prov_007_MOBILE_MECHANIC,True,False,92.15592767075628,False,
TypeMatched,inc_00188,188,CLUTCH_WORN,TRANSMISSION_ISSUE,prov_012_TOW_HEAVY,True,False,159.9310045049738,False,
TypeMatched,inc_00189,189,IGNITION_SYSTEM,BRAKE_PAD_WORN,prov_010_TOW_LIGHT,True,False,63.725959115275735,False,
TypeMatched,inc_00190,190,SEVERE_MECHANICAL_TOW,BELT_BROKEN,prov_010_TOW_LIGHT,False,False,75.13823645560043,True,
TypeMatched,inc_00191,191,BATTERY_JUMP,FUEL_PUMP,prov_014_MOBILE_MECHANIC,True,False,21.335367895014105,False,
TypeMatched,inc_00192,192,CLUTCH_WORN,BRAKE_PAD_WORN,prov_010_TOW_LIGHT,True,False,154.51984851097546,False,
TypeMatched,inc_00193,193,BATTERY_JUMP,FUEL_PUMP,prov_010_TOW_LIGHT,True,False,17.655568203896006,False,
TypeMatched,inc_00194,194,BATTERY_TERMINAL_CLEAN,BATTERY_TERMINAL_CLEAN,prov_012_TOW_HEAVY,True,True,15.950158113993568,False,
TypeMatched,inc_00195,195,BATTERY_TERMINAL_CLEAN,BATTERY_JUMP,prov_003_TOW_LIGHT,True,False,15.305299855202822,False,
TypeMatched,inc_00196,196,RADIATOR_FAN_ISSUE,BRAKE_PAD_WORN,prov_005_TOW_LIGHT,True,False,49.41679425909661,False,
TypeMatched,inc_00197,197,TRANSMISSION_ISSUE,TRANSMISSION_ISSUE,prov_003_TOW_LIGHT,True,True,183.6817260502919,False,
TypeMatched,inc_00198,198,TRANSMISSION_ISSUE,TRANSMISSION_ISSUE,prov_005_TOW_LIGHT,True,True,185.59294363869486,False,
TypeMatched,inc_00199,199,TRANSMISSION_ISSUE,TRANSMISSION_ISSUE,prov_010_TOW_LIGHT,True,True,181.76064941744224,False,
TypeMatched,inc_00200,200,BATTERY_JUMP,FUEL_PUMP,prov_003_TOW_LIGHT,True,False,15.547833189436934,False,
TypeMatched,inc_00201,201,IGNITION_SYSTEM,FUEL_PUMP,prov_005_TOW_LIGHT,True,False,65.57825003414972,False,
TypeMatched,inc_00202,202,IGNITION_SYSTEM,FUEL_PUMP,prov_012_TOW_HEAVY,True,False,62.695002703169116,False,
TypeMatched,inc_00203,203,IGNITION_SYSTEM,FUEL_PUMP,prov_005_TOW_LIGHT,True,False,61.11836439896187,False,
TypeMatched,inc_00204,204,BATTERY_REPLACE,BATTERY_JUMP,prov_015_TOW_HEAVY,True,False,38.873807416799046,False,
TypeMatched,inc_00205,205,ENGINE_OVERHEAT_SEVERE,BRAKE_PAD_WORN,prov_014_MOBILE_MECHANIC,False,False,171.43825312609067,True,
TypeMatched,inc_00206,206,SEVERE_MECHANICAL_TOW,BELT_BROKEN,prov_014_MOBILE_MECHANIC,False,False,82.11417805969168,True,
TypeMatched,inc_00207,207,BATTERY_TERMINAL_CLEAN,BATTERY_JUMP,prov_007_MOBILE_MECHANIC,True,False,13.498714960883138,False,
TypeMatched,inc_00208,208,BATTERY_JUMP,BRAKE_PAD_WORN,prov_012_TOW_HEAVY,True,False,20.114399256694284,False,
TypeMatched,inc_00209,209,STARTER_MOTOR,BRAKE_PAD_WORN,prov_000_MOBILE_MECHANIC,True,False,61.48322781824419,False,
TypeMatched,inc_00210,210,TRANSMISSION_ISSUE,TRANSMISSION_ISSUE,prov_005_TOW_LIGHT,True,True,183.5986324249587,False,
TypeMatched,inc_00211,211,FUEL_PUMP,STARTER_MOTOR,prov_003_TOW_LIGHT,True,False,93.17532972697948,False,
TypeMatched,inc_00212,212,BATTERY_JUMP,FUEL_PUMP,prov_013_MOBILE_MECHANIC,True,False,17.746935084675886,False,
TypeMatched,inc_00213,213,ALTERNATOR_ISSUE,BELT_BROKEN,prov_016_MOBILE_MECHANIC,True,False,68.0326169425839,False,
TypeMatched,inc_00214,214,COOLANT_LOW,RADIATOR_FAN_ISSUE,prov_002_MOBILE_MECHANIC,True,False,17.68343793559996,False,
TypeMatched,inc_00215,215,BATTERY_TERMINAL_CLEAN,BATTERY_TERMINAL_CLEAN,prov_017_MOBILE_MECHANIC,True,True,15.249760202486538,False,
TypeMatched,inc_00216,216,TRANSMISSION_ISSUE,TRANSMISSION_ISSUE,prov_001_TOW_HEAVY,True,True,183.53638676250466,False,
TypeMatched,inc_00217,217,RADIATOR_HOSE_LEAK,BRAKE_PAD_WORN,prov_016_MOBILE_MECHANIC,True,False,37.29225437252268,False,
TypeMatched,inc_00218,218,FUEL_FILTER_CLOGGED,FUEL_FILTER_CLOGGED,prov_000_MOBILE_MECHANIC,True,True,31.939744327880607,False,
TypeMatched,inc_00219,219,ELECTRICAL_FAULT_RAIN,BRAKE_PAD_WORN,prov_015_TOW_HEAVY,True,False,90.95637895152952,False,
TypeMatched,inc_00220,220,BRAKE_PAD_WORN,BRAKE_PAD_WORN,prov_014_MOBILE_MECHANIC,True,True,65.93914331754131,False,
TypeMatched,inc_00221,221,BATTERY_REPLACE,BRAKE_PAD_WORN,prov_002_MOBILE_MECHANIC,True,False,32.924330798748706,False,
TypeMatched,inc_00222,222,BATTERY_JUMP,FUEL_PUMP,prov_007_MOBILE_MECHANIC,True,False,15.935748219293128,False,
TypeMatched,inc_00223,223,BATTERY_JUMP,FUEL_PUMP,prov_002_MOBILE_MECHANIC,True,False,22.337959123319926,False,
TypeMatched,inc_00224,224,BATTERY_TERMINAL_CLEAN,STARTER_MOTOR,prov_013_MOBILE_MECHANIC,True,False,13.722492336666441,False,
TypeMatched,inc_00225,225,BATTERY_REPLACE,BATTERY_JUMP,prov_001_TOW_HEAVY,True,False,36.44448453012356,False,
TypeMatched,inc_00226,226,SEVERE_MECHANICAL_TOW,BRAKE_PAD_WORN,prov_009_TOW_LIGHT,False,False,79.45508087356279,True,
TypeMatched,inc_00227,227,STARTER_MOTOR,BRAKE_PAD_WORN,prov_001_TOW_HEAVY,True,False,64.46492344005746,False,
TypeMatched,inc_00228,228,BRAKE_FAILURE,BRAKE_FAILURE,prov_012_TOW_HEAVY,True,True,97.47097929997162,False,
TypeMatched,inc_00229,229,FUEL_FILTER_CLOGGED,FUEL_FILTER_CLOGGED,prov_003_TOW_LIGHT,True,True,31.134379615115176,False,
TypeMatched,inc_00230,230,BATTERY_JUMP,BRAKE_PAD_WORN,prov_018_TOW_LIGHT,True,False,15.662622723498153,False,
TypeMatched,inc_00231,231,BRAKE_FAILURE,BRAKE_FAILURE,prov_009_TOW_LIGHT,True,True,95.72910513904532,False,
TypeMatched,inc_00232,232,BRAKE_PAD_WORN,BRAKE_PAD_WORN,prov_014_MOBILE_MECHANIC,True,True,69.394362572121,False,
TypeMatched,inc_00233,233,BATTERY_REPLACE,STARTER_MOTOR,prov_016_MOBILE_MECHANIC,True,False,37.11297944260186,False,
TypeMatched,inc_00234,234,CLUTCH_WORN,BRAKE_PAD_WORN,prov_016_MOBILE_MECHANIC,False,False,197.86719785740922,True,
TypeMatched,inc_00235,235,ELECTRICAL_FAULT_RAIN,BATTERY_REPLACE,prov_012_TOW_HEAVY,True,False,95.42922636616821,False,
TypeMatched,inc_00236,236,STARTER_MOTOR,FUEL_PUMP,prov_016_MOBILE_MECHANIC,True,False,61.77942993398162,False,
TypeMatched,inc_00237,237,FUEL_FILTER_CLOGGED,FUEL_FILTER_CLOGGED,prov_012_TOW_HEAVY,True,True,33.73103809514366,False,
TypeMatched,inc_00238,238,ENGINE_OVERHEAT_SEVERE,BRAKE_PAD_WORN,prov_002_MOBILE_MECHANIC,False,False,171.85734455625126,True,
TypeMatched,inc_00239,239,BATTERY_JUMP,FUEL_PUMP,prov_012_TOW_HEAVY,True,False,19.265170309432982,False,
TypeMatched,inc_00240,240,RADIATOR_FAN_ISSUE,COOLANT_LOW,prov_015_TOW_HEAVY,True,False,49.85567859413154,False,
TypeMatched,inc_00241,241,BATTERY_JUMP,BRAKE_PAD_WORN,prov_012_TOW_HEAVY,True,False,23.146551731618707,False,
TypeMatched,inc_00242,242,SEVERE_MECHANICAL_TOW,BRAKE_PAD_WORN,prov_011_TOW_LIGHT,False,False,77.867213026153,True,
TypeMatched,inc_00243,243,BATTERY_JUMP,BRAKE_PAD_WORN,prov_001_TOW_HEAVY,True,False,17.352203481489816,False,
TypeMatched,inc_00244,244,ALTERNATOR_ISSUE,FUEL_FILTER_CLOGGED,prov_005_TOW_LIGHT,True,False,68.85023474866041,False,
TypeMatched,inc_00245,245,STARTER_MOTOR,FUEL_PUMP,prov_016_MOBILE_MECHANIC,True,False,64.59596082068887,False,
TypeMatched,inc_00246,246,BRAKE_FAILURE,BRAKE_FAILURE,prov_012_TOW_HEAVY,True,True,99.54919570016887,False,
TypeMatched,inc_00247,247,BATTERY_JUMP,FUEL_PUMP,prov_003_TOW_LIGHT,True,False,18.863093528777558,False,
TypeMatched,inc_00248,248,CLUTCH_WORN,BRAKE_PAD_WORN,prov_014_MOBILE_MECHANIC,False,False,200.66604843034818,True,
TypeMatched,inc_00249,249,BRAKE_PAD_WORN,BRAKE_PAD_WORN,prov_014_MOBILE_MECHANIC,True,True,62.35150108286029,False,
TypeMatched,inc_00250,250,ALTERNATOR_ISSUE,BRAKE_PAD_WORN,prov_012_TOW_HEAVY,True,False,63.705903736621224,False,
TypeMatched,inc_00251,251,BRAKE_PAD_WORN,BRAKE_PAD_WORN,prov_014_MOBILE_MECHANIC,True,True,66.14478372185101,False,
TypeMatched,inc_00252,252,BATTERY_JUMP,BRAKE_PAD_WORN,prov_002_MOBILE_MECHANIC,True,False,21.054619991926923,False,
TypeMatched,inc_00253,253,BRAKE_FAILURE,BRAKE_FAILURE,prov_015_TOW_HEAVY,True,True,95.19183851497338,False,
TypeMatched,inc_00254,254,BATTERY_JUMP,FUEL_PUMP,prov_001_TOW_HEAVY,True,False,17.066369280302,False,
TypeMatched,inc_00255,255,BRAKE_PAD_WORN,BRAKE_PAD_WORN,prov_012_TOW_HEAVY,True,True,64.95693888784447,False,
TypeMatched,inc_00256,256,ALTERNATOR_ISSUE,BELT_BROKEN,prov_016_MOBILE_MECHANIC,True,False,60.827161413794435,False,
TypeMatched,inc_00257,257,BATTERY_REPLACE,BATTERY_REPLACE,prov_007_MOBILE_MECHANIC,True,True,31.405734576247397,False,
TypeMatched,inc_00258,258,BATTERY_REPLACE,BRAKE_PAD_WORN,prov_014_MOBILE_MECHANIC,True,False,37.37318597743407,False,
TypeMatched,inc_00259,259,BRAKE_PAD_WORN,BRAKE_PAD_WORN,prov_017_MOBILE_MECHANIC,True,True,67.26225330745699,False,
TypeMatched,inc_00260,260,COOLANT_LOW,RADIATOR_FAN_ISSUE,prov_016_MOBILE_MECHANIC,True,False,12.004850676089529,False,
TypeMatched,inc_00261,261,SEVERE_MECHANICAL_TOW,BRAKE_PAD_WORN,prov_002_MOBILE_MECHANIC,False,False,78.67703976678246,True,
TypeMatched,inc_00262,262,RADIATOR_HOSE_LEAK,BRAKE_PAD_WORN,prov_005_TOW_LIGHT,True,False,32.931239884535984,False,
TypeMatched,inc_00263,263,BATTERY_REPLACE,BATTERY_JUMP,prov_012_TOW_HEAVY,True,False,32.82305843099938,False,
TypeMatched,inc_00264,264,SEVERE_MECHANICAL_TOW,BELT_BROKEN,prov_014_MOBILE_MECHANIC,False,False,77.77936280407378,True,
TypeMatched,inc_00265,265,BATTERY_TERMINAL_CLEAN,STARTER_MOTOR,prov_013_MOBILE_MECHANIC,True,False,12.727727360462477,False,
TypeMatched,inc_00266,266,BATTERY_JUMP,BRAKE_PAD_WORN,prov_002_MOBILE_MECHANIC,True,False,21.87750577992306,False,
TypeMatched,inc_00267,267,BATTERY_JUMP,BRAKE_PAD_WORN,prov_017_MOBILE_MECHANIC,True,False,17.606387048376046,False,
TypeMatched,inc_00268,268,IGNITION_SYSTEM,BRAKE_PAD_WORN,prov_010_TOW_LIGHT,True,False,60.37827109595354,False,
TypeMatched,inc_00269,269,BATTERY_REPLACE,BATTERY_JUMP,prov_007_MOBILE_MECHANIC,True,False,32.28317312021664,False,
TypeMatched,inc_00270,270,SEVERE_MECHANICAL_TOW,BELT_BROKEN,prov_014_MOBILE_MECHANIC,False,False,82.33235502232296,True,
TypeMatched,inc_00271,271,BATTERY_REPLACE,BATTERY_JUMP,prov_016_MOBILE_MECHANIC,True,False,37.85301830431843,False,
TypeMatched,inc_00272,272,ENGINE_OVERHEAT_SEVERE,BRAKE_PAD_WORN,prov_009_TOW_LIGHT,True,False,122.03429247311423,False,
TypeMatched,inc_00273,273,BATTERY_JUMP,FUEL_PUMP,prov_009_TOW_LIGHT,True,False,18.193253679120378,False,
TypeMatched,inc_00274,274,BATTERY_REPLACE,BRAKE_PAD_WORN,prov_002_MOBILE_MECHANIC,True,False,33.91321235017616,False,
TypeMatched,inc_00275,275,ELECTRICAL_FAULT_RAIN,BRAKE_PAD_WORN,prov_016_MOBILE_MECHANIC,True,False,96.17365393846974,False,
TypeMatched,inc_00276,276,BATTERY_REPLACE,STARTER_MOTOR,prov_003_TOW_LIGHT,True,False,33.28595969828882,False,
TypeMatched,inc_00277,277,BATTERY_REPLACE,BATTERY_REPLACE,prov_002_MOBILE_MECHANIC,True,True,34.561695657605455,False,
TypeMatched,inc_00278,278,FUEL_PUMP,BRAKE_PAD_WORN,prov_001_TOW_HEAVY,True,False,94.17033036852578,False,
TypeMatched,inc_00279,279,BATTERY_JUMP,FUEL_PUMP,prov_005_TOW_LIGHT,True,False,23.6047550990572,False,
TypeMatched,inc_00280,280,BATTERY_JUMP,FUEL_PUMP,prov_012_TOW_HEAVY,True,False,21.98696395734984,False,
TypeMatched,inc_00281,281,BATTERY_REPLACE,STARTER_MOTOR,prov_018_TOW_LIGHT,True,False,31.87402520410889,False,
TypeMatched,inc_00282,282,ALTERNATOR_ISSUE,BRAKE_PAD_WORN,prov_015_TOW_HEAVY,True,False,63.13901574319939,False,
TypeMatched,inc_00283,283,BELT_BROKEN,BRAKE_PAD_WORN,prov_013_MOBILE_MECHANIC,True,False,32.36416987147766,False,
TypeMatched,inc_00284,284,IGNITION_SYSTEM,BRAKE_PAD_WORN,prov_014_MOBILE_MECHANIC,True,False,67.65891185709148,False,
TypeMatched,inc_00285,285,STARTER_MOTOR,FUEL_PUMP,prov_016_MOBILE_MECHANIC,True,False,63.68543657810165,False,
TypeMatched,inc_00286,286,CLUTCH_WORN,BRAKE_PAD_WORN,prov_005_TOW_LIGHT,True,False,156.168387733635,False,
TypeMatched,inc_00287,287,ALTERNATOR_ISSUE,BRAKE_PAD_WORN,prov_012_TOW_HEAVY,True,False,67.90902256636714,False,
TypeMatched,inc_00288,288,CLUTCH_WORN,TRANSMISSION_ISSUE,prov_006_TOW_LIGHT,True,False,157.93121678744052,False,
TypeMatched,inc_00289,289,BATTERY_JUMP,FUEL_PUMP,prov_009_TOW_LIGHT,True,False,18.561427071748938,False,
TypeMatched,inc_00290,290,FUEL_FILTER_CLOGGED,FUEL_FILTER_CLOGGED,prov_012_TOW_HEAVY,True,True,31.58281389317137,False,
TypeMatched,inc_00291,291,FUEL_PUMP,BRAKE_PAD_WORN,prov_015_TOW_HEAVY,True,False,95.53646621035507,False,
TypeMatched,inc_00292,292,SEVERE_MECHANICAL_TOW,BRAKE_PAD_WORN,prov_007_MOBILE_MECHANIC,False,False,76.47908717096853,True,
TypeMatched,inc_00293,293,IGNITION_SYSTEM,FUEL_PUMP,prov_002_MOBILE_MECHANIC,True,False,62.23678240973539,False,
TypeMatched,inc_00294,294,TRANSMISSION_ISSUE,TRANSMISSION_ISSUE,prov_005_TOW_LIGHT,True,True,186.0663705117393,False,
TypeMatched,inc_00295,295,BATTERY_JUMP,BRAKE_PAD_WORN,prov_002_MOBILE_MECHANIC,True,False,18.437889675888474,False,
TypeMatched,inc_00296,296,BATTERY_REPLACE,STARTER_MOTOR,prov_000_MOBILE_MECHANIC,True,False,36.26126458789901,False,
TypeMatched,inc_00297,297,IGNITION_SYSTEM,BATTERY_JUMP,prov_005_TOW_LIGHT,True,False,64.23904641486189,False,
TypeMatched,inc_00298,298,BATTERY_REPLACE,BRAKE_PAD_WORN,prov_001_TOW_HEAVY,True,False,34.25272741721053,False,
TypeMatched,inc_00299,299,TRANSMISSION_ISSUE,TRANSMISSION_ISSUE,prov_012_TOW_HEAVY,True,True,183.22755759631258,False,
TypeMatched,inc_00300,300,TRANSMISSION_ISSUE,TRANSMISSION_ISSUE,prov_005_TOW_LIGHT,True,True,185.1542203733398,False,
TypeMatched,inc_00301,301,BRAKE_PAD_WORN,BRAKE_PAD_WORN,prov_002_MOBILE_MECHANIC,True,True,64.94964805678048,False,
TypeMatched,inc_00302,302,BRAKE_PAD_WORN,BRAKE_PAD_WORN,prov_002_MOBILE_MECHANIC,True,True,64.6706783337693,False,
TypeMatched,inc_00303,303,IGNITION_SYSTEM,BRAKE_PAD_WORN,prov_006_TOW_LIGHT,True,False,63.361545031139315,False,
TypeMatched,inc_00304,304,STARTER_MOTOR,FUEL_PUMP,prov_011_TOW_LIGHT,True,False,60.15216335631943,False,
TypeMatched,inc_00305,305,COOLANT_LOW,RADIATOR_FAN_ISSUE,prov_001_TOW_HEAVY,True,False,11.308124264726633,False,
TypeMatched,inc_00306,306,BATTERY_JUMP,BRAKE_PAD_WORN,prov_015_TOW_HEAVY,True,False,18.308813020669305,False,
TypeMatched,inc_00307,307,BELT_BROKEN,BRAKE_PAD_WORN,prov_002_MOBILE_MECHANIC,True,False,33.229668741699925,False,
TypeMatched,inc_00308,308,BELT_BROKEN,BELT_BROKEN,prov_002_MOBILE_MECHANIC,True,True,38.79580636046174,False,
TypeMatched,inc_00309,309,TRANSMISSION_ISSUE,BRAKE_PAD_WORN,prov_001_TOW_HEAVY,True,False,183.32372160162677,False,
TypeMatched,inc_00310,310,SEVERE_MECHANICAL_TOW,BELT_BROKEN,prov_002_MOBILE_MECHANIC,False,False,81.9933548388768,True,
TypeMatched,inc_00311,311,BATTERY_REPLACE,STARTER_MOTOR,prov_014_MOBILE_MECHANIC,True,False,36.43008851454406,False,
TypeMatched,inc_00312,312,TRANSMISSION_ISSUE,BRAKE_PAD_WORN,prov_016_MOBILE_MECHANIC,False,False,226.2753816154395,True,
TypeMatched,inc_00313,313,IGNITION_SYSTEM,FUEL_PUMP,prov_013_MOBILE_MECHANIC,True,False,64.50941839154541,False,
TypeMatched,inc_00314,314,CLUTCH_WORN,TRANSMISSION_ISSUE,prov_012_TOW_HEAVY,True,False,153.57966961977542,False,
TypeMatched,inc_00315,315,TRANSMISSION_ISSUE,TRANSMISSION_ISSUE,prov_005_TOW_LIGHT,True,True,182.62897299200685,False,
TypeMatched,inc_00316,316,BATTERY_REPLACE,STARTER_MOTOR,prov_006_TOW_LIGHT,True,False,31.54586836990869,False,
TypeMatched,inc_00317,317,BATTERY_REPLACE,BATTERY_REPLACE,prov_010_TOW_LIGHT,True,True,34.84269061559591,False,
TypeMatched,inc_00318,318,FUEL_FILTER_CLOGGED,BRAKE_PAD_WORN,prov_015_TOW_HEAVY,True,False,33.866476648533876,False,
TypeMatched,inc_00319,319,BATTERY_JUMP,BRAKE_PAD_WORN,prov_015_TOW_HEAVY,True,False,19.139422291502893,False,
TypeMatched,inc_00320,320,BATTERY_REPLACE,BATTERY_REPLACE,prov_010_TOW_LIGHT,True,True,32.03085375709986,False,
TypeMatched,inc_00321,321,ALTERNATOR_ISSUE,BELT_BROKEN,prov_017_MOBILE_MECHANIC,True,False,61.93455784695842,False,
TypeMatched,inc_00322,322,BATTERY_REPLACE,BATTERY_REPLACE,prov_001_TOW_HEAVY,True,True,36.98580022238985,False,
TypeMatched,inc_00323,323,BATTERY_JUMP,BRAKE_PAD_WORN,prov_017_MOBILE_MECHANIC,True,False,22.548641075287485,False,
TypeMatched,inc_00324,324,BATTERY_JUMP,FUEL_PUMP,prov_012_TOW_HEAVY,True,False,17.09668959420104,False,
TypeMatched,inc_00325,325,STARTER_MOTOR,FUEL_PUMP,prov_011_TOW_LIGHT,True,False,60.30539320889293,False,
TypeMatched,inc_00326,326,IGNITION_SYSTEM,FUEL_PUMP,prov_016_MOBILE_MECHANIC,True,False,64.00285525597307,False,
TypeMatched,inc_00327,327,RADIATOR_FAN_ISSUE,RADIATOR_FAN_ISSUE,prov_003_TOW_LIGHT,True,True,48.10816281417653,False,
TypeMatched,inc_00328,328,ALTERNATOR_ISSUE,BELT_BROKEN,prov_002_MOBILE_MECHANIC,True,False,63.250271952770724,False,
TypeMatched,inc_00329,329,IGNITION_SYSTEM,FUEL_PUMP,prov_011_TOW_LIGHT,True,False,63.19135188990406,False,
TypeMatched,inc_00330,330,BRAKE_FAILURE,BRAKE_FAILURE,prov_006_TOW_LIGHT,True,True,93.25736431846535,False,
TypeMatched,inc_00331,331,BATTERY_REPLACE,BATTERY_JUMP,prov_011_TOW_LIGHT,True,False,32.03353534172035,False,
TypeMatched,inc_00332,332,ENGINE_OVERHEAT_SEVERE,BRAKE_PAD_WORN,prov_010_TOW_LIGHT,True,False,122.23181805142917,False,
TypeMatched,inc_00333,333,BRAKE_PAD_WORN,BRAKE_PAD_WORN,prov_007_MOBILE_MECHANIC,True,True,62.68609116678471,False,
TypeMatched,inc_00334,334,ELECTRICAL_FAULT_RAIN,STARTER_MOTOR,prov_017_MOBILE_MECHANIC,True,False,93.65683254392795,False,
TypeMatched,inc_00335,335,IGNITION_SYSTEM,FUEL_PUMP,prov_005_TOW_LIGHT,True,False,64.03384958062203,False,
TypeMatched,inc_00336,336,BATTERY_REPLACE,STARTER_MOTOR,prov_010_TOW_LIGHT,True,False,34.45322687013398,False,
TypeMatched,inc_00337,337,BATTERY_REPLACE,STARTER_MOTOR,prov_011_TOW_LIGHT,True,False,30.6300928458149,False,
TypeMatched,inc_00338,338,STARTER_MOTOR,BRAKE_PAD_WORN,prov_002_MOBILE_MECHANIC,True,False,65.39091340125664,False,
TypeMatched,inc_00339,339,CLUTCH_WORN,TRANSMISSION_ISSUE,prov_012_TOW_HEAVY,True,False,156.10107964672412,False,
TypeMatched,inc_00340,340,BATTERY_REPLACE,BRAKE_PAD_WORN,prov_003_TOW_LIGHT,True,False,34.59434884041753,False,
TypeMatched,inc_00341,341,ALTERNATOR_ISSUE,BELT_BROKEN,prov_012_TOW_HEAVY,True,False,60.981203704188566,False,
TypeMatched,inc_00342,342,RADIATOR_FAN_ISSUE,RADIATOR_FAN_ISSUE,prov_017_MOBILE_MECHANIC,True,True,51.1373186361994,False,
TypeMatched,inc_00343,343,BELT_BROKEN,BELT_BROKEN,prov_012_TOW_HEAVY,True,True,32.546785825769604,False,
TypeMatched,inc_00344,344,RADIATOR_HOSE_LEAK,RADIATOR_HOSE_LEAK,prov_002_MOBILE_MECHANIC,True,True,33.54543133320305,False,
TypeMatched,inc_00345,345,STARTER_MOTOR,FUEL_PUMP,prov_012_TOW_HEAVY,True,False,68.02101167751353,False,
TypeMatched,inc_00346,346,ALTERNATOR_ISSUE,BRAKE_PAD_WORN,prov_007_MOBILE_MECHANIC,True,False,60.44771312935462,False,
TypeMatched,inc_00347,347,BELT_BROKEN,BELT_BROKEN,prov_016_MOBILE_MECHANIC,True,True,36.66450630131604,False,
TypeMatched,inc_00348,348,FUEL_FILTER_CLOGGED,FUEL_FILTER_CLOGGED,prov_003_TOW_LIGHT,True,True,29.593894933018,False,
TypeMatched,inc_00349,349,FUEL_PUMP,FUEL_PUMP,prov_014_MOBILE_MECHANIC,True,True,94.6814709194674,False,
TypeMatched,inc_00350,350,BRAKE_PAD_WORN,BRAKE_PAD_WORN,prov_002_MOBILE_MECHANIC,True,True,66.81960681923744,False,
TypeMatched,inc_00351,351,ELECTRICAL_FAULT_RAIN,BRAKE_PAD_WORN,prov_000_MOBILE_MECHANIC,True,False,95.58877186194188,False,
TypeMatched,inc_00352,352,BATTERY_JUMP,FUEL_PUMP,prov_012_TOW_HEAVY,True,False,20.880685200795483,False,
TypeMatched,inc_00353,353,ALTERNATOR_ISSUE,BELT_BROKEN,prov_002_MOBILE_MECHANIC,True,False,63.633163867125766,False,
TypeMatched,inc_00354,354,BATTERY_JUMP,BRAKE_PAD_WORN,prov_016_MOBILE_MECHANIC,True,False,16.027258380040244,False,
TypeMatched,inc_00355,355,TRANSMISSION_ISSUE,BRAKE_PAD_WORN,prov_006_TOW_LIGHT,True,False,183.75917789845928,False,
TypeMatched,inc_00356,356,BRAKE_PAD_WORN,BRAKE_PAD_WORN,prov_016_MOBILE_MECHANIC,True,True,65.18226330781238,False,
TypeMatched,inc_00357,357,ELECTRICAL_FAULT_RAIN,BATTERY_JUMP,prov_001_TOW_HEAVY,True,False,95.39517627015006,False,
TypeMatched,inc_00358,358,ALTERNATOR_ISSUE,BELT_BROKEN,prov_006_TOW_LIGHT,True,False,65.34010653166375,False,
TypeMatched,inc_00359,359,RADIATOR_HOSE_LEAK,ENGINE_OVERHEAT_SEVERE,prov_006_TOW_LIGHT,True,False,39.0171048408739,False,
TypeMatched,inc_00360,360,SEVERE_MECHANICAL_TOW,BRAKE_PAD_WORN,prov_005_TOW_LIGHT,False,False,81.0709843773302,True,
TypeMatched,inc_00361,361,BATTERY_REPLACE,BRAKE_PAD_WORN,prov_001_TOW_HEAVY,True,False,34.70799658896849,False,
TypeMatched,inc_00362,362,BRAKE_PAD_WORN,BRAKE_PAD_WORN,prov_011_TOW_LIGHT,True,True,60.863833319361156,False,
TypeMatched,inc_00363,363,BATTERY_REPLACE,BATTERY_JUMP,prov_014_MOBILE_MECHANIC,True,False,38.85195031843322,False,
TypeMatched,inc_00364,364,BATTERY_REPLACE,BATTERY_REPLACE,prov_005_TOW_LIGHT,True,True,35.909510594990074,False,
TypeMatched,inc_00365,365,BELT_BROKEN,BRAKE_PAD_WORN,prov_012_TOW_HEAVY,True,False,37.22101422950102,False,
TypeMatched,inc_00366,366,BATTERY_REPLACE,BATTERY_REPLACE,prov_001_TOW_HEAVY,True,True,34.1534249997123,False,
TypeMatched,inc_00367,367,ELECTRICAL_FAULT_RAIN,BATTERY_JUMP,prov_006_TOW_LIGHT,True,False,92.94547410093243,False,
TypeMatched,inc_00368,368,BATTERY_JUMP,FUEL_PUMP,prov_012_TOW_HEAVY,True,False,21.89090802527404,False,
TypeMatched,inc_00369,369,BRAKE_PAD_WORN,BRAKE_PAD_WORN,prov_015_TOW_HEAVY,True,True,65.42437235662413,False,
TypeMatched,inc_00370,370,ELECTRICAL_FAULT_RAIN,BATTERY_REPLACE,prov_002_MOBILE_MECHANIC,True,False,95.1794117696314,False,
TypeMatched,inc_00371,371,ELECTRICAL_FAULT_RAIN,BRAKE_PAD_WORN,prov_001_TOW_HEAVY,True,False,91.55087612317612,False,
TypeMatched,inc_00372,372,COOLANT_LOW,BRAKE_PAD_WORN,prov_000_MOBILE_MECHANIC,True,False,12.879058544980467,False,
TypeMatched,inc_00373,373,BATTERY_REPLACE,STARTER_MOTOR,prov_017_MOBILE_MECHANIC,True,False,35.38727767950849,False,
TypeMatched,inc_00374,374,BRAKE_FAILURE,BRAKE_FAILURE,prov_010_TOW_LIGHT,True,True,95.06308313777228,False,
TypeMatched,inc_00375,375,TRANSMISSION_ISSUE,TRANSMISSION_ISSUE,prov_003_TOW_LIGHT,True,True,184.96894063965684,False,
TypeMatched,inc_00376,376,BATTERY_REPLACE,BATTERY_REPLACE,prov_010_TOW_LIGHT,True,True,31.861714947045083,False,
TypeMatched,inc_00377,377,ENGINE_OVERHEAT_SEVERE,RADIATOR_HOSE_LEAK,prov_009_TOW_LIGHT,True,False,124.39602617386178,False,
TypeMatched,inc_00378,378,ELECTRICAL_FAULT_RAIN,BATTERY_JUMP,prov_001_TOW_HEAVY,True,False,98.50622722719066,False,
TypeMatched,inc_00379,379,FUEL_FILTER_CLOGGED,BRAKE_PAD_WORN,prov_009_TOW_LIGHT,True,False,32.508140890901515,False,
TypeMatched,inc_00380,380,FUEL_FILTER_CLOGGED,BRAKE_PAD_WORN,prov_016_MOBILE_MECHANIC,True,False,29.583983117178512,False,
TypeMatched,inc_00381,381,STARTER_MOTOR,FUEL_PUMP,prov_009_TOW_LIGHT,True,False,64.10643784741109,False,
TypeMatched,inc_00382,382,BRAKE_PAD_WORN,BRAKE_PAD_WORN,prov_000_MOBILE_MECHANIC,True,True,66.54842374675816,False,
TypeMatched,inc_00383,383,STARTER_MOTOR,FUEL_PUMP,prov_013_MOBILE_MECHANIC,True,False,63.472106802440315,False,
TypeMatched,inc_00384,384,COOLANT_LOW,BRAKE_PAD_WORN,prov_015_TOW_HEAVY,True,False,15.586299877024892,False,
TypeMatched,inc_00385,385,TRANSMISSION_ISSUE,BRAKE_PAD_WORN,prov_010_TOW_LIGHT,True,False,181.75063134477145,False,
TypeMatched,inc_00386,386,BATTERY_TERMINAL_CLEAN,STARTER_MOTOR,prov_003_TOW_LIGHT,True,False,15.04786874228071,False,
TypeMatched,inc_00387,387,RADIATOR_HOSE_LEAK,BRAKE_PAD_WORN,prov_016_MOBILE_MECHANIC,True,False,36.157745585562836,False,
TypeMatched,inc_00388,388,BELT_BROKEN,BRAKE_PAD_WORN,prov_005_TOW_LIGHT,True,False,32.75645573484468,False,
TypeMatched,inc_00389,389,BATTERY_JUMP,BRAKE_PAD_WORN,prov_002_MOBILE_MECHANIC,True,False,21.51151416098387,False,
TypeMatched,inc_00390,390,TRANSMISSION_ISSUE,TRANSMISSION_ISSUE,prov_015_TOW_HEAVY,True,True,184.50775448714086,False,
TypeMatched,inc_00391,391,COOLANT_LOW,BRAKE_PAD_WORN,prov_006_TOW_LIGHT,True,False,13.471083906954828,False,
TypeMatched,inc_00392,392,ELECTRICAL_FAULT_RAIN,BATTERY_JUMP,prov_016_MOBILE_MECHANIC,True,False,96.10718502058393,False,
TypeMatched,inc_00393,393,ENGINE_OVERHEAT_SEVERE,BRAKE_PAD_WORN,prov_006_TOW_LIGHT,True,False,122.3773457611847,False,
TypeMatched,inc_00394,394,BRAKE_FAILURE,BRAKE_FAILURE,prov_003_TOW_LIGHT,True,True,91.59574710718891,False,
TypeMatched,inc_00395,395,IGNITION_SYSTEM,BRAKE_PAD_WORN,prov_001_TOW_HEAVY,True,False,65.28752110039224,False,
TypeMatched,inc_00396,396,IGNITION_SYSTEM,FUEL_PUMP,prov_014_MOBILE_MECHANIC,True,False,61.917902391531484,False,
TypeMatched,inc_00397,397,BATTERY_JUMP,BRAKE_PAD_WORN,prov_002_MOBILE_MECHANIC,True,False,19.270991614900282,False,
TypeMatched,inc_00398,398,BATTERY_TERMINAL_CLEAN,STARTER_MOTOR,prov_017_MOBILE_MECHANIC,True,False,17.343665711797556,False,
TypeMatched,inc_00399,399,RADIATOR_FAN_ISSUE,RADIATOR_FAN_ISSUE,prov_002_MOBILE_MECHANIC,True,True,45.83906484908156,False,
TypeMatched,inc_00400,400,FUEL_PUMP,FUEL_PUMP,prov_018_TOW_LIGHT,True,True,90.95377455133686,False,
TypeMatched,inc_00401,401,COOLANT_LOW,BRAKE_PAD_WORN,prov_003_TOW_LIGHT,True,False,13.986070440406717,False,
TypeMatched,inc_00402,402,FUEL_PUMP,STARTER_MOTOR,prov_014_MOBILE_MECHANIC,True,False,95.64459640233343,False,
TypeMatched,inc_00403,403,ALTERNATOR_ISSUE,BELT_BROKEN,prov_016_MOBILE_MECHANIC,True,False,61.91233229096088,False,
TypeMatched,inc_00404,404,BRAKE_FAILURE,BRAKE_FAILURE,prov_018_TOW_LIGHT,True,True,100.20146287277966,False,
TypeMatched,inc_00405,405,CLUTCH_WORN,TRANSMISSION_ISSUE,prov_006_TOW_LIGHT,True,False,159.80321683471993,False,
TypeMatched,inc_00406,406,BATTERY_REPLACE,BATTERY_REPLACE,prov_002_MOBILE_MECHANIC,True,True,30.829085892173943,False,
TypeMatched,inc_00407,407,ELECTRICAL_FAULT_RAIN,BRAKE_PAD_WORN,prov_012_TOW_HEAVY,True,False,97.74269807841078,False,
TypeMatched,inc_00408,408,ALTERNATOR_ISSUE,BELT_BROKEN,prov_012_TOW_HEAVY,True,False,62.473266464742224,False,
TypeMatched,inc_00409,409,CLUTCH_WORN,TRANSMISSION_ISSUE,prov_012_TOW_HEAVY,True,False,158.21829358506233,False,
TypeMatched,inc_00410,410,IGNITION_SYSTEM,FUEL_PUMP,prov_016_MOBILE_MECHANIC,True,False,67.71503706684815,False,
TypeMatched,inc_00411,411,BATTERY_JUMP,BRAKE_PAD_WORN,prov_009_TOW_LIGHT,True,False,16.300497493303283,False,
TypeMatched,inc_00412,412,BATTERY_TERMINAL_CLEAN,BATTERY_REPLACE,prov_002_MOBILE_MECHANIC,True,False,17.592913047087528,False,
TypeMatched,inc_00413,413,IGNITION_SYSTEM,FUEL_PUMP,prov_016_MOBILE_MECHANIC,True,False,66.04286247202839,False,
TypeMatched,inc_00414,414,SEVERE_MECHANICAL_TOW,BELT_BROKEN,prov_012_TOW_HEAVY,True,False,32.69492076552213,False,
TypeMatched,inc_00415,415,FUEL_PUMP,FUEL_PUMP,prov_017_MOBILE_MECHANIC,True,True,92.67779439060821,False,
TypeMatched,inc_00416,416,IGNITION_SYSTEM,BRAKE_PAD_WORN,prov_001_TOW_HEAVY,True,False,62.322845423346166,False,
TypeMatched,inc_00417,417,SEVERE_MECHANICAL_TOW,BELT_BROKEN,prov_013_MOBILE_MECHANIC,False,False,76.14581693153129,True,
TypeMatched,inc_00418,418,BELT_BROKEN,BRAKE_PAD_WORN,prov_003_TOW_LIGHT,True,False,33.00169703872268,False,
TypeMatched,inc_00419,419,RADIATOR_FAN_ISSUE,FUEL_FILTER_CLOGGED,prov_006_TOW_LIGHT,True,False,49.2473005171287,False,
TypeMatched,inc_00420,420,BRAKE_FAILURE,BRAKE_PAD_WORN,prov_001_TOW_HEAVY,True,False,93.79993973261207,False,
TypeMatched,inc_00421,421,BATTERY_REPLACE,BATTERY_REPLACE,prov_012_TOW_HEAVY,True,True,31.80018700865296,False,
TypeMatched,inc_00422,422,BRAKE_FAILURE,BRAKE_FAILURE,prov_011_TOW_LIGHT,True,True,94.17414983182658,False,
TypeMatched,inc_00423,423,RADIATOR_FAN_ISSUE,BRAKE_PAD_WORN,prov_012_TOW_HEAVY,True,False,52.5319662453192,False,
TypeMatched,inc_00424,424,ALTERNATOR_ISSUE,BRAKE_PAD_WORN,prov_010_TOW_LIGHT,True,False,63.4463508837524,False,
TypeMatched,inc_00425,425,BATTERY_REPLACE,BATTERY_JUMP,prov_000_MOBILE_MECHANIC,True,False,33.680690567336605,False,
TypeMatched,inc_00426,426,ALTERNATOR_ISSUE,BELT_BROKEN,prov_005_TOW_LIGHT,True,False,64.06736564496791,False,
TypeMatched,inc_00427,427,BATTERY_JUMP,FUEL_PUMP,prov_012_TOW_HEAVY,True,False,21.02231780353056,False,
TypeMatched,inc_00428,428,ALTERNATOR_ISSUE,FUEL_FILTER_CLOGGED,prov_002_MOBILE_MECHANIC,True,False,67.11009671024264,False,
TypeMatched,inc_00429,429,ELECTRICAL_FAULT_RAIN,BRAKE_PAD_WORN,prov_012_TOW_HEAVY,True,False,90.95281719884213,False,
TypeMatched,inc_00430,430,RADIATOR_FAN_ISSUE,RADIATOR_FAN_ISSUE,prov_016_MOBILE_MECHANIC,True,True,48.19463801967348,False,
TypeMatched,inc_00431,431,BATTERY_JUMP,BRAKE_PAD_WORN,prov_015_TOW_HEAVY,True,False,18.419619317369392,False,
TypeMatched,inc_00432,432,SEVERE_MECHANICAL_TOW,BELT_BROKEN,prov_015_TOW_HEAVY,True,False,37.32157544532418,False,
TypeMatched,inc_00433,433,TRANSMISSION_ISSUE,TRANSMISSION_ISSUE,prov_012_TOW_HEAVY,True,True,181.72816487278618,False,
TypeMatched,inc_00434,434,BRAKE_PAD_WORN,BRAKE_PAD_WORN,prov_002_MOBILE_MECHANIC,True,True,64.21774653532586,False,
TypeMatched,inc_00435,435,BATTERY_REPLACE,BRAKE_PAD_WORN,prov_005_TOW_LIGHT,True,False,35.54189518807896,False,
TypeMatched,inc_00436,436,IGNITION_SYSTEM,FUEL_PUMP,prov_014_MOBILE_MECHANIC,True,False,61.94468498527082,False,
TypeMatched,inc_00437,437,BATTERY_JUMP,BRAKE_PAD_WORN,prov_012_TOW_HEAVY,True,False,18.19708790440457,False,
TypeMatched,inc_00438,438,SEVERE_MECHANICAL_TOW,BRAKE_PAD_WORN,prov_002_MOBILE_MECHANIC,False,False,78.51221097271574,True,
TypeMatched,inc_00439,439,ENGINE_OVERHEAT_SEVERE,BRAKE_PAD_WORN,prov_003_TOW_LIGHT,True,False,122.8555938787494,False,
TypeMatched,inc_00440,440,BELT_BROKEN,BELT_BROKEN,prov_006_TOW_LIGHT,True,True,33.58677617971467,False,
TypeMatched,inc_00441,441,CLUTCH_WORN,BRAKE_PAD_WORN,prov_002_MOBILE_MECHANIC,False,False,196.88113614200682,True,
TypeMatched,inc_00442,442,BRAKE_PAD_WORN,BRAKE_PAD_WORN,prov_015_TOW_HEAVY,True,True,69.76509233910954,False,
TypeMatched,inc_00443,443,ELECTRICAL_FAULT_RAIN,BATTERY_JUMP,prov_002_MOBILE_MECHANIC,True,False,95.09204895521647,False,
TypeMatched,inc_00444,444,IGNITION_SYSTEM,BATTERY_JUMP,prov_002_MOBILE_MECHANIC,True,False,63.54523993505424,False,
TypeMatched,inc_00445,445,RADIATOR_HOSE_LEAK,ENGINE_OVERHEAT_SEVERE,prov_010_TOW_LIGHT,True,False,32.84065010014443,False,
TypeMatched,inc_00446,446,BRAKE_PAD_WORN,BRAKE_PAD_WORN,prov_012_TOW_HEAVY,True,True,63.73288554309704,False,
TypeMatched,inc_00447,447,RADIATOR_FAN_ISSUE,BRAKE_PAD_WORN,prov_001_TOW_HEAVY,True,False,52.484707631614945,False,
TypeMatched,inc_00448,448,FUEL_PUMP,BRAKE_PAD_WORN,prov_006_TOW_LIGHT,True,False,94.30849703770141,False,
TypeMatched,inc_00449,449,BRAKE_PAD_WORN,BRAKE_PAD_WORN,prov_006_TOW_LIGHT,True,True,62.278700888882476,False,
TypeMatched,inc_00450,450,FUEL_PUMP,BATTERY_JUMP,prov_013_MOBILE_MECHANIC,True,False,92.05224791844209,False,
TypeMatched,inc_00451,451,BRAKE_FAILURE,BRAKE_FAILURE,prov_011_TOW_LIGHT,True,True,100.21234214904321,False,
TypeMatched,inc_00452,452,ALTERNATOR_ISSUE,BELT_BROKEN,prov_000_MOBILE_MECHANIC,True,False,63.68780772078586,False,
TypeMatched,inc_00453,453,ENGINE_OVERHEAT_SEVERE,BRAKE_PAD_WORN,prov_005_TOW_LIGHT,True,False,122.51747080891299,False,
TypeMatched,inc_00454,454,BATTERY_JUMP,FUEL_PUMP,prov_017_MOBILE_MECHANIC,True,False,17.563515483033857,False,
TypeMatched,inc_00455,455,BRAKE_PAD_WORN,BRAKE_PAD_WORN,prov_002_MOBILE_MECHANIC,True,True,65.12369749022682,False,
TypeMatched,inc_00456,456,BATTERY_TERMINAL_CLEAN,BRAKE_PAD_WORN,prov_006_TOW_LIGHT,True,False,14.563479699956797,False,
TypeMatched,inc_00457,457,BRAKE_PAD_WORN,BRAKE_PAD_WORN,prov_002_MOBILE_MECHANIC,True,True,64.84323319212551,False,
TypeMatched,inc_00458,458,CLUTCH_WORN,BRAKE_PAD_WORN,prov_016_MOBILE_MECHANIC,False,False,196.16779361585688,True,
TypeMatched,inc_00459,459,ELECTRICAL_FAULT_RAIN,BRAKE_PAD_WORN,prov_012_TOW_HEAVY,True,False,92.11940750648564,False,
TypeMatched,inc_00460,460,BRAKE_PAD_WORN,BRAKE_PAD_WORN,prov_001_TOW_HEAVY,True,True,64.26003225998886,False,
TypeMatched,inc_00461,461,BATTERY_JUMP,FUEL_PUMP,prov_016_MOBILE_MECHANIC,True,False,18.57244959254573,False,
TypeMatched,inc_00462,462,ELECTRICAL_FAULT_RAIN,BATTERY_JUMP,prov_006_TOW_LIGHT,True,False,92.56982790324315,False,
TypeMatched,inc_00463,463,STARTER_MOTOR,BRAKE_PAD_WORN,prov_010_TOW_LIGHT,True,False,64.28006994155722,False,
TypeMatched,inc_00464,464,RADIATOR_FAN_ISSUE,COOLANT_LOW,prov_002_MOBILE_MECHANIC,True,False,52.465740248703945,False,
TypeMatched,inc_00465,465,IGNITION_SYSTEM,BRAKE_PAD_WORN,prov_009_TOW_LIGHT,True,False,63.98062436124151,False,
TypeMatched,inc_00466,466,ELECTRICAL_FAULT_RAIN,BATTERY_JUMP,prov_007_MOBILE_MECHANIC,True,False,93.94532583462794,False,
TypeMatched,inc_00467,467,BATTERY_REPLACE,STARTER_MOTOR,prov_002_MOBILE_MECHANIC,True,False,38.432034828126646,False,
TypeMatched,inc_00468,468,IGNITION_SYSTEM,BRAKE_PAD_WORN,prov_017_MOBILE_MECHANIC,True,False,62.92096094561905,False,
TypeMatched,inc_00469,469,CLUTCH_WORN,TRANSMISSION_ISSUE,prov_012_TOW_HEAVY,True,False,156.2431755565105,False,
TypeMatched,inc_00470,470,COOLANT_LOW,RADIATOR_FAN_ISSUE,prov_016_MOBILE_MECHANIC,True,False,11.419376587246358,False,
TypeMatched,inc_00471,471,FUEL_PUMP,FUEL_PUMP,prov_012_TOW_HEAVY,True,True,96.73150825660433,False,
TypeMatched,inc_00472,472,FUEL_FILTER_CLOGGED,BRAKE_PAD_WORN,prov_016_MOBILE_MECHANIC,True,False,33.60621494575761,False,
TypeMatched,inc_00473,473,RADIATOR_HOSE_LEAK,RADIATOR_HOSE_LEAK,prov_016_MOBILE_MECHANIC,True,True,37.82241118105011,False,
TypeMatched,inc_00474,474,ELECTRICAL_FAULT_RAIN,BRAKE_PAD_WORN,prov_017_MOBILE_MECHANIC,True,False,93.27122674300824,False,
TypeMatched,inc_00475,475,ALTERNATOR_ISSUE,ALTERNATOR_ISSUE,prov_001_TOW_HEAVY,True,True,61.83749138503147,False,
TypeMatched,inc_00476,476,IGNITION_SYSTEM,BRAKE_PAD_WORN,prov_013_MOBILE_MECHANIC,True,False,64.4601406111469,False,
TypeMatched,inc_00477,477,ALTERNATOR_ISSUE,BRAKE_PAD_WORN,prov_010_TOW_LIGHT,True,False,62.95201891799551,False,
TypeMatched,inc_00478,478,CLUTCH_WORN,BRAKE_PAD_WORN,prov_002_MOBILE_MECHANIC,False,False,200.12630005386995,True,
TypeMatched,inc_00479,479,IGNITION_SYSTEM,BRAKE_PAD_WORN,prov_013_MOBILE_MECHANIC,True,False,62.70463520458563,False,
TypeMatched,inc_00480,480,RADIATOR_FAN_ISSUE,FUEL_FILTER_CLOGGED,prov_002_MOBILE_MECHANIC,True,False,52.20099573701022,False,
TypeMatched,inc_00481,481,FUEL_FILTER_CLOGGED,FUEL_FILTER_CLOGGED,prov_014_MOBILE_MECHANIC,True,True,32.401628025136944,False,
TypeMatched,inc_00482,482,BRAKE_PAD_WORN,BRAKE_PAD_WORN,prov_014_MOBILE_MECHANIC,True,True,66.58361335455879,False,
TypeMatched,inc_00483,483,RADIATOR_FAN_ISSUE,RADIATOR_FAN_ISSUE,prov_015_TOW_HEAVY,True,True,45.8113908299968,False,
TypeMatched,inc_00484,484,CLUTCH_WORN,BRAKE_PAD_WORN,prov_001_TOW_HEAVY,True,False,153.10579596234612,False,
TypeMatched,inc_00485,485,COOLANT_LOW,FUEL_FILTER_CLOGGED,prov_013_MOBILE_MECHANIC,True,False,12.608566543319952,False,
TypeMatched,inc_00486,486,RADIATOR_FAN_ISSUE,RADIATOR_FAN_ISSUE,prov_017_MOBILE_MECHANIC,True,True,49.452192321238336,False,
TypeMatched,inc_00487,487,ALTERNATOR_ISSUE,BELT_BROKEN,prov_011_TOW_LIGHT,True,False,62.434717771145934,False,
TypeMatched,inc_00488,488,IGNITION_SYSTEM,BRAKE_PAD_WORN,prov_001_TOW_HEAVY,True,False,65.86327021580989,False,
TypeMatched,inc_00489,489,BATTERY_TERMINAL_CLEAN,BRAKE_PAD_WORN,prov_003_TOW_LIGHT,True,False,16.692030666733874,False,
TypeMatched,inc_00490,490,SEVERE_MECHANICAL_TOW,BRAKE_PAD_WORN,prov_010_TOW_LIGHT,False,False,75.94792270221872,True,
TypeMatched,inc_00491,491,ENGINE_OVERHEAT_SEVERE,RADIATOR_HOSE_LEAK,prov_016_MOBILE_MECHANIC,False,False,169.6752335654586,True,
TypeMatched,inc_00492,492,ELECTRICAL_FAULT_RAIN,BATTERY_JUMP,prov_001_TOW_HEAVY,True,False,95.08539267790002,False,
TypeMatched,inc_00493,493,RADIATOR_HOSE_LEAK,ENGINE_OVERHEAT_SEVERE,prov_018_TOW_LIGHT,True,False,39.07574907170239,False,
TypeMatched,inc_00494,494,STARTER_MOTOR,FUEL_PUMP,prov_012_TOW_HEAVY,True,False,62.91623031988279,False,
TypeMatched,inc_00495,495,SEVERE_MECHANICAL_TOW,BELT_BROKEN,prov_002_MOBILE_MECHANIC,False,False,79.51133281522215,True,
TypeMatched,inc_00496,496,ELECTRICAL_FAULT_RAIN,BRAKE_PAD_WORN,prov_006_TOW_LIGHT,True,False,92.80282160826464,False,
TypeMatched,inc_00497,497,BRAKE_PAD_WORN,BRAKE_PAD_WORN,prov_015_TOW_HEAVY,True,True,63.53750027977678,False,
TypeMatched,inc_00498,498,RADIATOR_HOSE_LEAK,BRAKE_PAD_WORN,prov_015_TOW_HEAVY,True,False,36.897801744475466,False,
TypeMatched,inc_00499,499,BRAKE_PAD_WORN,BRAKE_PAD_WORN,prov_012_TOW_HEAVY,True,True,62.57056049463944,False,
TypeMatched,inc_00500,500,COOLANT_LOW,RADIATOR_FAN_ISSUE,prov_006_TOW_LIGHT,True,False,13.558226031513033,False,
TypeMatched,inc_00501,501,STARTER_MOTOR,FUEL_PUMP,prov_003_TOW_LIGHT,True,False,64.41023321718872,False,
TypeMatched,inc_00502,502,BRAKE_PAD_WORN,BRAKE_PAD_WORN,prov_005_TOW_LIGHT,True,True,65.00228038769777,False,
TypeMatched,inc_00503,503,BATTERY_REPLACE,BATTERY_REPLACE,prov_001_TOW_HEAVY,True,True,32.22061835034179,False,
TypeMatched,inc_00504,504,CLUTCH_WORN,TRANSMISSION_ISSUE,prov_006_TOW_LIGHT,True,False,155.79421983344054,False,
TypeMatched,inc_00505,505,STARTER_MOTOR,FUEL_PUMP,prov_012_TOW_HEAVY,True,False,63.53442660797267,False,
TypeMatched,inc_00506,506,BRAKE_PAD_WORN,BRAKE_PAD_WORN,prov_006_TOW_LIGHT,True,True,64.6189668522582,False,
TypeMatched,inc_00507,507,BELT_BROKEN,BRAKE_PAD_WORN,prov_017_MOBILE_MECHANIC,True,False,32.20415986399212,False,
TypeMatched,inc_00508,508,ELECTRICAL_FAULT_RAIN,BATTERY_JUMP,prov_017_MOBILE_MECHANIC,True,False,93.29158789842445,False,
TypeMatched,inc_00509,509,BRAKE_PAD_WORN,BRAKE_PAD_WORN,prov_013_MOBILE_MECHANIC,True,True,66.32818043808136,False,
TypeMatched,inc_00510,510,ALTERNATOR_ISSUE,ALTERNATOR_ISSUE,prov_002_MOBILE_MECHANIC,True,True,66.32778043992434,False,
TypeMatched,inc_00511,511,CLUTCH_WORN,TRANSMISSION_ISSUE,prov_018_TOW_LIGHT,True,False,154.38237163015424,False,
TypeMatched,inc_00512,512,ELECTRICAL_FAULT_RAIN,STARTER_MOTOR,prov_017_MOBILE_MECHANIC,True,False,91.86446315584344,False,
TypeMatched,inc_00513,513,IGNITION_SYSTEM,FUEL_PUMP,prov_002_MOBILE_MECHANIC,True,False,66.43723693124807,False,
TypeMatched,inc_00514,514,FUEL_PUMP,FUEL_PUMP,prov_002_MOBILE_MECHANIC,True,True,91.55411209264538,False,
TypeMatched,inc_00515,515,CLUTCH_WORN,TRANSMISSION_ISSUE,prov_006_TOW_LIGHT,True,False,157.97179150268897,False,
TypeMatched,inc_00516,516,ENGINE_OVERHEAT_SEVERE,RADIATOR_HOSE_LEAK,prov_002_MOBILE_MECHANIC,False,False,167.05379162073882,True,
TypeMatched,inc_00517,517,IGNITION_SYSTEM,FUEL_PUMP,prov_012_TOW_HEAVY,True,False,63.21790069640401,False,
TypeMatched,inc_00518,518,BATTERY_REPLACE,BATTERY_JUMP,prov_002_MOBILE_MECHANIC,True,False,34.173376033565994,False,
TypeMatched,inc_00519,519,BATTERY_REPLACE,BATTERY_REPLACE,prov_013_MOBILE_MECHANIC,True,True,34.77246496216117,False,
TypeMatched,inc_00520,520,BRAKE_PAD_WORN,BRAKE_PAD_WORN,prov_001_TOW_HEAVY,True,True,64.1693545058738,False,
TypeMatched,inc_00521,521,BATTERY_JUMP,BRAKE_PAD_WORN,prov_002_MOBILE_MECHANIC,True,False,22.345159710767344,False,
TypeMatched,inc_00522,522,RADIATOR_FAN_ISSUE,BRAKE_PAD_WORN,prov_002_MOBILE_MECHANIC,True,False,48.8438442048269,False,
TypeMatched,inc_00523,523,RADIATOR_FAN_ISSUE,RADIATOR_FAN_ISSUE,prov_003_TOW_LIGHT,True,True,47.67270357828978,False,
TypeMatched,inc_00524,524,STARTER_MOTOR,BRAKE_PAD_WORN,prov_009_TOW_LIGHT,True,False,67.06811351179167,False,
TypeMatched,inc_00525,525,ELECTRICAL_FAULT_RAIN,BATTERY_JUMP,prov_012_TOW_HEAVY,True,False,96.29890625506762,False,
TypeMatched,inc_00526,526,CLUTCH_WORN,TRANSMISSION_ISSUE,prov_011_TOW_LIGHT,True,False,157.522929664518,False,
TypeMatched,inc_00527,527,COOLANT_LOW,BRAKE_PAD_WORN,prov_012_TOW_HEAVY,True,False,19.058190728820747,False,
TypeMatched,inc_00528,528,SEVERE_MECHANICAL_TOW,BELT_BROKEN,prov_002_MOBILE_MECHANIC,False,False,80.34037309166396,True,
TypeMatched,inc_00529,529,STARTER_MOTOR,BRAKE_PAD_WORN,prov_014_MOBILE_MECHANIC,True,False,64.82179801471318,False,
TypeMatched,inc_00530,530,BELT_BROKEN,BRAKE_PAD_WORN,prov_006_TOW_LIGHT,True,False,33.79856713555772,False,
TypeMatched,inc_00531,531,ALTERNATOR_ISSUE,BELT_BROKEN,prov_002_MOBILE_MECHANIC,True,False,63.083347324357355,False,
TypeMatched,inc_00532,532,BELT_BROKEN,BELT_BROKEN,prov_002_MOBILE_MECHANIC,True,True,36.73074055241702,False,
TypeMatched,inc_00533,533,BATTERY_JUMP,FUEL_PUMP,prov_014_MOBILE_MECHANIC,True,False,20.1020840808364,False,
TypeMatched,inc_00534,534,ALTERNATOR_ISSUE,BELT_BROKEN,prov_013_MOBILE_MECHANIC,True,False,62.39421624496775,False,
TypeMatched,inc_00535,535,ENGINE_OVERHEAT_SEVERE,BRAKE_PAD_WORN,prov_012_TOW_HEAVY,True,False,122.10110462839235,False,
TypeMatched,inc_00536,536,ALTERNATOR_ISSUE,BRAKE_PAD_WORN,prov_005_TOW_LIGHT,True,False,61.181723357044106,False,
TypeMatched,inc_00537,537,BATTERY_JUMP,FUEL_PUMP,prov_001_TOW_HEAVY,True,False,19.108767197948257,False,
TypeMatched,inc_00538,538,BATTERY_JUMP,BRAKE_PAD_WORN,prov_015_TOW_HEAVY,True,False,19.534837059270377,False,
TypeMatched,inc_00539,539,BATTERY_JUMP,FUEL_PUMP,prov_015_TOW_HEAVY,True,False,23.695405765627648,False,
TypeMatched,inc_00540,540,BATTERY_JUMP,BRAKE_PAD_WORN,prov_017_MOBILE_MECHANIC,True,False,19.880466325684278,False,
TypeMatched,inc_00541,541,FUEL_PUMP,FUEL_PUMP,prov_001_TOW_HEAVY,True,True,92.47445627148035,False,
TypeMatched,inc_00542,542,BATTERY_TERMINAL_CLEAN,STARTER_MOTOR,prov_012_TOW_HEAVY,True,False,18.373428854845127,False,
TypeMatched,inc_00543,543,CLUTCH_WORN,TRANSMISSION_ISSUE,prov_018_TOW_LIGHT,True,False,152.64092433491012,False,
TypeMatched,inc_00544,544,BRAKE_FAILURE,BRAKE_FAILURE,prov_005_TOW_LIGHT,True,True,97.50301098296376,False,
TypeMatched,inc_00545,545,ALTERNATOR_ISSUE,BRAKE_PAD_WORN,prov_014_MOBILE_MECHANIC,True,False,64.49212955126345,False,
TypeMatched,inc_00546,546,BRAKE_PAD_WORN,BRAKE_PAD_WORN,prov_001_TOW_HEAVY,True,True,60.94895071921919,False,
TypeMatched,inc_00547,547,SEVERE_MECHANICAL_TOW,BRAKE_PAD_WORN,prov_001_TOW_HEAVY,True,False,35.728838491102906,False,
TypeMatched,inc_00548,548,FUEL_PUMP,FUEL_PUMP,prov_003_TOW_LIGHT,True,True,94.99619692208772,False,
TypeMatched,inc_00549,549,SEVERE_MECHANICAL_TOW,BELT_BROKEN,prov_003_TOW_LIGHT,False,False,80.57640171605144,True,
TypeMatched,inc_00550,550,FUEL_PUMP,BRAKE_PAD_WORN,prov_013_MOBILE_MECHANIC,True,False,93.80832654789603,False,
TypeMatched,inc_00551,551,RADIATOR_FAN_ISSUE,COOLANT_LOW,prov_002_MOBILE_MECHANIC,True,False,49.5967323799093,False,
TypeMatched,inc_00552,552,ELECTRICAL_FAULT_RAIN,BRAKE_PAD_WORN,prov_017_MOBILE_MECHANIC,True,False,94.96470974252654,False,
TypeMatched,inc_00553,553,BATTERY_JUMP,BRAKE_PAD_WORN,prov_007_MOBILE_MECHANIC,True,False,16.67929329651022,False,
TypeMatched,inc_00554,554,BRAKE_PAD_WORN,BRAKE_PAD_WORN,prov_002_MOBILE_MECHANIC,True,True,68.52526624346679,False,
TypeMatched,inc_00555,555,IGNITION_SYSTEM,FUEL_PUMP,prov_001_TOW_HEAVY,True,False,64.53024018944868,False,
TypeMatched,inc_00556,556,RADIATOR_HOSE_LEAK,FUEL_FILTER_CLOGGED,prov_016_MOBILE_MECHANIC,True,False,32.10368632315702,False,
TypeMatched,inc_00557,557,FUEL_PUMP,STARTER_MOTOR,prov_000_MOBILE_MECHANIC,True,False,93.21572594891481,False,
TypeMatched,inc_00558,558,BATTERY_JUMP,FUEL_PUMP,prov_016_MOBILE_MECHANIC,True,False,20.94925074009142,False,
TypeMatched,inc_00559,559,COOLANT_LOW,BRAKE_PAD_WORN,prov_013_MOBILE_MECHANIC,True,False,13.630515770960995,False,
TypeMatched,inc_00560,560,STARTER_MOTOR,FUEL_PUMP,prov_017_MOBILE_MECHANIC,True,False,61.91354550947241,False,
TypeMatched,inc_00561,561,BATTERY_JUMP,BRAKE_PAD_WORN,prov_012_TOW_HEAVY,True,False,20.44604675453411,False,
TypeMatched,inc_00562,562,TRANSMISSION_ISSUE,BRAKE_PAD_WORN,prov_016_MOBILE_MECHANIC,False,False,230.04690885106106,True,
TypeMatched,inc_00563,563,BRAKE_FAILURE,BRAKE_FAILURE,prov_006_TOW_LIGHT,True,True,98.22782478158322,False,
TypeMatched,inc_00564,564,BELT_BROKEN,BRAKE_PAD_WORN,prov_001_TOW_HEAVY,True,False,33.74902028351592,False,
TypeMatched,inc_00565,565,ALTERNATOR_ISSUE,BRAKE_PAD_WORN,prov_006_TOW_LIGHT,True,False,64.48367752585608,False,
TypeMatched,inc_00566,566,RADIATOR_HOSE_LEAK,RADIATOR_HOSE_LEAK,prov_000_MOBILE_MECHANIC,True,True,35.31709832767203,False,
TypeMatched,inc_00567,567,BATTERY_REPLACE,BATTERY_JUMP,prov_016_MOBILE_MECHANIC,True,False,30.293014193875646,False,
TypeMatched,inc_00568,568,STARTER_MOTOR,FUEL_PUMP,prov_001_TOW_HEAVY,True,False,63.636580688664964,False,
TypeMatched,inc_00569,569,BATTERY_REPLACE,STARTER_MOTOR,prov_011_TOW_LIGHT,True,False,32.43834057772565,False,
TypeMatched,inc_00570,570,BRAKE_PAD_WORN,BRAKE_PAD_WORN,prov_014_MOBILE_MECHANIC,True,True,69.36183616408852,False,
TypeMatched,inc_00571,571,STARTER_MOTOR,FUEL_PUMP,prov_017_MOBILE_MECHANIC,True,False,62.139689181898035,False,
TypeMatched,inc_00572,572,BATTERY_REPLACE,BRAKE_PAD_WORN,prov_018_TOW_LIGHT,True,False,33.628571469326864,False,
TypeMatched,inc_00573,573,ALTERNATOR_ISSUE,BELT_BROKEN,prov_010_TOW_LIGHT,True,False,65.60360897499595,False,
TypeMatched,inc_00574,574,FUEL_PUMP,BATTERY_JUMP,prov_006_TOW_LIGHT,True,False,90.3733731038403,False,
TypeMatched,inc_00575,575,TRANSMISSION_ISSUE,TRANSMISSION_ISSUE,prov_006_TOW_LIGHT,True,True,183.19342741064224,False,
TypeMatched,inc_00576,576,IGNITION_SYSTEM,FUEL_PUMP,prov_002_MOBILE_MECHANIC,True,False,64.7872103100561,False,
TypeMatched,inc_00577,577,BELT_BROKEN,BRAKE_PAD_WORN,prov_016_MOBILE_MECHANIC,True,False,33.16678204195932,False,
TypeMatched,inc_00578,578,ELECTRICAL_FAULT_RAIN,BATTERY_JUMP,prov_016_MOBILE_MECHANIC,True,False,96.29216443447683,False,
TypeMatched,inc_00579,579,BATTERY_JUMP,BRAKE_PAD_WORN,prov_011_TOW_LIGHT,True,False,18.485844300783683,False,
TypeMatched,inc_00580,580,BRAKE_FAILURE,BRAKE_FAILURE,prov_012_TOW_HEAVY,True,True,95.37195971645811,False,
TypeMatched,inc_00581,581,TRANSMISSION_ISSUE,TRANSMISSION_ISSUE,prov_010_TOW_LIGHT,True,True,185.87443091644468,False,
TypeMatched,inc_00582,582,ENGINE_OVERHEAT_SEVERE,BRAKE_PAD_WORN,prov_014_MOBILE_MECHANIC,False,False,169.63836345770244,True,
TypeMatched,inc_00583,583,COOLANT_LOW,BRAKE_PAD_WORN,prov_017_MOBILE_MECHANIC,True,False,12.128227477398642,False,
TypeMatched,inc_00584,584,BATTERY_JUMP,BRAKE_PAD_WORN,prov_010_TOW_LIGHT,True,False,18.050378955482834,False,
TypeMatched,inc_00585,585,ELECTRICAL_FAULT_RAIN,BATTERY_REPLACE,prov_010_TOW_LIGHT,True,False,91.11985187797177,False,
TypeMatched,inc_00586,586,BATTERY_REPLACE,BATTERY_REPLACE,prov_017_MOBILE_MECHANIC,True,True,31.812209817875413,False,
TypeMatched,inc_00587,587,RADIATOR_FAN_ISSUE,BRAKE_PAD_WORN,prov_002_MOBILE_MECHANIC,True,False,47.86886443528697,False,
TypeMatched,inc_00588,588,BRAKE_FAILURE,BRAKE_FAILURE,prov_005_TOW_LIGHT,True,True,95.78166751331904,False,
TypeMatched,inc_00589,589,BRAKE_PAD_WORN,BRAKE_PAD_WORN,prov_003_TOW_LIGHT,True,True,66.87743517386468,False,
TypeMatched,inc_00590,590,ELECTRICAL_FAULT_RAIN,BRAKE_PAD_WORN,prov_000_MOBILE_MECHANIC,True,False,93.47706319898373,False,
TypeMatched,inc_00591,591,BRAKE_PAD_WORN,BRAKE_PAD_WORN,prov_012_TOW_HEAVY,True,True,68.318763833174,False,
TypeMatched,inc_00592,592,RADIATOR_HOSE_LEAK,ENGINE_OVERHEAT_SEVERE,prov_006_TOW_LIGHT,True,False,40.39443525053338,False,
TypeMatched,inc_00593,593,TRANSMISSION_ISSUE,TRANSMISSION_ISSUE,prov_012_TOW_HEAVY,True,True,185.43785264566228,False,
TypeMatched,inc_00594,594,ENGINE_OVERHEAT_SEVERE,BRAKE_PAD_WORN,prov_016_MOBILE_MECHANIC,False,False,169.7416546389238,True,
TypeMatched,inc_00595,595,RADIATOR_HOSE_LEAK,COOLANT_LOW,prov_005_TOW_LIGHT,True,False,31.05797917499742,False,
TypeMatched,inc_00596,596,BRAKE_FAILURE,BRAKE_PAD_WORN,prov_012_TOW_HEAVY,True,False,95.45355187440055,False,
TypeMatched,inc_00597,597,RADIATOR_HOSE_LEAK,BRAKE_PAD_WORN,prov_002_MOBILE_MECHANIC,True,False,32.58301539380049,False,
TypeMatched,inc_00598,598,BATTERY_JUMP,FUEL_PUMP,prov_003_TOW_LIGHT,True,False,17.26955372002812,False,
TypeMatched,inc_00599,599,IGNITION_SYSTEM,BRAKE_PAD_WORN,prov_002_MOBILE_MECHANIC,True,False,67.19268147547002,False,
TypeMatched,inc_00600,600,ALTERNATOR_ISSUE,FUEL_FILTER_CLOGGED,prov_009_TOW_LIGHT,True,False,64.44325093170409,False,
TypeMatched,inc_00601,601,RADIATOR_FAN_ISSUE,RADIATOR_FAN_ISSUE,prov_010_TOW_LIGHT,True,True,46.53357243419821,False,
TypeMatched,inc_00602,602,BATTERY_JUMP,BRAKE_PAD_WORN,prov_002_MOBILE_MECHANIC,True,False,17.311647049502874,False,
TypeMatched,inc_00603,603,BATTERY_REPLACE,BATTERY_REPLACE,prov_005_TOW_LIGHT,True,True,36.54122698665887,False,
TypeMatched,inc_00604,604,BATTERY_REPLACE,BATTERY_JUMP,prov_016_MOBILE_MECHANIC,True,False,31.247868249266148,False,
TypeMatched,inc_00605,605,BATTERY_JUMP,FUEL_PUMP,prov_010_TOW_LIGHT,True,False,16.348309508056207,False,
TypeMatched,inc_00606,606,STARTER_MOTOR,BRAKE_PAD_WORN,prov_005_TOW_LIGHT,True,False,62.50739994500652,False,
TypeMatched,inc_00607,607,CLUTCH_WORN,BRAKE_PAD_WORN,prov_012_TOW_HEAVY,True,False,152.25026947163855,False,
TypeMatched,inc_00608,608,STARTER_MOTOR,BRAKE_PAD_WORN,prov_007_MOBILE_MECHANIC,True,False,61.86215634148393,False,
TypeMatched,inc_00609,609,BRAKE_PAD_WORN,BRAKE_PAD_WORN,prov_015_TOW_HEAVY,True,True,65.6762322840236,False,
TypeMatched,inc_00610,610,IGNITION_SYSTEM,FUEL_PUMP,prov_016_MOBILE_MECHANIC,True,False,65.1588348182926,False,
TypeMatched,inc_00611,611,ELECTRICAL_FAULT_RAIN,BATTERY_JUMP,prov_013_MOBILE_MECHANIC,True,False,92.50408986106153,False,
TypeMatched,inc_00612,612,IGNITION_SYSTEM,FUEL_PUMP,prov_005_TOW_LIGHT,True,False,65.39643968908949,False,
TypeMatched,inc_00613,613,ELECTRICAL_FAULT_RAIN,BRAKE_PAD_WORN,prov_000_MOBILE_MECHANIC,True,False,92.07270707802465,False,
TypeMatched,inc_00614,614,CLUTCH_WORN,TRANSMISSION_ISSUE,prov_010_TOW_LIGHT,True,False,153.22645630858958,False,
TypeMatched,inc_00615,615,COOLANT_LOW,RADIATOR_FAN_ISSUE,prov_002_MOBILE_MECHANIC,True,False,16.136489668052317,False,
TypeMatched,inc_00616,616,CLUTCH_WORN,TRANSMISSION_ISSUE,prov_010_TOW_LIGHT,True,False,155.22247986967133,False,
TypeMatched,inc_00617,617,ALTERNATOR_ISSUE,BELT_BROKEN,prov_014_MOBILE_MECHANIC,True,False,67.14400034688198,False,
TypeMatched,inc_00618,618,BRAKE_FAILURE,BRAKE_FAILURE,prov_005_TOW_LIGHT,True,True,97.9617779417146,False,
TypeMatched,inc_00619,619,BATTERY_REPLACE,BATTERY_JUMP,prov_005_TOW_LIGHT,True,False,38.758038535170186,False,
TypeMatched,inc_00620,620,CLUTCH_WORN,TRANSMISSION_ISSUE,prov_018_TOW_LIGHT,True,False,156.1748807220871,False,
TypeMatched,inc_00621,621,ALTERNATOR_ISSUE,ALTERNATOR_ISSUE,prov_017_MOBILE_MECHANIC,True,True,66.93038452023487,False,
TypeMatched,inc_00622,622,SEVERE_MECHANICAL_TOW,BRAKE_PAD_WORN,prov_010_TOW_LIGHT,False,False,77.48330885109517,True,
TypeMatched,inc_00623,623,BATTERY_JUMP,BRAKE_PAD_WORN,prov_006_TOW_LIGHT,True,False,20.185256202039454,False,
TypeMatched,inc_00624,624,BRAKE_PAD_WORN,BRAKE_PAD_WORN,prov_017_MOBILE_MECHANIC,True,True,62.37257582338611,False,
TypeMatched,inc_00625,625,FUEL_FILTER_CLOGGED,BRAKE_PAD_WORN,prov_002_MOBILE_MECHANIC,True,False,26.64940563707253,False,
TypeMatched,inc_00626,626,FUEL_FILTER_CLOGGED,BRAKE_PAD_WORN,prov_001_TOW_HEAVY,True,False,31.156141838000423,False,
TypeMatched,inc_00627,627,BATTERY_TERMINAL_CLEAN,BRAKE_PAD_WORN,prov_016_MOBILE_MECHANIC,True,False,13.747129613382635,False,
TypeMatched,inc_00628,628,FUEL_PUMP,FUEL_PUMP,prov_012_TOW_HEAVY,True,True,95.77931247377597,False,
TypeMatched,inc_00629,629,IGNITION_SYSTEM,BATTERY_JUMP,prov_003_TOW_LIGHT,True,False,63.80242407622643,False,
TypeMatched,inc_00630,630,BELT_BROKEN,BRAKE_PAD_WORN,prov_015_TOW_HEAVY,True,False,32.437449142306065,False,
TypeMatched,inc_00631,631,BATTERY_REPLACE,BRAKE_PAD_WORN,prov_001_TOW_HEAVY,True,False,33.898462273594845,False,
TypeMatched,inc_00632,632,TRANSMISSION_ISSUE,TRANSMISSION_ISSUE,prov_001_TOW_HEAVY,True,True,182.61418709072387,False,
TypeMatched,inc_00633,633,RADIATOR_FAN_ISSUE,RADIATOR_FAN_ISSUE,prov_015_TOW_HEAVY,True,True,54.13725521106481,False,
TypeMatched,inc_00634,634,COOLANT_LOW,BRAKE_PAD_WORN,prov_010_TOW_LIGHT,True,False,13.120765806453871,False,
TypeMatched,inc_00635,635,ALTERNATOR_ISSUE,BELT_BROKEN,prov_006_TOW_LIGHT,True,False,63.18400839350312,False,
TypeMatched,inc_00636,636,SEVERE_MECHANICAL_TOW,BELT_BROKEN,prov_013_MOBILE_MECHANIC,False,False,76.6148242288341,True,
TypeMatched,inc_00637,637,ELECTRICAL_FAULT_RAIN,BRAKE_PAD_WORN,prov_016_MOBILE_MECHANIC,True,False,97.68109744133655,False,
TypeMatched,inc_00638,638,COOLANT_LOW,BRAKE_PAD_WORN,prov_007_MOBILE_MECHANIC,True,False,12.500766853528699,False,
TypeMatched,inc_00639,639,BELT_BROKEN,BELT_BROKEN,prov_016_MOBILE_MECHANIC,True,True,36.87533497015473,False,
TypeMatched,inc_00640,640,ELECTRICAL_FAULT_RAIN,BATTERY_JUMP,prov_014_MOBILE_MECHANIC,True,False,94.895004447743,False,
TypeMatched,inc_00641,641,BRAKE_PAD_WORN,BRAKE_PAD_WORN,prov_006_TOW_LIGHT,True,True,63.24122849434749,False,
TypeMatched,inc_00642,642,IGNITION_SYSTEM,BRAKE_PAD_WORN,prov_016_MOBILE_MECHANIC,True,False,63.26923026893481,False,
TypeMatched,inc_00643,643,IGNITION_SYSTEM,FUEL_PUMP,prov_007_MOBILE_MECHANIC,True,False,60.74172036353114,False,
TypeMatched,inc_00644,644,BATTERY_JUMP,FUEL_PUMP,prov_005_TOW_LIGHT,True,False,20.34724604999099,False,
TypeMatched,inc_00645,645,ENGINE_OVERHEAT_SEVERE,ENGINE_OVERHEAT_SEVERE,prov_001_TOW_HEAVY,True,True,129.72954230721064,False,
TypeMatched,inc_00646,646,BATTERY_REPLACE,BATTERY_JUMP,prov_016_MOBILE_MECHANIC,True,False,34.270331974727426,False,
TypeMatched,inc_00647,647,SEVERE_MECHANICAL_TOW,BRAKE_PAD_WORN,prov_006_TOW_LIGHT,False,False,78.35686578525878,True,
TypeMatched,inc_00648,648,ALTERNATOR_ISSUE,FUEL_FILTER_CLOGGED,prov_012_TOW_HEAVY,True,False,67.21049222242662,False,
TypeMatched,inc_00649,649,BATTERY_JUMP,FUEL_PUMP,prov_012_TOW_HEAVY,True,False,21.90780145633794,False,
TypeMatched,inc_00650,650,BRAKE_PAD_WORN,BRAKE_PAD_WORN,prov_017_MOBILE_MECHANIC,True,True,62.26006545579315,False,
TypeMatched,inc_00651,651,BATTERY_JUMP,BRAKE_PAD_WORN,prov_001_TOW_HEAVY,True,False,18.547060342051495,False,
TypeMatched,inc_00652,652,COOLANT_LOW,RADIATOR_HOSE_LEAK,prov_000_MOBILE_MECHANIC,True,False,10.397797713716853,False,
TypeMatched,inc_00653,653,FUEL_FILTER_CLOGGED,FUEL_FILTER_CLOGGED,prov_017_MOBILE_MECHANIC,True,True,31.736540990628377,False,
TypeMatched,inc_00654,654,COOLANT_LOW,COOLANT_LOW,prov_007_MOBILE_MECHANIC,True,True,12.820720606293495,False,
TypeMatched,inc_00655,655,ELECTRICAL_FAULT_RAIN,BRAKE_PAD_WORN,prov_017_MOBILE_MECHANIC,True,False,96.42569056429221,False,
TypeMatched,inc_00656,656,IGNITION_SYSTEM,FUEL_PUMP,prov_014_MOBILE_MECHANIC,True,False,68.13347087796703,False,
TypeMatched,inc_00657,657,ALTERNATOR_ISSUE,BELT_BROKEN,prov_002_MOBILE_MECHANIC,True,False,66.84626926197123,False,
TypeMatched,inc_00658,658,IGNITION_SYSTEM,FUEL_PUMP,prov_006_TOW_LIGHT,True,False,65.18087047802256,False,
TypeMatched,inc_00659,659,BATTERY_REPLACE,BATTERY_JUMP,prov_014_MOBILE_MECHANIC,True,False,36.01506835781717,False,
TypeMatched,inc_00660,660,BATTERY_REPLACE,STARTER_MOTOR,prov_015_TOW_HEAVY,True,False,38.303169029066076,False,
TypeMatched,inc_00661,661,BATTERY_JUMP,FUEL_PUMP,prov_001_TOW_HEAVY,True,False,20.203129235499595,False,
TypeMatched,inc_00662,662,ALTERNATOR_ISSUE,FUEL_FILTER_CLOGGED,prov_017_MOBILE_MECHANIC,True,False,61.91951814182504,False,
TypeMatched,inc_00663,663,BRAKE_PAD_WORN,BRAKE_PAD_WORN,prov_000_MOBILE_MECHANIC,True,True,66.16602518986313,False,
TypeMatched,inc_00664,664,RADIATOR_FAN_ISSUE,BRAKE_PAD_WORN,prov_016_MOBILE_MECHANIC,True,False,51.86640262480175,False,
TypeMatched,inc_00665,665,TRANSMISSION_ISSUE,BRAKE_PAD_WORN,prov_001_TOW_HEAVY,True,False,182.94582197691736,False,
TypeMatched,inc_00666,666,TRANSMISSION_ISSUE,TRANSMISSION_ISSUE,prov_018_TOW_LIGHT,True,True,185.8066340096752,False,
TypeMatched,inc_00667,667,BRAKE_PAD_WORN,BRAKE_PAD_WORN,prov_002_MOBILE_MECHANIC,True,True,63.801181250458676,False,
TypeMatched,inc_00668,668,FUEL_PUMP,BATTERY_JUMP,prov_006_TOW_LIGHT,True,False,94.44134404821853,False,
TypeMatched,inc_00669,669,COOLANT_LOW,BRAKE_PAD_WORN,prov_012_TOW_HEAVY,True,False,16.424819200247207,False,
TypeMatched,inc_00670,670,CLUTCH_WORN,BRAKE_PAD_WORN,prov_002_MOBILE_MECHANIC,False,False,204.42728155863966,True,
TypeMatched,inc_00671,671,COOLANT_LOW,BRAKE_PAD_WORN,prov_002_MOBILE_MECHANIC,True,False,16.332496222632162,False,
TypeMatched,inc_00672,672,TRANSMISSION_ISSUE,BRAKE_PAD_WORN,prov_009_TOW_LIGHT,True,False,184.0073443890436,False,
TypeMatched,inc_00673,673,FUEL_FILTER_CLOGGED,BRAKE_PAD_WORN,prov_012_TOW_HEAVY,True,False,31.7361610424851,False,
TypeMatched,inc_00674,674,CLUTCH_WORN,BRAKE_PAD_WORN,prov_013_MOBILE_MECHANIC,False,False,198.24731187116686,True,
TypeMatched,inc_00675,675,ALTERNATOR_ISSUE,BELT_BROKEN,prov_016_MOBILE_MECHANIC,True,False,66.1556828270304,False,
TypeMatched,inc_00676,676,FUEL_FILTER_CLOGGED,FUEL_FILTER_CLOGGED,prov_010_TOW_LIGHT,True,True,27.12078316605562,False,
TypeMatched,inc_00677,677,STARTER_MOTOR,FUEL_PUMP,prov_006_TOW_LIGHT,True,False,64.38411816610521,False,
TypeMatched,inc_00678,678,BATTERY_JUMP,BRAKE_PAD_WORN,prov_013_MOBILE_MECHANIC,True,False,20.668629689717793,False,
TypeMatched,inc_00679,679,SEVERE_MECHANICAL_TOW,BRAKE_PAD_WORN,prov_012_TOW_HEAVY,True,False,36.37359229110669,False,
TypeMatched,inc_00680,680,BATTERY_REPLACE,STARTER_MOTOR,prov_012_TOW_HEAVY,True,False,33.26983067031055,False,
TypeMatched,inc_00681,681,SEVERE_MECHANICAL_TOW,BRAKE_PAD_WORN,prov_014_MOBILE_MECHANIC,False,False,80.4188786105768,True,
TypeMatched,inc_00682,682,COOLANT_LOW,BRAKE_PAD_WORN,prov_002_MOBILE_MECHANIC,True,False,18.04180357673247,False,
TypeMatched,inc_00683,683,RADIATOR_HOSE_LEAK,RADIATOR_HOSE_LEAK,prov_007_MOBILE_MECHANIC,True,True,32.032005872752805,False,
TypeMatched,inc_00684,684,STARTER_MOTOR,FUEL_PUMP,prov_013_MOBILE_MECHANIC,True,False,62.43982125391886,False,
TypeMatched,inc_00685,685,BATTERY_REPLACE,BATTERY_REPLACE,prov_002_MOBILE_MECHANIC,True,True,32.24575323313183,False,
TypeMatched,inc_00686,686,CLUTCH_WORN,TRANSMISSION_ISSUE,prov_005_TOW_LIGHT,True,False,155.7367373197085,False,
TypeMatched,inc_00687,687,BATTERY_REPLACE,BATTERY_REPLACE,prov_001_TOW_HEAVY,True,True,33.09684080802158,False,
TypeMatched,inc_00688,688,BATTERY_REPLACE,STARTER_MOTOR,prov_009_TOW_LIGHT,True,False,34.76295824325176,False,
TypeMatched,inc_00689,689,BRAKE_PAD_WORN,BRAKE_PAD_WORN,prov_006_TOW_LIGHT,True,True,65.91558992994017,False,
TypeMatched,inc_00690,690,BRAKE_PAD_WORN,BRAKE_PAD_WORN,prov_002_MOBILE_MECHANIC,True,True,65.50174611481819,False,
TypeMatched,inc_00691,691,BATTERY_TERMINAL_CLEAN,BATTERY_REPLACE,prov_017_MOBILE_MECHANIC,True,False,11.700868314323827,False,
TypeMatched,inc_00692,692,RADIATOR_FAN_ISSUE,RADIATOR_FAN_ISSUE,prov_007_MOBILE_MECHANIC,True,True,46.77625390727565,False,
TypeMatched,inc_00693,693,BATTERY_JUMP,FUEL_PUMP,prov_012_TOW_HEAVY,True,False,19.37903273330996,False,
TypeMatched,inc_00694,694,BATTERY_JUMP,FUEL_PUMP,prov_014_MOBILE_MECHANIC,True,False,20.789899420906742,False,
TypeMatched,inc_00695,695,TRANSMISSION_ISSUE,TRANSMISSION_ISSUE,prov_012_TOW_HEAVY,True,True,188.8876040729058,False,
TypeMatched,inc_00696,696,TRANSMISSION_ISSUE,BRAKE_PAD_WORN,prov_017_MOBILE_MECHANIC,False,False,233.21263405216135,True,
TypeMatched,inc_00697,697,BATTERY_REPLACE,BATTERY_REPLACE,prov_002_MOBILE_MECHANIC,True,True,37.28315866478587,False,
TypeMatched,inc_00698,698,ELECTRICAL_FAULT_RAIN,BATTERY_JUMP,prov_016_MOBILE_MECHANIC,True,False,93.07220889971875,False,
TypeMatched,inc_00699,699,IGNITION_SYSTEM,BATTERY_JUMP,prov_012_TOW_HEAVY,True,False,64.86650074300282,False,
TypeMatched,inc_00700,700,COOLANT_LOW,BRAKE_PAD_WORN,prov_005_TOW_LIGHT,True,False,14.900682188327881,False,
TypeMatched,inc_00701,701,ALTERNATOR_ISSUE,BELT_BROKEN,prov_002_MOBILE_MECHANIC,True,False,63.114684722636625,False,
TypeMatched,inc_00702,702,BATTERY_REPLACE,BATTERY_JUMP,prov_003_TOW_LIGHT,True,False,36.47568138372756,False,
TypeMatched,inc_00703,703,BATTERY_TERMINAL_CLEAN,BATTERY_REPLACE,prov_016_MOBILE_MECHANIC,True,False,15.18301552045111,False,
TypeMatched,inc_00704,704,BELT_BROKEN,BRAKE_PAD_WORN,prov_003_TOW_LIGHT,True,False,36.07288527177904,False,
TypeMatched,inc_00705,705,BRAKE_FAILURE,BRAKE_FAILURE,prov_001_TOW_HEAVY,True,True,95.92054599979893,False,
TypeMatched,inc_00706,706,FUEL_FILTER_CLOGGED,FUEL_FILTER_CLOGGED,prov_010_TOW_LIGHT,True,True,27.715825568305885,False,
TypeMatched,inc_00707,707,FUEL_PUMP,FUEL_PUMP,prov_017_MOBILE_MECHANIC,True,True,97.13662884807708,False,
TypeMatched,inc_00708,708,FUEL_PUMP,FUEL_PUMP,prov_002_MOBILE_MECHANIC,True,True,94.94128093979664,False,
TypeMatched,inc_00709,709,BATTERY_REPLACE,STARTER_MOTOR,prov_012_TOW_HEAVY,True,False,36.74809701996118,False,
TypeMatched,inc_00710,710,TRANSMISSION_ISSUE,BRAKE_PAD_WORN,prov_002_MOBILE_MECHANIC,False,False,231.5927943091916,True,
TypeMatched,inc_00711,711,STARTER_MOTOR,BRAKE_PAD_WORN,prov_012_TOW_HEAVY,True,False,63.49279148170692,False,
TypeMatched,inc_00712,712,RADIATOR_FAN_ISSUE,BRAKE_PAD_WORN,prov_017_MOBILE_MECHANIC,True,False,50.21589872109028,False,
TypeMatched,inc_00713,713,BRAKE_FAILURE,BRAKE_FAILURE,prov_001_TOW_HEAVY,True,True,95.94153961114198,False,
TypeMatched,inc_00714,714,BATTERY_JUMP,FUEL_PUMP,prov_000_MOBILE_MECHANIC,True,False,19.55891662086421,False,
TypeMatched,inc_00715,715,BATTERY_REPLACE,STARTER_MOTOR,prov_002_MOBILE_MECHANIC,True,False,37.043210766936774,False,
TypeMatched,inc_00716,716,FUEL_FILTER_CLOGGED,BRAKE_PAD_WORN,prov_001_TOW_HEAVY,True,False,27.040451228363622,False,
TypeMatched,inc_00717,717,TRANSMISSION_ISSUE,TRANSMISSION_ISSUE,prov_006_TOW_LIGHT,True,True,187.84824921317647,False,
TypeMatched,inc_00718,718,BATTERY_REPLACE,STARTER_MOTOR,prov_011_TOW_LIGHT,True,False,32.62683178396462,False,
TypeMatched,inc_00719,719,BATTERY_REPLACE,STARTER_MOTOR,prov_005_TOW_LIGHT,True,False,36.202948438440146,False,
TypeMatched,inc_00720,720,ALTERNATOR_ISSUE,BELT_BROKEN,prov_017_MOBILE_MECHANIC,True,False,66.73567285199381,False,
TypeMatched,inc_00721,721,BATTERY_JUMP,BRAKE_PAD_WORN,prov_002_MOBILE_MECHANIC,True,False,23.283100435809043,False,
TypeMatched,inc_00722,722,BATTERY_JUMP,FUEL_PUMP,prov_016_MOBILE_MECHANIC,True,False,21.704866270099,False,
TypeMatched,inc_00723,723,SEVERE_MECHANICAL_TOW,BELT_BROKEN,prov_009_TOW_LIGHT,False,False,77.93996371898001,True,
TypeMatched,inc_00724,724,ALTERNATOR_ISSUE,BELT_BROKEN,prov_017_MOBILE_MECHANIC,True,False,61.31108050730475,False,
TypeMatched,inc_00725,725,STARTER_MOTOR,FUEL_PUMP,prov_001_TOW_HEAVY,True,False,64.26193180987464,False,
TypeMatched,inc_00726,726,BELT_BROKEN,BRAKE_PAD_WORN,prov_005_TOW_LIGHT,True,False,33.84424839069122,False,
TypeMatched,inc_00727,727,BATTERY_REPLACE,STARTER_MOTOR,prov_012_TOW_HEAVY,True,False,31.923980199578637,False,
TypeMatched,inc_00728,728,FUEL_PUMP,FUEL_PUMP,prov_003_TOW_LIGHT,True,True,92.92141040464622,False,
TypeMatched,inc_00729,729,SEVERE_MECHANICAL_TOW,BRAKE_PAD_WORN,prov_017_MOBILE_MECHANIC,False,False,76.89290203391492,True,
TypeMatched,inc_00730,730,CLUTCH_WORN,BRAKE_PAD_WORN,prov_002_MOBILE_MECHANIC,False,False,196.69909841506993,True,
TypeMatched,inc_00731,731,IGNITION_SYSTEM,BRAKE_PAD_WORN,prov_016_MOBILE_MECHANIC,True,False,63.17888598911032,False,
TypeMatched,inc_00732,732,ALTERNATOR_ISSUE,BELT_BROKEN,prov_003_TOW_LIGHT,True,False,63.067927037689145,False,
TypeMatched,inc_00733,733,COOLANT_LOW,RADIATOR_FAN_ISSUE,prov_006_TOW_LIGHT,True,False,12.543425592707122,False,
TypeMatched,inc_00734,734,BELT_BROKEN,BRAKE_PAD_WORN,prov_017_MOBILE_MECHANIC,True,False,37.15374361660508,False,
TypeMatched,inc_00735,735,BRAKE_FAILURE,BRAKE_FAILURE,prov_011_TOW_LIGHT,True,True,93.38034862250188,False,
TypeMatched,inc_00736,736,BATTERY_TERMINAL_CLEAN,STARTER_MOTOR,prov_016_MOBILE_MECHANIC,True,False,10.373461801035763,False,
TypeMatched,inc_00737,737,ENGINE_OVERHEAT_SEVERE,FUEL_FILTER_CLOGGED,prov_013_MOBILE_MECHANIC,False,False,169.2345207025805,True,
TypeMatched,inc_00738,738,RADIATOR_FAN_ISSUE,RADIATOR_FAN_ISSUE,prov_002_MOBILE_MECHANIC,True,True,47.79788451309965,False,
TypeMatched,inc_00739,739,SEVERE_MECHANICAL_TOW,BRAKE_PAD_WORN,prov_013_MOBILE_MECHANIC,False,False,77.58719454029772,True,
TypeMatched,inc_00740,740,BATTERY_JUMP,FUEL_PUMP,prov_017_MOBILE_MECHANIC,True,False,18.445711778848757,False,
TypeMatched,inc_00741,741,BELT_BROKEN,BELT_BROKEN,prov_015_TOW_HEAVY,True,True,36.22566507698504,False,
TypeMatched,inc_00742,742,TRANSMISSION_ISSUE,TRANSMISSION_ISSUE,prov_005_TOW_LIGHT,True,True,185.21120010836455,False,
TypeMatched,inc_00743,743,BELT_BROKEN,BRAKE_PAD_WORN,prov_005_TOW_LIGHT,True,False,30.849181520606034,False,
TypeMatched,inc_00744,744,BRAKE_FAILURE,BRAKE_FAILURE,prov_005_TOW_LIGHT,True,True,94.78195769987447,False,
TypeMatched,inc_00745,745,STARTER_MOTOR,BRAKE_PAD_WORN,prov_014_MOBILE_MECHANIC,True,False,61.37555782180023,False,
TypeMatched,inc_00746,746,BATTERY_JUMP,FUEL_PUMP,prov_016_MOBILE_MECHANIC,True,False,18.43106061711215,False,
TypeMatched,inc_00747,747,TRANSMISSION_ISSUE,BRAKE_PAD_WORN,prov_002_MOBILE_MECHANIC,False,False,233.29932323208507,True,
TypeMatched,inc_00748,748,BRAKE_PAD_WORN,BRAKE_PAD_WORN,prov_017_MOBILE_MECHANIC,True,True,62.90586540208615,False,
TypeMatched,inc_00749,749,BELT_BROKEN,BELT_BROKEN,prov_013_MOBILE_MECHANIC,True,True,31.21856540004307,False,
TypeMatched,inc_00750,750,IGNITION_SYSTEM,FUEL_PUMP,prov_014_MOBILE_MECHANIC,True,False,66.64287142492056,False,
TypeMatched,inc_00751,751,BATTERY_JUMP,FUEL_PUMP,prov_000_MOBILE_MECHANIC,True,False,18.750472037803664,False,
TypeMatched,inc_00752,752,TRANSMISSION_ISSUE,TRANSMISSION_ISSUE,prov_006_TOW_LIGHT,True,True,186.07086938872658,False,
TypeMatched,inc_00753,753,SEVERE_MECHANICAL_TOW,BELT_BROKEN,prov_012_TOW_HEAVY,True,False,33.165128191728236,False,
TypeMatched,inc_00754,754,COOLANT_LOW,BRAKE_PAD_WORN,prov_013_MOBILE_MECHANIC,True,False,11.568205814323436,False,
TypeMatched,inc_00755,755,ELECTRICAL_FAULT_RAIN,BRAKE_PAD_WORN,prov_016_MOBILE_MECHANIC,True,False,90.31458471559837,False,
TypeMatched,inc_00756,756,FUEL_FILTER_CLOGGED,FUEL_FILTER_CLOGGED,prov_003_TOW_LIGHT,True,True,28.87553851344096,False,
TypeMatched,inc_00757,757,BELT_BROKEN,BRAKE_PAD_WORN,prov_010_TOW_LIGHT,True,False,33.84661748050971,False,
TypeMatched,inc_00758,758,BATTERY_REPLACE,STARTER_MOTOR,prov_002_MOBILE_MECHANIC,True,False,33.94651292597618,False,
TypeMatched,inc_00759,759,IGNITION_SYSTEM,FUEL_PUMP,prov_007_MOBILE_MECHANIC,True,False,61.57682251583584,False,
TypeMatched,inc_00760,760,BRAKE_PAD_WORN,BRAKE_PAD_WORN,prov_001_TOW_HEAVY,True,True,62.71405210427939,False,
TypeMatched,inc_00761,761,TRANSMISSION_ISSUE,TRANSMISSION_ISSUE,prov_011_TOW_LIGHT,True,True,183.67214146570626,False,
TypeMatched,inc_00762,762,RADIATOR_HOSE_LEAK,BRAKE_PAD_WORN,prov_001_TOW_HEAVY,True,False,34.15896357274973,False,
TypeMatched,inc_00763,763,FUEL_FILTER_CLOGGED,FUEL_FILTER_CLOGGED,prov_009_TOW_LIGHT,True,True,30.436257642155674,False,
TypeMatched,inc_00764,764,BATTERY_REPLACE,BRAKE_PAD_WORN,prov_011_TOW_LIGHT,True,False,32.51272728678142,False,
TypeMatched,inc_00765,765,BATTERY_REPLACE,BATTERY_JUMP,prov_015_TOW_HEAVY,True,False,33.377051116565305,False,
TypeMatched,inc_00766,766,FUEL_FILTER_CLOGGED,BRAKE_PAD_WORN,prov_016_MOBILE_MECHANIC,True,False,31.398948406344523,False,
TypeMatched,inc_00767,767,STARTER_MOTOR,BRAKE_PAD_WORN,prov_014_MOBILE_MECHANIC,True,False,67.46946299737048,False,
TypeMatched,inc_00768,768,BRAKE_PAD_WORN,BRAKE_PAD_WORN,prov_014_MOBILE_MECHANIC,True,True,67.37103449450099,False,
TypeMatched,inc_00769,769,BATTERY_JUMP,BRAKE_PAD_WORN,prov_014_MOBILE_MECHANIC,True,False,24.16139643214908,False,
TypeMatched,inc_00770,770,ALTERNATOR_ISSUE,BELT_BROKEN,prov_001_TOW_HEAVY,True,False,66.69014318959401,False,
TypeMatched,inc_00771,771,FUEL_FILTER_CLOGGED,FUEL_FILTER_CLOGGED,prov_017_MOBILE_MECHANIC,True,True,25.88609141229177,False,
TypeMatched,inc_00772,772,BRAKE_PAD_WORN,BRAKE_PAD_WORN,prov_013_MOBILE_MECHANIC,True,True,65.3268284509727,False,
TypeMatched,inc_00773,773,CLUTCH_WORN,TRANSMISSION_ISSUE,prov_018_TOW_LIGHT,True,False,153.63703350502325,False,
TypeMatched,inc_00774,774,ELECTRICAL_FAULT_RAIN,BATTERY_JUMP,prov_005_TOW_LIGHT,True,False,92.9169879269705,False,
TypeMatched,inc_00775,775,TRANSMISSION_ISSUE,BRAKE_PAD_WORN,prov_002_MOBILE_MECHANIC,False,False,231.36485640922598,True,
TypeMatched,inc_00776,776,BATTERY_REPLACE,BATTERY_JUMP,prov_002_MOBILE_MECHANIC,True,False,31.615329025613782,False,
TypeMatched,inc_00777,777,ELECTRICAL_FAULT_RAIN,STARTER_MOTOR,prov_006_TOW_LIGHT,True,False,94.01247316954156,False,
TypeMatched,inc_00778,778,ALTERNATOR_ISSUE,BRAKE_PAD_WORN,prov_016_MOBILE_MECHANIC,True,False,64.44540338521867,False,
TypeMatched,inc_00779,779,ALTERNATOR_ISSUE,BELT_BROKEN,prov_015_TOW_HEAVY,True,False,61.786204934705985,False,
TypeMatched,inc_00780,780,FUEL_FILTER_CLOGGED,FUEL_FILTER_CLOGGED,prov_005_TOW_LIGHT,True,True,28.19274581363667,False,
TypeMatched,inc_00781,781,BRAKE_FAILURE,BRAKE_PAD_WORN,prov_016_MOBILE_MECHANIC,False,False,137.09719903029304,True,
TypeMatched,inc_00782,782,IGNITION_SYSTEM,FUEL_PUMP,prov_012_TOW_HEAVY,True,False,69.10671721441032,False,
TypeMatched,inc_00783,783,BRAKE_PAD_WORN,BRAKE_PAD_WORN,prov_014_MOBILE_MECHANIC,True,True,67.29066425994085,False,
TypeMatched,inc_00784,784,CLUTCH_WORN,BRAKE_PAD_WORN,prov_011_TOW_LIGHT,True,False,153.33011973888483,False,
TypeMatched,inc_00785,785,CLUTCH_WORN,BRAKE_PAD_WORN,prov_005_TOW_LIGHT,True,False,156.0077525093695,False,
TypeMatched,inc_00786,786,STARTER_MOTOR,FUEL_PUMP,prov_006_TOW_LIGHT,True,False,66.25094408568793,False,
TypeMatched,inc_00787,787,ALTERNATOR_ISSUE,BELT_BROKEN,prov_012_TOW_HEAVY,True,False,64.26449434415555,False,
TypeMatched,inc_00788,788,BATTERY_JUMP,BRAKE_PAD_WORN,prov_006_TOW_LIGHT,True,False,16.514265710139867,False,
TypeMatched,inc_00789,789,RADIATOR_FAN_ISSUE,COOLANT_LOW,prov_002_MOBILE_MECHANIC,True,False,50.05707986943259,False,
TypeMatched,inc_00790,790,BATTERY_REPLACE,BRAKE_PAD_WORN,prov_005_TOW_LIGHT,True,False,33.85474598259733,False,
TypeMatched,inc_00791,791,COOLANT_LOW,BRAKE_PAD_WORN,prov_012_TOW_HEAVY,True,False,15.539050687999115,False,
TypeMatched,inc_00792,792,BATTERY_REPLACE,BATTERY_JUMP,prov_010_TOW_LIGHT,True,False,31.389094089243653,False,
TypeMatched,inc_00793,793,BATTERY_JUMP,BRAKE_PAD_WORN,prov_005_TOW_LIGHT,True,False,17.93611140245456,False,
TypeMatched,inc_00794,794,RADIATOR_HOSE_LEAK,RADIATOR_HOSE_LEAK,prov_009_TOW_LIGHT,True,True,33.99715854533732,False,
TypeMatched,inc_00795,795,BATTERY_JUMP,FUEL_PUMP,prov_002_MOBILE_MECHANIC,True,False,18.971785675885354,False,
TypeMatched,inc_00796,796,FUEL_FILTER_CLOGGED,BRAKE_PAD_WORN,prov_017_MOBILE_MECHANIC,True,False,27.297307388240363,False,
TypeMatched,inc_00797,797,RADIATOR_FAN_ISSUE,FUEL_FILTER_CLOGGED,prov_010_TOW_LIGHT,True,False,48.040856625049905,False,
TypeMatched,inc_00798,798,ALTERNATOR_ISSUE,BELT_BROKEN,prov_014_MOBILE_MECHANIC,True,False,64.80952562330371,False,
TypeMatched,inc_00799,799,BRAKE_PAD_WORN,BRAKE_PAD_WORN,prov_002_MOBILE_MECHANIC,True,True,65.68116983196134,False,
TypeMatched,inc_00800,800,TRANSMISSION_ISSUE,BRAKE_PAD_WORN,prov_006_TOW_LIGHT,True,False,184.00899689311487,False,
TypeMatched,inc_00801,801,TRANSMISSION_ISSUE,TRANSMISSION_ISSUE,prov_012_TOW_HEAVY,True,True,184.91174654116404,False,
TypeMatched,inc_00802,802,BATTERY_JUMP,BRAKE_PAD_WORN,prov_016_MOBILE_MECHANIC,True,False,23.925404106957895,False,
TypeMatched,inc_00803,803,ALTERNATOR_ISSUE,BELT_BROKEN,prov_012_TOW_HEAVY,True,False,66.10432282981066,False,
TypeMatched,inc_00804,804,BATTERY_REPLACE,BATTERY_REPLACE,prov_006_TOW_LIGHT,True,True,32.727245961390615,False,
TypeMatched,inc_00805,805,CLUTCH_WORN,BRAKE_PAD_WORN,prov_017_MOBILE_MECHANIC,False,False,198.84784971300982,True,
TypeMatched,inc_00806,806,RADIATOR_HOSE_LEAK,BRAKE_PAD_WORN,prov_009_TOW_LIGHT,True,False,34.06029374866645,False,
TypeMatched,inc_00807,807,FUEL_FILTER_CLOGGED,BRAKE_PAD_WORN,prov_001_TOW_HEAVY,True,False,31.154766241676647,False,
TypeMatched,inc_00808,808,BRAKE_PAD_WORN,BRAKE_PAD_WORN,prov_016_MOBILE_MECHANIC,True,True,66.24905931754567,False,
TypeMatched,inc_00809,809,BATTERY_JUMP,FUEL_PUMP,prov_012_TOW_HEAVY,True,False,21.492403733395758,False,
TypeMatched,inc_00810,810,FUEL_FILTER_CLOGGED,BRAKE_PAD_WORN,prov_017_MOBILE_MECHANIC,True,False,29.899489046211148,False,
TypeMatched,inc_00811,811,IGNITION_SYSTEM,FUEL_PUMP,prov_013_MOBILE_MECHANIC,True,False,63.60885228994328,False,
TypeMatched,inc_00812,812,CLUTCH_WORN,BRAKE_PAD_WORN,prov_013_MOBILE_MECHANIC,False,False,198.58468763869922,True,
TypeMatched,inc_00813,813,ALTERNATOR_ISSUE,BRAKE_PAD_WORN,prov_017_MOBILE_MECHANIC,True,False,62.97251013276583,False,
TypeMatched,inc_00814,814,BATTERY_JUMP,BRAKE_PAD_WORN,prov_015_TOW_HEAVY,True,False,21.278141778515625,False,
TypeMatched,inc_00815,815,ALTERNATOR_ISSUE,BELT_BROKEN,prov_015_TOW_HEAVY,True,False,65.1884957757229,False,
TypeMatched,inc_00816,816,BATTERY_REPLACE,STARTER_MOTOR,prov_014_MOBILE_MECHANIC,True,False,31.389601080397558,False,
TypeMatched,inc_00817,817,BATTERY_JUMP,BRAKE_PAD_WORN,prov_001_TOW_HEAVY,True,False,20.55073144479037,False,
TypeMatched,inc_00818,818,COOLANT_LOW,BRAKE_PAD_WORN,prov_010_TOW_LIGHT,True,False,15.785587604571395,False,
TypeMatched,inc_00819,819,ALTERNATOR_ISSUE,BELT_BROKEN,prov_010_TOW_LIGHT,True,False,61.54630736987997,False,
TypeMatched,inc_00820,820,BATTERY_JUMP,BRAKE_PAD_WORN,prov_002_MOBILE_MECHANIC,True,False,18.51028201756652,False,
TypeMatched,inc_00821,821,IGNITION_SYSTEM,BRAKE_PAD_WORN,prov_016_MOBILE_MECHANIC,True,False,61.337965347909396,False,
TypeMatched,inc_00822,822,COOLANT_LOW,BRAKE_PAD_WORN,prov_006_TOW_LIGHT,True,False,14.254469845750593,False,
TypeMatched,inc_00823,823,IGNITION_SYSTEM,BRAKE_PAD_WORN,prov_016_MOBILE_MECHANIC,True,False,62.73092503999421,False,
TypeMatched,inc_00824,824,RADIATOR_FAN_ISSUE,COOLANT_LOW,prov_002_MOBILE_MECHANIC,True,False,50.54892803535758,False,
TypeMatched,inc_00825,825,BRAKE_FAILURE,BRAKE_PAD_WORN,prov_012_TOW_HEAVY,True,False,97.3745718138524,False,
TypeMatched,inc_00826,826,COOLANT_LOW,RADIATOR_FAN_ISSUE,prov_015_TOW_HEAVY,True,False,15.173509213549277,False,
TypeMatched,inc_00827,827,BELT_BROKEN,BELT_BROKEN,prov_017_MOBILE_MECHANIC,True,True,32.62984732361588,False,
TypeMatched,inc_00828,828,TRANSMISSION_ISSUE,TRANSMISSION_ISSUE,prov_006_TOW_LIGHT,True,True,189.96355562774974,False,
TypeMatched,inc_00829,829,RADIATOR_HOSE_LEAK,BRAKE_PAD_WORN,prov_003_TOW_LIGHT,True,False,32.74010423215852,False,
TypeMatched,inc_00830,830,BATTERY_REPLACE,BATTERY_REPLACE,prov_007_MOBILE_MECHANIC,True,True,31.9428229858094,False,
TypeMatched,inc_00831,831,BRAKE_FAILURE,BRAKE_PAD_WORN,prov_010_TOW_LIGHT,True,False,93.40852940865878,False,
TypeMatched,inc_00832,832,BELT_BROKEN,BRAKE_PAD_WORN,prov_013_MOBILE_MECHANIC,True,False,31.507510262556572,False,
TypeMatched,inc_00833,833,FUEL_FILTER_CLOGGED,BRAKE_PAD_WORN,prov_002_MOBILE_MECHANIC,True,False,34.423495175245456,False,
TypeMatched,inc_00834,834,BATTERY_TERMINAL_CLEAN,STARTER_MOTOR,prov_005_TOW_LIGHT,True,False,15.57408525844015,False,
TypeMatched,inc_00835,835,ENGINE_OVERHEAT_SEVERE,RADIATOR_HOSE_LEAK,prov_011_TOW_LIGHT,True,False,122.61043517433795,False,
TypeMatched,inc_00836,836,CLUTCH_WORN,TRANSMISSION_ISSUE,prov_006_TOW_LIGHT,True,False,152.65633671785025,False,
TypeMatched,inc_00837,837,RADIATOR_HOSE_LEAK,RADIATOR_HOSE_LEAK,prov_001_TOW_HEAVY,True,True,38.14098197233236,False,
TypeMatched,inc_00838,838,COOLANT_LOW,RADIATOR_FAN_ISSUE,prov_010_TOW_LIGHT,True,False,12.401602549855719,False,
TypeMatched,inc_00839,839,FUEL_FILTER_CLOGGED,BRAKE_PAD_WORN,prov_011_TOW_LIGHT,True,False,28.870617068966304,False,
TypeMatched,inc_00840,840,BATTERY_REPLACE,STARTER_MOTOR,prov_006_TOW_LIGHT,True,False,33.623721793738056,False,
TypeMatched,inc_00841,841,FUEL_FILTER_CLOGGED,FUEL_FILTER_CLOGGED,prov_017_MOBILE_MECHANIC,True,True,31.21434524015607,False,
TypeMatched,inc_00842,842,BRAKE_PAD_WORN,BRAKE_PAD_WORN,prov_002_MOBILE_MECHANIC,True,True,68.16847677675501,False,
TypeMatched,inc_00843,843,BATTERY_REPLACE,BATTERY_TERMINAL_CLEAN,prov_016_MOBILE_MECHANIC,True,False,35.18264588568272,False,
TypeMatched,inc_00844,844,IGNITION_SYSTEM,FUEL_PUMP,prov_018_TOW_LIGHT,True,False,61.47394618461152,False,
TypeMatched,inc_00845,845,CLUTCH_WORN,TRANSMISSION_ISSUE,prov_003_TOW_LIGHT,True,False,154.84590153893603,False,
TypeMatched,inc_00846,846,ELECTRICAL_FAULT_RAIN,BATTERY_JUMP,prov_005_TOW_LIGHT,True,False,93.30913476661425,False,
TypeMatched,inc_00847,847,BATTERY_TERMINAL_CLEAN,BATTERY_TERMINAL_CLEAN,prov_016_MOBILE_MECHANIC,True,True,14.197506888843222,False,
TypeMatched,inc_00848,848,ALTERNATOR_ISSUE,BELT_BROKEN,prov_002_MOBILE_MECHANIC,True,False,64.56651175314352,False,
TypeMatched,inc_00849,849,ALTERNATOR_ISSUE,BRAKE_PAD_WORN,prov_010_TOW_LIGHT,True,False,65.66903940883734,False,
TypeMatched,inc_00850,850,ALTERNATOR_ISSUE,BRAKE_PAD_WORN,prov_009_TOW_LIGHT,True,False,61.842319447711375,False,
TypeMatched,inc_00851,851,BELT_BROKEN,BELT_BROKEN,prov_015_TOW_HEAVY,True,True,31.203168600758765,False,
TypeMatched,inc_00852,852,ALTERNATOR_ISSUE,BELT_BROKEN,prov_007_MOBILE_MECHANIC,True,False,62.129610277170535,False,
TypeMatched,inc_00853,853,CLUTCH_WORN,BRAKE_PAD_WORN,prov_001_TOW_HEAVY,True,False,153.10289708560876,False,
TypeMatched,inc_00854,854,BRAKE_PAD_WORN,BRAKE_PAD_WORN,prov_011_TOW_LIGHT,True,True,62.89152491664379,False,
TypeMatched,inc_00855,855,RADIATOR_HOSE_LEAK,BRAKE_PAD_WORN,prov_005_TOW_LIGHT,True,False,37.98202144732913,False,
TypeMatched,inc_00856,856,BATTERY_TERMINAL_CLEAN,BATTERY_JUMP,prov_013_MOBILE_MECHANIC,True,False,13.003599363907462,False,
TypeMatched,inc_00857,857,CLUTCH_WORN,BRAKE_PAD_WORN,prov_013_MOBILE_MECHANIC,False,False,198.64435407002875,True,
TypeMatched,inc_00858,858,CLUTCH_WORN,TRANSMISSION_ISSUE,prov_009_TOW_LIGHT,True,False,157.27843253094278,False,
TypeMatched,inc_00859,859,STARTER_MOTOR,BRAKE_PAD_WORN,prov_016_MOBILE_MECHANIC,True,False,63.92709006516114,False,
TypeMatched,inc_00860,860,ALTERNATOR_ISSUE,BRAKE_PAD_WORN,prov_006_TOW_LIGHT,True,False,63.47893235383023,False,
TypeMatched,inc_00861,861,RADIATOR_FAN_ISSUE,BRAKE_PAD_WORN,prov_003_TOW_LIGHT,True,False,45.84108242522334,False,
TypeMatched,inc_00862,862,COOLANT_LOW,COOLANT_LOW,prov_002_MOBILE_MECHANIC,True,True,15.507906759628039,False,
TypeMatched,inc_00863,863,BRAKE_PAD_WORN,BRAKE_PAD_WORN,prov_016_MOBILE_MECHANIC,True,True,65.88499261693889,False,
TypeMatched,inc_00864,864,ELECTRICAL_FAULT_RAIN,BATTERY_JUMP,prov_002_MOBILE_MECHANIC,True,False,98.69964037307035,False,
TypeMatched,inc_00865,865,BATTERY_JUMP,BRAKE_PAD_WORN,prov_016_MOBILE_MECHANIC,True,False,17.916081053304875,False,
TypeMatched,inc_00866,866,FUEL_FILTER_CLOGGED,FUEL_FILTER_CLOGGED,prov_010_TOW_LIGHT,True,True,30.498897514774118,False,
TypeMatched,inc_00867,867,COOLANT_LOW,BRAKE_PAD_WORN,prov_002_MOBILE_MECHANIC,True,False,11.07253825541636,False,
TypeMatched,inc_00868,868,BATTERY_JUMP,FUEL_PUMP,prov_005_TOW_LIGHT,True,False,20.234226112204237,False,
TypeMatched,inc_00869,869,BRAKE_PAD_WORN,BRAKE_PAD_WORN,prov_015_TOW_HEAVY,True,True,62.19334152567713,False,
TypeMatched,inc_00870,870,SEVERE_MECHANICAL_TOW,BRAKE_PAD_WORN,prov_007_MOBILE_MECHANIC,False,False,76.35827380793158,True,
TypeMatched,inc_00871,871,ALTERNATOR_ISSUE,BELT_BROKEN,prov_002_MOBILE_MECHANIC,True,False,64.8003055520022,False,
TypeMatched,inc_00872,872,BRAKE_PAD_WORN,BRAKE_PAD_WORN,prov_016_MOBILE_MECHANIC,True,True,64.0473223574218,False,
TypeMatched,inc_00873,873,FUEL_PUMP,FUEL_PUMP,prov_016_MOBILE_MECHANIC,True,True,93.61567821443657,False,
TypeMatched,inc_00874,874,BATTERY_REPLACE,BATTERY_JUMP,prov_010_TOW_LIGHT,True,False,34.54919977781417,False,
TypeMatched,inc_00875,875,RADIATOR_HOSE_LEAK,RADIATOR_HOSE_LEAK,prov_016_MOBILE_MECHANIC,True,True,33.56883894924144,False,
TypeMatched,inc_00876,876,BRAKE_PAD_WORN,BRAKE_PAD_WORN,prov_002_MOBILE_MECHANIC,True,True,64.24883055249343,False,
TypeMatched,inc_00877,877,RADIATOR_HOSE_LEAK,BRAKE_PAD_WORN,prov_010_TOW_LIGHT,True,False,32.29239151619353,False,
TypeMatched,inc_00878,878,CLUTCH_WORN,TRANSMISSION_ISSUE,prov_012_TOW_HEAVY,True,False,150.46239758405878,False,
TypeMatched,inc_00879,879,BRAKE_PAD_WORN,BRAKE_PAD_WORN,prov_009_TOW_LIGHT,True,True,62.110338191003535,False,
TypeMatched,inc_00880,880,BATTERY_REPLACE,BATTERY_REPLACE,prov_002_MOBILE_MECHANIC,True,True,36.82994781362535,False,
TypeMatched,inc_00881,881,STARTER_MOTOR,FUEL_PUMP,prov_011_TOW_LIGHT,True,False,60.85884268041163,False,
TypeMatched,inc_00882,882,STARTER_MOTOR,FUEL_PUMP,prov_007_MOBILE_MECHANIC,True,False,63.49169892089398,False,
TypeMatched,inc_00883,883,ENGINE_OVERHEAT_SEVERE,RADIATOR_HOSE_LEAK,prov_017_MOBILE_MECHANIC,False,False,167.92001709202822,True,
TypeMatched,inc_00884,884,BATTERY_TERMINAL_CLEAN,BATTERY_REPLACE,prov_005_TOW_LIGHT,True,False,15.257567288314952,False,
TypeMatched,inc_00885,885,BRAKE_PAD_WORN,BRAKE_PAD_WORN,prov_015_TOW_HEAVY,True,True,61.62918515144693,False,
TypeMatched,inc_00886,886,BATTERY_JUMP,BRAKE_PAD_WORN,prov_014_MOBILE_MECHANIC,True,False,21.691948234022707,False,
TypeMatched,inc_00887,887,ALTERNATOR_ISSUE,BRAKE_PAD_WORN,prov_012_TOW_HEAVY,True,False,66.01032805981498,False,
TypeMatched,inc_00888,888,SEVERE_MECHANICAL_TOW,BRAKE_PAD_WORN,prov_015_TOW_HEAVY,True,False,36.859435097561025,False,
TypeMatched,inc_00889,889,BELT_BROKEN,BELT_BROKEN,prov_006_TOW_LIGHT,True,True,34.09961814490769,False,
TypeMatched,inc_00890,890,BELT_BROKEN,BELT_BROKEN,prov_017_MOBILE_MECHANIC,True,True,33.728636845809845,False,
TypeMatched,inc_00891,891,ELECTRICAL_FAULT_RAIN,BRAKE_PAD_WORN,prov_016_MOBILE_MECHANIC,True,False,96.70085202056298,False,
TypeMatched,inc_00892,892,ALTERNATOR_ISSUE,FUEL_FILTER_CLOGGED,prov_010_TOW_LIGHT,True,False,62.59344375527282,False,
TypeMatched,inc_00893,893,ALTERNATOR_ISSUE,BRAKE_PAD_WORN,prov_010_TOW_LIGHT,True,False,65.87280781927356,False,
TypeMatched,inc_00894,894,BATTERY_TERMINAL_CLEAN,BRAKE_PAD_WORN,prov_002_MOBILE_MECHANIC,True,False,14.508883481455888,False,
TypeMatched,inc_00895,895,COOLANT_LOW,RADIATOR_FAN_ISSUE,prov_012_TOW_HEAVY,True,False,14.025034274820259,False,
TypeMatched,inc_00896,896,CLUTCH_WORN,TRANSMISSION_ISSUE,prov_001_TOW_HEAVY,True,False,155.41793723119008,False,
TypeMatched,inc_00897,897,ALTERNATOR_ISSUE,BELT_BROKEN,prov_005_TOW_LIGHT,True,False,64.9588403922022,False,
TypeMatched,inc_00898,898,RADIATOR_FAN_ISSUE,RADIATOR_FAN_ISSUE,prov_001_TOW_HEAVY,True,True,50.616194356534,False,
TypeMatched,inc_00899,899,FUEL_PUMP,FUEL_PUMP,prov_001_TOW_HEAVY,True,True,94.51397191013578,False,
TypeMatched,inc_00900,900,BRAKE_PAD_WORN,BRAKE_PAD_WORN,prov_001_TOW_HEAVY,True,True,64.70387926049926,False,
TypeMatched,inc_00901,901,IGNITION_SYSTEM,FUEL_PUMP,prov_010_TOW_LIGHT,True,False,62.6602538459011,False,
TypeMatched,inc_00902,902,BRAKE_FAILURE,BRAKE_FAILURE,prov_009_TOW_LIGHT,True,True,92.89297508679293,False,
TypeMatched,inc_00903,903,BRAKE_PAD_WORN,BRAKE_PAD_WORN,prov_010_TOW_LIGHT,True,True,62.51006786650338,False,
TypeMatched,inc_00904,904,BRAKE_FAILURE,BRAKE_FAILURE,prov_012_TOW_HEAVY,True,True,97.7626850530408,False,
TypeMatched,inc_00905,905,ELECTRICAL_FAULT_RAIN,BRAKE_PAD_WORN,prov_006_TOW_LIGHT,True,False,95.30743393574296,False,
TypeMatched,inc_00906,906,BATTERY_JUMP,FUEL_PUMP,prov_014_MOBILE_MECHANIC,True,False,20.442498158315168,False,
TypeMatched,inc_00907,907,SEVERE_MECHANICAL_TOW,BELT_BROKEN,prov_016_MOBILE_MECHANIC,False,False,80.09083004337977,True,
TypeMatched,inc_00908,908,BATTERY_JUMP,BRAKE_PAD_WORN,prov_016_MOBILE_MECHANIC,True,False,18.712598410608166,False,
TypeMatched,inc_00909,909,COOLANT_LOW,BRAKE_PAD_WORN,prov_001_TOW_HEAVY,True,False,13.333210813043625,False,
TypeMatched,inc_00910,910,TRANSMISSION_ISSUE,BRAKE_PAD_WORN,prov_000_MOBILE_MECHANIC,False,False,230.44186368066084,True,
TypeMatched,inc_00911,911,ENGINE_OVERHEAT_SEVERE,BRAKE_PAD_WORN,prov_003_TOW_LIGHT,True,False,122.24640495625984,False,
TypeMatched,inc_00912,912,TRANSMISSION_ISSUE,TRANSMISSION_ISSUE,prov_005_TOW_LIGHT,True,True,188.52208141872768,False,
TypeMatched,inc_00913,913,TRANSMISSION_ISSUE,TRANSMISSION_ISSUE,prov_012_TOW_HEAVY,True,True,184.32189221806146,False,
TypeMatched,inc_00914,914,BRAKE_PAD_WORN,BRAKE_PAD_WORN,prov_016_MOBILE_MECHANIC,True,True,60.31583916841686,False,
TypeMatched,inc_00915,915,FUEL_FILTER_CLOGGED,BRAKE_PAD_WORN,prov_015_TOW_HEAVY,True,False,32.434687447550175,False,
TypeMatched,inc_00916,916,STARTER_MOTOR,FUEL_PUMP,prov_018_TOW_LIGHT,True,False,62.302483027915066,False,
TypeMatched,inc_00917,917,BATTERY_JUMP,FUEL_PUMP,prov_002_MOBILE_MECHANIC,True,False,20.05481328437643,False,
TypeMatched,inc_00918,918,BATTERY_JUMP,FUEL_PUMP,prov_005_TOW_LIGHT,True,False,19.47038044132473,False,
TypeMatched,inc_00919,919,CLUTCH_WORN,TRANSMISSION_ISSUE,prov_011_TOW_LIGHT,True,False,154.44532879903966,False,
TypeMatched,inc_00920,920,BATTERY_REPLACE,BATTERY_JUMP,prov_000_MOBILE_MECHANIC,True,False,32.35255925146447,False,
TypeMatched,inc_00921,921,BATTERY_TERMINAL_CLEAN,STARTER_MOTOR,prov_009_TOW_LIGHT,True,False,11.192407415818947,False,
TypeMatched,inc_00922,922,BATTERY_JUMP,FUEL_PUMP,prov_006_TOW_LIGHT,True,False,18.69691929494538,False,
TypeMatched,inc_00923,923,BRAKE_PAD_WORN,BRAKE_PAD_WORN,prov_002_MOBILE_MECHANIC,True,True,62.71390826456575,False,
TypeMatched,inc_00924,924,COOLANT_LOW,COOLANT_LOW,prov_002_MOBILE_MECHANIC,True,True,17.590729707300675,False,
TypeMatched,inc_00925,925,FUEL_FILTER_CLOGGED,BRAKE_PAD_WORN,prov_005_TOW_LIGHT,True,False,30.371358559384667,False,
TypeMatched,inc_00926,926,BATTERY_JUMP,FUEL_PUMP,prov_015_TOW_HEAVY,True,False,16.5654971575582,False,
TypeMatched,inc_00927,927,ELECTRICAL_FAULT_RAIN,BRAKE_PAD_WORN,prov_001_TOW_HEAVY,True,False,93.65200681538636,False,
TypeMatched,inc_00928,928,CLUTCH_WORN,BRAKE_PAD_WORN,prov_016_MOBILE_MECHANIC,False,False,200.4389001718891,True,
TypeMatched,inc_00929,929,BATTERY_JUMP,BRAKE_PAD_WORN,prov_001_TOW_HEAVY,True,False,20.70009827840579,False,
TypeMatched,inc_00930,930,ALTERNATOR_ISSUE,BRAKE_PAD_WORN,prov_012_TOW_HEAVY,True,False,63.022119428544215,False,
TypeMatched,inc_00931,931,RADIATOR_FAN_ISSUE,COOLANT_LOW,prov_018_TOW_LIGHT,True,False,45.38674396456458,False,
TypeMatched,inc_00932,932,CLUTCH_WORN,BRAKE_PAD_WORN,prov_006_TOW_LIGHT,True,False,153.7004084561901,False,
TypeMatched,inc_00933,933,BATTERY_JUMP,BRAKE_PAD_WORN,prov_002_MOBILE_MECHANIC,True,False,21.552412424015586,False,
TypeMatched,inc_00934,934,BATTERY_REPLACE,BATTERY_JUMP,prov_012_TOW_HEAVY,True,False,31.796412706267333,False,
TypeMatched,inc_00935,935,TRANSMISSION_ISSUE,BRAKE_PAD_WORN,prov_017_MOBILE_MECHANIC,False,False,229.63206574466287,True,
TypeMatched,inc_00936,936,COOLANT_LOW,BRAKE_PAD_WORN,prov_017_MOBILE_MECHANIC,True,False,17.218823990868103,False,
TypeMatched,inc_00937,937,BATTERY_REPLACE,BATTERY_REPLACE,prov_009_TOW_LIGHT,True,True,31.459123321963045,False,
TypeMatched,inc_00938,938,COOLANT_LOW,RADIATOR_FAN_ISSUE,prov_006_TOW_LIGHT,True,False,12.379961596057505,False,
TypeMatched,inc_00939,939,SEVERE_MECHANICAL_TOW,BRAKE_PAD_WORN,prov_009_TOW_LIGHT,False,False,77.03567351917226,True,
TypeMatched,inc_00940,940,IGNITION_SYSTEM,BRAKE_PAD_WORN,prov_009_TOW_LIGHT,True,False,62.27798819117666,False,
TypeMatched,inc_00941,941,BATTERY_JUMP,BRAKE_PAD_WORN,prov_001_TOW_HEAVY,True,False,19.469313223509346,False,
TypeMatched,inc_00942,942,BATTERY_REPLACE,BATTERY_JUMP,prov_002_MOBILE_MECHANIC,True,False,35.09652497078434,False,
TypeMatched,inc_00943,943,ELECTRICAL_FAULT_RAIN,BATTERY_JUMP,prov_012_TOW_HEAVY,True,False,96.54283864394826,False,
TypeMatched,inc_00944,944,BATTERY_REPLACE,BATTERY_REPLACE,prov_007_MOBILE_MECHANIC,True,True,33.0660846386797,False,
TypeMatched,inc_00945,945,CLUTCH_WORN,BRAKE_PAD_WORN,prov_001_TOW_HEAVY,True,False,157.6078826139616,False,
TypeMatched,inc_00946,946,TRANSMISSION_ISSUE,TRANSMISSION_ISSUE,prov_015_TOW_HEAVY,True,True,185.95574869907026,False,
TypeMatched,inc_00947,947,ALTERNATOR_ISSUE,BRAKE_PAD_WORN,prov_016_MOBILE_MECHANIC,True,False,68.36392668770844,False,
TypeMatched,inc_00948,948,TRANSMISSION_ISSUE,BRAKE_PAD_WORN,prov_007_MOBILE_MECHANIC,False,False,228.82205723691774,True,
TypeMatched,inc_00949,949,STARTER_MOTOR,FUEL_PUMP,prov_017_MOBILE_MECHANIC,True,False,64.50130943389532,False,
TypeMatched,inc_00950,950,STARTER_MOTOR,BRAKE_PAD_WORN,prov_010_TOW_LIGHT,True,False,65.00273708155655,False,
TypeMatched,inc_00951,951,TRANSMISSION_ISSUE,TRANSMISSION_ISSUE,prov_018_TOW_LIGHT,True,True,183.6813700576275,False,
TypeMatched,inc_00952,952,TRANSMISSION_ISSUE,BRAKE_PAD_WORN,prov_015_TOW_HEAVY,True,False,186.2686097150082,False,
TypeMatched,inc_00953,953,BATTERY_REPLACE,STARTER_MOTOR,prov_011_TOW_LIGHT,True,False,32.48761208561771,False,
TypeMatched,inc_00954,954,BRAKE_PAD_WORN,BRAKE_PAD_WORN,prov_002_MOBILE_MECHANIC,True,True,66.05622890880295,False,
TypeMatched,inc_00955,955,BRAKE_PAD_WORN,BRAKE_PAD_WORN,prov_005_TOW_LIGHT,True,True,63.70573353713583,False,
TypeMatched,inc_00956,956,RADIATOR_HOSE_LEAK,RADIATOR_HOSE_LEAK,prov_003_TOW_LIGHT,True,True,33.24844083507425,False,
TypeMatched,inc_00957,957,BRAKE_FAILURE,BRAKE_FAILURE,prov_005_TOW_LIGHT,True,True,96.89879881517254,False,
TypeMatched,inc_00958,958,RADIATOR_FAN_ISSUE,COOLANT_LOW,prov_014_MOBILE_MECHANIC,True,False,50.143856840458874,False,
TypeMatched,inc_00959,959,COOLANT_LOW,BRAKE_PAD_WORN,prov_016_MOBILE_MECHANIC,True,False,16.622134012223178,False,
TypeMatched,inc_00960,960,BELT_BROKEN,BELT_BROKEN,prov_000_MOBILE_MECHANIC,True,True,33.53953210265646,False,
TypeMatched,inc_00961,961,ENGINE_OVERHEAT_SEVERE,BRAKE_PAD_WORN,prov_014_MOBILE_MECHANIC,False,False,172.13211296227382,True,
TypeMatched,inc_00962,962,RADIATOR_HOSE_LEAK,BRAKE_PAD_WORN,prov_003_TOW_LIGHT,True,False,35.01403559928607,False,
TypeMatched,inc_00963,963,ALTERNATOR_ISSUE,ALTERNATOR_ISSUE,prov_002_MOBILE_MECHANIC,True,True,65.04719929873913,False,
TypeMatched,inc_00964,964,ELECTRICAL_FAULT_RAIN,BATTERY_JUMP,prov_002_MOBILE_MECHANIC,True,False,96.32146214989083,False,
TypeMatched,inc_00965,965,STARTER_MOTOR,BRAKE_PAD_WORN,prov_002_MOBILE_MECHANIC,True,False,67.37268034073709,False,
TypeMatched,inc_00966,966,CLUTCH_WORN,TRANSMISSION_ISSUE,prov_006_TOW_LIGHT,True,False,156.15798754703084,False,
TypeMatched,inc_00967,967,SEVERE_MECHANICAL_TOW,BRAKE_PAD_WORN,prov_015_TOW_HEAVY,True,False,34.21669869853862,False,
TypeMatched,inc_00968,968,COOLANT_LOW,BRAKE_PAD_WORN,prov_012_TOW_HEAVY,True,False,13.342784187485732,False,
TypeMatched,inc_00969,969,BATTERY_JUMP,BRAKE_PAD_WORN,prov_014_MOBILE_MECHANIC,True,False,18.15788096811752,False,
TypeMatched,inc_00970,970,FUEL_FILTER_CLOGGED,IGNITION_SYSTEM,prov_000_MOBILE_MECHANIC,True,False,31.051825553594917,False,
TypeMatched,inc_00971,971,BATTERY_REPLACE,STARTER_MOTOR,prov_003_TOW_LIGHT,True,False,33.85522191944505,False,
TypeMatched,inc_00972,972,FUEL_PUMP,STARTER_MOTOR,prov_001_TOW_HEAVY,True,False,92.07067839212353,False,
TypeMatched,inc_00973,973,BATTERY_JUMP,BRAKE_PAD_WORN,prov_012_TOW_HEAVY,True,False,15.908862787561615,False,
TypeMatched,inc_00974,974,BELT_BROKEN,BELT_BROKEN,prov_005_TOW_LIGHT,True,True,38.197768202419866,False,
TypeMatched,inc_00975,975,FUEL_PUMP,FUEL_PUMP,prov_002_MOBILE_MECHANIC,True,True,96.41184079709767,False,
TypeMatched,inc_00976,976,STARTER_MOTOR,FUEL_PUMP,prov_005_TOW_LIGHT,True,False,64.69380313945989,False,
TypeMatched,inc_00977,977,IGNITION_SYSTEM,BATTERY_JUMP,prov_007_MOBILE_MECHANIC,True,False,62.4199691607323,False,
TypeMatched,inc_00978,978,COOLANT_LOW,BRAKE_PAD_WORN,prov_015_TOW_HEAVY,True,False,18.914391907925484,False,
TypeMatched,inc_00979,979,BRAKE_PAD_WORN,BRAKE_PAD_WORN,prov_014_MOBILE_MECHANIC,True,True,69.22516405788257,False,
TypeMatched,inc_00980,980,BRAKE_PAD_WORN,BRAKE_PAD_WORN,prov_001_TOW_HEAVY,True,True,61.84917511389962,False,
TypeMatched,inc_00981,981,FUEL_FILTER_CLOGGED,BRAKE_PAD_WORN,prov_013_MOBILE_MECHANIC,True,False,28.12535688196296,False,
TypeMatched,inc_00982,982,RADIATOR_FAN_ISSUE,RADIATOR_FAN_ISSUE,prov_002_MOBILE_MECHANIC,True,True,47.81879241202589,False,
TypeMatched,inc_00983,983,IGNITION_SYSTEM,FUEL_PUMP,prov_014_MOBILE_MECHANIC,True,False,67.31361698817857,False,
TypeMatched,inc_00984,984,BATTERY_REPLACE,BATTERY_JUMP,prov_002_MOBILE_MECHANIC,True,False,34.002898912206874,False,
TypeMatched,inc_00985,985,BRAKE_PAD_WORN,BRAKE_PAD_WORN,prov_015_TOW_HEAVY,True,True,65.59495203513869,False,
TypeMatched,inc_00986,986,ELECTRICAL_FAULT_RAIN,BRAKE_PAD_WORN,prov_010_TOW_LIGHT,True,False,95.06303861755983,False,
TypeMatched,inc_00987,987,STARTER_MOTOR,BRAKE_PAD_WORN,prov_017_MOBILE_MECHANIC,True,False,64.09457048453557,False,
TypeMatched,inc_00988,988,BRAKE_PAD_WORN,BRAKE_PAD_WORN,prov_016_MOBILE_MECHANIC,True,True,63.15803901149106,False,
TypeMatched,inc_00989,989,BATTERY_REPLACE,BATTERY_REPLACE,prov_011_TOW_LIGHT,True,True,33.536269357643164,False,
TypeMatched,inc_00990,990,BATTERY_REPLACE,BRAKE_PAD_WORN,prov_002_MOBILE_MECHANIC,True,False,35.70250997384568,False,
TypeMatched,inc_00991,991,TRANSMISSION_ISSUE,TRANSMISSION_ISSUE,prov_011_TOW_LIGHT,True,True,186.68162563869532,False,
TypeMatched,inc_00992,992,ELECTRICAL_FAULT_RAIN,BRAKE_PAD_WORN,prov_005_TOW_LIGHT,True,False,94.67217176072886,False,
TypeMatched,inc_00993,993,BELT_BROKEN,BRAKE_PAD_WORN,prov_002_MOBILE_MECHANIC,True,False,35.790953131420565,False,
TypeMatched,inc_00994,994,BATTERY_REPLACE,STARTER_MOTOR,prov_010_TOW_LIGHT,True,False,33.46332954870267,False,
TypeMatched,inc_00995,995,BATTERY_TERMINAL_CLEAN,BATTERY_REPLACE,prov_010_TOW_LIGHT,True,False,13.141628163558046,False,
TypeMatched,inc_00996,996,FUEL_FILTER_CLOGGED,BRAKE_PAD_WORN,prov_005_TOW_LIGHT,True,False,29.124902823163456,False,
TypeMatched,inc_00997,997,SEVERE_MECHANICAL_TOW,BELT_BROKEN,prov_016_MOBILE_MECHANIC,False,False,79.50812196880653,True,
TypeMatched,inc_00998,998,ELECTRICAL_FAULT_RAIN,BATTERY_JUMP,prov_015_TOW_HEAVY,True,False,92.62753321468452,False,
TypeMatched,inc_00999,999,TRANSMISSION_ISSUE,BRAKE_PAD_WORN,prov_016_MOBILE_MECHANIC,False,False,226.31916924950747,True,
MultiCriteria,inc_00000,0,BATTERY_JUMP,BRAKE_PAD_WORN,prov_014_MOBILE_MECHANIC,True,False,23.77306986073291,False,
MultiCriteria,inc_00001,1,FUEL_PUMP,BRAKE_PAD_WORN,prov_014_MOBILE_MECHANIC,True,False,94.41789760622487,False,
MultiCriteria,inc_00002,2,BELT_BROKEN,BELT_BROKEN,prov_018_TOW_LIGHT,True,True,35.97988574686312,False,
MultiCriteria,inc_00003,3,BATTERY_JUMP,BRAKE_PAD_WORN,prov_002_MOBILE_MECHANIC,True,False,22.877352736057098,False,
MultiCriteria,inc_00004,4,TRANSMISSION_ISSUE,TRANSMISSION_ISSUE,prov_011_TOW_LIGHT,True,True,192.3010084876635,False,
MultiCriteria,inc_00005,5,FUEL_FILTER_CLOGGED,BRAKE_PAD_WORN,prov_011_TOW_LIGHT,True,False,39.93891052567176,False,
MultiCriteria,inc_00006,6,BATTERY_JUMP,FUEL_PUMP,prov_013_MOBILE_MECHANIC,True,False,18.017336411400287,False,
MultiCriteria,inc_00007,7,BATTERY_JUMP,FUEL_PUMP,prov_014_MOBILE_MECHANIC,True,False,19.91292657981052,False,
MultiCriteria,inc_00008,8,ALTERNATOR_ISSUE,BRAKE_PAD_WORN,prov_002_MOBILE_MECHANIC,True,False,67.25908758272723,False,
MultiCriteria,inc_00009,9,SEVERE_MECHANICAL_TOW,BELT_BROKEN,prov_009_TOW_LIGHT,False,False,79.28266835845257,True,
MultiCriteria,inc_00010,10,IGNITION_SYSTEM,FUEL_PUMP,prov_014_MOBILE_MECHANIC,True,False,67.99800250290615,False,
MultiCriteria,inc_00011,11,IGNITION_SYSTEM,BRAKE_PAD_WORN,prov_014_MOBILE_MECHANIC,True,False,71.1607789608822,False,
MultiCriteria,inc_00012,12,BATTERY_JUMP,FUEL_PUMP,prov_017_MOBILE_MECHANIC,True,False,17.15807709480557,False,
MultiCriteria,inc_00013,13,RADIATOR_FAN_ISSUE,RADIATOR_FAN_ISSUE,prov_017_MOBILE_MECHANIC,True,True,45.27540933957896,False,
MultiCriteria,inc_00014,14,FUEL_FILTER_CLOGGED,BRAKE_PAD_WORN,prov_010_TOW_LIGHT,True,False,28.1143207542654,False,
MultiCriteria,inc_00015,15,BATTERY_JUMP,FUEL_PUMP,prov_016_MOBILE_MECHANIC,True,False,19.294383268340628,False,
MultiCriteria,inc_00016,16,BRAKE_PAD_WORN,BRAKE_PAD_WORN,prov_011_TOW_LIGHT,True,True,67.40322006743635,False,
MultiCriteria,inc_00017,17,CLUTCH_WORN,BRAKE_PAD_WORN,prov_002_MOBILE_MECHANIC,False,False,200.50565702043937,True,
MultiCriteria,inc_00018,18,STARTER_MOTOR,FUEL_PUMP,prov_007_MOBILE_MECHANIC,True,False,64.7348040715624,False,
MultiCriteria,inc_00019,19,BATTERY_REPLACE,STARTER_MOTOR,prov_014_MOBILE_MECHANIC,True,False,39.455905815039486,False,
MultiCriteria,inc_00020,20,IGNITION_SYSTEM,BRAKE_PAD_WORN,prov_014_MOBILE_MECHANIC,True,False,72.27756916430343,False,
MultiCriteria,inc_00021,21,ENGINE_OVERHEAT_SEVERE,FUEL_FILTER_CLOGGED,prov_002_MOBILE_MECHANIC,False,False,175.99553999947565,True,
MultiCriteria,inc_00022,22,FUEL_FILTER_CLOGGED,IGNITION_SYSTEM,prov_016_MOBILE_MECHANIC,True,False,26.37660822832666,False,
MultiCriteria,inc_00023,23,TRANSMISSION_ISSUE,TRANSMISSION_ISSUE,prov_005_TOW_LIGHT,True,True,188.00725253629562,False,
MultiCriteria,inc_00024,24,SEVERE_MECHANICAL_TOW,BELT_BROKEN,prov_014_MOBILE_MECHANIC,False,False,82.65432958580315,True,
MultiCriteria,inc_00025,25,CLUTCH_WORN,TRANSMISSION_ISSUE,prov_015_TOW_HEAVY,True,False,158.266653271616,False,
MultiCriteria,inc_00026,26,ALTERNATOR_ISSUE,ALTERNATOR_ISSUE,prov_011_TOW_LIGHT,True,True,70.78243562538833,False,
MultiCriteria,inc_00027,27,ALTERNATOR_ISSUE,BELT_BROKEN,prov_016_MOBILE_MECHANIC,True,False,62.75194653564423,False,
MultiCriteria,inc_00028,28,BELT_BROKEN,BELT_BROKEN,prov_009_TOW_LIGHT,True,True,31.56182373041491,False,
MultiCriteria,inc_00029,29,BATTERY_TERMINAL_CLEAN,BATTERY_REPLACE,prov_014_MOBILE_MECHANIC,True,False,22.504239347017666,False,
MultiCriteria,inc_00030,30,BRAKE_PAD_WORN,BRAKE_PAD_WORN,prov_002_MOBILE_MECHANIC,True,True,69.15246863289546,False,
MultiCriteria,inc_00031,31,BRAKE_PAD_WORN,BRAKE_PAD_WORN,prov_014_MOBILE_MECHANIC,True,True,70.635956623368,False,
MultiCriteria,inc_00032,32,BATTERY_REPLACE,BATTERY_JUMP,prov_003_TOW_LIGHT,True,False,31.987679694105058,False,
MultiCriteria,inc_00033,33,BATTERY_REPLACE,STARTER_MOTOR,prov_018_TOW_LIGHT,True,False,36.55433450975458,False,
MultiCriteria,inc_00034,34,RADIATOR_HOSE_LEAK,RADIATOR_HOSE_LEAK,prov_001_TOW_HEAVY,True,True,34.5636464716888,False,
MultiCriteria,inc_00035,35,CLUTCH_WORN,TRANSMISSION_ISSUE,prov_018_TOW_LIGHT,True,False,159.67807324302626,False,
MultiCriteria,inc_00036,36,ALTERNATOR_ISSUE,BRAKE_PAD_WORN,prov_010_TOW_LIGHT,True,False,61.42405526136701,False,
MultiCriteria,inc_00037,37,CLUTCH_WORN,TRANSMISSION_ISSUE,prov_010_TOW_LIGHT,True,False,153.3554146732129,False,
MultiCriteria,inc_00038,38,ENGINE_OVERHEAT_SEVERE,RADIATOR_HOSE_LEAK,prov_014_MOBILE_MECHANIC,False,False,168.73147799928057,True,
MultiCriteria,inc_00039,39,IGNITION_SYSTEM,BRAKE_PAD_WORN,prov_014_MOBILE_MECHANIC,True,False,63.287567026551955,False,
MultiCriteria,inc_00040,40,BRAKE_PAD_WORN,BRAKE_PAD_WORN,prov_017_MOBILE_MECHANIC,True,True,66.17354361687026,False,
MultiCriteria,inc_00041,41,BATTERY_REPLACE,BATTERY_JUMP,prov_009_TOW_LIGHT,True,False,31.61482862691777,False,
MultiCriteria,inc_00042,42,BATTERY_REPLACE,BATTERY_REPLACE,prov_015_TOW_HEAVY,True,True,33.22360215414999,False,
MultiCriteria,inc_00043,43,STARTER_MOTOR,BRAKE_PAD_WORN,prov_010_TOW_LIGHT,True,False,62.76141796481369,False,
MultiCriteria,inc_00044,44,BRAKE_FAILURE,BRAKE_FAILURE,prov_011_TOW_LIGHT,True,True,95.60471409827527,False,
MultiCriteria,inc_00045,45,ALTERNATOR_ISSUE,ALTERNATOR_ISSUE,prov_017_MOBILE_MECHANIC,True,True,65.66180164101,False,
MultiCriteria,inc_00046,46,ENGINE_OVERHEAT_SEVERE,RADIATOR_HOSE_LEAK,prov_002_MOBILE_MECHANIC,False,False,172.49840942823,True,
MultiCriteria,inc_00047,47,BELT_BROKEN,BRAKE_PAD_WORN,prov_014_MOBILE_MECHANIC,True,False,42.192011707693155,False,
MultiCriteria,inc_00048,48,FUEL_PUMP,BRAKE_PAD_WORN,prov_000_MOBILE_MECHANIC,True,False,90.4700873032216,False,
MultiCriteria,inc_00049,49,ENGINE_OVERHEAT_SEVERE,RADIATOR_HOSE_LEAK,prov_002_MOBILE_MECHANIC,False,False,173.00371842610443,True,
MultiCriteria,inc_00050,50,BATTERY_JUMP,FUEL_PUMP,prov_014_MOBILE_MECHANIC,True,False,19.94417509100598,False,
MultiCriteria,inc_00051,51,TRANSMISSION_ISSUE,BRAKE_PAD_WORN,prov_016_MOBILE_MECHANIC,False,False,229.46728888309045,True,
MultiCriteria,inc_00052,52,BATTERY_REPLACE,STARTER_MOTOR,prov_014_MOBILE_MECHANIC,True,False,34.01039969742406,False,
MultiCriteria,inc_00053,53,BRAKE_FAILURE,BRAKE_FAILURE,prov_011_TOW_LIGHT,True,True,103.18914474424237,False,
MultiCriteria,inc_00054,54,RADIATOR_FAN_ISSUE,BRAKE_PAD_WORN,prov_014_MOBILE_MECHANIC,True,False,48.282769129428104,False,
MultiCriteria,inc_00055,55,BELT_BROKEN,BELT_BROKEN,prov_002_MOBILE_MECHANIC,True,True,38.37787043384634,False,
MultiCriteria,inc_00056,56,RADIATOR_FAN_ISSUE,BRAKE_PAD_WORN,prov_002_MOBILE_MECHANIC,True,False,53.51195174458219,False,
MultiCriteria,inc_00057,57,FUEL_PUMP,STARTER_MOTOR,prov_000_MOBILE_MECHANIC,True,False,90.60171283709542,False,
MultiCriteria,inc_00058,58,FUEL_PUMP,FUEL_PUMP,prov_001_TOW_HEAVY,True,True,94.80774421670552,False,
MultiCriteria,inc_00059,59,BRAKE_FAILURE,BRAKE_FAILURE,prov_018_TOW_LIGHT,True,True,106.7100088602005,False,
MultiCriteria,inc_00060,60,TRANSMISSION_ISSUE,TRANSMISSION_ISSUE,prov_005_TOW_LIGHT,True,True,181.3621412705166,False,
MultiCriteria,inc_00061,61,ALTERNATOR_ISSUE,FUEL_FILTER_CLOGGED,prov_006_TOW_LIGHT,True,False,62.43495538596618,False,
MultiCriteria,inc_00062,62,BATTERY_REPLACE,BATTERY_REPLACE,prov_001_TOW_HEAVY,True,True,31.925156276962408,False,
MultiCriteria,inc_00063,63,BRAKE_FAILURE,BRAKE_FAILURE,prov_005_TOW_LIGHT,True,True,94.6415805588154,False,
MultiCriteria,inc_00064,64,ENGINE_OVERHEAT_SEVERE,RADIATOR_HOSE_LEAK,prov_001_TOW_HEAVY,True,False,123.89279799110903,False,
MultiCriteria,inc_00065,65,FUEL_PUMP,FUEL_PUMP,prov_000_MOBILE_MECHANIC,True,True,91.19060412154096,False,
MultiCriteria,inc_00066,66,ALTERNATOR_ISSUE,BELT_BROKEN,prov_011_TOW_LIGHT,True,False,60.850449270042034,False,
MultiCriteria,inc_00067,67,FUEL_PUMP,FUEL_PUMP,prov_014_MOBILE_MECHANIC,True,True,93.29440295446906,False,
MultiCriteria,inc_00068,68,RADIATOR_HOSE_LEAK,FUEL_FILTER_CLOGGED,prov_014_MOBILE_MECHANIC,True,False,39.67543420430651,False,
MultiCriteria,inc_00069,69,BATTERY_JUMP,FUEL_PUMP,prov_014_MOBILE_MECHANIC,True,False,22.694967974373803,False,
MultiCriteria,inc_00070,70,FUEL_PUMP,FUEL_PUMP,prov_014_MOBILE_MECHANIC,True,True,95.71282693678873,False,
MultiCriteria,inc_00071,71,IGNITION_SYSTEM,BRAKE_PAD_WORN,prov_014_MOBILE_MECHANIC,True,False,71.77583127613039,False,
MultiCriteria,inc_00072,72,COOLANT_LOW,RADIATOR_FAN_ISSUE,prov_002_MOBILE_MECHANIC,True,False,18.000706016861315,False,
MultiCriteria,inc_00073,73,BATTERY_REPLACE,STARTER_MOTOR,prov_006_TOW_LIGHT,True,False,32.54163271593139,False,
MultiCriteria,inc_00074,74,ENGINE_OVERHEAT_SEVERE,RADIATOR_HOSE_LEAK,prov_016_MOBILE_MECHANIC,False,False,166.1615680690095,True,
MultiCriteria,inc_00075,75,SEVERE_MECHANICAL_TOW,BELT_BROKEN,prov_018_TOW_LIGHT,False,False,86.88023545549572,True,
MultiCriteria,inc_00076,76,ENGINE_OVERHEAT_SEVERE,BRAKE_PAD_WORN,prov_016_MOBILE_MECHANIC,False,False,168.62505241204963,True,
MultiCriteria,inc_00077,77,SEVERE_MECHANICAL_TOW,BELT_BROKEN,prov_017_MOBILE_MECHANIC,False,False,78.29382193730616,True,
MultiCriteria,inc_00078,78,BRAKE_PAD_WORN,BRAKE_PAD_WORN,prov_015_TOW_HEAVY,True,True,63.817390865186994,False,
MultiCriteria,inc_00079,79,COOLANT_LOW,FUEL_FILTER_CLOGGED,prov_014_MOBILE_MECHANIC,True,False,10.748433143919895,False,
MultiCriteria,inc_00080,80,BATTERY_JUMP,FUEL_PUMP,prov_015_TOW_HEAVY,True,False,15.941691148324637,False,
MultiCriteria,inc_00081,81,RADIATOR_FAN_ISSUE,BRAKE_PAD_WORN,prov_002_MOBILE_MECHANIC,True,False,51.53761827378814,False,
MultiCriteria,inc_00082,82,BRAKE_PAD_WORN,BRAKE_PAD_WORN,prov_014_MOBILE_MECHANIC,True,True,63.48993524061195,False,
MultiCriteria,inc_00083,83,BRAKE_PAD_WORN,BRAKE_PAD_WORN,prov_015_TOW_HEAVY,True,True,63.71742162986008,False,
MultiCriteria,inc_00084,84,BATTERY_JUMP,BRAKE_PAD_WORN,prov_009_TOW_LIGHT,True,False,17.528528711962338,False,
MultiCriteria,inc_00085,85,FUEL_FILTER_CLOGGED,BRAKE_PAD_WORN,prov_011_TOW_LIGHT,True,False,29.397856218759173,False,
MultiCriteria,inc_00086,86,BRAKE_FAILURE,BRAKE_FAILURE,prov_012_TOW_HEAVY,True,True,92.32099057827635,False,
MultiCriteria,inc_00087,87,RADIATOR_HOSE_LEAK,BRAKE_PAD_WORN,prov_002_MOBILE_MECHANIC,True,False,39.43836567702828,False,
MultiCriteria,inc_00088,88,BATTERY_JUMP,BRAKE_PAD_WORN,prov_012_TOW_HEAVY,True,False,19.458131836275676,False,
MultiCriteria,inc_00089,89,COOLANT_LOW,RADIATOR_FAN_ISSUE,prov_002_MOBILE_MECHANIC,True,False,17.878900192020968,False,
MultiCriteria,inc_00090,90,RADIATOR_FAN_ISSUE,RADIATOR_FAN_ISSUE,prov_017_MOBILE_MECHANIC,True,True,49.52908723776917,False,
MultiCriteria,inc_00091,91,ALTERNATOR_ISSUE,BRAKE_PAD_WORN,prov_010_TOW_LIGHT,True,False,62.56590556847622,False,
MultiCriteria,inc_00092,92,BATTERY_REPLACE,BATTERY_REPLACE,prov_014_MOBILE_MECHANIC,True,True,34.2608443253963,False,
MultiCriteria,inc_00093,93,IGNITION_SYSTEM,FUEL_PUMP,prov_002_MOBILE_MECHANIC,True,False,65.796652350972,False,
MultiCriteria,inc_00094,94,BELT_BROKEN,BELT_BROKEN,prov_002_MOBILE_MECHANIC,True,True,34.97058513560891,False,
MultiCriteria,inc_00095,95,TRANSMISSION_ISSUE,TRANSMISSION_ISSUE,prov_018_TOW_LIGHT,True,True,184.7847140260113,False,
MultiCriteria,inc_00096,96,TRANSMISSION_ISSUE,TRANSMISSION_ISSUE,prov_011_TOW_LIGHT,True,True,194.97195006601677,False,
MultiCriteria,inc_00097,97,COOLANT_LOW,BRAKE_PAD_WORN,prov_002_MOBILE_MECHANIC,True,False,16.83918677664423,False,
MultiCriteria,inc_00098,98,STARTER_MOTOR,BRAKE_PAD_WORN,prov_017_MOBILE_MECHANIC,True,False,64.22230050028222,False,
MultiCriteria,inc_00099,99,BELT_BROKEN,BRAKE_PAD_WORN,prov_018_TOW_LIGHT,True,False,38.85614804407122,False,
MultiCriteria,inc_00100,100,BATTERY_TERMINAL_CLEAN,BRAKE_PAD_WORN,prov_002_MOBILE_MECHANIC,True,False,14.33304830241402,False,
MultiCriteria,inc_00101,101,BRAKE_FAILURE,BRAKE_FAILURE,prov_001_TOW_HEAVY,True,True,91.44456731412515,False,
MultiCriteria,inc_00102,102,BATTERY_REPLACE,BATTERY_REPLACE,prov_002_MOBILE_MECHANIC,True,True,37.364687926672644,False,
MultiCriteria,inc_00103,103,BATTERY_REPLACE,BATTERY_REPLACE,prov_002_MOBILE_MECHANIC,True,True,31.439093378694817,False,
MultiCriteria,inc_00104,104,BATTERY_JUMP,BRAKE_PAD_WORN,prov_018_TOW_LIGHT,True,False,20.69807039242076,False,
MultiCriteria,inc_00105,105,TRANSMISSION_ISSUE,BRAKE_PAD_WORN,prov_011_TOW_LIGHT,True,False,185.77417663757421,False,
MultiCriteria,inc_00106,106,ALTERNATOR_ISSUE,BRAKE_PAD_WORN,prov_002_MOBILE_MECHANIC,True,False,63.08638576912375,False,
MultiCriteria,inc_00107,107,SEVERE_MECHANICAL_TOW,BELT_BROKEN,prov_018_TOW_LIGHT,False,False,85.02413627335049,True,
MultiCriteria,inc_00108,108,IGNITION_SYSTEM,FUEL_PUMP,prov_017_MOBILE_MECHANIC,True,False,65.77327091882034,False,
MultiCriteria,inc_00109,109,BRAKE_PAD_WORN,BRAKE_PAD_WORN,prov_012_TOW_HEAVY,True,True,61.56615866052865,False,
MultiCriteria,inc_00110,110,CLUTCH_WORN,TRANSMISSION_ISSUE,prov_010_TOW_LIGHT,True,False,151.74812506930863,False,
MultiCriteria,inc_00111,111,SEVERE_MECHANICAL_TOW,BELT_BROKEN,prov_001_TOW_HEAVY,True,False,32.71295618280891,False,
MultiCriteria,inc_00112,112,BATTERY_JUMP,BRAKE_PAD_WORN,prov_012_TOW_HEAVY,True,False,16.577733988978284,False,
MultiCriteria,inc_00113,113,BRAKE_PAD_WORN,BRAKE_PAD_WORN,prov_018_TOW_LIGHT,True,True,64.0049940274109,False,
MultiCriteria,inc_00114,114,COOLANT_LOW,BRAKE_PAD_WORN,prov_011_TOW_LIGHT,True,False,11.270224257098729,False,
MultiCriteria,inc_00115,115,ELECTRICAL_FAULT_RAIN,BATTERY_JUMP,prov_012_TOW_HEAVY,True,False,92.83356855893743,False,
MultiCriteria,inc_00116,116,STARTER_MOTOR,FUEL_PUMP,prov_014_MOBILE_MECHANIC,True,False,65.7281926065268,False,
MultiCriteria,inc_00117,117,BATTERY_TERMINAL_CLEAN,BRAKE_PAD_WORN,prov_014_MOBILE_MECHANIC,True,False,11.259620835683565,False,
MultiCriteria,inc_00118,118,BATTERY_JUMP,FUEL_PUMP,prov_017_MOBILE_MECHANIC,True,False,16.675479818718575,False,
MultiCriteria,inc_00119,119,CLUTCH_WORN,TRANSMISSION_ISSUE,prov_015_TOW_HEAVY,True,False,157.38794762908876,False,
MultiCriteria,inc_00120,120,ALTERNATOR_ISSUE,BRAKE_PAD_WORN,prov_014_MOBILE_MECHANIC,True,False,64.7206304166224,False,
MultiCriteria,inc_00121,121,BRAKE_FAILURE,BRAKE_PAD_WORN,prov_014_MOBILE_MECHANIC,False,False,144.46721115178894,True,
MultiCriteria,inc_00122,122,BRAKE_PAD_WORN,BRAKE_PAD_WORN,prov_002_MOBILE_MECHANIC,True,True,61.54053486741487,False,
MultiCriteria,inc_00123,123,CLUTCH_WORN,TRANSMISSION_ISSUE,prov_018_TOW_LIGHT,True,False,156.90136690272217,False,
MultiCriteria,inc_00124,124,RADIATOR_HOSE_LEAK,BRAKE_PAD_WORN,prov_015_TOW_HEAVY,True,False,30.920877183718357,False,
MultiCriteria,inc_00125,125,SEVERE_MECHANICAL_TOW,BRAKE_PAD_WORN,prov_002_MOBILE_MECHANIC,False,False,77.76303784585023,True,
MultiCriteria,inc_00126,126,BATTERY_REPLACE,BRAKE_PAD_WORN,prov_002_MOBILE_MECHANIC,True,False,40.01831147585069,False,
MultiCriteria,inc_00127,127,BATTERY_JUMP,FUEL_PUMP,prov_002_MOBILE_MECHANIC,True,False,19.590283399191904,False,
MultiCriteria,inc_00128,128,CLUTCH_WORN,TRANSMISSION_ISSUE,prov_011_TOW_LIGHT,True,False,159.89260990959764,False,
MultiCriteria,inc_00129,129,BATTERY_JUMP,BRAKE_PAD_WORN,prov_014_MOBILE_MECHANIC,True,False,16.93207015469214,False,
MultiCriteria,inc_00130,130,COOLANT_LOW,RADIATOR_FAN_ISSUE,prov_002_MOBILE_MECHANIC,True,False,14.530827547626561,False,
MultiCriteria,inc_00131,131,FUEL_PUMP,FUEL_PUMP,prov_011_TOW_LIGHT,True,True,104.47151601472886,False,
MultiCriteria,inc_00132,132,SEVERE_MECHANICAL_TOW,BRAKE_PAD_WORN,prov_014_MOBILE_MECHANIC,False,False,86.231667715175,True,
MultiCriteria,inc_00133,133,ENGINE_OVERHEAT_SEVERE,RADIATOR_HOSE_LEAK,prov_007_MOBILE_MECHANIC,False,False,166.04543251398198,True,
MultiCriteria,inc_00134,134,ALTERNATOR_ISSUE,ALTERNATOR_ISSUE,prov_017_MOBILE_MECHANIC,True,True,64.986108438572,False,
MultiCriteria,inc_00135,135,BATTERY_JUMP,FUEL_PUMP,prov_001_TOW_HEAVY,True,False,18.48035238731267,False,
MultiCriteria,inc_00136,136,SEVERE_MECHANICAL_TOW,BELT_BROKEN,prov_007_MOBILE_MECHANIC,False,False,76.97477106925109,True,
MultiCriteria,inc_00137,137,CLUTCH_WORN,TRANSMISSION_ISSUE,prov_010_TOW_LIGHT,True,False,155.60121274244648,False,
MultiCriteria,inc_00138,138,FUEL_FILTER_CLOGGED,IGNITION_SYSTEM,prov_012_TOW_HEAVY,True,False,29.083106919598496,False,
MultiCriteria,inc_00139,139,BRAKE_FAILURE,BRAKE_FAILURE,prov_006_TOW_LIGHT,True,True,92.65472913019424,False,
MultiCriteria,inc_00140,140,STARTER_MOTOR,BRAKE_PAD_WORN,prov_011_TOW_LIGHT,True,False,65.71543634231833,False,
MultiCriteria,inc_00141,141,BATTERY_REPLACE,BATTERY_REPLACE,prov_001_TOW_HEAVY,True,True,36.33218358549468,False,
MultiCriteria,inc_00142,142,SEVERE_MECHANICAL_TOW,BELT_BROKEN,prov_010_TOW_LIGHT,False,False,78.94746575995354,True,
MultiCriteria,inc_00143,143,FUEL_PUMP,BRAKE_PAD_WORN,prov_011_TOW_LIGHT,True,False,97.36097244604359,False,
MultiCriteria,inc_00144,144,FUEL_FILTER_CLOGGED,IGNITION_SYSTEM,prov_012_TOW_HEAVY,True,False,28.432409064356378,False,
MultiCriteria,inc_00145,145,ELECTRICAL_FAULT_RAIN,BRAKE_PAD_WORN,prov_012_TOW_HEAVY,True,False,94.89214320253971,False,
MultiCriteria,inc_00146,146,BRAKE_PAD_WORN,BRAKE_PAD_WORN,prov_001_TOW_HEAVY,True,True,64.99770077654398,False,
MultiCriteria,inc_00147,147,IGNITION_SYSTEM,BRAKE_PAD_WORN,prov_014_MOBILE_MECHANIC,True,False,66.84218424707639,False,
MultiCriteria,inc_00148,148,ALTERNATOR_ISSUE,BELT_BROKEN,prov_007_MOBILE_MECHANIC,True,False,61.34221316504367,False,
MultiCriteria,inc_00149,149,BATTERY_JUMP,BRAKE_PAD_WORN,prov_014_MOBILE_MECHANIC,True,False,21.253052968912222,False,
MultiCriteria,inc_00150,150,BRAKE_FAILURE,BRAKE_FAILURE,prov_001_TOW_HEAVY,True,True,95.31923722069867,False,
MultiCriteria,inc_00151,151,STARTER_MOTOR,BRAKE_PAD_WORN,prov_012_TOW_HEAVY,True,False,65.08000114336589,False,
MultiCriteria,inc_00152,152,RADIATOR_FAN_ISSUE,BRAKE_PAD_WORN,prov_014_MOBILE_MECHANIC,True,False,57.288534431287665,False,
MultiCriteria,inc_00153,153,FUEL_FILTER_CLOGGED,BRAKE_PAD_WORN,prov_003_TOW_LIGHT,True,False,26.629451553362983,False,
MultiCriteria,inc_00154,154,COOLANT_LOW,BRAKE_PAD_WORN,prov_009_TOW_LIGHT,True,False,12.65289687243855,False,
MultiCriteria,inc_00155,155,BATTERY_REPLACE,BATTERY_REPLACE,prov_014_MOBILE_MECHANIC,True,True,39.640744432647935,False,
MultiCriteria,inc_00156,156,BRAKE_PAD_WORN,BRAKE_PAD_WORN,prov_014_MOBILE_MECHANIC,True,True,61.96731906086418,False,
MultiCriteria,inc_00157,157,BRAKE_FAILURE,BRAKE_PAD_WORN,prov_009_TOW_LIGHT,True,False,90.96073078293074,False,
MultiCriteria,inc_00158,158,BELT_BROKEN,BELT_BROKEN,prov_010_TOW_LIGHT,True,True,30.823713433592953,False,
MultiCriteria,inc_00159,159,BATTERY_JUMP,FUEL_PUMP,prov_002_MOBILE_MECHANIC,True,False,18.583903159119807,False,
MultiCriteria,inc_00160,160,ALTERNATOR_ISSUE,BRAKE_PAD_WORN,prov_001_TOW_HEAVY,True,False,63.00419552098124,False,
MultiCriteria,inc_00161,161,BATTERY_JUMP,FUEL_PUMP,prov_011_TOW_LIGHT,True,False,18.081733577624703,False,
MultiCriteria,inc_00162,162,IGNITION_SYSTEM,FUEL_PUMP,prov_011_TOW_LIGHT,True,False,69.76763315017584,False,
MultiCriteria,inc_00163,163,FUEL_FILTER_CLOGGED,BRAKE_PAD_WORN,prov_013_MOBILE_MECHANIC,True,False,25.35519946558368,False,
MultiCriteria,inc_00164,164,IGNITION_SYSTEM,FUEL_PUMP,prov_011_TOW_LIGHT,True,False,62.69156078180622,False,
MultiCriteria,inc_00165,165,BRAKE_PAD_WORN,BRAKE_PAD_WORN,prov_002_MOBILE_MECHANIC,True,True,63.97564059891773,False,
MultiCriteria,inc_00166,166,BATTERY_REPLACE,BATTERY_REPLACE,prov_002_MOBILE_MECHANIC,True,True,34.33501370036875,False,
MultiCriteria,inc_00167,167,COOLANT_LOW,BRAKE_PAD_WORN,prov_002_MOBILE_MECHANIC,True,False,12.997628939121217,False,
MultiCriteria,inc_00168,168,ALTERNATOR_ISSUE,BELT_BROKEN,prov_014_MOBILE_MECHANIC,True,False,67.75592016943132,False,
MultiCriteria,inc_00169,169,STARTER_MOTOR,FUEL_PUMP,prov_003_TOW_LIGHT,True,False,62.68155403044064,False,
MultiCriteria,inc_00170,170,COOLANT_LOW,RADIATOR_FAN_ISSUE,prov_002_MOBILE_MECHANIC,True,False,17.027808136217505,False,
MultiCriteria,inc_00171,171,FUEL_PUMP,FUEL_PUMP,prov_014_MOBILE_MECHANIC,True,True,98.46462313873097,False,
MultiCriteria,inc_00172,172,BRAKE_PAD_WORN,BRAKE_PAD_WORN,prov_010_TOW_LIGHT,True,True,64.08556814223265,False,
MultiCriteria,inc_00173,173,SEVERE_MECHANICAL_TOW,BELT_BROKEN,prov_014_MOBILE_MECHANIC,False,False,81.23547955814325,True,
MultiCriteria,inc_00174,174,IGNITION_SYSTEM,BRAKE_PAD_WORN,prov_002_MOBILE_MECHANIC,True,False,69.5860750674341,False,
MultiCriteria,inc_00175,175,BELT_BROKEN,BELT_BROKEN,prov_015_TOW_HEAVY,True,True,34.45645930061388,False,
MultiCriteria,inc_00176,176,ALTERNATOR_ISSUE,BELT_BROKEN,prov_002_MOBILE_MECHANIC,True,False,63.608526413314884,False,
MultiCriteria,inc_00177,177,ELECTRICAL_FAULT_RAIN,STARTER_MOTOR,prov_011_TOW_LIGHT,True,False,90.96357083168645,False,
MultiCriteria,inc_00178,178,ALTERNATOR_ISSUE,BRAKE_PAD_WORN,prov_014_MOBILE_MECHANIC,True,False,64.68196639232735,False,
MultiCriteria,inc_00179,179,BRAKE_PAD_WORN,BRAKE_PAD_WORN,prov_002_MOBILE_MECHANIC,True,True,64.78243111036736,False,
MultiCriteria,inc_00180,180,BATTERY_JUMP,FUEL_PUMP,prov_002_MOBILE_MECHANIC,True,False,20.944341070652264,False,
MultiCriteria,inc_00181,181,COOLANT_LOW,RADIATOR_FAN_ISSUE,prov_007_MOBILE_MECHANIC,True,False,12.591433884048358,False,
MultiCriteria,inc_00182,182,BATTERY_REPLACE,BRAKE_PAD_WORN,prov_002_MOBILE_MECHANIC,True,False,35.453536226139505,False,
MultiCriteria,inc_00183,183,BRAKE_PAD_WORN,BRAKE_PAD_WORN,prov_014_MOBILE_MECHANIC,True,True,62.83639717491518,False,
MultiCriteria,inc_00184,184,BELT_BROKEN,BELT_BROKEN,prov_011_TOW_LIGHT,True,True,41.678800344971755,False,
MultiCriteria,inc_00185,185,BRAKE_PAD_WORN,BRAKE_PAD_WORN,prov_007_MOBILE_MECHANIC,True,True,62.677326692975974,False,
MultiCriteria,inc_00186,186,BRAKE_FAILURE,BRAKE_FAILURE,prov_018_TOW_LIGHT,True,True,107.2212583759966,False,
MultiCriteria,inc_00187,187,ELECTRICAL_FAULT_RAIN,STARTER_MOTOR,prov_007_MOBILE_MECHANIC,True,False,92.15592767075628,False,
MultiCriteria,inc_00188,188,CLUTCH_WORN,TRANSMISSION_ISSUE,prov_018_TOW_LIGHT,True,False,164.2934946166642,False,
MultiCriteria,inc_00189,189,IGNITION_SYSTEM,BRAKE_PAD_WORN,prov_010_TOW_LIGHT,True,False,63.725959115275735,False,
MultiCriteria,inc_00190,190,SEVERE_MECHANICAL_TOW,BELT_BROKEN,prov_010_TOW_LIGHT,False,False,75.13823645560043,True,
MultiCriteria,inc_00191,191,BATTERY_JUMP,FUEL_PUMP,prov_014_MOBILE_MECHANIC,True,False,21.335367895014105,False,
MultiCriteria,inc_00192,192,CLUTCH_WORN,BRAKE_PAD_WORN,prov_014_MOBILE_MECHANIC,False,False,204.271026855237,True,
MultiCriteria,inc_00193,193,BATTERY_JUMP,FUEL_PUMP,prov_010_TOW_LIGHT,True,False,17.655568203896006,False,
MultiCriteria,inc_00194,194,BATTERY_TERMINAL_CLEAN,BATTERY_TERMINAL_CLEAN,prov_015_TOW_HEAVY,True,True,16.39351919711971,False,
MultiCriteria,inc_00195,195,BATTERY_TERMINAL_CLEAN,BATTERY_JUMP,prov_014_MOBILE_MECHANIC,True,False,19.947375528590705,False,
MultiCriteria,inc_00196,196,RADIATOR_FAN_ISSUE,BRAKE_PAD_WORN,prov_014_MOBILE_MECHANIC,True,False,49.51507330508629,False,
MultiCriteria,inc_00197,197,TRANSMISSION_ISSUE,TRANSMISSION_ISSUE,prov_011_TOW_LIGHT,True,True,183.88850978570142,False,
MultiCriteria,inc_00198,198,TRANSMISSION_ISSUE,TRANSMISSION_ISSUE,prov_005_TOW_LIGHT,True,True,185.59294363869486,False,
MultiCriteria,inc_00199,199,TRANSMISSION_ISSUE,TRANSMISSION_ISSUE,prov_010_TOW_LIGHT,True,True,181.76064941744224,False,
MultiCriteria,inc_00200,200,BATTERY_JUMP,FUEL_PUMP,prov_003_TOW_LIGHT,True,False,15.547833189436934,False,
MultiCriteria,inc_00201,201,IGNITION_SYSTEM,FUEL_PUMP,prov_014_MOBILE_MECHANIC,True,False,65.66753257770574,False,
MultiCriteria,inc_00202,202,IGNITION_SYSTEM,FUEL_PUMP,prov_012_TOW_HEAVY,True,False,62.695002703169116,False,
MultiCriteria,inc_00203,203,IGNITION_SYSTEM,FUEL_PUMP,prov_014_MOBILE_MECHANIC,True,False,61.12856679137625,False,
MultiCriteria,inc_00204,204,BATTERY_REPLACE,BATTERY_JUMP,prov_014_MOBILE_MECHANIC,True,False,40.63830235584595,False,
MultiCriteria,inc_00205,205,ENGINE_OVERHEAT_SEVERE,BRAKE_PAD_WORN,prov_014_MOBILE_MECHANIC,False,False,171.43825312609067,True,
MultiCriteria,inc_00206,206,SEVERE_MECHANICAL_TOW,BELT_BROKEN,prov_014_MOBILE_MECHANIC,False,False,82.11417805969168,True,
MultiCriteria,inc_00207,207,BATTERY_TERMINAL_CLEAN,BATTERY_JUMP,prov_007_MOBILE_MECHANIC,True,False,13.498714960883138,False,
MultiCriteria,inc_00208,208,BATTERY_JUMP,BRAKE_PAD_WORN,prov_018_TOW_LIGHT,True,False,25.871427530188733,False,
MultiCriteria,inc_00209,209,STARTER_MOTOR,BRAKE_PAD_WORN,prov_000_MOBILE_MECHANIC,True,False,61.48322781824419,False,
MultiCriteria,inc_00210,210,TRANSMISSION_ISSUE,TRANSMISSION_ISSUE,prov_005_TOW_LIGHT,True,True,183.5986324249587,False,
MultiCriteria,inc_00211,211,FUEL_PUMP,STARTER_MOTOR,prov_011_TOW_LIGHT,True,False,94.23379294737676,False,
MultiCriteria,inc_00212,212,BATTERY_JUMP,FUEL_PUMP,prov_013_MOBILE_MECHANIC,True,False,17.746935084675886,False,
MultiCriteria,inc_00213,213,ALTERNATOR_ISSUE,BELT_BROKEN,prov_002_MOBILE_MECHANIC,True,False,68.54494063995091,False,
MultiCriteria,inc_00214,214,COOLANT_LOW,RADIATOR_FAN_ISSUE,prov_002_MOBILE_MECHANIC,True,False,17.68343793559996,False,
MultiCriteria,inc_00215,215,BATTERY_TERMINAL_CLEAN,BATTERY_TERMINAL_CLEAN,prov_017_MOBILE_MECHANIC,True,True,15.249760202486538,False,
MultiCriteria,inc_00216,216,TRANSMISSION_ISSUE,TRANSMISSION_ISSUE,prov_001_TOW_HEAVY,True,True,183.53638676250466,False,
MultiCriteria,inc_00217,217,RADIATOR_HOSE_LEAK,BRAKE_PAD_WORN,prov_002_MOBILE_MECHANIC,True,False,37.74522901141621,False,
MultiCriteria,inc_00218,218,FUEL_FILTER_CLOGGED,FUEL_FILTER_CLOGGED,prov_011_TOW_LIGHT,True,True,32.41440232584002,False,
MultiCriteria,inc_00219,219,ELECTRICAL_FAULT_RAIN,BRAKE_PAD_WORN,prov_015_TOW_HEAVY,True,False,90.95637895152952,False,
MultiCriteria,inc_00220,220,BRAKE_PAD_WORN,BRAKE_PAD_WORN,prov_014_MOBILE_MECHANIC,True,True,65.93914331754131,False,
MultiCriteria,inc_00221,221,BATTERY_REPLACE,BRAKE_PAD_WORN,prov_002_MOBILE_MECHANIC,True,False,32.924330798748706,False,
MultiCriteria,inc_00222,222,BATTERY_JUMP,FUEL_PUMP,prov_007_MOBILE_MECHANIC,True,False,15.935748219293128,False,
MultiCriteria,inc_00223,223,BATTERY_JUMP,FUEL_PUMP,prov_002_MOBILE_MECHANIC,True,False,22.337959123319926,False,
MultiCriteria,inc_00224,224,BATTERY_TERMINAL_CLEAN,STARTER_MOTOR,prov_013_MOBILE_MECHANIC,True,False,13.722492336666441,False,
MultiCriteria,inc_00225,225,BATTERY_REPLACE,BATTERY_JUMP,prov_001_TOW_HEAVY,True,False,36.44448453012356,False,
MultiCriteria,inc_00226,226,SEVERE_MECHANICAL_TOW,BRAKE_PAD_WORN,prov_001_TOW_HEAVY,True,False,35.85771190778088,False,
MultiCriteria,inc_00227,227,STARTER_MOTOR,BRAKE_PAD_WORN,prov_001_TOW_HEAVY,True,False,64.46492344005746,False,
MultiCriteria,inc_00228,228,BRAKE_FAILURE,BRAKE_FAILURE,prov_018_TOW_LIGHT,True,True,101.20773457313491,False,
MultiCriteria,inc_00229,229,FUEL_FILTER_CLOGGED,FUEL_FILTER_CLOGGED,prov_014_MOBILE_MECHANIC,True,True,32.815293674478255,False,
MultiCriteria,inc_00230,230,BATTERY_JUMP,BRAKE_PAD_WORN,prov_018_TOW_LIGHT,True,False,15.662622723498153,False,
MultiCriteria,inc_00231,231,BRAKE_FAILURE,BRAKE_FAILURE,prov_011_TOW_LIGHT,True,True,103.71150189895414,False,
MultiCriteria,inc_00232,232,BRAKE_PAD_WORN,BRAKE_PAD_WORN,prov_014_MOBILE_MECHANIC,True,True,69.394362572121,False,
MultiCriteria,inc_00233,233,BATTERY_REPLACE,STARTER_MOTOR,prov_002_MOBILE_MECHANIC,True,False,38.113110949518855,False,
MultiCriteria,inc_00234,234,CLUTCH_WORN,BRAKE_PAD_WORN,prov_016_MOBILE_MECHANIC,False,False,197.86719785740922,True,
MultiCriteria,inc_00235,235,ELECTRICAL_FAULT_RAIN,BATTERY_REPLACE,prov_018_TOW_LIGHT,True,False,100.28217644203941,False,
MultiCriteria,inc_00236,236,STARTER_MOTOR,FUEL_PUMP,prov_016_MOBILE_MECHANIC,True,False,61.77942993398162,False,
MultiCriteria,inc_00237,237,FUEL_FILTER_CLOGGED,FUEL_FILTER_CLOGGED,prov_014_MOBILE_MECHANIC,True,True,34.808385685660085,False,
MultiCriteria,inc_00238,238,ENGINE_OVERHEAT_SEVERE,BRAKE_PAD_WORN,prov_002_MOBILE_MECHANIC,False,False,171.85734455625126,True,
MultiCriteria,inc_00239,239,BATTERY_JUMP,FUEL_PUMP,prov_012_TOW_HEAVY,True,False,19.265170309432982,False,
MultiCriteria,inc_00240,240,RADIATOR_FAN_ISSUE,COOLANT_LOW,prov_015_TOW_HEAVY,True,False,49.85567859413154,False,
MultiCriteria,inc_00241,241,BATTERY_JUMP,BRAKE_PAD_WORN,prov_002_MOBILE_MECHANIC,True,False,23.223989459494113,False,
MultiCriteria,inc_00242,242,SEVERE_MECHANICAL_TOW,BRAKE_PAD_WORN,prov_011_TOW_LIGHT,False,False,77.867213026153,True,
MultiCriteria,inc_00243,243,BATTERY_JUMP,BRAKE_PAD_WORN,prov_001_TOW_HEAVY,True,False,17.352203481489816,False,
MultiCriteria,inc_00244,244,ALTERNATOR_ISSUE,FUEL_FILTER_CLOGGED,prov_014_MOBILE_MECHANIC,True,False,68.85927868010012,False,
MultiCriteria,inc_00245,245,STARTER_MOTOR,FUEL_PUMP,prov_016_MOBILE_MECHANIC,True,False,64.59596082068887,False,
MultiCriteria,inc_00246,246,BRAKE_FAILURE,BRAKE_FAILURE,prov_018_TOW_LIGHT,True,True,104.14546995379062,False,
MultiCriteria,inc_00247,247,BATTERY_JUMP,FUEL_PUMP,prov_001_TOW_HEAVY,True,False,20.05458618454464,False,
MultiCriteria,inc_00248,248,CLUTCH_WORN,BRAKE_PAD_WORN,prov_014_MOBILE_MECHANIC,False,False,200.66604843034818,True,
MultiCriteria,inc_00249,249,BRAKE_PAD_WORN,BRAKE_PAD_WORN,prov_014_MOBILE_MECHANIC,True,True,62.35150108286029,False,
MultiCriteria,inc_00250,250,ALTERNATOR_ISSUE,BRAKE_PAD_WORN,prov_012_TOW_HEAVY,True,False,63.705903736621224,False,
MultiCriteria,inc_00251,251,BRAKE_PAD_WORN,BRAKE_PAD_WORN,prov_014_MOBILE_MECHANIC,True,True,66.14478372185101,False,
MultiCriteria,inc_00252,252,BATTERY_JUMP,BRAKE_PAD_WORN,prov_014_MOBILE_MECHANIC,True,False,21.73337194605745,False,
MultiCriteria,inc_00253,253,BRAKE_FAILURE,BRAKE_FAILURE,prov_015_TOW_HEAVY,True,True,95.19183851497338,False,
MultiCriteria,inc_00254,254,BATTERY_JUMP,FUEL_PUMP,prov_001_TOW_HEAVY,True,False,17.066369280302,False,
MultiCriteria,inc_00255,255,BRAKE_PAD_WORN,BRAKE_PAD_WORN,prov_012_TOW_HEAVY,True,True,64.95693888784447,False,
MultiCriteria,inc_00256,256,ALTERNATOR_ISSUE,BELT_BROKEN,prov_016_MOBILE_MECHANIC,True,False,60.827161413794435,False,
MultiCriteria,inc_00257,257,BATTERY_REPLACE,BATTERY_REPLACE,prov_007_MOBILE_MECHANIC,True,True,31.405734576247397,False,
MultiCriteria,inc_00258,258,BATTERY_REPLACE,BRAKE_PAD_WORN,prov_014_MOBILE_MECHANIC,True,False,37.37318597743407,False,
MultiCriteria,inc_00259,259,BRAKE_PAD_WORN,BRAKE_PAD_WORN,prov_011_TOW_LIGHT,True,True,70.51452999319042,False,
MultiCriteria,inc_00260,260,COOLANT_LOW,RADIATOR_FAN_ISSUE,prov_016_MOBILE_MECHANIC,True,False,12.004850676089529,False,
MultiCriteria,inc_00261,261,SEVERE_MECHANICAL_TOW,BRAKE_PAD_WORN,prov_002_MOBILE_MECHANIC,False,False,78.67703976678246,True,
MultiCriteria,inc_00262,262,RADIATOR_HOSE_LEAK,BRAKE_PAD_WORN,prov_014_MOBILE_MECHANIC,True,False,33.1017310241177,False,
MultiCriteria,inc_00263,263,BATTERY_REPLACE,BATTERY_JUMP,prov_012_TOW_HEAVY,True,False,32.82305843099938,False,
MultiCriteria,inc_00264,264,SEVERE_MECHANICAL_TOW,BELT_BROKEN,prov_014_MOBILE_MECHANIC,False,False,77.77936280407378,True,
MultiCriteria,inc_00265,265,BATTERY_TERMINAL_CLEAN,STARTER_MOTOR,prov_013_MOBILE_MECHANIC,True,False,12.727727360462477,False,
MultiCriteria,inc_00266,266,BATTERY_JUMP,BRAKE_PAD_WORN,prov_002_MOBILE_MECHANIC,True,False,21.87750577992306,False,
MultiCriteria,inc_00267,267,BATTERY_JUMP,BRAKE_PAD_WORN,prov_017_MOBILE_MECHANIC,True,False,17.606387048376046,False,
MultiCriteria,inc_00268,268,IGNITION_SYSTEM,BRAKE_PAD_WORN,prov_010_TOW_LIGHT,True,False,60.37827109595354,False,
MultiCriteria,inc_00269,269,BATTERY_REPLACE,BATTERY_JUMP,prov_007_MOBILE_MECHANIC,True,False,32.28317312021664,False,
MultiCriteria,inc_00270,270,SEVERE_MECHANICAL_TOW,BELT_BROKEN,prov_014_MOBILE_MECHANIC,False,False,82.33235502232296,True,
MultiCriteria,inc_00271,271,BATTERY_REPLACE,BATTERY_JUMP,prov_002_MOBILE_MECHANIC,True,False,38.10800068805536,False,
MultiCriteria,inc_00272,272,ENGINE_OVERHEAT_SEVERE,BRAKE_PAD_WORN,prov_009_TOW_LIGHT,True,False,122.03429247311423,False,
MultiCriteria,inc_00273,273,BATTERY_JUMP,FUEL_PUMP,prov_009_TOW_LIGHT,True,False,18.193253679120378,False,
MultiCriteria,inc_00274,274,BATTERY_REPLACE,BRAKE_PAD_WORN,prov_002_MOBILE_MECHANIC,True,False,33.91321235017616,False,
MultiCriteria,inc_00275,275,ELECTRICAL_FAULT_RAIN,BRAKE_PAD_WORN,prov_018_TOW_LIGHT,True,False,97.32936464255287,False,
MultiCriteria,inc_00276,276,BATTERY_REPLACE,STARTER_MOTOR,prov_001_TOW_HEAVY,True,False,33.60258994191822,False,
MultiCriteria,inc_00277,277,BATTERY_REPLACE,BATTERY_REPLACE,prov_002_MOBILE_MECHANIC,True,True,34.561695657605455,False,
MultiCriteria,inc_00278,278,FUEL_PUMP,BRAKE_PAD_WORN,prov_001_TOW_HEAVY,True,False,94.17033036852578,False,
MultiCriteria,inc_00279,279,BATTERY_JUMP,FUEL_PUMP,prov_014_MOBILE_MECHANIC,True,False,23.635020621859496,False,
MultiCriteria,inc_00280,280,BATTERY_JUMP,FUEL_PUMP,prov_014_MOBILE_MECHANIC,True,False,26.548735792630772,False,
MultiCriteria,inc_00281,281,BATTERY_REPLACE,STARTER_MOTOR,prov_018_TOW_LIGHT,True,False,31.87402520410889,False,
MultiCriteria,inc_00282,282,ALTERNATOR_ISSUE,BRAKE_PAD_WORN,prov_015_TOW_HEAVY,True,False,63.13901574319939,False,
MultiCriteria,inc_00283,283,BELT_BROKEN,BRAKE_PAD_WORN,prov_013_MOBILE_MECHANIC,True,False,32.36416987147766,False,
MultiCriteria,inc_00284,284,IGNITION_SYSTEM,BRAKE_PAD_WORN,prov_014_MOBILE_MECHANIC,True,False,67.65891185709148,False,
MultiCriteria,inc_00285,285,STARTER_MOTOR,FUEL_PUMP,prov_016_MOBILE_MECHANIC,True,False,63.68543657810165,False,
MultiCriteria,inc_00286,286,CLUTCH_WORN,BRAKE_PAD_WORN,prov_014_MOBILE_MECHANIC,False,False,201.21170672552802,True,
MultiCriteria,inc_00287,287,ALTERNATOR_ISSUE,BRAKE_PAD_WORN,prov_014_MOBILE_MECHANIC,True,False,70.99380139661983,False,
MultiCriteria,inc_00288,288,CLUTCH_WORN,TRANSMISSION_ISSUE,prov_011_TOW_LIGHT,True,False,158.7103343964567,False,
MultiCriteria,inc_00289,289,BATTERY_JUMP,FUEL_PUMP,prov_001_TOW_HEAVY,True,False,20.242288648581333,False,
MultiCriteria,inc_00290,290,FUEL_FILTER_CLOGGED,FUEL_FILTER_CLOGGED,prov_018_TOW_LIGHT,True,True,36.242182949050196,False,
MultiCriteria,inc_00291,291,FUEL_PUMP,BRAKE_PAD_WORN,prov_015_TOW_HEAVY,True,False,95.53646621035507,False,
MultiCriteria,inc_00292,292,SEVERE_MECHANICAL_TOW,BRAKE_PAD_WORN,prov_007_MOBILE_MECHANIC,False,False,76.47908717096853,True,
MultiCriteria,inc_00293,293,IGNITION_SYSTEM,FUEL_PUMP,prov_002_MOBILE_MECHANIC,True,False,62.23678240973539,False,
MultiCriteria,inc_00294,294,TRANSMISSION_ISSUE,TRANSMISSION_ISSUE,prov_005_TOW_LIGHT,True,True,186.0663705117393,False,
MultiCriteria,inc_00295,295,BATTERY_JUMP,BRAKE_PAD_WORN,prov_002_MOBILE_MECHANIC,True,False,18.437889675888474,False,
MultiCriteria,inc_00296,296,BATTERY_REPLACE,STARTER_MOTOR,prov_011_TOW_LIGHT,True,False,36.76244904274914,False,
MultiCriteria,inc_00297,297,IGNITION_SYSTEM,BATTERY_JUMP,prov_014_MOBILE_MECHANIC,True,False,64.25941666020462,False,
MultiCriteria,inc_00298,298,BATTERY_REPLACE,BRAKE_PAD_WORN,prov_001_TOW_HEAVY,True,False,34.25272741721053,False,
MultiCriteria,inc_00299,299,TRANSMISSION_ISSUE,TRANSMISSION_ISSUE,prov_012_TOW_HEAVY,True,True,183.22755759631258,False,
MultiCriteria,inc_00300,300,TRANSMISSION_ISSUE,TRANSMISSION_ISSUE,prov_005_TOW_LIGHT,True,True,185.1542203733398,False,
MultiCriteria,inc_00301,301,BRAKE_PAD_WORN,BRAKE_PAD_WORN,prov_002_MOBILE_MECHANIC,True,True,64.94964805678048,False,
MultiCriteria,inc_00302,302,BRAKE_PAD_WORN,BRAKE_PAD_WORN,prov_002_MOBILE_MECHANIC,True,True,64.6706783337693,False,
MultiCriteria,inc_00303,303,IGNITION_SYSTEM,BRAKE_PAD_WORN,prov_002_MOBILE_MECHANIC,True,False,65.82465058272004,False,
MultiCriteria,inc_00304,304,STARTER_MOTOR,FUEL_PUMP,prov_011_TOW_LIGHT,True,False,60.15216335631943,False,
MultiCriteria,inc_00305,305,COOLANT_LOW,RADIATOR_FAN_ISSUE,prov_001_TOW_HEAVY,True,False,11.308124264726633,False,
MultiCriteria,inc_00306,306,BATTERY_JUMP,BRAKE_PAD_WORN,prov_015_TOW_HEAVY,True,False,18.308813020669305,False,
MultiCriteria,inc_00307,307,BELT_BROKEN,BRAKE_PAD_WORN,prov_002_MOBILE_MECHANIC,True,False,33.229668741699925,False,
MultiCriteria,inc_00308,308,BELT_BROKEN,BELT_BROKEN,prov_014_MOBILE_MECHANIC,True,True,39.86902384086295,False,
MultiCriteria,inc_00309,309,TRANSMISSION_ISSUE,BRAKE_PAD_WORN,prov_001_TOW_HEAVY,True,False,183.32372160162677,False,
MultiCriteria,inc_00310,310,SEVERE_MECHANICAL_TOW,BELT_BROKEN,prov_002_MOBILE_MECHANIC,False,False,81.9933548388768,True,
MultiCriteria,inc_00311,311,BATTERY_REPLACE,STARTER_MOTOR,prov_014_MOBILE_MECHANIC,True,False,36.43008851454406,False,
MultiCriteria,inc_00312,312,TRANSMISSION_ISSUE,BRAKE_PAD_WORN,prov_016_MOBILE_MECHANIC,False,False,226.2753816154395,True,
MultiCriteria,inc_00313,313,IGNITION_SYSTEM,FUEL_PUMP,prov_014_MOBILE_MECHANIC,True,False,65.46442989543856,False,
MultiCriteria,inc_00314,314,CLUTCH_WORN,TRANSMISSION_ISSUE,prov_012_TOW_HEAVY,True,False,153.57966961977542,False,
MultiCriteria,inc_00315,315,TRANSMISSION_ISSUE,TRANSMISSION_ISSUE,prov_005_TOW_LIGHT,True,True,182.62897299200685,False,
MultiCriteria,inc_00316,316,BATTERY_REPLACE,STARTER_MOTOR,prov_006_TOW_LIGHT,True,False,31.54586836990869,False,
MultiCriteria,inc_00317,317,BATTERY_REPLACE,BATTERY_REPLACE,prov_010_TOW_LIGHT,True,True,34.84269061559591,False,
MultiCriteria,inc_00318,318,FUEL_FILTER_CLOGGED,BRAKE_PAD_WORN,prov_014_MOBILE_MECHANIC,True,False,34.98934562671063,False,
MultiCriteria,inc_00319,319,BATTERY_JUMP,BRAKE_PAD_WORN,prov_015_TOW_HEAVY,True,False,19.139422291502893,False,
MultiCriteria,inc_00320,320,BATTERY_REPLACE,BATTERY_REPLACE,prov_010_TOW_LIGHT,True,True,32.03085375709986,False,
MultiCriteria,inc_00321,321,ALTERNATOR_ISSUE,BELT_BROKEN,prov_017_MOBILE_MECHANIC,True,False,61.93455784695842,False,
MultiCriteria,inc_00322,322,BATTERY_REPLACE,BATTERY_REPLACE,prov_011_TOW_LIGHT,True,True,42.44443810453944,False,
MultiCriteria,inc_00323,323,BATTERY_JUMP,BRAKE_PAD_WORN,prov_011_TOW_LIGHT,True,False,26.920222657513875,False,
MultiCriteria,inc_00324,324,BATTERY_JUMP,FUEL_PUMP,prov_012_TOW_HEAVY,True,False,17.09668959420104,False,
MultiCriteria,inc_00325,325,STARTER_MOTOR,FUEL_PUMP,prov_011_TOW_LIGHT,True,False,60.30539320889293,False,
MultiCriteria,inc_00326,326,IGNITION_SYSTEM,FUEL_PUMP,prov_016_MOBILE_MECHANIC,True,False,64.00285525597307,False,
MultiCriteria,inc_00327,327,RADIATOR_FAN_ISSUE,RADIATOR_FAN_ISSUE,prov_003_TOW_LIGHT,True,True,48.10816281417653,False,
MultiCriteria,inc_00328,328,ALTERNATOR_ISSUE,BELT_BROKEN,prov_002_MOBILE_MECHANIC,True,False,63.250271952770724,False,
MultiCriteria,inc_00329,329,IGNITION_SYSTEM,FUEL_PUMP,prov_011_TOW_LIGHT,True,False,63.19135188990406,False,
MultiCriteria,inc_00330,330,BRAKE_FAILURE,BRAKE_FAILURE,prov_011_TOW_LIGHT,True,True,94.35156130856063,False,
MultiCriteria,inc_00331,331,BATTERY_REPLACE,BATTERY_JUMP,prov_011_TOW_LIGHT,True,False,32.03353534172035,False,
MultiCriteria,inc_00332,332,ENGINE_OVERHEAT_SEVERE,BRAKE_PAD_WORN,prov_010_TOW_LIGHT,True,False,122.23181805142917,False,
MultiCriteria,inc_00333,333,BRAKE_PAD_WORN,BRAKE_PAD_WORN,prov_007_MOBILE_MECHANIC,True,True,62.68609116678471,False,
MultiCriteria,inc_00334,334,ELECTRICAL_FAULT_RAIN,STARTER_MOTOR,prov_017_MOBILE_MECHANIC,True,False,93.65683254392795,False,
MultiCriteria,inc_00335,335,IGNITION_SYSTEM,FUEL_PUMP,prov_014_MOBILE_MECHANIC,True,False,64.16827876865074,False,
MultiCriteria,inc_00336,336,BATTERY_REPLACE,STARTER_MOTOR,prov_014_MOBILE_MECHANIC,True,False,38.26868700689707,False,
MultiCriteria,inc_00337,337,BATTERY_REPLACE,STARTER_MOTOR,prov_011_TOW_LIGHT,True,False,30.6300928458149,False,
MultiCriteria,inc_00338,338,STARTER_MOTOR,BRAKE_PAD_WORN,prov_002_MOBILE_MECHANIC,True,False,65.39091340125664,False,
MultiCriteria,inc_00339,339,CLUTCH_WORN,TRANSMISSION_ISSUE,prov_012_TOW_HEAVY,True,False,156.10107964672412,False,
MultiCriteria,inc_00340,340,BATTERY_REPLACE,BRAKE_PAD_WORN,prov_014_MOBILE_MECHANIC,True,False,39.359638273204595,False,
MultiCriteria,inc_00341,341,ALTERNATOR_ISSUE,BELT_BROKEN,prov_012_TOW_HEAVY,True,False,60.981203704188566,False,
MultiCriteria,inc_00342,342,RADIATOR_FAN_ISSUE,RADIATOR_FAN_ISSUE,prov_017_MOBILE_MECHANIC,True,True,51.1373186361994,False,
MultiCriteria,inc_00343,343,BELT_BROKEN,BELT_BROKEN,prov_012_TOW_HEAVY,True,True,32.546785825769604,False,
MultiCriteria,inc_00344,344,RADIATOR_HOSE_LEAK,RADIATOR_HOSE_LEAK,prov_002_MOBILE_MECHANIC,True,True,33.54543133320305,False,
MultiCriteria,inc_00345,345,STARTER_MOTOR,FUEL_PUMP,prov_014_MOBILE_MECHANIC,True,False,71.2540989056064,False,
MultiCriteria,inc_00346,346,ALTERNATOR_ISSUE,BRAKE_PAD_WORN,prov_007_MOBILE_MECHANIC,True,False,60.44771312935462,False,
MultiCriteria,inc_00347,347,BELT_BROKEN,BELT_BROKEN,prov_002_MOBILE_MECHANIC,True,True,37.92812832069511,False,
MultiCriteria,inc_00348,348,FUEL_FILTER_CLOGGED,FUEL_FILTER_CLOGGED,prov_014_MOBILE_MECHANIC,True,True,34.4665436473869,False,
MultiCriteria,inc_00349,349,FUEL_PUMP,FUEL_PUMP,prov_014_MOBILE_MECHANIC,True,True,94.6814709194674,False,
MultiCriteria,inc_00350,350,BRAKE_PAD_WORN,BRAKE_PAD_WORN,prov_002_MOBILE_MECHANIC,True,True,66.81960681923744,False,
MultiCriteria,inc_00351,351,ELECTRICAL_FAULT_RAIN,BRAKE_PAD_WORN,prov_011_TOW_LIGHT,True,False,96.05409136727225,False,
MultiCriteria,inc_00352,352,BATTERY_JUMP,FUEL_PUMP,prov_014_MOBILE_MECHANIC,True,False,27.71901364495973,False,
MultiCriteria,inc_00353,353,ALTERNATOR_ISSUE,BELT_BROKEN,prov_002_MOBILE_MECHANIC,True,False,63.633163867125766,False,
MultiCriteria,inc_00354,354,BATTERY_JUMP,BRAKE_PAD_WORN,prov_016_MOBILE_MECHANIC,True,False,16.027258380040244,False,
MultiCriteria,inc_00355,355,TRANSMISSION_ISSUE,BRAKE_PAD_WORN,prov_002_MOBILE_MECHANIC,False,False,229.72330481537392,True,
MultiCriteria,inc_00356,356,BRAKE_PAD_WORN,BRAKE_PAD_WORN,prov_016_MOBILE_MECHANIC,True,True,65.18226330781238,False,
MultiCriteria,inc_00357,357,ELECTRICAL_FAULT_RAIN,BATTERY_JUMP,prov_001_TOW_HEAVY,True,False,95.39517627015006,False,
MultiCriteria,inc_00358,358,ALTERNATOR_ISSUE,BELT_BROKEN,prov_002_MOBILE_MECHANIC,True,False,66.32688771177865,False,
MultiCriteria,inc_00359,359,RADIATOR_HOSE_LEAK,ENGINE_OVERHEAT_SEVERE,prov_018_TOW_LIGHT,True,False,44.98437391427648,False,
MultiCriteria,inc_00360,360,SEVERE_MECHANICAL_TOW,BRAKE_PAD_WORN,prov_014_MOBILE_MECHANIC,False,False,81.22015829673805,True,
MultiCriteria,inc_00361,361,BATTERY_REPLACE,BRAKE_PAD_WORN,prov_001_TOW_HEAVY,True,False,34.70799658896849,False,
MultiCriteria,inc_00362,362,BRAKE_PAD_WORN,BRAKE_PAD_WORN,prov_011_TOW_LIGHT,True,True,60.863833319361156,False,
MultiCriteria,inc_00363,363,BATTERY_REPLACE,BATTERY_JUMP,prov_014_MOBILE_MECHANIC,True,False,38.85195031843322,False,
MultiCriteria,inc_00364,364,BATTERY_REPLACE,BATTERY_REPLACE,prov_014_MOBILE_MECHANIC,True,True,35.94173411658887,False,
MultiCriteria,inc_00365,365,BELT_BROKEN,BRAKE_PAD_WORN,prov_014_MOBILE_MECHANIC,True,False,41.270971700878064,False,
MultiCriteria,inc_00366,366,BATTERY_REPLACE,BATTERY_REPLACE,prov_001_TOW_HEAVY,True,True,34.1534249997123,False,
MultiCriteria,inc_00367,367,ELECTRICAL_FAULT_RAIN,BATTERY_JUMP,prov_002_MOBILE_MECHANIC,True,False,94.10960933079748,False,
MultiCriteria,inc_00368,368,BATTERY_JUMP,FUEL_PUMP,prov_002_MOBILE_MECHANIC,True,False,24.870648550052316,False,
MultiCriteria,inc_00369,369,BRAKE_PAD_WORN,BRAKE_PAD_WORN,prov_015_TOW_HEAVY,True,True,65.42437235662413,False,
MultiCriteria,inc_00370,370,ELECTRICAL_FAULT_RAIN,BATTERY_REPLACE,prov_002_MOBILE_MECHANIC,True,False,95.1794117696314,False,
MultiCriteria,inc_00371,371,ELECTRICAL_FAULT_RAIN,BRAKE_PAD_WORN,prov_001_TOW_HEAVY,True,False,91.55087612317612,False,
MultiCriteria,inc_00372,372,COOLANT_LOW,BRAKE_PAD_WORN,prov_011_TOW_LIGHT,True,False,13.262716215874512,False,
MultiCriteria,inc_00373,373,BATTERY_REPLACE,STARTER_MOTOR,prov_011_TOW_LIGHT,True,False,37.82276809761053,False,
MultiCriteria,inc_00374,374,BRAKE_FAILURE,BRAKE_FAILURE,prov_010_TOW_LIGHT,True,True,95.06308313777228,False,
MultiCriteria,inc_00375,375,TRANSMISSION_ISSUE,TRANSMISSION_ISSUE,prov_001_TOW_HEAVY,True,True,185.53117392439296,False,
MultiCriteria,inc_00376,376,BATTERY_REPLACE,BATTERY_REPLACE,prov_010_TOW_LIGHT,True,True,31.861714947045083,False,
MultiCriteria,inc_00377,377,ENGINE_OVERHEAT_SEVERE,RADIATOR_HOSE_LEAK,prov_009_TOW_LIGHT,True,False,124.39602617386178,False,
MultiCriteria,inc_00378,378,ELECTRICAL_FAULT_RAIN,BATTERY_JUMP,prov_011_TOW_LIGHT,True,False,102.76437145123664,False,
MultiCriteria,inc_00379,379,FUEL_FILTER_CLOGGED,BRAKE_PAD_WORN,prov_011_TOW_LIGHT,True,False,38.60242757199682,False,
MultiCriteria,inc_00380,380,FUEL_FILTER_CLOGGED,BRAKE_PAD_WORN,prov_018_TOW_LIGHT,True,False,29.600395277960807,False,
MultiCriteria,inc_00381,381,STARTER_MOTOR,FUEL_PUMP,prov_001_TOW_HEAVY,True,False,64.54578845979472,False,
MultiCriteria,inc_00382,382,BRAKE_PAD_WORN,BRAKE_PAD_WORN,prov_011_TOW_LIGHT,True,True,67.03840626355083,False,
MultiCriteria,inc_00383,383,STARTER_MOTOR,FUEL_PUMP,prov_013_MOBILE_MECHANIC,True,False,63.472106802440315,False,
MultiCriteria,inc_00384,384,COOLANT_LOW,BRAKE_PAD_WORN,prov_015_TOW_HEAVY,True,False,15.586299877024892,False,
MultiCriteria,inc_00385,385,TRANSMISSION_ISSUE,BRAKE_PAD_WORN,prov_010_TOW_LIGHT,True,False,181.75063134477145,False,
MultiCriteria,inc_00386,386,BATTERY_TERMINAL_CLEAN,STARTER_MOTOR,prov_014_MOBILE_MECHANIC,True,False,19.117367123091498,False,
MultiCriteria,inc_00387,387,RADIATOR_HOSE_LEAK,BRAKE_PAD_WORN,prov_016_MOBILE_MECHANIC,True,False,36.157745585562836,False,
MultiCriteria,inc_00388,388,BELT_BROKEN,BRAKE_PAD_WORN,prov_014_MOBILE_MECHANIC,True,False,32.911352203132616,False,
MultiCriteria,inc_00389,389,BATTERY_JUMP,BRAKE_PAD_WORN,prov_002_MOBILE_MECHANIC,True,False,21.51151416098387,False,
MultiCriteria,inc_00390,390,TRANSMISSION_ISSUE,TRANSMISSION_ISSUE,prov_015_TOW_HEAVY,True,True,184.50775448714086,False,
MultiCriteria,inc_00391,391,COOLANT_LOW,BRAKE_PAD_WORN,prov_002_MOBILE_MECHANIC,True,False,16.73371891914788,False,
MultiCriteria,inc_00392,392,ELECTRICAL_FAULT_RAIN,BATTERY_JUMP,prov_016_MOBILE_MECHANIC,True,False,96.10718502058393,False,
MultiCriteria,inc_00393,393,ENGINE_OVERHEAT_SEVERE,BRAKE_PAD_WORN,prov_006_TOW_LIGHT,True,False,122.3773457611847,False,
MultiCriteria,inc_00394,394,BRAKE_FAILURE,BRAKE_FAILURE,prov_003_TOW_LIGHT,True,True,91.59574710718891,False,
MultiCriteria,inc_00395,395,IGNITION_SYSTEM,BRAKE_PAD_WORN,prov_011_TOW_LIGHT,True,False,67.8858003290564,False,
MultiCriteria,inc_00396,396,IGNITION_SYSTEM,FUEL_PUMP,prov_014_MOBILE_MECHANIC,True,False,61.917902391531484,False,
MultiCriteria,inc_00397,397,BATTERY_JUMP,BRAKE_PAD_WORN,prov_002_MOBILE_MECHANIC,True,False,19.270991614900282,False,
MultiCriteria,inc_00398,398,BATTERY_TERMINAL_CLEAN,STARTER_MOTOR,prov_011_TOW_LIGHT,True,False,21.77408544219962,False,
MultiCriteria,inc_00399,399,RADIATOR_FAN_ISSUE,RADIATOR_FAN_ISSUE,prov_002_MOBILE_MECHANIC,True,True,45.83906484908156,False,
MultiCriteria,inc_00400,400,FUEL_PUMP,FUEL_PUMP,prov_018_TOW_LIGHT,True,True,90.95377455133686,False,
MultiCriteria,inc_00401,401,COOLANT_LOW,BRAKE_PAD_WORN,prov_001_TOW_HEAVY,True,False,14.917962342006062,False,
MultiCriteria,inc_00402,402,FUEL_PUMP,STARTER_MOTOR,prov_014_MOBILE_MECHANIC,True,False,95.64459640233343,False,
MultiCriteria,inc_00403,403,ALTERNATOR_ISSUE,BELT_BROKEN,prov_016_MOBILE_MECHANIC,True,False,61.91233229096088,False,
MultiCriteria,inc_00404,404,BRAKE_FAILURE,BRAKE_FAILURE,prov_018_TOW_LIGHT,True,True,100.20146287277966,False,
MultiCriteria,inc_00405,405,CLUTCH_WORN,TRANSMISSION_ISSUE,prov_018_TOW_LIGHT,True,False,164.0493444639573,False,
MultiCriteria,inc_00406,406,BATTERY_REPLACE,BATTERY_REPLACE,prov_002_MOBILE_MECHANIC,True,True,30.829085892173943,False,
MultiCriteria,inc_00407,407,ELECTRICAL_FAULT_RAIN,BRAKE_PAD_WORN,prov_014_MOBILE_MECHANIC,True,False,100.76100528075698,False,
MultiCriteria,inc_00408,408,ALTERNATOR_ISSUE,BELT_BROKEN,prov_012_TOW_HEAVY,True,False,62.473266464742224,False,
MultiCriteria,inc_00409,409,CLUTCH_WORN,TRANSMISSION_ISSUE,prov_018_TOW_LIGHT,True,False,167.69785259563733,False,
MultiCriteria,inc_00410,410,IGNITION_SYSTEM,FUEL_PUMP,prov_018_TOW_LIGHT,True,False,71.02220725580207,False,
MultiCriteria,inc_00411,411,BATTERY_JUMP,BRAKE_PAD_WORN,prov_009_TOW_LIGHT,True,False,16.300497493303283,False,
MultiCriteria,inc_00412,412,BATTERY_TERMINAL_CLEAN,BATTERY_REPLACE,prov_002_MOBILE_MECHANIC,True,False,17.592913047087528,False,
MultiCriteria,inc_00413,413,IGNITION_SYSTEM,FUEL_PUMP,prov_016_MOBILE_MECHANIC,True,False,66.04286247202839,False,
MultiCriteria,inc_00414,414,SEVERE_MECHANICAL_TOW,BELT_BROKEN,prov_012_TOW_HEAVY,True,False,32.69492076552213,False,
MultiCriteria,inc_00415,415,FUEL_PUMP,FUEL_PUMP,prov_017_MOBILE_MECHANIC,True,True,92.67779439060821,False,
MultiCriteria,inc_00416,416,IGNITION_SYSTEM,BRAKE_PAD_WORN,prov_001_TOW_HEAVY,True,False,62.322845423346166,False,
MultiCriteria,inc_00417,417,SEVERE_MECHANICAL_TOW,BELT_BROKEN,prov_013_MOBILE_MECHANIC,False,False,76.14581693153129,True,
MultiCriteria,inc_00418,418,BELT_BROKEN,BRAKE_PAD_WORN,prov_003_TOW_LIGHT,True,False,33.00169703872268,False,
MultiCriteria,inc_00419,419,RADIATOR_FAN_ISSUE,FUEL_FILTER_CLOGGED,prov_014_MOBILE_MECHANIC,True,False,54.49376772058868,False,
MultiCriteria,inc_00420,420,BRAKE_FAILURE,BRAKE_PAD_WORN,prov_001_TOW_HEAVY,True,False,93.79993973261207,False,
MultiCriteria,inc_00421,421,BATTERY_REPLACE,BATTERY_REPLACE,prov_012_TOW_HEAVY,True,True,31.80018700865296,False,
MultiCriteria,inc_00422,422,BRAKE_FAILURE,BRAKE_FAILURE,prov_011_TOW_LIGHT,True,True,94.17414983182658,False,
MultiCriteria,inc_00423,423,RADIATOR_FAN_ISSUE,BRAKE_PAD_WORN,prov_018_TOW_LIGHT,True,False,56.03973859703212,False,
MultiCriteria,inc_00424,424,ALTERNATOR_ISSUE,BRAKE_PAD_WORN,prov_010_TOW_LIGHT,True,False,63.4463508837524,False,
MultiCriteria,inc_00425,425,BATTERY_REPLACE,BATTERY_JUMP,prov_011_TOW_LIGHT,True,False,34.132797292391345,False,
MultiCriteria,inc_00426,426,ALTERNATOR_ISSUE,BELT_BROKEN,prov_014_MOBILE_MECHANIC,True,False,64.22724989380535,False,
MultiCriteria,inc_00427,427,BATTERY_JUMP,FUEL_PUMP,prov_018_TOW_LIGHT,True,False,24.604392011956428,False,
MultiCriteria,inc_00428,428,ALTERNATOR_ISSUE,FUEL_FILTER_CLOGGED,prov_002_MOBILE_MECHANIC,True,False,67.11009671024264,False,
MultiCriteria,inc_00429,429,ELECTRICAL_FAULT_RAIN,BRAKE_PAD_WORN,prov_012_TOW_HEAVY,True,False,90.95281719884213,False,
MultiCriteria,inc_00430,430,RADIATOR_FAN_ISSUE,RADIATOR_FAN_ISSUE,prov_016_MOBILE_MECHANIC,True,True,48.19463801967348,False,
MultiCriteria,inc_00431,431,BATTERY_JUMP,BRAKE_PAD_WORN,prov_015_TOW_HEAVY,True,False,18.419619317369392,False,
MultiCriteria,inc_00432,432,SEVERE_MECHANICAL_TOW,BELT_BROKEN,prov_014_MOBILE_MECHANIC,False,False,86.59545686905867,True,
MultiCriteria,inc_00433,433,TRANSMISSION_ISSUE,TRANSMISSION_ISSUE,prov_012_TOW_HEAVY,True,True,181.72816487278618,False,
MultiCriteria,inc_00434,434,BRAKE_PAD_WORN,BRAKE_PAD_WORN,prov_002_MOBILE_MECHANIC,True,True,64.21774653532586,False,
MultiCriteria,inc_00435,435,BATTERY_REPLACE,BRAKE_PAD_WORN,prov_014_MOBILE_MECHANIC,True,False,35.64294856868302,False,
MultiCriteria,inc_00436,436,IGNITION_SYSTEM,FUEL_PUMP,prov_014_MOBILE_MECHANIC,True,False,61.94468498527082,False,
MultiCriteria,inc_00437,437,BATTERY_JUMP,BRAKE_PAD_WORN,prov_012_TOW_HEAVY,True,False,18.19708790440457,False,
MultiCriteria,inc_00438,438,SEVERE_MECHANICAL_TOW,BRAKE_PAD_WORN,prov_002_MOBILE_MECHANIC,False,False,78.51221097271574,True,
MultiCriteria,inc_00439,439,ENGINE_OVERHEAT_SEVERE,BRAKE_PAD_WORN,prov_003_TOW_LIGHT,True,False,122.8555938787494,False,
MultiCriteria,inc_00440,440,BELT_BROKEN,BELT_BROKEN,prov_011_TOW_LIGHT,True,True,34.002758570896155,False,
MultiCriteria,inc_00441,441,CLUTCH_WORN,BRAKE_PAD_WORN,prov_002_MOBILE_MECHANIC,False,False,196.88113614200682,True,
MultiCriteria,inc_00442,442,BRAKE_PAD_WORN,BRAKE_PAD_WORN,prov_014_MOBILE_MECHANIC,True,True,69.8431883198927,False,
MultiCriteria,inc_00443,443,ELECTRICAL_FAULT_RAIN,BATTERY_JUMP,prov_002_MOBILE_MECHANIC,True,False,95.09204895521647,False,
MultiCriteria,inc_00444,444,IGNITION_SYSTEM,BATTERY_JUMP,prov_002_MOBILE_MECHANIC,True,False,63.54523993505424,False,
MultiCriteria,inc_00445,445,RADIATOR_HOSE_LEAK,ENGINE_OVERHEAT_SEVERE,prov_010_TOW_LIGHT,True,False,32.84065010014443,False,
MultiCriteria,inc_00446,446,BRAKE_PAD_WORN,BRAKE_PAD_WORN,prov_012_TOW_HEAVY,True,True,63.73288554309704,False,
MultiCriteria,inc_00447,447,RADIATOR_FAN_ISSUE,BRAKE_PAD_WORN,prov_011_TOW_LIGHT,True,False,57.54011677315532,False,
MultiCriteria,inc_00448,448,FUEL_PUMP,BRAKE_PAD_WORN,prov_011_TOW_LIGHT,True,False,95.75661783008941,False,
MultiCriteria,inc_00449,449,BRAKE_PAD_WORN,BRAKE_PAD_WORN,prov_002_MOBILE_MECHANIC,True,True,63.846006775243815,False,
MultiCriteria,inc_00450,450,FUEL_PUMP,BATTERY_JUMP,prov_013_MOBILE_MECHANIC,True,False,92.05224791844209,False,
MultiCriteria,inc_00451,451,BRAKE_FAILURE,BRAKE_FAILURE,prov_011_TOW_LIGHT,True,True,100.21234214904321,False,
MultiCriteria,inc_00452,452,ALTERNATOR_ISSUE,BELT_BROKEN,prov_011_TOW_LIGHT,True,False,64.30450260029158,False,
MultiCriteria,inc_00453,453,ENGINE_OVERHEAT_SEVERE,BRAKE_PAD_WORN,prov_014_MOBILE_MECHANIC,False,False,167.64810050572424,True,
MultiCriteria,inc_00454,454,BATTERY_JUMP,FUEL_PUMP,prov_011_TOW_LIGHT,True,False,17.64945101652508,False,
MultiCriteria,inc_00455,455,BRAKE_PAD_WORN,BRAKE_PAD_WORN,prov_002_MOBILE_MECHANIC,True,True,65.12369749022682,False,
MultiCriteria,inc_00456,456,BATTERY_TERMINAL_CLEAN,BRAKE_PAD_WORN,prov_002_MOBILE_MECHANIC,True,False,15.642923492312642,False,
MultiCriteria,inc_00457,457,BRAKE_PAD_WORN,BRAKE_PAD_WORN,prov_002_MOBILE_MECHANIC,True,True,64.84323319212551,False,
MultiCriteria,inc_00458,458,CLUTCH_WORN,BRAKE_PAD_WORN,prov_016_MOBILE_MECHANIC,False,False,196.16779361585688,True,
MultiCriteria,inc_00459,459,ELECTRICAL_FAULT_RAIN,BRAKE_PAD_WORN,prov_012_TOW_HEAVY,True,False,92.11940750648564,False,
MultiCriteria,inc_00460,460,BRAKE_PAD_WORN,BRAKE_PAD_WORN,prov_001_TOW_HEAVY,True,True,64.26003225998886,False,
MultiCriteria,inc_00461,461,BATTERY_JUMP,FUEL_PUMP,prov_016_MOBILE_MECHANIC,True,False,18.57244959254573,False,
MultiCriteria,inc_00462,462,ELECTRICAL_FAULT_RAIN,BATTERY_JUMP,prov_002_MOBILE_MECHANIC,True,False,93.40708365372903,False,
MultiCriteria,inc_00463,463,STARTER_MOTOR,BRAKE_PAD_WORN,prov_013_MOBILE_MECHANIC,True,False,64.73675244415189,False,
MultiCriteria,inc_00464,464,RADIATOR_FAN_ISSUE,COOLANT_LOW,prov_002_MOBILE_MECHANIC,True,False,52.465740248703945,False,
MultiCriteria,inc_00465,465,IGNITION_SYSTEM,BRAKE_PAD_WORN,prov_010_TOW_LIGHT,True,False,65.03773054967333,False,
MultiCriteria,inc_00466,466,ELECTRICAL_FAULT_RAIN,BATTERY_JUMP,prov_007_MOBILE_MECHANIC,True,False,93.94532583462794,False,
MultiCriteria,inc_00467,467,BATTERY_REPLACE,STARTER_MOTOR,prov_014_MOBILE_MECHANIC,True,False,38.731459383673446,False,
MultiCriteria,inc_00468,468,IGNITION_SYSTEM,BRAKE_PAD_WORN,prov_017_MOBILE_MECHANIC,True,False,62.92096094561905,False,
MultiCriteria,inc_00469,469,CLUTCH_WORN,TRANSMISSION_ISSUE,prov_018_TOW_LIGHT,True,False,162.41783446420368,False,
MultiCriteria,inc_00470,470,COOLANT_LOW,RADIATOR_FAN_ISSUE,prov_016_MOBILE_MECHANIC,True,False,11.419376587246358,False,
MultiCriteria,inc_00471,471,FUEL_PUMP,FUEL_PUMP,prov_018_TOW_LIGHT,True,True,100.29576379835426,False,
MultiCriteria,inc_00472,472,FUEL_FILTER_CLOGGED,BRAKE_PAD_WORN,prov_002_MOBILE_MECHANIC,True,False,35.08430117907631,False,
MultiCriteria,inc_00473,473,RADIATOR_HOSE_LEAK,RADIATOR_HOSE_LEAK,prov_002_MOBILE_MECHANIC,True,True,38.50426147390703,False,
MultiCriteria,inc_00474,474,ELECTRICAL_FAULT_RAIN,BRAKE_PAD_WORN,prov_017_MOBILE_MECHANIC,True,False,93.27122674300824,False,
MultiCriteria,inc_00475,475,ALTERNATOR_ISSUE,ALTERNATOR_ISSUE,prov_001_TOW_HEAVY,True,True,61.83749138503147,False,
MultiCriteria,inc_00476,476,IGNITION_SYSTEM,BRAKE_PAD_WORN,prov_014_MOBILE_MECHANIC,True,False,66.74524394736781,False,
MultiCriteria,inc_00477,477,ALTERNATOR_ISSUE,BRAKE_PAD_WORN,prov_010_TOW_LIGHT,True,False,62.95201891799551,False,
MultiCriteria,inc_00478,478,CLUTCH_WORN,BRAKE_PAD_WORN,prov_002_MOBILE_MECHANIC,False,False,200.12630005386995,True,
MultiCriteria,inc_00479,479,IGNITION_SYSTEM,BRAKE_PAD_WORN,prov_013_MOBILE_MECHANIC,True,False,62.70463520458563,False,
MultiCriteria,inc_00480,480,RADIATOR_FAN_ISSUE,FUEL_FILTER_CLOGGED,prov_002_MOBILE_MECHANIC,True,False,52.20099573701022,False,
MultiCriteria,inc_00481,481,FUEL_FILTER_CLOGGED,FUEL_FILTER_CLOGGED,prov_014_MOBILE_MECHANIC,True,True,32.401628025136944,False,
MultiCriteria,inc_00482,482,BRAKE_PAD_WORN,BRAKE_PAD_WORN,prov_014_MOBILE_MECHANIC,True,True,66.58361335455879,False,
MultiCriteria,inc_00483,483,RADIATOR_FAN_ISSUE,RADIATOR_FAN_ISSUE,prov_015_TOW_HEAVY,True,True,45.8113908299968,False,
MultiCriteria,inc_00484,484,CLUTCH_WORN,BRAKE_PAD_WORN,prov_001_TOW_HEAVY,True,False,153.10579596234612,False,
MultiCriteria,inc_00485,485,COOLANT_LOW,FUEL_FILTER_CLOGGED,prov_013_MOBILE_MECHANIC,True,False,12.608566543319952,False,
MultiCriteria,inc_00486,486,RADIATOR_FAN_ISSUE,RADIATOR_FAN_ISSUE,prov_017_MOBILE_MECHANIC,True,True,49.452192321238336,False,
MultiCriteria,inc_00487,487,ALTERNATOR_ISSUE,BELT_BROKEN,prov_011_TOW_LIGHT,True,False,62.434717771145934,False,
MultiCriteria,inc_00488,488,IGNITION_SYSTEM,BRAKE_PAD_WORN,prov_001_TOW_HEAVY,True,False,65.86327021580989,False,
MultiCriteria,inc_00489,489,BATTERY_TERMINAL_CLEAN,BRAKE_PAD_WORN,prov_014_MOBILE_MECHANIC,True,False,17.309687924894487,False,
MultiCriteria,inc_00490,490,SEVERE_MECHANICAL_TOW,BRAKE_PAD_WORN,prov_010_TOW_LIGHT,False,False,75.94792270221872,True,
MultiCriteria,inc_00491,491,ENGINE_OVERHEAT_SEVERE,RADIATOR_HOSE_LEAK,prov_016_MOBILE_MECHANIC,False,False,169.6752335654586,True,
MultiCriteria,inc_00492,492,ELECTRICAL_FAULT_RAIN,BATTERY_JUMP,prov_001_TOW_HEAVY,True,False,95.08539267790002,False,
MultiCriteria,inc_00493,493,RADIATOR_HOSE_LEAK,ENGINE_OVERHEAT_SEVERE,prov_018_TOW_LIGHT,True,False,39.07574907170239,False,
MultiCriteria,inc_00494,494,STARTER_MOTOR,FUEL_PUMP,prov_012_TOW_HEAVY,True,False,62.91623031988279,False,
MultiCriteria,inc_00495,495,SEVERE_MECHANICAL_TOW,BELT_BROKEN,prov_002_MOBILE_MECHANIC,False,False,79.51133281522215,True,
MultiCriteria,inc_00496,496,ELECTRICAL_FAULT_RAIN,BRAKE_PAD_WORN,prov_002_MOBILE_MECHANIC,True,False,93.77961893566741,False,
MultiCriteria,inc_00497,497,BRAKE_PAD_WORN,BRAKE_PAD_WORN,prov_015_TOW_HEAVY,True,True,63.53750027977678,False,
MultiCriteria,inc_00498,498,RADIATOR_HOSE_LEAK,BRAKE_PAD_WORN,prov_015_TOW_HEAVY,True,False,36.897801744475466,False,
MultiCriteria,inc_00499,499,BRAKE_PAD_WORN,BRAKE_PAD_WORN,prov_012_TOW_HEAVY,True,True,62.57056049463944,False,
MultiCriteria,inc_00500,500,COOLANT_LOW,RADIATOR_FAN_ISSUE,prov_011_TOW_LIGHT,True,False,13.983092756548162,False,
MultiCriteria,inc_00501,501,STARTER_MOTOR,FUEL_PUMP,prov_011_TOW_LIGHT,True,False,65.0614164039747,False,
MultiCriteria,inc_00502,502,BRAKE_PAD_WORN,BRAKE_PAD_WORN,prov_014_MOBILE_MECHANIC,True,True,65.09339031650553,False,
MultiCriteria,inc_00503,503,BATTERY_REPLACE,BATTERY_REPLACE,prov_001_TOW_HEAVY,True,True,32.22061835034179,False,
MultiCriteria,inc_00504,504,CLUTCH_WORN,TRANSMISSION_ISSUE,prov_011_TOW_LIGHT,True,False,162.70537195924587,False,
MultiCriteria,inc_00505,505,STARTER_MOTOR,FUEL_PUMP,prov_012_TOW_HEAVY,True,False,63.53442660797267,False,
MultiCriteria,inc_00506,506,BRAKE_PAD_WORN,BRAKE_PAD_WORN,prov_014_MOBILE_MECHANIC,True,True,66.72379818689976,False,
MultiCriteria,inc_00507,507,BELT_BROKEN,BRAKE_PAD_WORN,prov_017_MOBILE_MECHANIC,True,False,32.20415986399212,False,
MultiCriteria,inc_00508,508,ELECTRICAL_FAULT_RAIN,BATTERY_JUMP,prov_017_MOBILE_MECHANIC,True,False,93.29158789842445,False,
MultiCriteria,inc_00509,509,BRAKE_PAD_WORN,BRAKE_PAD_WORN,prov_014_MOBILE_MECHANIC,True,True,66.58167800466157,False,
MultiCriteria,inc_00510,510,ALTERNATOR_ISSUE,ALTERNATOR_ISSUE,prov_002_MOBILE_MECHANIC,True,True,66.32778043992434,False,
MultiCriteria,inc_00511,511,CLUTCH_WORN,TRANSMISSION_ISSUE,prov_018_TOW_LIGHT,True,False,154.38237163015424,False,
MultiCriteria,inc_00512,512,ELECTRICAL_FAULT_RAIN,STARTER_MOTOR,prov_017_MOBILE_MECHANIC,True,False,91.86446315584344,False,
MultiCriteria,inc_00513,513,IGNITION_SYSTEM,FUEL_PUMP,prov_002_MOBILE_MECHANIC,True,False,66.43723693124807,False,
MultiCriteria,inc_00514,514,FUEL_PUMP,FUEL_PUMP,prov_002_MOBILE_MECHANIC,True,True,91.55411209264538,False,
MultiCriteria,inc_00515,515,CLUTCH_WORN,TRANSMISSION_ISSUE,prov_011_TOW_LIGHT,True,False,160.60599472882907,False,
MultiCriteria,inc_00516,516,ENGINE_OVERHEAT_SEVERE,RADIATOR_HOSE_LEAK,prov_002_MOBILE_MECHANIC,False,False,167.05379162073882,True,
MultiCriteria,inc_00517,517,IGNITION_SYSTEM,FUEL_PUMP,prov_012_TOW_HEAVY,True,False,63.21790069640401,False,
MultiCriteria,inc_00518,518,BATTERY_REPLACE,BATTERY_JUMP,prov_002_MOBILE_MECHANIC,True,False,34.173376033565994,False,
MultiCriteria,inc_00519,519,BATTERY_REPLACE,BATTERY_REPLACE,prov_014_MOBILE_MECHANIC,True,True,35.69370483404916,False,
MultiCriteria,inc_00520,520,BRAKE_PAD_WORN,BRAKE_PAD_WORN,prov_001_TOW_HEAVY,True,True,64.1693545058738,False,
MultiCriteria,inc_00521,521,BATTERY_JUMP,BRAKE_PAD_WORN,prov_002_MOBILE_MECHANIC,True,False,22.345159710767344,False,
MultiCriteria,inc_00522,522,RADIATOR_FAN_ISSUE,BRAKE_PAD_WORN,prov_002_MOBILE_MECHANIC,True,False,48.8438442048269,False,
MultiCriteria,inc_00523,523,RADIATOR_FAN_ISSUE,RADIATOR_FAN_ISSUE,prov_003_TOW_LIGHT,True,True,47.67270357828978,False,
MultiCriteria,inc_00524,524,STARTER_MOTOR,BRAKE_PAD_WORN,prov_011_TOW_LIGHT,True,False,72.76145430675945,False,
MultiCriteria,inc_00525,525,ELECTRICAL_FAULT_RAIN,BATTERY_JUMP,prov_018_TOW_LIGHT,True,False,101.49431201543348,False,
MultiCriteria,inc_00526,526,CLUTCH_WORN,TRANSMISSION_ISSUE,prov_011_TOW_LIGHT,True,False,157.522929664518,False,
MultiCriteria,inc_00527,527,COOLANT_LOW,BRAKE_PAD_WORN,prov_014_MOBILE_MECHANIC,True,False,20.152040545535048,False,
MultiCriteria,inc_00528,528,SEVERE_MECHANICAL_TOW,BELT_BROKEN,prov_014_MOBILE_MECHANIC,False,False,80.77964737216845,True,
MultiCriteria,inc_00529,529,STARTER_MOTOR,BRAKE_PAD_WORN,prov_014_MOBILE_MECHANIC,True,False,64.82179801471318,False,
MultiCriteria,inc_00530,530,BELT_BROKEN,BRAKE_PAD_WORN,prov_014_MOBILE_MECHANIC,True,False,37.83984623515469,False,
MultiCriteria,inc_00531,531,ALTERNATOR_ISSUE,BELT_BROKEN,prov_002_MOBILE_MECHANIC,True,False,63.083347324357355,False,
MultiCriteria,inc_00532,532,BELT_BROKEN,BELT_BROKEN,prov_002_MOBILE_MECHANIC,True,True,36.73074055241702,False,
MultiCriteria,inc_00533,533,BATTERY_JUMP,FUEL_PUMP,prov_014_MOBILE_MECHANIC,True,False,20.1020840808364,False,
MultiCriteria,inc_00534,534,ALTERNATOR_ISSUE,BELT_BROKEN,prov_013_MOBILE_MECHANIC,True,False,62.39421624496775,False,
MultiCriteria,inc_00535,535,ENGINE_OVERHEAT_SEVERE,BRAKE_PAD_WORN,prov_012_TOW_HEAVY,True,False,122.10110462839235,False,
MultiCriteria,inc_00536,536,ALTERNATOR_ISSUE,BRAKE_PAD_WORN,prov_014_MOBILE_MECHANIC,True,False,61.3138270090266,False,
MultiCriteria,inc_00537,537,BATTERY_JUMP,FUEL_PUMP,prov_001_TOW_HEAVY,True,False,19.108767197948257,False,
MultiCriteria,inc_00538,538,BATTERY_JUMP,BRAKE_PAD_WORN,prov_015_TOW_HEAVY,True,False,19.534837059270377,False,
MultiCriteria,inc_00539,539,BATTERY_JUMP,FUEL_PUMP,prov_014_MOBILE_MECHANIC,True,False,25.417437896179848,False,
MultiCriteria,inc_00540,540,BATTERY_JUMP,BRAKE_PAD_WORN,prov_017_MOBILE_MECHANIC,True,False,19.880466325684278,False,
MultiCriteria,inc_00541,541,FUEL_PUMP,FUEL_PUMP,prov_001_TOW_HEAVY,True,True,92.47445627148035,False,
MultiCriteria,inc_00542,542,BATTERY_TERMINAL_CLEAN,STARTER_MOTOR,prov_014_MOBILE_MECHANIC,True,False,20.11582478770942,False,
MultiCriteria,inc_00543,543,CLUTCH_WORN,TRANSMISSION_ISSUE,prov_018_TOW_LIGHT,True,False,152.64092433491012,False,
MultiCriteria,inc_00544,544,BRAKE_FAILURE,BRAKE_FAILURE,prov_005_TOW_LIGHT,True,True,97.50301098296376,False,
MultiCriteria,inc_00545,545,ALTERNATOR_ISSUE,BRAKE_PAD_WORN,prov_014_MOBILE_MECHANIC,True,False,64.49212955126345,False,
MultiCriteria,inc_00546,546,BRAKE_PAD_WORN,BRAKE_PAD_WORN,prov_001_TOW_HEAVY,True,True,60.94895071921919,False,
MultiCriteria,inc_00547,547,SEVERE_MECHANICAL_TOW,BRAKE_PAD_WORN,prov_001_TOW_HEAVY,True,False,35.728838491102906,False,
MultiCriteria,inc_00548,548,FUEL_PUMP,FUEL_PUMP,prov_014_MOBILE_MECHANIC,True,True,99.5448724585268,False,
MultiCriteria,inc_00549,549,SEVERE_MECHANICAL_TOW,BELT_BROKEN,prov_014_MOBILE_MECHANIC,False,False,83.49239562818225,True,
MultiCriteria,inc_00550,550,FUEL_PUMP,BRAKE_PAD_WORN,prov_013_MOBILE_MECHANIC,True,False,93.80832654789603,False,
MultiCriteria,inc_00551,551,RADIATOR_FAN_ISSUE,COOLANT_LOW,prov_002_MOBILE_MECHANIC,True,False,49.5967323799093,False,
MultiCriteria,inc_00552,552,ELECTRICAL_FAULT_RAIN,BRAKE_PAD_WORN,prov_017_MOBILE_MECHANIC,True,False,94.96470974252654,False,
MultiCriteria,inc_00553,553,BATTERY_JUMP,BRAKE_PAD_WORN,prov_007_MOBILE_MECHANIC,True,False,16.67929329651022,False,
MultiCriteria,inc_00554,554,BRAKE_PAD_WORN,BRAKE_PAD_WORN,prov_014_MOBILE_MECHANIC,True,True,68.74015253457651,False,
MultiCriteria,inc_00555,555,IGNITION_SYSTEM,FUEL_PUMP,prov_001_TOW_HEAVY,True,False,64.53024018944868,False,
MultiCriteria,inc_00556,556,RADIATOR_HOSE_LEAK,FUEL_FILTER_CLOGGED,prov_016_MOBILE_MECHANIC,True,False,32.10368632315702,False,
MultiCriteria,inc_00557,557,FUEL_PUMP,STARTER_MOTOR,prov_011_TOW_LIGHT,True,False,93.2541905073605,False,
MultiCriteria,inc_00558,558,BATTERY_JUMP,FUEL_PUMP,prov_016_MOBILE_MECHANIC,True,False,20.94925074009142,False,
MultiCriteria,inc_00559,559,COOLANT_LOW,BRAKE_PAD_WORN,prov_013_MOBILE_MECHANIC,True,False,13.630515770960995,False,
MultiCriteria,inc_00560,560,STARTER_MOTOR,FUEL_PUMP,prov_017_MOBILE_MECHANIC,True,False,61.91354550947241,False,
MultiCriteria,inc_00561,561,BATTERY_JUMP,BRAKE_PAD_WORN,prov_018_TOW_LIGHT,True,False,27.332203138369664,False,
MultiCriteria,inc_00562,562,TRANSMISSION_ISSUE,BRAKE_PAD_WORN,prov_016_MOBILE_MECHANIC,False,False,230.04690885106106,True,
MultiCriteria,inc_00563,563,BRAKE_FAILURE,BRAKE_FAILURE,prov_011_TOW_LIGHT,True,True,104.34417708177104,False,
MultiCriteria,inc_00564,564,BELT_BROKEN,BRAKE_PAD_WORN,prov_001_TOW_HEAVY,True,False,33.74902028351592,False,
MultiCriteria,inc_00565,565,ALTERNATOR_ISSUE,BRAKE_PAD_WORN,prov_014_MOBILE_MECHANIC,True,False,69.3420900835404,False,
MultiCriteria,inc_00566,566,RADIATOR_HOSE_LEAK,RADIATOR_HOSE_LEAK,prov_011_TOW_LIGHT,True,True,35.82229434889509,False,
MultiCriteria,inc_00567,567,BATTERY_REPLACE,BATTERY_JUMP,prov_016_MOBILE_MECHANIC,True,False,30.293014193875646,False,
MultiCriteria,inc_00568,568,STARTER_MOTOR,FUEL_PUMP,prov_001_TOW_HEAVY,True,False,63.636580688664964,False,
MultiCriteria,inc_00569,569,BATTERY_REPLACE,STARTER_MOTOR,prov_011_TOW_LIGHT,True,False,32.43834057772565,False,
MultiCriteria,inc_00570,570,BRAKE_PAD_WORN,BRAKE_PAD_WORN,prov_014_MOBILE_MECHANIC,True,True,69.36183616408852,False,
MultiCriteria,inc_00571,571,STARTER_MOTOR,FUEL_PUMP,prov_011_TOW_LIGHT,True,False,62.44653804087553,False,
MultiCriteria,inc_00572,572,BATTERY_REPLACE,BRAKE_PAD_WORN,prov_018_TOW_LIGHT,True,False,33.628571469326864,False,
MultiCriteria,inc_00573,573,ALTERNATOR_ISSUE,BELT_BROKEN,prov_014_MOBILE_MECHANIC,True,False,70.97853088044376,False,
MultiCriteria,inc_00574,574,FUEL_PUMP,BATTERY_JUMP,prov_006_TOW_LIGHT,True,False,90.3733731038403,False,
MultiCriteria,inc_00575,575,TRANSMISSION_ISSUE,TRANSMISSION_ISSUE,prov_011_TOW_LIGHT,True,True,184.4182188930877,False,
MultiCriteria,inc_00576,576,IGNITION_SYSTEM,FUEL_PUMP,prov_002_MOBILE_MECHANIC,True,False,64.7872103100561,False,
MultiCriteria,inc_00577,577,BELT_BROKEN,BRAKE_PAD_WORN,prov_016_MOBILE_MECHANIC,True,False,33.16678204195932,False,
MultiCriteria,inc_00578,578,ELECTRICAL_FAULT_RAIN,BATTERY_JUMP,prov_016_MOBILE_MECHANIC,True,False,96.29216443447683,False,
MultiCriteria,inc_00579,579,BATTERY_JUMP,BRAKE_PAD_WORN,prov_011_TOW_LIGHT,True,False,18.485844300783683,False,
MultiCriteria,inc_00580,580,BRAKE_FAILURE,BRAKE_FAILURE,prov_012_TOW_HEAVY,True,True,95.37195971645811,False,
MultiCriteria,inc_00581,581,TRANSMISSION_ISSUE,TRANSMISSION_ISSUE,prov_005_TOW_LIGHT,True,True,188.19603721578645,False,
MultiCriteria,inc_00582,582,ENGINE_OVERHEAT_SEVERE,BRAKE_PAD_WORN,prov_014_MOBILE_MECHANIC,False,False,169.63836345770244,True,
MultiCriteria,inc_00583,583,COOLANT_LOW,BRAKE_PAD_WORN,prov_017_MOBILE_MECHANIC,True,False,12.128227477398642,False,
MultiCriteria,inc_00584,584,BATTERY_JUMP,BRAKE_PAD_WORN,prov_010_TOW_LIGHT,True,False,18.050378955482834,False,
MultiCriteria,inc_00585,585,ELECTRICAL_FAULT_RAIN,BATTERY_REPLACE,prov_010_TOW_LIGHT,True,False,91.11985187797177,False,
MultiCriteria,inc_00586,586,BATTERY_REPLACE,BATTERY_REPLACE,prov_017_MOBILE_MECHANIC,True,True,31.812209817875413,False,
MultiCriteria,inc_00587,587,RADIATOR_FAN_ISSUE,BRAKE_PAD_WORN,prov_002_MOBILE_MECHANIC,True,False,47.86886443528697,False,
MultiCriteria,inc_00588,588,BRAKE_FAILURE,BRAKE_FAILURE,prov_005_TOW_LIGHT,True,True,95.78166751331904,False,
MultiCriteria,inc_00589,589,BRAKE_PAD_WORN,BRAKE_PAD_WORN,prov_014_MOBILE_MECHANIC,True,True,68.49592320209427,False,
MultiCriteria,inc_00590,590,ELECTRICAL_FAULT_RAIN,BRAKE_PAD_WORN,prov_011_TOW_LIGHT,True,False,94.06935645472242,False,
MultiCriteria,inc_00591,591,BRAKE_PAD_WORN,BRAKE_PAD_WORN,prov_014_MOBILE_MECHANIC,True,True,70.38072352387232,False,
MultiCriteria,inc_00592,592,RADIATOR_HOSE_LEAK,ENGINE_OVERHEAT_SEVERE,prov_018_TOW_LIGHT,True,False,43.348651964143045,False,
MultiCriteria,inc_00593,593,TRANSMISSION_ISSUE,TRANSMISSION_ISSUE,prov_012_TOW_HEAVY,True,True,185.43785264566228,False,
MultiCriteria,inc_00594,594,ENGINE_OVERHEAT_SEVERE,BRAKE_PAD_WORN,prov_016_MOBILE_MECHANIC,False,False,169.7416546389238,True,
MultiCriteria,inc_00595,595,RADIATOR_HOSE_LEAK,COOLANT_LOW,prov_014_MOBILE_MECHANIC,True,False,31.242387261782838,False,
MultiCriteria,inc_00596,596,BRAKE_FAILURE,BRAKE_PAD_WORN,prov_014_MOBILE_MECHANIC,False,False,148.76590632431729,True,
MultiCriteria,inc_00597,597,RADIATOR_HOSE_LEAK,BRAKE_PAD_WORN,prov_002_MOBILE_MECHANIC,True,False,32.58301539380049,False,
MultiCriteria,inc_00598,598,BATTERY_JUMP,FUEL_PUMP,prov_003_TOW_LIGHT,True,False,17.26955372002812,False,
MultiCriteria,inc_00599,599,IGNITION_SYSTEM,BRAKE_PAD_WORN,prov_002_MOBILE_MECHANIC,True,False,67.19268147547002,False,
MultiCriteria,inc_00600,600,ALTERNATOR_ISSUE,FUEL_FILTER_CLOGGED,prov_001_TOW_HEAVY,True,False,64.65857508143797,False,
MultiCriteria,inc_00601,601,RADIATOR_FAN_ISSUE,RADIATOR_FAN_ISSUE,prov_010_TOW_LIGHT,True,True,46.53357243419821,False,
MultiCriteria,inc_00602,602,BATTERY_JUMP,BRAKE_PAD_WORN,prov_002_MOBILE_MECHANIC,True,False,17.311647049502874,False,
MultiCriteria,inc_00603,603,BATTERY_REPLACE,BATTERY_REPLACE,prov_014_MOBILE_MECHANIC,True,True,36.684318900426646,False,
MultiCriteria,inc_00604,604,BATTERY_REPLACE,BATTERY_JUMP,prov_016_MOBILE_MECHANIC,True,False,31.247868249266148,False,
MultiCriteria,inc_00605,605,BATTERY_JUMP,FUEL_PUMP,prov_010_TOW_LIGHT,True,False,16.348309508056207,False,
MultiCriteria,inc_00606,606,STARTER_MOTOR,BRAKE_PAD_WORN,prov_014_MOBILE_MECHANIC,True,False,62.62674254346858,False,
MultiCriteria,inc_00607,607,CLUTCH_WORN,BRAKE_PAD_WORN,prov_012_TOW_HEAVY,True,False,152.25026947163855,False,
MultiCriteria,inc_00608,608,STARTER_MOTOR,BRAKE_PAD_WORN,prov_007_MOBILE_MECHANIC,True,False,61.86215634148393,False,
MultiCriteria,inc_00609,609,BRAKE_PAD_WORN,BRAKE_PAD_WORN,prov_015_TOW_HEAVY,True,True,65.6762322840236,False,
MultiCriteria,inc_00610,610,IGNITION_SYSTEM,FUEL_PUMP,prov_016_MOBILE_MECHANIC,True,False,65.1588348182926,False,
MultiCriteria,inc_00611,611,ELECTRICAL_FAULT_RAIN,BATTERY_JUMP,prov_013_MOBILE_MECHANIC,True,False,92.50408986106153,False,
MultiCriteria,inc_00612,612,IGNITION_SYSTEM,FUEL_PUMP,prov_014_MOBILE_MECHANIC,True,False,65.54423006022098,False,
MultiCriteria,inc_00613,613,ELECTRICAL_FAULT_RAIN,BRAKE_PAD_WORN,prov_011_TOW_LIGHT,True,False,92.19809305880692,False,
MultiCriteria,inc_00614,614,CLUTCH_WORN,TRANSMISSION_ISSUE,prov_010_TOW_LIGHT,True,False,153.22645630858958,False,
MultiCriteria,inc_00615,615,COOLANT_LOW,RADIATOR_FAN_ISSUE,prov_002_MOBILE_MECHANIC,True,False,16.136489668052317,False,
MultiCriteria,inc_00616,616,CLUTCH_WORN,TRANSMISSION_ISSUE,prov_010_TOW_LIGHT,True,False,155.22247986967133,False,
MultiCriteria,inc_00617,617,ALTERNATOR_ISSUE,BELT_BROKEN,prov_014_MOBILE_MECHANIC,True,False,67.14400034688198,False,
MultiCriteria,inc_00618,618,BRAKE_FAILURE,BRAKE_FAILURE,prov_005_TOW_LIGHT,True,True,97.9617779417146,False,
MultiCriteria,inc_00619,619,BATTERY_REPLACE,BATTERY_JUMP,prov_014_MOBILE_MECHANIC,True,False,38.760702002727115,False,
MultiCriteria,inc_00620,620,CLUTCH_WORN,TRANSMISSION_ISSUE,prov_018_TOW_LIGHT,True,False,156.1748807220871,False,
MultiCriteria,inc_00621,621,ALTERNATOR_ISSUE,ALTERNATOR_ISSUE,prov_011_TOW_LIGHT,True,True,70.93365268142892,False,
MultiCriteria,inc_00622,622,SEVERE_MECHANICAL_TOW,BRAKE_PAD_WORN,prov_010_TOW_LIGHT,False,False,77.48330885109517,True,
MultiCriteria,inc_00623,623,BATTERY_JUMP,BRAKE_PAD_WORN,prov_014_MOBILE_MECHANIC,True,False,21.300007358122695,False,
MultiCriteria,inc_00624,624,BRAKE_PAD_WORN,BRAKE_PAD_WORN,prov_017_MOBILE_MECHANIC,True,True,62.37257582338611,False,
MultiCriteria,inc_00625,625,FUEL_FILTER_CLOGGED,BRAKE_PAD_WORN,prov_002_MOBILE_MECHANIC,True,False,26.64940563707253,False,
MultiCriteria,inc_00626,626,FUEL_FILTER_CLOGGED,BRAKE_PAD_WORN,prov_011_TOW_LIGHT,True,False,33.80789518717747,False,
MultiCriteria,inc_00627,627,BATTERY_TERMINAL_CLEAN,BRAKE_PAD_WORN,prov_016_MOBILE_MECHANIC,True,False,13.747129613382635,False,
MultiCriteria,inc_00628,628,FUEL_PUMP,FUEL_PUMP,prov_002_MOBILE_MECHANIC,True,True,100.99676580652975,False,
MultiCriteria,inc_00629,629,IGNITION_SYSTEM,BATTERY_JUMP,prov_001_TOW_HEAVY,True,False,64.29382309641562,False,
MultiCriteria,inc_00630,630,BELT_BROKEN,BRAKE_PAD_WORN,prov_015_TOW_HEAVY,True,False,32.437449142306065,False,
MultiCriteria,inc_00631,631,BATTERY_REPLACE,BRAKE_PAD_WORN,prov_001_TOW_HEAVY,True,False,33.898462273594845,False,
MultiCriteria,inc_00632,632,TRANSMISSION_ISSUE,TRANSMISSION_ISSUE,prov_001_TOW_HEAVY,True,True,182.61418709072387,False,
MultiCriteria,inc_00633,633,RADIATOR_FAN_ISSUE,RADIATOR_FAN_ISSUE,prov_014_MOBILE_MECHANIC,True,True,54.82847592193798,False,
MultiCriteria,inc_00634,634,COOLANT_LOW,BRAKE_PAD_WORN,prov_010_TOW_LIGHT,True,False,13.120765806453871,False,
MultiCriteria,inc_00635,635,ALTERNATOR_ISSUE,BELT_BROKEN,prov_002_MOBILE_MECHANIC,True,False,65.82645595104789,False,
MultiCriteria,inc_00636,636,SEVERE_MECHANICAL_TOW,BELT_BROKEN,prov_013_MOBILE_MECHANIC,False,False,76.6148242288341,True,
MultiCriteria,inc_00637,637,ELECTRICAL_FAULT_RAIN,BRAKE_PAD_WORN,prov_018_TOW_LIGHT,True,False,101.10362170491415,False,
MultiCriteria,inc_00638,638,COOLANT_LOW,BRAKE_PAD_WORN,prov_007_MOBILE_MECHANIC,True,False,12.500766853528699,False,
MultiCriteria,inc_00639,639,BELT_BROKEN,BELT_BROKEN,prov_002_MOBILE_MECHANIC,True,True,38.84070467753534,False,
MultiCriteria,inc_00640,640,ELECTRICAL_FAULT_RAIN,BATTERY_JUMP,prov_014_MOBILE_MECHANIC,True,False,94.895004447743,False,
MultiCriteria,inc_00641,641,BRAKE_PAD_WORN,BRAKE_PAD_WORN,prov_002_MOBILE_MECHANIC,True,True,64.97743996862648,False,
MultiCriteria,inc_00642,642,IGNITION_SYSTEM,BRAKE_PAD_WORN,prov_016_MOBILE_MECHANIC,True,False,63.26923026893481,False,
MultiCriteria,inc_00643,643,IGNITION_SYSTEM,FUEL_PUMP,prov_007_MOBILE_MECHANIC,True,False,60.74172036353114,False,
MultiCriteria,inc_00644,644,BATTERY_JUMP,FUEL_PUMP,prov_014_MOBILE_MECHANIC,True,False,20.484958861577702,False,
MultiCriteria,inc_00645,645,ENGINE_OVERHEAT_SEVERE,ENGINE_OVERHEAT_SEVERE,prov_011_TOW_LIGHT,True,True,131.92528959646447,False,
MultiCriteria,inc_00646,646,BATTERY_REPLACE,BATTERY_JUMP,prov_016_MOBILE_MECHANIC,True,False,34.270331974727426,False,
MultiCriteria,inc_00647,647,SEVERE_MECHANICAL_TOW,BRAKE_PAD_WORN,prov_011_TOW_LIGHT,False,False,79.30348213086918,True,
MultiCriteria,inc_00648,648,ALTERNATOR_ISSUE,FUEL_FILTER_CLOGGED,prov_002_MOBILE_MECHANIC,True,False,69.2098790644591,False,
MultiCriteria,inc_00649,649,BATTERY_JUMP,FUEL_PUMP,prov_018_TOW_LIGHT,True,False,25.181328540214956,False,
MultiCriteria,inc_00650,650,BRAKE_PAD_WORN,BRAKE_PAD_WORN,prov_017_MOBILE_MECHANIC,True,True,62.26006545579315,False,
MultiCriteria,inc_00651,651,BATTERY_JUMP,BRAKE_PAD_WORN,prov_001_TOW_HEAVY,True,False,18.547060342051495,False,
MultiCriteria,inc_00652,652,COOLANT_LOW,RADIATOR_HOSE_LEAK,prov_000_MOBILE_MECHANIC,True,False,10.397797713716853,False,
MultiCriteria,inc_00653,653,FUEL_FILTER_CLOGGED,FUEL_FILTER_CLOGGED,prov_011_TOW_LIGHT,True,True,35.823544156636515,False,
MultiCriteria,inc_00654,654,COOLANT_LOW,COOLANT_LOW,prov_007_MOBILE_MECHANIC,True,True,12.820720606293495,False,
MultiCriteria,inc_00655,655,ELECTRICAL_FAULT_RAIN,BRAKE_PAD_WORN,prov_011_TOW_LIGHT,True,False,99.45757882041548,False,
MultiCriteria,inc_00656,656,IGNITION_SYSTEM,FUEL_PUMP,prov_014_MOBILE_MECHANIC,True,False,68.13347087796703,False,
MultiCriteria,inc_00657,657,ALTERNATOR_ISSUE,BELT_BROKEN,prov_002_MOBILE_MECHANIC,True,False,66.84626926197123,False,
MultiCriteria,inc_00658,658,IGNITION_SYSTEM,FUEL_PUMP,prov_014_MOBILE_MECHANIC,True,False,68.22755339212948,False,
MultiCriteria,inc_00659,659,BATTERY_REPLACE,BATTERY_JUMP,prov_014_MOBILE_MECHANIC,True,False,36.01506835781717,False,
MultiCriteria,inc_00660,660,BATTERY_REPLACE,STARTER_MOTOR,prov_014_MOBILE_MECHANIC,True,False,40.5712726298857,False,
MultiCriteria,inc_00661,661,BATTERY_JUMP,FUEL_PUMP,prov_001_TOW_HEAVY,True,False,20.203129235499595,False,
MultiCriteria,inc_00662,662,ALTERNATOR_ISSUE,FUEL_FILTER_CLOGGED,prov_017_MOBILE_MECHANIC,True,False,61.91951814182504,False,
MultiCriteria,inc_00663,663,BRAKE_PAD_WORN,BRAKE_PAD_WORN,prov_011_TOW_LIGHT,True,True,66.49233882199952,False,
MultiCriteria,inc_00664,664,RADIATOR_FAN_ISSUE,BRAKE_PAD_WORN,prov_018_TOW_LIGHT,True,False,53.90858352359195,False,
MultiCriteria,inc_00665,665,TRANSMISSION_ISSUE,BRAKE_PAD_WORN,prov_001_TOW_HEAVY,True,False,182.94582197691736,False,
MultiCriteria,inc_00666,666,TRANSMISSION_ISSUE,TRANSMISSION_ISSUE,prov_018_TOW_LIGHT,True,True,185.8066340096752,False,
MultiCriteria,inc_00667,667,BRAKE_PAD_WORN,BRAKE_PAD_WORN,prov_002_MOBILE_MECHANIC,True,True,63.801181250458676,False,
MultiCriteria,inc_00668,668,FUEL_PUMP,BATTERY_JUMP,prov_002_MOBILE_MECHANIC,True,False,95.8702245704193,False,
MultiCriteria,inc_00669,669,COOLANT_LOW,BRAKE_PAD_WORN,prov_018_TOW_LIGHT,True,False,19.230115980715706,False,
MultiCriteria,inc_00670,670,CLUTCH_WORN,BRAKE_PAD_WORN,prov_002_MOBILE_MECHANIC,False,False,204.42728155863966,True,
MultiCriteria,inc_00671,671,COOLANT_LOW,BRAKE_PAD_WORN,prov_002_MOBILE_MECHANIC,True,False,16.332496222632162,False,
MultiCriteria,inc_00672,672,TRANSMISSION_ISSUE,BRAKE_PAD_WORN,prov_009_TOW_LIGHT,True,False,184.0073443890436,False,
MultiCriteria,inc_00673,673,FUEL_FILTER_CLOGGED,BRAKE_PAD_WORN,prov_014_MOBILE_MECHANIC,True,False,37.48965707061919,False,
MultiCriteria,inc_00674,674,CLUTCH_WORN,BRAKE_PAD_WORN,prov_014_MOBILE_MECHANIC,False,False,199.68794269283146,True,
MultiCriteria,inc_00675,675,ALTERNATOR_ISSUE,BELT_BROKEN,prov_018_TOW_LIGHT,True,False,67.06868279512614,False,
MultiCriteria,inc_00676,676,FUEL_FILTER_CLOGGED,FUEL_FILTER_CLOGGED,prov_010_TOW_LIGHT,True,True,27.12078316605562,False,
MultiCriteria,inc_00677,677,STARTER_MOTOR,FUEL_PUMP,prov_002_MOBILE_MECHANIC,True,False,64.46610904375504,False,
MultiCriteria,inc_00678,678,BATTERY_JUMP,BRAKE_PAD_WORN,prov_014_MOBILE_MECHANIC,True,False,21.382330928638552,False,
MultiCriteria,inc_00679,679,SEVERE_MECHANICAL_TOW,BRAKE_PAD_WORN,prov_014_MOBILE_MECHANIC,False,False,87.29455659416399,True,
MultiCriteria,inc_00680,680,BATTERY_REPLACE,STARTER_MOTOR,prov_012_TOW_HEAVY,True,False,33.26983067031055,False,
MultiCriteria,inc_00681,681,SEVERE_MECHANICAL_TOW,BRAKE_PAD_WORN,prov_014_MOBILE_MECHANIC,False,False,80.4188786105768,True,
MultiCriteria,inc_00682,682,COOLANT_LOW,BRAKE_PAD_WORN,prov_002_MOBILE_MECHANIC,True,False,18.04180357673247,False,
MultiCriteria,inc_00683,683,RADIATOR_HOSE_LEAK,RADIATOR_HOSE_LEAK,prov_007_MOBILE_MECHANIC,True,True,32.032005872752805,False,
MultiCriteria,inc_00684,684,STARTER_MOTOR,FUEL_PUMP,prov_013_MOBILE_MECHANIC,True,False,62.43982125391886,False,
MultiCriteria,inc_00685,685,BATTERY_REPLACE,BATTERY_REPLACE,prov_002_MOBILE_MECHANIC,True,True,32.24575323313183,False,
MultiCriteria,inc_00686,686,CLUTCH_WORN,TRANSMISSION_ISSUE,prov_005_TOW_LIGHT,True,False,155.7367373197085,False,
MultiCriteria,inc_00687,687,BATTERY_REPLACE,BATTERY_REPLACE,prov_001_TOW_HEAVY,True,True,33.09684080802158,False,
MultiCriteria,inc_00688,688,BATTERY_REPLACE,STARTER_MOTOR,prov_001_TOW_HEAVY,True,False,35.77056119459589,False,
MultiCriteria,inc_00689,689,BRAKE_PAD_WORN,BRAKE_PAD_WORN,prov_014_MOBILE_MECHANIC,True,True,67.84262531652163,False,
MultiCriteria,inc_00690,690,BRAKE_PAD_WORN,BRAKE_PAD_WORN,prov_002_MOBILE_MECHANIC,True,True,65.50174611481819,False,
MultiCriteria,inc_00691,691,BATTERY_TERMINAL_CLEAN,BATTERY_REPLACE,prov_017_MOBILE_MECHANIC,True,False,11.700868314323827,False,
MultiCriteria,inc_00692,692,RADIATOR_FAN_ISSUE,RADIATOR_FAN_ISSUE,prov_007_MOBILE_MECHANIC,True,True,46.77625390727565,False,
MultiCriteria,inc_00693,693,BATTERY_JUMP,FUEL_PUMP,prov_012_TOW_HEAVY,True,False,19.37903273330996,False,
MultiCriteria,inc_00694,694,BATTERY_JUMP,FUEL_PUMP,prov_014_MOBILE_MECHANIC,True,False,20.789899420906742,False,
MultiCriteria,inc_00695,695,TRANSMISSION_ISSUE,TRANSMISSION_ISSUE,prov_005_TOW_LIGHT,True,True,189.6244457170412,False,
MultiCriteria,inc_00696,696,TRANSMISSION_ISSUE,BRAKE_PAD_WORN,prov_011_TOW_LIGHT,True,False,191.84363317224404,False,
MultiCriteria,inc_00697,697,BATTERY_REPLACE,BATTERY_REPLACE,prov_002_MOBILE_MECHANIC,True,True,37.28315866478587,False,
MultiCriteria,inc_00698,698,ELECTRICAL_FAULT_RAIN,BATTERY_JUMP,prov_016_MOBILE_MECHANIC,True,False,93.07220889971875,False,
MultiCriteria,inc_00699,699,IGNITION_SYSTEM,BATTERY_JUMP,prov_012_TOW_HEAVY,True,False,64.86650074300282,False,
MultiCriteria,inc_00700,700,COOLANT_LOW,BRAKE_PAD_WORN,prov_014_MOBILE_MECHANIC,True,False,15.061511500968303,False,
MultiCriteria,inc_00701,701,ALTERNATOR_ISSUE,BELT_BROKEN,prov_002_MOBILE_MECHANIC,True,False,63.114684722636625,False,
MultiCriteria,inc_00702,702,BATTERY_REPLACE,BATTERY_JUMP,prov_014_MOBILE_MECHANIC,True,False,37.670905375152884,False,
MultiCriteria,inc_00703,703,BATTERY_TERMINAL_CLEAN,BATTERY_REPLACE,prov_016_MOBILE_MECHANIC,True,False,15.18301552045111,False,
MultiCriteria,inc_00704,704,BELT_BROKEN,BRAKE_PAD_WORN,prov_014_MOBILE_MECHANIC,True,False,39.174001636724256,False,
MultiCriteria,inc_00705,705,BRAKE_FAILURE,BRAKE_FAILURE,prov_011_TOW_LIGHT,True,True,98.04326130640493,False,
MultiCriteria,inc_00706,706,FUEL_FILTER_CLOGGED,FUEL_FILTER_CLOGGED,prov_010_TOW_LIGHT,True,True,27.715825568305885,False,
MultiCriteria,inc_00707,707,FUEL_PUMP,FUEL_PUMP,prov_011_TOW_LIGHT,True,True,100.53611298918945,False,
MultiCriteria,inc_00708,708,FUEL_PUMP,FUEL_PUMP,prov_002_MOBILE_MECHANIC,True,True,94.94128093979664,False,
MultiCriteria,inc_00709,709,BATTERY_REPLACE,STARTER_MOTOR,prov_002_MOBILE_MECHANIC,True,False,39.94901482506603,False,
MultiCriteria,inc_00710,710,TRANSMISSION_ISSUE,BRAKE_PAD_WORN,prov_002_MOBILE_MECHANIC,False,False,231.5927943091916,True,
MultiCriteria,inc_00711,711,STARTER_MOTOR,BRAKE_PAD_WORN,prov_012_TOW_HEAVY,True,False,63.49279148170692,False,
MultiCriteria,inc_00712,712,RADIATOR_FAN_ISSUE,BRAKE_PAD_WORN,prov_017_MOBILE_MECHANIC,True,False,50.21589872109028,False,
MultiCriteria,inc_00713,713,BRAKE_FAILURE,BRAKE_FAILURE,prov_011_TOW_LIGHT,True,True,97.1180547410418,False,
MultiCriteria,inc_00714,714,BATTERY_JUMP,FUEL_PUMP,prov_011_TOW_LIGHT,True,False,19.872799616574405,False,
MultiCriteria,inc_00715,715,BATTERY_REPLACE,STARTER_MOTOR,prov_002_MOBILE_MECHANIC,True,False,37.043210766936774,False,
MultiCriteria,inc_00716,716,FUEL_FILTER_CLOGGED,BRAKE_PAD_WORN,prov_001_TOW_HEAVY,True,False,27.040451228363622,False,
MultiCriteria,inc_00717,717,TRANSMISSION_ISSUE,TRANSMISSION_ISSUE,prov_011_TOW_LIGHT,True,True,194.72533330182569,False,
MultiCriteria,inc_00718,718,BATTERY_REPLACE,STARTER_MOTOR,prov_011_TOW_LIGHT,True,False,32.62683178396462,False,
MultiCriteria,inc_00719,719,BATTERY_REPLACE,STARTER_MOTOR,prov_014_MOBILE_MECHANIC,True,False,36.2777965689111,False,
MultiCriteria,inc_00720,720,ALTERNATOR_ISSUE,BELT_BROKEN,prov_011_TOW_LIGHT,True,False,70.4146460452517,False,
MultiCriteria,inc_00721,721,BATTERY_JUMP,BRAKE_PAD_WORN,prov_014_MOBILE_MECHANIC,True,False,24.595723268747243,False,
MultiCriteria,inc_00722,722,BATTERY_JUMP,FUEL_PUMP,prov_016_MOBILE_MECHANIC,True,False,21.704866270099,False,
MultiCriteria,inc_00723,723,SEVERE_MECHANICAL_TOW,BELT_BROKEN,prov_009_TOW_LIGHT,False,False,77.93996371898001,True,
MultiCriteria,inc_00724,724,ALTERNATOR_ISSUE,BELT_BROKEN,prov_017_MOBILE_MECHANIC,True,False,61.31108050730475,False,
MultiCriteria,inc_00725,725,STARTER_MOTOR,FUEL_PUMP,prov_011_TOW_LIGHT,True,False,66.19192220476923,False,
MultiCriteria,inc_00726,726,BELT_BROKEN,BRAKE_PAD_WORN,prov_014_MOBILE_MECHANIC,True,False,33.97751681049586,False,
MultiCriteria,inc_00727,727,BATTERY_REPLACE,STARTER_MOTOR,prov_012_TOW_HEAVY,True,False,31.923980199578637,False,
MultiCriteria,inc_00728,728,FUEL_PUMP,FUEL_PUMP,prov_003_TOW_LIGHT,True,True,92.92141040464622,False,
MultiCriteria,inc_00729,729,SEVERE_MECHANICAL_TOW,BRAKE_PAD_WORN,prov_017_MOBILE_MECHANIC,False,False,76.89290203391492,True,
MultiCriteria,inc_00730,730,CLUTCH_WORN,BRAKE_PAD_WORN,prov_002_MOBILE_MECHANIC,False,False,196.69909841506993,True,
MultiCriteria,inc_00731,731,IGNITION_SYSTEM,BRAKE_PAD_WORN,prov_016_MOBILE_MECHANIC,True,False,63.17888598911032,False,
MultiCriteria,inc_00732,732,ALTERNATOR_ISSUE,BELT_BROKEN,prov_003_TOW_LIGHT,True,False,63.067927037689145,False,
MultiCriteria,inc_00733,733,COOLANT_LOW,RADIATOR_FAN_ISSUE,prov_011_TOW_LIGHT,True,False,14.97341705234182,False,
MultiCriteria,inc_00734,734,BELT_BROKEN,BRAKE_PAD_WORN,prov_011_TOW_LIGHT,True,False,41.51866257529905,False,
MultiCriteria,inc_00735,735,BRAKE_FAILURE,BRAKE_FAILURE,prov_011_TOW_LIGHT,True,True,93.38034862250188,False,
MultiCriteria,inc_00736,736,BATTERY_TERMINAL_CLEAN,STARTER_MOTOR,prov_016_MOBILE_MECHANIC,True,False,10.373461801035763,False,
MultiCriteria,inc_00737,737,ENGINE_OVERHEAT_SEVERE,FUEL_FILTER_CLOGGED,prov_013_MOBILE_MECHANIC,False,False,169.2345207025805,True,
MultiCriteria,inc_00738,738,RADIATOR_FAN_ISSUE,RADIATOR_FAN_ISSUE,prov_002_MOBILE_MECHANIC,True,True,47.79788451309965,False,
MultiCriteria,inc_00739,739,SEVERE_MECHANICAL_TOW,BRAKE_PAD_WORN,prov_013_MOBILE_MECHANIC,False,False,77.58719454029772,True,
MultiCriteria,inc_00740,740,BATTERY_JUMP,FUEL_PUMP,prov_017_MOBILE_MECHANIC,True,False,18.445711778848757,False,
MultiCriteria,inc_00741,741,BELT_BROKEN,BELT_BROKEN,prov_015_TOW_HEAVY,True,True,36.22566507698504,False,
MultiCriteria,inc_00742,742,TRANSMISSION_ISSUE,TRANSMISSION_ISSUE,prov_005_TOW_LIGHT,True,True,185.21120010836455,False,
MultiCriteria,inc_00743,743,BELT_BROKEN,BRAKE_PAD_WORN,prov_014_MOBILE_MECHANIC,True,False,30.899261588950743,False,
MultiCriteria,inc_00744,744,BRAKE_FAILURE,BRAKE_FAILURE,prov_005_TOW_LIGHT,True,True,94.78195769987447,False,
MultiCriteria,inc_00745,745,STARTER_MOTOR,BRAKE_PAD_WORN,prov_014_MOBILE_MECHANIC,True,False,61.37555782180023,False,
MultiCriteria,inc_00746,746,BATTERY_JUMP,FUEL_PUMP,prov_016_MOBILE_MECHANIC,True,False,18.43106061711215,False,
MultiCriteria,inc_00747,747,TRANSMISSION_ISSUE,BRAKE_PAD_WORN,prov_002_MOBILE_MECHANIC,False,False,233.29932323208507,True,
MultiCriteria,inc_00748,748,BRAKE_PAD_WORN,BRAKE_PAD_WORN,prov_017_MOBILE_MECHANIC,True,True,62.90586540208615,False,
MultiCriteria,inc_00749,749,BELT_BROKEN,BELT_BROKEN,prov_013_MOBILE_MECHANIC,True,True,31.21856540004307,False,
MultiCriteria,inc_00750,750,IGNITION_SYSTEM,FUEL_PUMP,prov_014_MOBILE_MECHANIC,True,False,66.64287142492056,False,
MultiCriteria,inc_00751,751,BATTERY_JUMP,FUEL_PUMP,prov_011_TOW_LIGHT,True,False,19.222688234166423,False,
MultiCriteria,inc_00752,752,TRANSMISSION_ISSUE,TRANSMISSION_ISSUE,prov_011_TOW_LIGHT,True,True,191.3841860033892,False,
MultiCriteria,inc_00753,753,SEVERE_MECHANICAL_TOW,BELT_BROKEN,prov_012_TOW_HEAVY,True,False,33.165128191728236,False,
MultiCriteria,inc_00754,754,COOLANT_LOW,BRAKE_PAD_WORN,prov_013_MOBILE_MECHANIC,True,False,11.568205814323436,False,
MultiCriteria,inc_00755,755,ELECTRICAL_FAULT_RAIN,BRAKE_PAD_WORN,prov_016_MOBILE_MECHANIC,True,False,90.31458471559837,False,
MultiCriteria,inc_00756,756,FUEL_FILTER_CLOGGED,FUEL_FILTER_CLOGGED,prov_011_TOW_LIGHT,True,True,29.596833781897644,False,
MultiCriteria,inc_00757,757,BELT_BROKEN,BRAKE_PAD_WORN,prov_010_TOW_LIGHT,True,False,33.84661748050971,False,
MultiCriteria,inc_00758,758,BATTERY_REPLACE,STARTER_MOTOR,prov_002_MOBILE_MECHANIC,True,False,33.94651292597618,False,
MultiCriteria,inc_00759,759,IGNITION_SYSTEM,FUEL_PUMP,prov_007_MOBILE_MECHANIC,True,False,61.57682251583584,False,
MultiCriteria,inc_00760,760,BRAKE_PAD_WORN,BRAKE_PAD_WORN,prov_001_TOW_HEAVY,True,True,62.71405210427939,False,
MultiCriteria,inc_00761,761,TRANSMISSION_ISSUE,TRANSMISSION_ISSUE,prov_011_TOW_LIGHT,True,True,183.67214146570626,False,
MultiCriteria,inc_00762,762,RADIATOR_HOSE_LEAK,BRAKE_PAD_WORN,prov_001_TOW_HEAVY,True,False,34.15896357274973,False,
MultiCriteria,inc_00763,763,FUEL_FILTER_CLOGGED,FUEL_FILTER_CLOGGED,prov_001_TOW_HEAVY,True,True,31.959484780431218,False,
MultiCriteria,inc_00764,764,BATTERY_REPLACE,BRAKE_PAD_WORN,prov_011_TOW_LIGHT,True,False,32.51272728678142,False,
MultiCriteria,inc_00765,765,BATTERY_REPLACE,BATTERY_JUMP,prov_015_TOW_HEAVY,True,False,33.377051116565305,False,
MultiCriteria,inc_00766,766,FUEL_FILTER_CLOGGED,BRAKE_PAD_WORN,prov_016_MOBILE_MECHANIC,True,False,31.398948406344523,False,
MultiCriteria,inc_00767,767,STARTER_MOTOR,BRAKE_PAD_WORN,prov_014_MOBILE_MECHANIC,True,False,67.46946299737048,False,
MultiCriteria,inc_00768,768,BRAKE_PAD_WORN,BRAKE_PAD_WORN,prov_014_MOBILE_MECHANIC,True,True,67.37103449450099,False,
MultiCriteria,inc_00769,769,BATTERY_JUMP,BRAKE_PAD_WORN,prov_014_MOBILE_MECHANIC,True,False,24.16139643214908,False,
MultiCriteria,inc_00770,770,ALTERNATOR_ISSUE,BELT_BROKEN,prov_001_TOW_HEAVY,True,False,66.69014318959401,False,
MultiCriteria,inc_00771,771,FUEL_FILTER_CLOGGED,FUEL_FILTER_CLOGGED,prov_017_MOBILE_MECHANIC,True,True,25.88609141229177,False,
MultiCriteria,inc_00772,772,BRAKE_PAD_WORN,BRAKE_PAD_WORN,prov_014_MOBILE_MECHANIC,True,True,65.51489960337392,False,
MultiCriteria,inc_00773,773,CLUTCH_WORN,TRANSMISSION_ISSUE,prov_018_TOW_LIGHT,True,False,153.63703350502325,False,
MultiCriteria,inc_00774,774,ELECTRICAL_FAULT_RAIN,BATTERY_JUMP,prov_014_MOBILE_MECHANIC,True,False,93.05396233816258,False,
MultiCriteria,inc_00775,775,TRANSMISSION_ISSUE,BRAKE_PAD_WORN,prov_002_MOBILE_MECHANIC,False,False,231.36485640922598,True,
MultiCriteria,inc_00776,776,BATTERY_REPLACE,BATTERY_JUMP,prov_002_MOBILE_MECHANIC,True,False,31.615329025613782,False,
MultiCriteria,inc_00777,777,ELECTRICAL_FAULT_RAIN,STARTER_MOTOR,prov_002_MOBILE_MECHANIC,True,False,95.17246626469165,False,
MultiCriteria,inc_00778,778,ALTERNATOR_ISSUE,BRAKE_PAD_WORN,prov_016_MOBILE_MECHANIC,True,False,64.44540338521867,False,
MultiCriteria,inc_00779,779,ALTERNATOR_ISSUE,BELT_BROKEN,prov_015_TOW_HEAVY,True,False,61.786204934705985,False,
MultiCriteria,inc_00780,780,FUEL_FILTER_CLOGGED,FUEL_FILTER_CLOGGED,prov_014_MOBILE_MECHANIC,True,True,28.296441233292555,False,
MultiCriteria,inc_00781,781,BRAKE_FAILURE,BRAKE_PAD_WORN,prov_016_MOBILE_MECHANIC,False,False,137.09719903029304,True,
MultiCriteria,inc_00782,782,IGNITION_SYSTEM,FUEL_PUMP,prov_014_MOBILE_MECHANIC,True,False,69.60244961625106,False,
MultiCriteria,inc_00783,783,BRAKE_PAD_WORN,BRAKE_PAD_WORN,prov_014_MOBILE_MECHANIC,True,True,67.29066425994085,False,
MultiCriteria,inc_00784,784,CLUTCH_WORN,BRAKE_PAD_WORN,prov_011_TOW_LIGHT,True,False,153.33011973888483,False,
MultiCriteria,inc_00785,785,CLUTCH_WORN,BRAKE_PAD_WORN,prov_014_MOBILE_MECHANIC,False,False,201.1544275870666,True,
MultiCriteria,inc_00786,786,STARTER_MOTOR,FUEL_PUMP,prov_014_MOBILE_MECHANIC,True,False,67.23274585722457,False,
MultiCriteria,inc_00787,787,ALTERNATOR_ISSUE,BELT_BROKEN,prov_012_TOW_HEAVY,True,False,64.26449434415555,False,
MultiCriteria,inc_00788,788,BATTERY_JUMP,BRAKE_PAD_WORN,prov_006_TOW_LIGHT,True,False,16.514265710139867,False,
MultiCriteria,inc_00789,789,RADIATOR_FAN_ISSUE,COOLANT_LOW,prov_002_MOBILE_MECHANIC,True,False,50.05707986943259,False,
MultiCriteria,inc_00790,790,BATTERY_REPLACE,BRAKE_PAD_WORN,prov_014_MOBILE_MECHANIC,True,False,34.026213321313904,False,
MultiCriteria,inc_00791,791,COOLANT_LOW,BRAKE_PAD_WORN,prov_018_TOW_LIGHT,True,False,20.79078437538498,False,
MultiCriteria,inc_00792,792,BATTERY_REPLACE,BATTERY_JUMP,prov_010_TOW_LIGHT,True,False,31.389094089243653,False,
MultiCriteria,inc_00793,793,BATTERY_JUMP,BRAKE_PAD_WORN,prov_014_MOBILE_MECHANIC,True,False,17.948470139477504,False,
MultiCriteria,inc_00794,794,RADIATOR_HOSE_LEAK,RADIATOR_HOSE_LEAK,prov_001_TOW_HEAVY,True,True,35.05758852059472,False,
MultiCriteria,inc_00795,795,BATTERY_JUMP,FUEL_PUMP,prov_002_MOBILE_MECHANIC,True,False,18.971785675885354,False,
MultiCriteria,inc_00796,796,FUEL_FILTER_CLOGGED,BRAKE_PAD_WORN,prov_017_MOBILE_MECHANIC,True,False,27.297307388240363,False,
MultiCriteria,inc_00797,797,RADIATOR_FAN_ISSUE,FUEL_FILTER_CLOGGED,prov_010_TOW_LIGHT,True,False,48.040856625049905,False,
MultiCriteria,inc_00798,798,ALTERNATOR_ISSUE,BELT_BROKEN,prov_014_MOBILE_MECHANIC,True,False,64.80952562330371,False,
MultiCriteria,inc_00799,799,BRAKE_PAD_WORN,BRAKE_PAD_WORN,prov_002_MOBILE_MECHANIC,True,True,65.68116983196134,False,
MultiCriteria,inc_00800,800,TRANSMISSION_ISSUE,BRAKE_PAD_WORN,prov_002_MOBILE_MECHANIC,False,False,229.73548496215685,True,
MultiCriteria,inc_00801,801,TRANSMISSION_ISSUE,TRANSMISSION_ISSUE,prov_012_TOW_HEAVY,True,True,184.91174654116404,False,
MultiCriteria,inc_00802,802,BATTERY_JUMP,BRAKE_PAD_WORN,prov_002_MOBILE_MECHANIC,True,False,25.115749052525192,False,
MultiCriteria,inc_00803,803,ALTERNATOR_ISSUE,BELT_BROKEN,prov_014_MOBILE_MECHANIC,True,False,72.70269693302842,False,
MultiCriteria,inc_00804,804,BATTERY_REPLACE,BATTERY_REPLACE,prov_011_TOW_LIGHT,True,True,35.25255328342413,False,
MultiCriteria,inc_00805,805,CLUTCH_WORN,BRAKE_PAD_WORN,prov_017_MOBILE_MECHANIC,False,False,198.84784971300982,True,
MultiCriteria,inc_00806,806,RADIATOR_HOSE_LEAK,BRAKE_PAD_WORN,prov_009_TOW_LIGHT,True,False,34.06029374866645,False,
MultiCriteria,inc_00807,807,FUEL_FILTER_CLOGGED,BRAKE_PAD_WORN,prov_001_TOW_HEAVY,True,False,31.154766241676647,False,
MultiCriteria,inc_00808,808,BRAKE_PAD_WORN,BRAKE_PAD_WORN,prov_018_TOW_LIGHT,True,True,67.22054748466152,False,
MultiCriteria,inc_00809,809,BATTERY_JUMP,FUEL_PUMP,prov_014_MOBILE_MECHANIC,True,False,27.87922556946738,False,
MultiCriteria,inc_00810,810,FUEL_FILTER_CLOGGED,BRAKE_PAD_WORN,prov_011_TOW_LIGHT,True,False,31.92514206524413,False,
MultiCriteria,inc_00811,811,IGNITION_SYSTEM,FUEL_PUMP,prov_014_MOBILE_MECHANIC,True,False,64.36121420765652,False,
MultiCriteria,inc_00812,812,CLUTCH_WORN,BRAKE_PAD_WORN,prov_013_MOBILE_MECHANIC,False,False,198.58468763869922,True,
MultiCriteria,inc_00813,813,ALTERNATOR_ISSUE,BRAKE_PAD_WORN,prov_011_TOW_LIGHT,True,False,63.75441977843534,False,
MultiCriteria,inc_00814,814,BATTERY_JUMP,BRAKE_PAD_WORN,prov_015_TOW_HEAVY,True,False,21.278141778515625,False,
MultiCriteria,inc_00815,815,ALTERNATOR_ISSUE,BELT_BROKEN,prov_015_TOW_HEAVY,True,False,65.1884957757229,False,
MultiCriteria,inc_00816,816,BATTERY_REPLACE,STARTER_MOTOR,prov_014_MOBILE_MECHANIC,True,False,31.389601080397558,False,
MultiCriteria,inc_00817,817,BATTERY_JUMP,BRAKE_PAD_WORN,prov_001_TOW_HEAVY,True,False,20.55073144479037,False,
MultiCriteria,inc_00818,818,COOLANT_LOW,BRAKE_PAD_WORN,prov_014_MOBILE_MECHANIC,True,False,18.090141256911036,False,
MultiCriteria,inc_00819,819,ALTERNATOR_ISSUE,BELT_BROKEN,prov_010_TOW_LIGHT,True,False,61.54630736987997,False,
MultiCriteria,inc_00820,820,BATTERY_JUMP,BRAKE_PAD_WORN,prov_002_MOBILE_MECHANIC,True,False,18.51028201756652,False,
MultiCriteria,inc_00821,821,IGNITION_SYSTEM,BRAKE_PAD_WORN,prov_016_MOBILE_MECHANIC,True,False,61.337965347909396,False,
MultiCriteria,inc_00822,822,COOLANT_LOW,BRAKE_PAD_WORN,prov_014_MOBILE_MECHANIC,True,False,17.66858231706068,False,
MultiCriteria,inc_00823,823,IGNITION_SYSTEM,BRAKE_PAD_WORN,prov_016_MOBILE_MECHANIC,True,False,62.73092503999421,False,
MultiCriteria,inc_00824,824,RADIATOR_FAN_ISSUE,COOLANT_LOW,prov_002_MOBILE_MECHANIC,True,False,50.54892803535758,False,
MultiCriteria,inc_00825,825,BRAKE_FAILURE,BRAKE_PAD_WORN,prov_018_TOW_LIGHT,True,False,98.44928439885145,False,
MultiCriteria,inc_00826,826,COOLANT_LOW,RADIATOR_FAN_ISSUE,prov_015_TOW_HEAVY,True,False,15.173509213549277,False,
MultiCriteria,inc_00827,827,BELT_BROKEN,BELT_BROKEN,prov_017_MOBILE_MECHANIC,True,True,32.62984732361588,False,
MultiCriteria,inc_00828,828,TRANSMISSION_ISSUE,TRANSMISSION_ISSUE,prov_011_TOW_LIGHT,True,True,190.04287725813816,False,
MultiCriteria,inc_00829,829,RADIATOR_HOSE_LEAK,BRAKE_PAD_WORN,prov_001_TOW_HEAVY,True,False,33.20151240615658,False,
MultiCriteria,inc_00830,830,BATTERY_REPLACE,BATTERY_REPLACE,prov_007_MOBILE_MECHANIC,True,True,31.9428229858094,False,
MultiCriteria,inc_00831,831,BRAKE_FAILURE,BRAKE_PAD_WORN,prov_010_TOW_LIGHT,True,False,93.40852940865878,False,
MultiCriteria,inc_00832,832,BELT_BROKEN,BRAKE_PAD_WORN,prov_013_MOBILE_MECHANIC,True,False,31.507510262556572,False,
MultiCriteria,inc_00833,833,FUEL_FILTER_CLOGGED,BRAKE_PAD_WORN,prov_002_MOBILE_MECHANIC,True,False,34.423495175245456,False,
MultiCriteria,inc_00834,834,BATTERY_TERMINAL_CLEAN,STARTER_MOTOR,prov_014_MOBILE_MECHANIC,True,False,15.705264062481767,False,
MultiCriteria,inc_00835,835,ENGINE_OVERHEAT_SEVERE,RADIATOR_HOSE_LEAK,prov_011_TOW_LIGHT,True,False,122.61043517433795,False,
MultiCriteria,inc_00836,836,CLUTCH_WORN,TRANSMISSION_ISSUE,prov_006_TOW_LIGHT,True,False,152.65633671785025,False,
MultiCriteria,inc_00837,837,RADIATOR_HOSE_LEAK,RADIATOR_HOSE_LEAK,prov_011_TOW_LIGHT,True,True,42.80192591318613,False,
MultiCriteria,inc_00838,838,COOLANT_LOW,RADIATOR_FAN_ISSUE,prov_010_TOW_LIGHT,True,False,12.401602549855719,False,
MultiCriteria,inc_00839,839,FUEL_FILTER_CLOGGED,BRAKE_PAD_WORN,prov_011_TOW_LIGHT,True,False,28.870617068966304,False,
MultiCriteria,inc_00840,840,BATTERY_REPLACE,STARTER_MOTOR,prov_014_MOBILE_MECHANIC,True,False,38.63032287911609,False,
MultiCriteria,inc_00841,841,FUEL_FILTER_CLOGGED,FUEL_FILTER_CLOGGED,prov_017_MOBILE_MECHANIC,True,True,31.21434524015607,False,
MultiCriteria,inc_00842,842,BRAKE_PAD_WORN,BRAKE_PAD_WORN,prov_002_MOBILE_MECHANIC,True,True,68.16847677675501,False,
MultiCriteria,inc_00843,843,BATTERY_REPLACE,BATTERY_TERMINAL_CLEAN,prov_016_MOBILE_MECHANIC,True,False,35.18264588568272,False,
MultiCriteria,inc_00844,844,IGNITION_SYSTEM,FUEL_PUMP,prov_018_TOW_LIGHT,True,False,61.47394618461152,False,
MultiCriteria,inc_00845,845,CLUTCH_WORN,TRANSMISSION_ISSUE,prov_001_TOW_HEAVY,True,False,155.1122823795941,False,
MultiCriteria,inc_00846,846,ELECTRICAL_FAULT_RAIN,BATTERY_JUMP,prov_014_MOBILE_MECHANIC,True,False,93.49479277198024,False,
MultiCriteria,inc_00847,847,BATTERY_TERMINAL_CLEAN,BATTERY_TERMINAL_CLEAN,prov_016_MOBILE_MECHANIC,True,True,14.197506888843222,False,
MultiCriteria,inc_00848,848,ALTERNATOR_ISSUE,BELT_BROKEN,prov_002_MOBILE_MECHANIC,True,False,64.56651175314352,False,
MultiCriteria,inc_00849,849,ALTERNATOR_ISSUE,BRAKE_PAD_WORN,prov_014_MOBILE_MECHANIC,True,False,70.20555928570435,False,
MultiCriteria,inc_00850,850,ALTERNATOR_ISSUE,BRAKE_PAD_WORN,prov_009_TOW_LIGHT,True,False,61.842319447711375,False,
MultiCriteria,inc_00851,851,BELT_BROKEN,BELT_BROKEN,prov_015_TOW_HEAVY,True,True,31.203168600758765,False,
MultiCriteria,inc_00852,852,ALTERNATOR_ISSUE,BELT_BROKEN,prov_007_MOBILE_MECHANIC,True,False,62.129610277170535,False,
MultiCriteria,inc_00853,853,CLUTCH_WORN,BRAKE_PAD_WORN,prov_001_TOW_HEAVY,True,False,153.10289708560876,False,
MultiCriteria,inc_00854,854,BRAKE_PAD_WORN,BRAKE_PAD_WORN,prov_011_TOW_LIGHT,True,True,62.89152491664379,False,
MultiCriteria,inc_00855,855,RADIATOR_HOSE_LEAK,BRAKE_PAD_WORN,prov_014_MOBILE_MECHANIC,True,False,38.029870393633345,False,
MultiCriteria,inc_00856,856,BATTERY_TERMINAL_CLEAN,BATTERY_JUMP,prov_014_MOBILE_MECHANIC,True,False,14.097401019351652,False,
MultiCriteria,inc_00857,857,CLUTCH_WORN,BRAKE_PAD_WORN,prov_014_MOBILE_MECHANIC,False,False,199.62940218991392,True,
MultiCriteria,inc_00858,858,CLUTCH_WORN,TRANSMISSION_ISSUE,prov_011_TOW_LIGHT,True,False,173.40525674947204,False,
MultiCriteria,inc_00859,859,STARTER_MOTOR,BRAKE_PAD_WORN,prov_016_MOBILE_MECHANIC,True,False,63.92709006516114,False,
MultiCriteria,inc_00860,860,ALTERNATOR_ISSUE,BRAKE_PAD_WORN,prov_002_MOBILE_MECHANIC,True,False,64.3062619806744,False,
MultiCriteria,inc_00861,861,RADIATOR_FAN_ISSUE,BRAKE_PAD_WORN,prov_003_TOW_LIGHT,True,False,45.84108242522334,False,
MultiCriteria,inc_00862,862,COOLANT_LOW,COOLANT_LOW,prov_002_MOBILE_MECHANIC,True,True,15.507906759628039,False,
MultiCriteria,inc_00863,863,BRAKE_PAD_WORN,BRAKE_PAD_WORN,prov_016_MOBILE_MECHANIC,True,True,65.88499261693889,False,
MultiCriteria,inc_00864,864,ELECTRICAL_FAULT_RAIN,BATTERY_JUMP,prov_014_MOBILE_MECHANIC,True,False,99.73610387741103,False,
MultiCriteria,inc_00865,865,BATTERY_JUMP,BRAKE_PAD_WORN,prov_016_MOBILE_MECHANIC,True,False,17.916081053304875,False,
MultiCriteria,inc_00866,866,FUEL_FILTER_CLOGGED,FUEL_FILTER_CLOGGED,prov_014_MOBILE_MECHANIC,True,True,33.24770231601965,False,
MultiCriteria,inc_00867,867,COOLANT_LOW,BRAKE_PAD_WORN,prov_002_MOBILE_MECHANIC,True,False,11.07253825541636,False,
MultiCriteria,inc_00868,868,BATTERY_JUMP,FUEL_PUMP,prov_014_MOBILE_MECHANIC,True,False,20.41405613324072,False,
MultiCriteria,inc_00869,869,BRAKE_PAD_WORN,BRAKE_PAD_WORN,prov_015_TOW_HEAVY,True,True,62.19334152567713,False,
MultiCriteria,inc_00870,870,SEVERE_MECHANICAL_TOW,BRAKE_PAD_WORN,prov_007_MOBILE_MECHANIC,False,False,76.35827380793158,True,
MultiCriteria,inc_00871,871,ALTERNATOR_ISSUE,BELT_BROKEN,prov_002_MOBILE_MECHANIC,True,False,64.8003055520022,False,
MultiCriteria,inc_00872,872,BRAKE_PAD_WORN,BRAKE_PAD_WORN,prov_016_MOBILE_MECHANIC,True,True,64.0473223574218,False,
MultiCriteria,inc_00873,873,FUEL_PUMP,FUEL_PUMP,prov_016_MOBILE_MECHANIC,True,True,93.61567821443657,False,
MultiCriteria,inc_00874,874,BATTERY_REPLACE,BATTERY_JUMP,prov_014_MOBILE_MECHANIC,True,False,40.022083849032924,False,
MultiCriteria,inc_00875,875,RADIATOR_HOSE_LEAK,RADIATOR_HOSE_LEAK,prov_016_MOBILE_MECHANIC,True,True,33.56883894924144,False,
MultiCriteria,inc_00876,876,BRAKE_PAD_WORN,BRAKE_PAD_WORN,prov_002_MOBILE_MECHANIC,True,True,64.24883055249343,False,
MultiCriteria,inc_00877,877,RADIATOR_HOSE_LEAK,BRAKE_PAD_WORN,prov_010_TOW_LIGHT,True,False,32.29239151619353,False,
MultiCriteria,inc_00878,878,CLUTCH_WORN,TRANSMISSION_ISSUE,prov_012_TOW_HEAVY,True,False,150.46239758405878,False,
MultiCriteria,inc_00879,879,BRAKE_PAD_WORN,BRAKE_PAD_WORN,prov_009_TOW_LIGHT,True,True,62.110338191003535,False,
MultiCriteria,inc_00880,880,BATTERY_REPLACE,BATTERY_REPLACE,prov_002_MOBILE_MECHANIC,True,True,36.82994781362535,False,
MultiCriteria,inc_00881,881,STARTER_MOTOR,FUEL_PUMP,prov_011_TOW_LIGHT,True,False,60.85884268041163,False,
MultiCriteria,inc_00882,882,STARTER_MOTOR,FUEL_PUMP,prov_007_MOBILE_MECHANIC,True,False,63.49169892089398,False,
MultiCriteria,inc_00883,883,ENGINE_OVERHEAT_SEVERE,RADIATOR_HOSE_LEAK,prov_017_MOBILE_MECHANIC,False,False,167.92001709202822,True,
MultiCriteria,inc_00884,884,BATTERY_TERMINAL_CLEAN,BATTERY_REPLACE,prov_014_MOBILE_MECHANIC,True,False,15.443175534843977,False,
MultiCriteria,inc_00885,885,BRAKE_PAD_WORN,BRAKE_PAD_WORN,prov_015_TOW_HEAVY,True,True,61.62918515144693,False,
MultiCriteria,inc_00886,886,BATTERY_JUMP,BRAKE_PAD_WORN,prov_014_MOBILE_MECHANIC,True,False,21.691948234022707,False,
MultiCriteria,inc_00887,887,ALTERNATOR_ISSUE,BRAKE_PAD_WORN,prov_018_TOW_LIGHT,True,False,69.6679585673885,False,
MultiCriteria,inc_00888,888,SEVERE_MECHANICAL_TOW,BRAKE_PAD_WORN,prov_015_TOW_HEAVY,True,False,36.859435097561025,False,
MultiCriteria,inc_00889,889,BELT_BROKEN,BELT_BROKEN,prov_014_MOBILE_MECHANIC,True,True,37.12483823636562,False,
MultiCriteria,inc_00890,890,BELT_BROKEN,BELT_BROKEN,prov_017_MOBILE_MECHANIC,True,True,33.728636845809845,False,
MultiCriteria,inc_00891,891,ELECTRICAL_FAULT_RAIN,BRAKE_PAD_WORN,prov_018_TOW_LIGHT,True,False,96.76231358621759,False,
MultiCriteria,inc_00892,892,ALTERNATOR_ISSUE,FUEL_FILTER_CLOGGED,prov_010_TOW_LIGHT,True,False,62.59344375527282,False,
MultiCriteria,inc_00893,893,ALTERNATOR_ISSUE,BRAKE_PAD_WORN,prov_014_MOBILE_MECHANIC,True,False,67.11473561058618,False,
MultiCriteria,inc_00894,894,BATTERY_TERMINAL_CLEAN,BRAKE_PAD_WORN,prov_002_MOBILE_MECHANIC,True,False,14.508883481455888,False,
MultiCriteria,inc_00895,895,COOLANT_LOW,RADIATOR_FAN_ISSUE,prov_012_TOW_HEAVY,True,False,14.025034274820259,False,
MultiCriteria,inc_00896,896,CLUTCH_WORN,TRANSMISSION_ISSUE,prov_011_TOW_LIGHT,True,False,157.21984566816963,False,
MultiCriteria,inc_00897,897,ALTERNATOR_ISSUE,BELT_BROKEN,prov_014_MOBILE_MECHANIC,True,False,65.13595952251823,False,
MultiCriteria,inc_00898,898,RADIATOR_FAN_ISSUE,RADIATOR_FAN_ISSUE,prov_001_TOW_HEAVY,True,True,50.616194356534,False,
MultiCriteria,inc_00899,899,FUEL_PUMP,FUEL_PUMP,prov_001_TOW_HEAVY,True,True,94.51397191013578,False,
MultiCriteria,inc_00900,900,BRAKE_PAD_WORN,BRAKE_PAD_WORN,prov_001_TOW_HEAVY,True,True,64.70387926049926,False,
MultiCriteria,inc_00901,901,IGNITION_SYSTEM,FUEL_PUMP,prov_010_TOW_LIGHT,True,False,62.6602538459011,False,
MultiCriteria,inc_00902,902,BRAKE_FAILURE,BRAKE_FAILURE,prov_009_TOW_LIGHT,True,True,92.89297508679293,False,
MultiCriteria,inc_00903,903,BRAKE_PAD_WORN,BRAKE_PAD_WORN,prov_010_TOW_LIGHT,True,True,62.51006786650338,False,
MultiCriteria,inc_00904,904,BRAKE_FAILURE,BRAKE_FAILURE,prov_018_TOW_LIGHT,True,True,101.69044787072005,False,
MultiCriteria,inc_00905,905,ELECTRICAL_FAULT_RAIN,BRAKE_PAD_WORN,prov_011_TOW_LIGHT,True,False,95.66124456118449,False,
MultiCriteria,inc_00906,906,BATTERY_JUMP,FUEL_PUMP,prov_014_MOBILE_MECHANIC,True,False,20.442498158315168,False,
MultiCriteria,inc_00907,907,SEVERE_MECHANICAL_TOW,BELT_BROKEN,prov_016_MOBILE_MECHANIC,False,False,80.09083004337977,True,
MultiCriteria,inc_00908,908,BATTERY_JUMP,BRAKE_PAD_WORN,prov_016_MOBILE_MECHANIC,True,False,18.712598410608166,False,
MultiCriteria,inc_00909,909,COOLANT_LOW,BRAKE_PAD_WORN,prov_001_TOW_HEAVY,True,False,13.333210813043625,False,
MultiCriteria,inc_00910,910,TRANSMISSION_ISSUE,BRAKE_PAD_WORN,prov_011_TOW_LIGHT,True,False,185.90440771448004,False,
MultiCriteria,inc_00911,911,ENGINE_OVERHEAT_SEVERE,BRAKE_PAD_WORN,prov_003_TOW_LIGHT,True,False,122.24640495625984,False,
MultiCriteria,inc_00912,912,TRANSMISSION_ISSUE,TRANSMISSION_ISSUE,prov_005_TOW_LIGHT,True,True,188.52208141872768,False,
MultiCriteria,inc_00913,913,TRANSMISSION_ISSUE,TRANSMISSION_ISSUE,prov_015_TOW_HEAVY,True,True,185.63872221276384,False,
MultiCriteria,inc_00914,914,BRAKE_PAD_WORN,BRAKE_PAD_WORN,prov_016_MOBILE_MECHANIC,True,True,60.31583916841686,False,
MultiCriteria,inc_00915,915,FUEL_FILTER_CLOGGED,BRAKE_PAD_WORN,prov_014_MOBILE_MECHANIC,True,False,37.05282597055243,False,
MultiCriteria,inc_00916,916,STARTER_MOTOR,FUEL_PUMP,prov_018_TOW_LIGHT,True,False,62.302483027915066,False,
MultiCriteria,inc_00917,917,BATTERY_JUMP,FUEL_PUMP,prov_002_MOBILE_MECHANIC,True,False,20.05481328437643,False,
MultiCriteria,inc_00918,918,BATTERY_JUMP,FUEL_PUMP,prov_014_MOBILE_MECHANIC,True,False,19.61391953022136,False,
MultiCriteria,inc_00919,919,CLUTCH_WORN,TRANSMISSION_ISSUE,prov_011_TOW_LIGHT,True,False,154.44532879903966,False,
MultiCriteria,inc_00920,920,BATTERY_REPLACE,BATTERY_JUMP,prov_011_TOW_LIGHT,True,False,32.982660382359114,False,
MultiCriteria,inc_00921,921,BATTERY_TERMINAL_CLEAN,STARTER_MOTOR,prov_009_TOW_LIGHT,True,False,11.192407415818947,False,
MultiCriteria,inc_00922,922,BATTERY_JUMP,FUEL_PUMP,prov_011_TOW_LIGHT,True,False,18.844933806034366,False,
MultiCriteria,inc_00923,923,BRAKE_PAD_WORN,BRAKE_PAD_WORN,prov_002_MOBILE_MECHANIC,True,True,62.71390826456575,False,
MultiCriteria,inc_00924,924,COOLANT_LOW,COOLANT_LOW,prov_002_MOBILE_MECHANIC,True,True,17.590729707300675,False,
MultiCriteria,inc_00925,925,FUEL_FILTER_CLOGGED,BRAKE_PAD_WORN,prov_014_MOBILE_MECHANIC,True,False,30.400589792117504,False,
MultiCriteria,inc_00926,926,BATTERY_JUMP,FUEL_PUMP,prov_015_TOW_HEAVY,True,False,16.5654971575582,False,
MultiCriteria,inc_00927,927,ELECTRICAL_FAULT_RAIN,BRAKE_PAD_WORN,prov_001_TOW_HEAVY,True,False,93.65200681538636,False,
MultiCriteria,inc_00928,928,CLUTCH_WORN,BRAKE_PAD_WORN,prov_016_MOBILE_MECHANIC,False,False,200.4389001718891,True,
MultiCriteria,inc_00929,929,BATTERY_JUMP,BRAKE_PAD_WORN,prov_001_TOW_HEAVY,True,False,20.70009827840579,False,
MultiCriteria,inc_00930,930,ALTERNATOR_ISSUE,BRAKE_PAD_WORN,prov_012_TOW_HEAVY,True,False,63.022119428544215,False,
MultiCriteria,inc_00931,931,RADIATOR_FAN_ISSUE,COOLANT_LOW,prov_018_TOW_LIGHT,True,False,45.38674396456458,False,
MultiCriteria,inc_00932,932,CLUTCH_WORN,BRAKE_PAD_WORN,prov_011_TOW_LIGHT,True,False,157.41088904966026,False,
MultiCriteria,inc_00933,933,BATTERY_JUMP,BRAKE_PAD_WORN,prov_002_MOBILE_MECHANIC,True,False,21.552412424015586,False,
MultiCriteria,inc_00934,934,BATTERY_REPLACE,BATTERY_JUMP,prov_012_TOW_HEAVY,True,False,31.796412706267333,False,
MultiCriteria,inc_00935,935,TRANSMISSION_ISSUE,BRAKE_PAD_WORN,prov_017_MOBILE_MECHANIC,False,False,229.63206574466287,True,
MultiCriteria,inc_00936,936,COOLANT_LOW,BRAKE_PAD_WORN,prov_011_TOW_LIGHT,True,False,21.515350392614188,False,
MultiCriteria,inc_00937,937,BATTERY_REPLACE,BATTERY_REPLACE,prov_009_TOW_LIGHT,True,True,31.459123321963045,False,
MultiCriteria,inc_00938,938,COOLANT_LOW,RADIATOR_FAN_ISSUE,prov_006_TOW_LIGHT,True,False,12.379961596057505,False,
MultiCriteria,inc_00939,939,SEVERE_MECHANICAL_TOW,BRAKE_PAD_WORN,prov_009_TOW_LIGHT,False,False,77.03567351917226,True,
MultiCriteria,inc_00940,940,IGNITION_SYSTEM,BRAKE_PAD_WORN,prov_009_TOW_LIGHT,True,False,62.27798819117666,False,
MultiCriteria,inc_00941,941,BATTERY_JUMP,BRAKE_PAD_WORN,prov_001_TOW_HEAVY,True,False,19.469313223509346,False,
MultiCriteria,inc_00942,942,BATTERY_REPLACE,BATTERY_JUMP,prov_002_MOBILE_MECHANIC,True,False,35.09652497078434,False,
MultiCriteria,inc_00943,943,ELECTRICAL_FAULT_RAIN,BATTERY_JUMP,prov_018_TOW_LIGHT,True,False,100.76135738729383,False,
MultiCriteria,inc_00944,944,BATTERY_REPLACE,BATTERY_REPLACE,prov_007_MOBILE_MECHANIC,True,True,33.0660846386797,False,
MultiCriteria,inc_00945,945,CLUTCH_WORN,BRAKE_PAD_WORN,prov_011_TOW_LIGHT,True,False,161.19324374556447,False,
MultiCriteria,inc_00946,946,TRANSMISSION_ISSUE,TRANSMISSION_ISSUE,prov_015_TOW_HEAVY,True,True,185.95574869907026,False,
MultiCriteria,inc_00947,947,ALTERNATOR_ISSUE,BRAKE_PAD_WORN,prov_002_MOBILE_MECHANIC,True,False,69.8727338121653,False,
MultiCriteria,inc_00948,948,TRANSMISSION_ISSUE,BRAKE_PAD_WORN,prov_007_MOBILE_MECHANIC,False,False,228.82205723691774,True,
MultiCriteria,inc_00949,949,STARTER_MOTOR,FUEL_PUMP,prov_017_MOBILE_MECHANIC,True,False,64.50130943389532,False,
MultiCriteria,inc_00950,950,STARTER_MOTOR,BRAKE_PAD_WORN,prov_014_MOBILE_MECHANIC,True,False,69.2035901975928,False,
MultiCriteria,inc_00951,951,TRANSMISSION_ISSUE,TRANSMISSION_ISSUE,prov_018_TOW_LIGHT,True,True,183.6813700576275,False,
MultiCriteria,inc_00952,952,TRANSMISSION_ISSUE,BRAKE_PAD_WORN,prov_015_TOW_HEAVY,True,False,186.2686097150082,False,
MultiCriteria,inc_00953,953,BATTERY_REPLACE,STARTER_MOTOR,prov_011_TOW_LIGHT,True,False,32.48761208561771,False,
MultiCriteria,inc_00954,954,BRAKE_PAD_WORN,BRAKE_PAD_WORN,prov_002_MOBILE_MECHANIC,True,True,66.05622890880295,False,
MultiCriteria,inc_00955,955,BRAKE_PAD_WORN,BRAKE_PAD_WORN,prov_014_MOBILE_MECHANIC,True,True,63.80627911463164,False,
MultiCriteria,inc_00956,956,RADIATOR_HOSE_LEAK,RADIATOR_HOSE_LEAK,prov_011_TOW_LIGHT,True,True,34.165100193700894,False,
MultiCriteria,inc_00957,957,BRAKE_FAILURE,BRAKE_FAILURE,prov_005_TOW_LIGHT,True,True,96.89879881517254,False,
MultiCriteria,inc_00958,958,RADIATOR_FAN_ISSUE,COOLANT_LOW,prov_014_MOBILE_MECHANIC,True,False,50.143856840458874,False,
MultiCriteria,inc_00959,959,COOLANT_LOW,BRAKE_PAD_WORN,prov_002_MOBILE_MECHANIC,True,False,17.85607482782789,False,
MultiCriteria,inc_00960,960,BELT_BROKEN,BELT_BROKEN,prov_011_TOW_LIGHT,True,True,33.796141236397524,False,
MultiCriteria,inc_00961,961,ENGINE_OVERHEAT_SEVERE,BRAKE_PAD_WORN,prov_014_MOBILE_MECHANIC,False,False,172.13211296227382,True,
MultiCriteria,inc_00962,962,RADIATOR_HOSE_LEAK,BRAKE_PAD_WORN,prov_014_MOBILE_MECHANIC,True,False,39.64580506232208,False,
MultiCriteria,inc_00963,963,ALTERNATOR_ISSUE,ALTERNATOR_ISSUE,prov_002_MOBILE_MECHANIC,True,True,65.04719929873913,False,
MultiCriteria,inc_00964,964,ELECTRICAL_FAULT_RAIN,BATTERY_JUMP,prov_002_MOBILE_MECHANIC,True,False,96.32146214989083,False,
MultiCriteria,inc_00965,965,STARTER_MOTOR,BRAKE_PAD_WORN,prov_002_MOBILE_MECHANIC,True,False,67.37268034073709,False,
MultiCriteria,inc_00966,966,CLUTCH_WORN,TRANSMISSION_ISSUE,prov_011_TOW_LIGHT,True,False,162.40856050717954,False,
MultiCriteria,inc_00967,967,SEVERE_MECHANICAL_TOW,BRAKE_PAD_WORN,prov_015_TOW_HEAVY,True,False,34.21669869853862,False,
MultiCriteria,inc_00968,968,COOLANT_LOW,BRAKE_PAD_WORN,prov_012_TOW_HEAVY,True,False,13.342784187485732,False,
MultiCriteria,inc_00969,969,BATTERY_JUMP,BRAKE_PAD_WORN,prov_014_MOBILE_MECHANIC,True,False,18.15788096811752,False,
MultiCriteria,inc_00970,970,FUEL_FILTER_CLOGGED,IGNITION_SYSTEM,prov_011_TOW_LIGHT,True,False,31.492900152027502,False,
MultiCriteria,inc_00971,971,BATTERY_REPLACE,STARTER_MOTOR,prov_001_TOW_HEAVY,True,False,34.61470674063861,False,
MultiCriteria,inc_00972,972,FUEL_PUMP,STARTER_MOTOR,prov_001_TOW_HEAVY,True,False,92.07067839212353,False,
MultiCriteria,inc_00973,973,BATTERY_JUMP,BRAKE_PAD_WORN,prov_012_TOW_HEAVY,True,False,15.908862787561615,False,
MultiCriteria,inc_00974,974,BELT_BROKEN,BELT_BROKEN,prov_014_MOBILE_MECHANIC,True,True,38.20767667572304,False,
MultiCriteria,inc_00975,975,FUEL_PUMP,FUEL_PUMP,prov_002_MOBILE_MECHANIC,True,True,96.41184079709767,False,
MultiCriteria,inc_00976,976,STARTER_MOTOR,FUEL_PUMP,prov_014_MOBILE_MECHANIC,True,False,64.86792007753539,False,
MultiCriteria,inc_00977,977,IGNITION_SYSTEM,BATTERY_JUMP,prov_007_MOBILE_MECHANIC,True,False,62.4199691607323,False,
MultiCriteria,inc_00978,978,COOLANT_LOW,BRAKE_PAD_WORN,prov_014_MOBILE_MECHANIC,True,False,20.11935014103073,False,
MultiCriteria,inc_00979,979,BRAKE_PAD_WORN,BRAKE_PAD_WORN,prov_014_MOBILE_MECHANIC,True,True,69.22516405788257,False,
MultiCriteria,inc_00980,980,BRAKE_PAD_WORN,BRAKE_PAD_WORN,prov_001_TOW_HEAVY,True,True,61.84917511389962,False,
MultiCriteria,inc_00981,981,FUEL_FILTER_CLOGGED,BRAKE_PAD_WORN,prov_013_MOBILE_MECHANIC,True,False,28.12535688196296,False,
MultiCriteria,inc_00982,982,RADIATOR_FAN_ISSUE,RADIATOR_FAN_ISSUE,prov_002_MOBILE_MECHANIC,True,True,47.81879241202589,False,
MultiCriteria,inc_00983,983,IGNITION_SYSTEM,FUEL_PUMP,prov_014_MOBILE_MECHANIC,True,False,67.31361698817857,False,
MultiCriteria,inc_00984,984,BATTERY_REPLACE,BATTERY_JUMP,prov_002_MOBILE_MECHANIC,True,False,34.002898912206874,False,
MultiCriteria,inc_00985,985,BRAKE_PAD_WORN,BRAKE_PAD_WORN,prov_015_TOW_HEAVY,True,True,65.59495203513869,False,
MultiCriteria,inc_00986,986,ELECTRICAL_FAULT_RAIN,BRAKE_PAD_WORN,prov_014_MOBILE_MECHANIC,True,False,97.57242983269495,False,
MultiCriteria,inc_00987,987,STARTER_MOTOR,BRAKE_PAD_WORN,prov_017_MOBILE_MECHANIC,True,False,64.09457048453557,False,
MultiCriteria,inc_00988,988,BRAKE_PAD_WORN,BRAKE_PAD_WORN,prov_016_MOBILE_MECHANIC,True,True,63.15803901149106,False,
MultiCriteria,inc_00989,989,BATTERY_REPLACE,BATTERY_REPLACE,prov_011_TOW_LIGHT,True,True,33.536269357643164,False,
MultiCriteria,inc_00990,990,BATTERY_REPLACE,BRAKE_PAD_WORN,prov_014_MOBILE_MECHANIC,True,False,35.85100906011802,False,
MultiCriteria,inc_00991,991,TRANSMISSION_ISSUE,TRANSMISSION_ISSUE,prov_011_TOW_LIGHT,True,True,186.68162563869532,False,
MultiCriteria,inc_00992,992,ELECTRICAL_FAULT_RAIN,BRAKE_PAD_WORN,prov_014_MOBILE_MECHANIC,True,False,94.8085373681973,False,
MultiCriteria,inc_00993,993,BELT_BROKEN,BRAKE_PAD_WORN,prov_002_MOBILE_MECHANIC,True,False,35.790953131420565,False,
MultiCriteria,inc_00994,994,BATTERY_REPLACE,STARTER_MOTOR,prov_013_MOBILE_MECHANIC,True,False,34.145111756542754,False,
MultiCriteria,inc_00995,995,BATTERY_TERMINAL_CLEAN,BATTERY_REPLACE,prov_010_TOW_LIGHT,True,False,13.141628163558046,False,
MultiCriteria,inc_00996,996,FUEL_FILTER_CLOGGED,BRAKE_PAD_WORN,prov_014_MOBILE_MECHANIC,True,False,29.281585091227925,False,
MultiCriteria,inc_00997,997,SEVERE_MECHANICAL_TOW,BELT_BROKEN,prov_016_MOBILE_MECHANIC,False,False,79.50812196880653,True,
MultiCriteria,inc_00998,998,ELECTRICAL_FAULT_RAIN,BATTERY_JUMP,prov_015_TOW_HEAVY,True,False,92.62753321468452,False,
MultiCriteria,inc_00999,999,TRANSMISSION_ISSUE,BRAKE_PAD_WORN,prov_016_MOBILE_MECHANIC,False,False,226.31916924950747,True,
